id,source_file,source_line,crawler,channel,source_type,source_label,stock_or_topic,date,likes,nid,emotion_tags,char_len,text_sha1,text
DM-000001,raw_texts.csv,2,crawler.py,네이버 종목토론방 제목 + 네이버 통합검색 뉴스,board,토론방 제목,삼성전자,2026.08.04 14:23,,,,41,d3c34783a910,행님들 내가 막 옵션 분석해주니 내글 보고 글 올리는 사람들이 있어 🤣🤣🤣
DM-000002,raw_texts.csv,3,crawler.py,네이버 종목토론방 제목 + 네이버 통합검색 뉴스,board,토론방 제목,삼성전자,2026.08.04 14:22,,,,64,b73c87b47749,현제로서는 답없음 단일종목 레버리지 인버스 상장폐지 이외에는  생각없이 왜만들어서 잘가는걸 우리나라 스스로 막냐ㅉㅉ
DM-000003,raw_texts.csv,4,crawler.py,네이버 종목토론방 제목 + 네이버 통합검색 뉴스,board,토론방 제목,삼성전자,2026.08.04 14:22,,,,4,52f1b7cb9016,기쁜소식
DM-000004,raw_texts.csv,5,crawler.py,네이버 종목토론방 제목 + 네이버 통합검색 뉴스,board,토론방 제목,삼성전자,2026.08.04 14:22,,,,6,27ec4f834463,받아주지마라
DM-000005,raw_texts.csv,6,crawler.py,네이버 종목토론방 제목 + 네이버 통합검색 뉴스,board,토론방 제목,삼성전자,2026.08.04 14:22,,,,11,0360f1a91618,참 설명이 기십니다.
DM-000006,raw_texts.csv,7,crawler.py,네이버 종목토론방 제목 + 네이버 통합검색 뉴스,board,토론방 제목,삼성전자,2026.08.04 14:22,,,,22,9839471efe5a,5만원짜리 22만들어났는데 뭐가불만이교?
DM-000007,raw_texts.csv,8,crawler.py,네이버 종목토론방 제목 + 네이버 통합검색 뉴스,board,토론방 제목,삼성전자,2026.08.04 14:22,,,,14,9a4180dd894e,개인매수 존경스럽내....
DM-000008,raw_texts.csv,9,crawler.py,네이버 종목토론방 제목 + 네이버 통합검색 뉴스,board,토론방 제목,삼성전자,2026.08.04 14:22,,,,9,d99481f74a99,천원띠기단타지냐?
DM-000009,raw_texts.csv,10,crawler.py,네이버 종목토론방 제목 + 네이버 통합검색 뉴스,board,토론방 제목,삼성전자,2026.08.04 14:22,,,,14,1e7ed3385dfa,낼 하한가 보낼려고 준비중
DM-000010,raw_texts.csv,11,crawler.py,네이버 종목토론방 제목 + 네이버 통합검색 뉴스,board,토론방 제목,삼성전자,2026.08.04 14:22,,,후회·손실고통,6,59d3ce5721af,손절도 기술
DM-000011,raw_texts.csv,12,crawler.py,네이버 종목토론방 제목 + 네이버 통합검색 뉴스,board,토론방 제목,삼성전자,2026.08.04 14:22,,,,17,50f41260f7db,니들 근데 뭘 알고는 투자하냐?
DM-000012,raw_texts.csv,13,crawler.py,네이버 종목토론방 제목 + 네이버 통합검색 뉴스,board,토론방 제목,삼성전자,2026.08.04 14:22,,,,15,0d71686bd25d,삼전닉스 당분간 박스권 매매
DM-000013,raw_texts.csv,14,crawler.py,네이버 종목토론방 제목 + 네이버 통합검색 뉴스,board,토론방 제목,삼성전자,2026.08.04 14:22,,,,21,b9f8ec0d184b,●●●●●호남에 영웅 ㅅ.ㅏ건●●●●●
DM-000014,raw_texts.csv,15,crawler.py,네이버 종목토론방 제목 + 네이버 통합검색 뉴스,board,토론방 제목,삼성전자,2026.08.04 14:22,,,,3,dd3bbdd8cfc0,변동성
DM-000015,raw_texts.csv,16,crawler.py,네이버 종목토론방 제목 + 네이버 통합검색 뉴스,board,토론방 제목,삼성전자,2026.08.04 14:22,,,,5,c43072c626b6,예상대로다
DM-000016,raw_texts.csv,17,crawler.py,네이버 종목토론방 제목 + 네이버 통합검색 뉴스,board,토론방 제목,삼성전자,2026.08.04 14:21,,,,9,8f5884965534,내 생각엔....
DM-000017,raw_texts.csv,18,crawler.py,네이버 종목토론방 제목 + 네이버 통합검색 뉴스,board,토론방 제목,삼성전자,2026.08.04 14:21,,,,15,4eee32e9fd5b,캐그지 만들기 프로젝트~~~
DM-000018,raw_texts.csv,19,crawler.py,네이버 종목토론방 제목 + 네이버 통합검색 뉴스,board,토론방 제목,삼성전자,2026.08.04 14:21,,,분노·불신,26,c4f4380e26a1,언론 선동 조작 가짜뉴스 MBC 때려잡아야 한다
DM-000019,raw_texts.csv,20,crawler.py,네이버 종목토론방 제목 + 네이버 통합검색 뉴스,board,토론방 제목,삼성전자,2026.08.04 14:21,,,,20,d6759bdcc716,이제 나도 이정도는 얘기할 정도다..
DM-000020,raw_texts.csv,21,crawler.py,네이버 종목토론방 제목 + 네이버 통합검색 뉴스,board,토론방 제목,삼성전자,2026.08.04 14:21,,,,14,5a76ee16e5d2,이제 40만전자가는거죠??
DM-000021,raw_texts.csv,22,crawler.py,네이버 종목토론방 제목 + 네이버 통합검색 뉴스,board,토론방 제목,삼성전자,2026.08.04 14:21,,,,7,ea9a8fb848d8,빚은 갚지마라
DM-000022,raw_texts.csv,23,crawler.py,네이버 종목토론방 제목 + 네이버 통합검색 뉴스,board,토론방 제목,삼성전자,2026.08.04 14:21,,,,6,62d3bf890edb,한가지 참고
DM-000023,raw_texts.csv,24,crawler.py,네이버 종목토론방 제목 + 네이버 통합검색 뉴스,board,토론방 제목,삼성전자,2026.08.04 14:21,,,,9,7590f5567c97,23만은 매수자리
DM-000024,raw_texts.csv,25,crawler.py,네이버 종목토론방 제목 + 네이버 통합검색 뉴스,board,토론방 제목,삼성전자,2026.08.04 14:21,,,분노·불신,9,d5ffb64b0a94,개미들만 바글바글
DM-000025,raw_texts.csv,26,crawler.py,네이버 종목토론방 제목 + 네이버 통합검색 뉴스,board,토론방 제목,삼성전자,2026.08.04 14:21,,,,27,3ebe11624675,코스피는 망했다 그냥 미장가자 코스피는 답이 없다
DM-000026,raw_texts.csv,27,crawler.py,네이버 종목토론방 제목 + 네이버 통합검색 뉴스,board,토론방 제목,삼성전자,2026.08.04 14:21,,,,8,459f163602c9,숏커버링 나온다
DM-000027,raw_texts.csv,28,crawler.py,네이버 종목토론방 제목 + 네이버 통합검색 뉴스,board,토론방 제목,삼성전자,2026.08.04 14:21,,,,37,9085c92f55ba,반도체는  일본-->  한국-->  최종 중국이 먹게되있음 ㅋㅋㅋㅋ
DM-000028,raw_texts.csv,29,crawler.py,네이버 종목토론방 제목 + 네이버 통합검색 뉴스,board,토론방 제목,삼성전자,2026.08.04 14:21,,,,4,6ce202236551,망죠~~
DM-000029,raw_texts.csv,30,crawler.py,네이버 종목토론방 제목 + 네이버 통합검색 뉴스,board,토론방 제목,삼성전자,2026.08.04 14:21,,,,22,a8223689b39a,근데 어제 오늘 변동폭은 확실히 줄었네요
DM-000030,raw_texts.csv,31,crawler.py,네이버 종목토론방 제목 + 네이버 통합검색 뉴스,board,토론방 제목,삼성전자,2026.08.04 14:21,,,,19,ae08677b85fa,투자 부적합 국가에서 뭐하시나요??
DM-000031,raw_texts.csv,32,crawler.py,네이버 종목토론방 제목 + 네이버 통합검색 뉴스,board,토론방 제목,삼성전자,2026.08.04 14:21,,,불안·공포,16,b98b68fdf3c1,가장 위험한 신호 데드켓바운스
DM-000032,raw_texts.csv,33,crawler.py,네이버 종목토론방 제목 + 네이버 통합검색 뉴스,board,토론방 제목,삼성전자,2026.08.04 14:20,,,,23,c4dd97bb7cee,22만원대 횡보하면 30% 더 매집 계획중
DM-000033,raw_texts.csv,34,crawler.py,네이버 종목토론방 제목 + 네이버 통합검색 뉴스,board,토론방 제목,삼성전자,2026.08.04 14:20,,,,5,d4249609745f,부탁한다.
DM-000034,raw_texts.csv,35,crawler.py,네이버 종목토론방 제목 + 네이버 통합검색 뉴스,board,토론방 제목,삼성전자,2026.08.04 14:20,,,,39,4b7297606f35,코스피 2~3천대가 좋았다. 이젠 실적도 필요없는 도박장이 되어버렸어.
DM-000035,raw_texts.csv,36,crawler.py,네이버 종목토론방 제목 + 네이버 통합검색 뉴스,board,토론방 제목,삼성전자,2026.08.04 14:20,,,,14,4b605050601a,안파는게 주식의 기술이라면
DM-000036,raw_texts.csv,37,crawler.py,네이버 종목토론방 제목 + 네이버 통합검색 뉴스,board,토론방 제목,삼성전자,2026.08.04 14:20,,,,15,c87614381c0c,2배 레버리지 당장 폐지하라
DM-000037,raw_texts.csv,38,crawler.py,네이버 종목토론방 제목 + 네이버 통합검색 뉴스,board,토론방 제목,삼성전자,2026.08.04 14:20,,,,59,8ce28995a212,애들아 ㅡ자칭 통꼴 극우 포함 ㅡ이재명 대통령 님 많이 아주 많이 지지 칭찬 해줘라 이재명 대통령님 계셔야
DM-000038,raw_texts.csv,39,crawler.py,네이버 종목토론방 제목 + 네이버 통합검색 뉴스,board,토론방 제목,삼성전자,2026.08.04 14:20,,,불안·공포|분노·불신,17,5906906f18fe,끝장폭락 시켜야 개미 투매나오지
DM-000039,raw_texts.csv,40,crawler.py,네이버 종목토론방 제목 + 네이버 통합검색 뉴스,board,토론방 제목,삼성전자,2026.08.04 14:20,,,,21,1b29677da4d6,이거 진짜에요?? 투자 부적합국가???
DM-000040,raw_texts.csv,41,crawler.py,네이버 종목토론방 제목 + 네이버 통합검색 뉴스,board,토론방 제목,삼성전자,2026.08.04 14:20,,,,15,2a6c1b0c005a,김용범이도 코스닥 갈아탔냐?
DM-000041,raw_texts.csv,42,crawler.py,네이버 종목토론방 제목 + 네이버 통합검색 뉴스,board,토론방 제목,삼성전자,2026.08.04 14:20,,,분노·불신,17,5ce88d445b9a,단1달만에 쓰레기 주식된 주식이
DM-000042,raw_texts.csv,43,crawler.py,네이버 종목토론방 제목 + 네이버 통합검색 뉴스,board,토론방 제목,삼성전자,2026.08.04 14:20,,,,21,589361d001c6,전우에 시체를 넘고 넘어 앞으로 앞으로
DM-000043,raw_texts.csv,44,crawler.py,네이버 종목토론방 제목 + 네이버 통합검색 뉴스,board,토론방 제목,삼성전자,2026.08.04 14:20,,,,10,b6e55c373f31,쭈욱 쭈욱 떨어져라
DM-000044,raw_texts.csv,45,crawler.py,네이버 종목토론방 제목 + 네이버 통합검색 뉴스,board,토론방 제목,삼성전자,2026.08.04 14:20,,,,20,4ff8e6974b0c,이런식이면ㅋ  드가는순간 다  물리지
DM-000045,raw_texts.csv,46,crawler.py,네이버 종목토론방 제목 + 네이버 통합검색 뉴스,board,토론방 제목,삼성전자,2026.08.04 14:20,,,,41,0fd2995f2d18,어떤 덜떨어진 1찍이 어제 나스닥 올랐다고 삼전 오를거라고 생각했냐고 한다
DM-000046,raw_texts.csv,47,crawler.py,네이버 종목토론방 제목 + 네이버 통합검색 뉴스,board,토론방 제목,삼성전자,2026.08.04 14:20,,,,20,bc78a810eb6d,예들아 맛점 보여주자 쓸어버려 _!!
DM-000047,raw_texts.csv,48,crawler.py,네이버 종목토론방 제목 + 네이버 통합검색 뉴스,board,토론방 제목,삼성전자,2026.08.04 14:19,,,,9,e95fc27a7c0e,호남전자vs 중국
DM-000048,raw_texts.csv,49,crawler.py,네이버 종목토론방 제목 + 네이버 통합검색 뉴스,board,토론방 제목,삼성전자,2026.08.04 14:19,,,,15,6b8219999131,환율잡아줬음 됐지~!!!!!
DM-000049,raw_texts.csv,50,crawler.py,네이버 종목토론방 제목 + 네이버 통합검색 뉴스,board,토론방 제목,삼성전자,2026.08.04 14:19,,,,26,a22236ff909d,속보●CXMT 12단양산■삼전  HBM 공급위협
DM-000050,raw_texts.csv,51,crawler.py,네이버 종목토론방 제목 + 네이버 통합검색 뉴스,board,토론방 제목,삼성전자,2026.08.04 14:19,,,,17,97b71e7029cd,재용아  주식 매수 하라고^^^
DM-000051,raw_texts.csv,52,crawler.py,네이버 종목토론방 제목 + 네이버 통합검색 뉴스,board,토론방 제목,삼성전자,2026.08.04 14:19,,,,1,be6b235a0274,아
DM-000052,raw_texts.csv,53,crawler.py,네이버 종목토론방 제목 + 네이버 통합검색 뉴스,board,토론방 제목,삼성전자,2026.08.04 14:19,,,,8,59d7073c96ee,야들아 가기전에
DM-000053,raw_texts.csv,54,crawler.py,네이버 종목토론방 제목 + 네이버 통합검색 뉴스,board,토론방 제목,삼성전자,2026.08.04 14:19,,,,4,b8d99fd1e1a5,이쯤되면
DM-000054,raw_texts.csv,55,crawler.py,네이버 종목토론방 제목 + 네이버 통합검색 뉴스,board,토론방 제목,삼성전자,2026.08.04 14:19,,,,24,214fc8345c89,실적발톱의때도 안되는 코스닥개잡주를 왜올리나
DM-000055,raw_texts.csv,56,crawler.py,네이버 종목토론방 제목 + 네이버 통합검색 뉴스,board,토론방 제목,삼성전자,2026.08.04 14:19,,,,32,690752c7a7b8,주식시장에 돈이 말라서 계속 도는거밖에 안되는 장이되었어요
DM-000056,raw_texts.csv,57,crawler.py,네이버 종목토론방 제목 + 네이버 통합검색 뉴스,board,토론방 제목,삼성전자,2026.08.04 14:19,,,,15,0c04e7304781,오늘은 글럿어. 호흡기off
DM-000057,raw_texts.csv,58,crawler.py,네이버 종목토론방 제목 + 네이버 통합검색 뉴스,board,토론방 제목,삼성전자,2026.08.04 14:19,,,,5,9e89ebb8fa80,살아오면서
DM-000058,raw_texts.csv,59,crawler.py,네이버 종목토론방 제목 + 네이버 통합검색 뉴스,board,토론방 제목,삼성전자,2026.08.04 14:18,,,,21,4a0acfb57d66,이젠 약속의2시도 안먹히네..후덜덜..
DM-000059,raw_texts.csv,60,crawler.py,네이버 종목토론방 제목 + 네이버 통합검색 뉴스,board,토론방 제목,삼성전자,2026.08.04 14:18,,,,9,e485232a53b0,■■ 아직도 ■■
DM-000060,raw_texts.csv,61,crawler.py,네이버 종목토론방 제목 + 네이버 통합검색 뉴스,board,토론방 제목,삼성전자,2026.08.04 14:18,,,,2,6cdebd3bd929,기관
DM-000061,raw_texts.csv,62,crawler.py,네이버 종목토론방 제목 + 네이버 통합검색 뉴스,board,토론방 제목,삼성전자,2026.08.04 14:18,,,,15,e54fcbabdfbc,나보다 머리가 조아.. ㅎㅎ
DM-000062,raw_texts.csv,63,crawler.py,네이버 종목토론방 제목 + 네이버 통합검색 뉴스,board,토론방 제목,삼성전자,2026.08.04 14:18,,,,11,15d35af24cc3,매수벽이 엄청 두꺼움
DM-000063,raw_texts.csv,64,crawler.py,네이버 종목토론방 제목 + 네이버 통합검색 뉴스,board,토론방 제목,삼성전자,2026.08.04 14:18,,,,7,ec7d032d9c94,목불인견입니다
DM-000064,raw_texts.csv,65,crawler.py,네이버 종목토론방 제목 + 네이버 통합검색 뉴스,board,토론방 제목,삼성전자,2026.08.04 14:18,,,,9,680fc1180975,반도체가 끝난이유
DM-000065,raw_texts.csv,66,crawler.py,네이버 종목토론방 제목 + 네이버 통합검색 뉴스,board,토론방 제목,삼성전자,2026.08.04 14:18,,,,3,82c64c198f91,리통수
DM-000066,raw_texts.csv,67,crawler.py,네이버 종목토론방 제목 + 네이버 통합검색 뉴스,board,토론방 제목,삼성전자,2026.08.04 14:18,,,,6,0012d39f596b,약속의 2시
DM-000067,raw_texts.csv,68,crawler.py,네이버 종목토론방 제목 + 네이버 통합검색 뉴스,board,토론방 제목,삼성전자,2026.08.04 14:18,,,,13,2638737e2a54,내일은 오를 가능성 높다
DM-000068,raw_texts.csv,69,crawler.py,네이버 종목토론방 제목 + 네이버 통합검색 뉴스,board,토론방 제목,삼성전자,2026.08.04 14:18,,,,20,3702725a6415,개인 투매 2~3조 정도 나와야 반등
DM-000069,raw_texts.csv,70,crawler.py,네이버 종목토론방 제목 + 네이버 통합검색 뉴스,board,토론방 제목,삼성전자,2026.08.04 14:18,,,,11,11406a715b69,이제 반도체는 잊어라
DM-000070,raw_texts.csv,71,crawler.py,네이버 종목토론방 제목 + 네이버 통합검색 뉴스,board,토론방 제목,삼성전자,2026.08.04 14:17,,,,32,44670fe7e5b4,외인들 코스피200 선물의 변동성을 50포인트로 축소 시킴
DM-000071,raw_texts.csv,72,crawler.py,네이버 종목토론방 제목 + 네이버 통합검색 뉴스,board,토론방 제목,삼성전자,2026.08.04 14:17,,,,15,b9ebd9a39e1c,가만히 있을 수가 없네 !!
DM-000072,raw_texts.csv,73,crawler.py,네이버 종목토론방 제목 + 네이버 통합검색 뉴스,board,토론방 제목,삼성전자,2026.08.04 14:17,,,,22,362a255907a1,메모리가격 하락으로 이제 올라가면 때린다
DM-000073,raw_texts.csv,74,crawler.py,네이버 종목토론방 제목 + 네이버 통합검색 뉴스,board,토론방 제목,삼성전자,2026.08.04 14:17,,,,27,69596e09b180,세상에 들을 말이 없어서 이재명 말을 듣냐 ㅋㅋㅋ
DM-000074,raw_texts.csv,75,crawler.py,네이버 종목토론방 제목 + 네이버 통합검색 뉴스,board,토론방 제목,삼성전자,2026.08.04 14:17,,,,22,5d10e5976078,용뱀이 촌놈 아직도 청와대에  얼쩡거리나
DM-000075,raw_texts.csv,76,crawler.py,네이버 종목토론방 제목 + 네이버 통합검색 뉴스,board,토론방 제목,삼성전자,2026.08.04 14:17,,,,10,db538f04c7ab,최고 잡주 되버렸다
DM-000076,raw_texts.csv,77,crawler.py,네이버 종목토론방 제목 + 네이버 통합검색 뉴스,board,토론방 제목,삼성전자,2026.08.04 14:17,,,,12,789ee7470c76,나스닥오름 오를거같냐?
DM-000077,raw_texts.csv,78,crawler.py,네이버 종목토론방 제목 + 네이버 통합검색 뉴스,board,토론방 제목,삼성전자,2026.08.04 14:17,,,분노·불신,18,6ec836266595,공매도 단타전자 ~~사람이 몰리면
DM-000078,raw_texts.csv,79,crawler.py,네이버 종목토론방 제목 + 네이버 통합검색 뉴스,board,토론방 제목,삼성전자,2026.08.04 14:17,,,불안·공포,27,d137cb765dfb,근 한달내내 지수보다 더 떨어지는걸 다 알겠네..
DM-000079,raw_texts.csv,80,crawler.py,네이버 종목토론방 제목 + 네이버 통합검색 뉴스,board,토론방 제목,삼성전자,2026.08.04 14:17,,,,8,f030a5ffc8a6,22가려나 보네
DM-000080,raw_texts.csv,81,crawler.py,네이버 종목토론방 제목 + 네이버 통합검색 뉴스,board,토론방 제목,삼성전자,2026.08.04 14:17,,,,11,2cef065c6671,용범이형 싸랑해~~~
DM-000081,raw_texts.csv,82,crawler.py,네이버 종목토론방 제목 + 네이버 통합검색 뉴스,board,토론방 제목,삼성전자,2026.08.04 14:17,,,,10,e508b890bfad,15만 빨리좀 와라
DM-000082,raw_texts.csv,83,crawler.py,네이버 종목토론방 제목 + 네이버 통합검색 뉴스,board,토론방 제목,삼성전자,2026.08.04 14:17,,,,13,a2597e919217,국가가 주가에 개입한순간
DM-000083,raw_texts.csv,84,crawler.py,네이버 종목토론방 제목 + 네이버 통합검색 뉴스,board,토론방 제목,삼성전자,2026.08.04 14:17,,,,14,fa5a43e475ee,광주로 이전을 빨리해야된다
DM-000084,raw_texts.csv,85,crawler.py,네이버 종목토론방 제목 + 네이버 통합검색 뉴스,board,토론방 제목,삼성전자,2026.08.04 14:17,,,,12,7f322a642803,삼전닉스 실적만  왕!
DM-000085,raw_texts.csv,86,crawler.py,네이버 종목토론방 제목 + 네이버 통합검색 뉴스,board,토론방 제목,삼성전자,2026.08.04 14:17,,,,20,2e538addffcf,약속의2시 털만큼 털엇다. 급반등하쟈
DM-000086,raw_texts.csv,87,crawler.py,네이버 종목토론방 제목 + 네이버 통합검색 뉴스,board,토론방 제목,삼성전자,2026.08.04 14:17,,,,4,9a957d91018e,개국장.
DM-000087,raw_texts.csv,88,crawler.py,네이버 종목토론방 제목 + 네이버 통합검색 뉴스,board,토론방 제목,삼성전자,2026.08.04 14:16,,,,18,2f37a34180a4,백날 저평가저평가 떠들면 뭐하나?
DM-000088,raw_texts.csv,89,crawler.py,네이버 종목토론방 제목 + 네이버 통합검색 뉴스,board,토론방 제목,삼성전자,2026.08.04 14:16,,,,9,2b9fffc33d1f,[특징주]삼성전자
DM-000089,raw_texts.csv,90,crawler.py,네이버 종목토론방 제목 + 네이버 통합검색 뉴스,board,토론방 제목,삼성전자,2026.08.04 14:16,,,,5,cf3569b83a02,무대응하는
DM-000090,raw_texts.csv,91,crawler.py,네이버 종목토론방 제목 + 네이버 통합검색 뉴스,board,토론방 제목,삼성전자,2026.08.04 14:16,,,,5,ab97676c6df6,이재용회장
DM-000091,raw_texts.csv,92,crawler.py,네이버 종목토론방 제목 + 네이버 통합검색 뉴스,board,토론방 제목,삼성전자,2026.08.04 14:16,,,,3,f0c02e024b8d,느낌이
DM-000092,raw_texts.csv,93,crawler.py,네이버 종목토론방 제목 + 네이버 통합검색 뉴스,board,토론방 제목,삼성전자,2026.08.04 14:16,,,,9,2bb5d521448c,손해에 팔순 없지
DM-000093,raw_texts.csv,94,crawler.py,네이버 종목토론방 제목 + 네이버 통합검색 뉴스,board,토론방 제목,삼성전자,2026.08.04 14:16,,,,21,a85441f4735d,6000도  깨지고ᆢ 외인들 다나가고ᆢ
DM-000094,raw_texts.csv,95,crawler.py,네이버 종목토론방 제목 + 네이버 통합검색 뉴스,board,토론방 제목,삼성전자,2026.08.04 14:16,,,후회·손실고통,29,efeeaedd92b2,26만원위에서 물렸으면 최소 6개월~1년고생하겠네..
DM-000095,raw_texts.csv,96,crawler.py,네이버 종목토론방 제목 + 네이버 통합검색 뉴스,board,토론방 제목,삼성전자,2026.08.04 14:16,,,,20,15979bd0772b,개인 매수세가 줄때 진입해야긋넹...
DM-000096,raw_texts.csv,97,crawler.py,네이버 종목토론방 제목 + 네이버 통합검색 뉴스,board,토론방 제목,삼성전자,2026.08.04 14:16,,,,4,bd2b5c0f0ad4,투자자별
DM-000097,raw_texts.csv,98,crawler.py,네이버 종목토론방 제목 + 네이버 통합검색 뉴스,board,토론방 제목,삼성전자,2026.08.04 14:16,,,,3,481ba3bfa7c0,넥스트
DM-000098,raw_texts.csv,99,crawler.py,네이버 종목토론방 제목 + 네이버 통합검색 뉴스,board,토론방 제목,삼성전자,2026.08.04 14:16,,,,16,35b9d2314adb,주주환원으로 투심좀 돌려놓아라
DM-000099,raw_texts.csv,100,crawler.py,네이버 종목토론방 제목 + 네이버 통합검색 뉴스,board,토론방 제목,SK하이닉스,2026.08.04 14:23,,,,19,7d408aef280d,삼닉 앞으로 반도체 전망과 비중분산
DM-000100,raw_texts.csv,101,crawler.py,네이버 종목토론방 제목 + 네이버 통합검색 뉴스,board,토론방 제목,SK하이닉스,2026.08.04 14:23,,,,27,3d999527bc31,"❤️신용털기 위해 1,100,000까지 밀어주세요"
DM-000101,raw_texts.csv,102,crawler.py,네이버 종목토론방 제목 + 네이버 통합검색 뉴스,board,토론방 제목,SK하이닉스,2026.08.04 14:23,,,,22,7b143dc1f9cf,● 곱버스를 해야 리스크 헷지라도 되지~
DM-000102,raw_texts.csv,103,crawler.py,네이버 종목토론방 제목 + 네이버 통합검색 뉴스,board,토론방 제목,SK하이닉스,2026.08.04 14:23,,,,6,db47a96c01a2,조강지처에게
DM-000103,raw_texts.csv,104,crawler.py,네이버 종목토론방 제목 + 네이버 통합검색 뉴스,board,토론방 제목,SK하이닉스,2026.08.04 14:23,,,,11,7c6eea482cde,1억 물려있습니다..
DM-000104,raw_texts.csv,105,crawler.py,네이버 종목토론방 제목 + 네이버 통합검색 뉴스,board,토론방 제목,SK하이닉스,2026.08.04 14:23,,,,3,685acb052adf,형니마
DM-000105,raw_texts.csv,106,crawler.py,네이버 종목토론방 제목 + 네이버 통합검색 뉴스,board,토론방 제목,SK하이닉스,2026.08.04 14:22,,,,12,c7e954f7c496,누덜 신세조지기 싫어?
DM-000106,raw_texts.csv,107,crawler.py,네이버 종목토론방 제목 + 네이버 통합검색 뉴스,board,토론방 제목,SK하이닉스,2026.08.04 14:22,,,,9,98f8adb050b5,주식과 호텔경제학
DM-000107,raw_texts.csv,108,crawler.py,네이버 종목토론방 제목 + 네이버 통합검색 뉴스,board,토론방 제목,SK하이닉스,2026.08.04 14:22,,,,25,e5728711f417,그만 합시다. 오늘 드디어 다 털고 나갑니다.
DM-000108,raw_texts.csv,109,crawler.py,네이버 종목토론방 제목 + 네이버 통합검색 뉴스,board,토론방 제목,SK하이닉스,2026.08.04 14:22,,,,16,d3602092ec85,하이녹스 회장은 이재용한데가서
DM-000109,raw_texts.csv,110,crawler.py,네이버 종목토론방 제목 + 네이버 통합검색 뉴스,board,토론방 제목,SK하이닉스,2026.08.04 14:22,,,분노·불신,32,f44f936bd78a,묻지마 급등 작전끝났는데 다시 오르길 바라는 흑우들은 모냐
DM-000110,raw_texts.csv,111,crawler.py,네이버 종목토론방 제목 + 네이버 통합검색 뉴스,board,토론방 제목,SK하이닉스,2026.08.04 14:22,,,후회·손실고통,19,53dd45757b45,개인투자자들 손절 물량 500만주는
DM-000111,raw_texts.csv,112,crawler.py,네이버 종목토론방 제목 + 네이버 통합검색 뉴스,board,토론방 제목,SK하이닉스,2026.08.04 14:22,,,,22,70735a1cf9e7,코스닥 오르는거보니 걍 삼하뒤지는게 나음
DM-000112,raw_texts.csv,113,crawler.py,네이버 종목토론방 제목 + 네이버 통합검색 뉴스,board,토론방 제목,SK하이닉스,2026.08.04 14:22,,,,21,6b503dead0a7,SK휴닉스 전재산걸고 오늘장 예언합니다
DM-000113,raw_texts.csv,114,crawler.py,네이버 종목토론방 제목 + 네이버 통합검색 뉴스,board,토론방 제목,SK하이닉스,2026.08.04 14:22,,,,11,c83dff3663d8,150만이면 싼거같다
DM-000114,raw_texts.csv,115,crawler.py,네이버 종목토론방 제목 + 네이버 통합검색 뉴스,board,토론방 제목,SK하이닉스,2026.08.04 14:22,,,,12,a470abf1e16a,더 이상 호재는 없어.
DM-000115,raw_texts.csv,116,crawler.py,네이버 종목토론방 제목 + 네이버 통합검색 뉴스,board,토론방 제목,SK하이닉스,2026.08.04 14:22,,,,2,4e95f655cd74,외인
DM-000116,raw_texts.csv,117,crawler.py,네이버 종목토론방 제목 + 네이버 통합검색 뉴스,board,토론방 제목,SK하이닉스,2026.08.04 14:22,,,,14,ebb109f0f4e9,반도체 아직 시작도 안했다
DM-000117,raw_texts.csv,118,crawler.py,네이버 종목토론방 제목 + 네이버 통합검색 뉴스,board,토론방 제목,SK하이닉스,2026.08.04 14:22,,,,7,6a5c2cac6811,차트 좀보세요
DM-000118,raw_texts.csv,119,crawler.py,네이버 종목토론방 제목 + 네이버 통합검색 뉴스,board,토론방 제목,SK하이닉스,2026.08.04 14:22,,,,1,c1dfd96eea8c,6
DM-000119,raw_texts.csv,120,crawler.py,네이버 종목토론방 제목 + 네이버 통합검색 뉴스,board,토론방 제목,SK하이닉스,2026.08.04 14:22,,,,24,bb677b47d4ee,선방 잘하고있다  화이팅이다~~~~~~~~~
DM-000120,raw_texts.csv,121,crawler.py,네이버 종목토론방 제목 + 네이버 통합검색 뉴스,board,토론방 제목,SK하이닉스,2026.08.04 14:21,,,,16,f57e2de51274,한방향만 죽여라 이 것 들 아
DM-000121,raw_texts.csv,122,crawler.py,네이버 종목토론방 제목 + 네이버 통합검색 뉴스,board,토론방 제목,SK하이닉스,2026.08.04 14:21,,,,31,aa9a2100a41f,■이재명 최태원  말듣고 샀다가  인버스로 80% 복구중
DM-000122,raw_texts.csv,123,crawler.py,네이버 종목토론방 제목 + 네이버 통합검색 뉴스,board,토론방 제목,SK하이닉스,2026.08.04 14:21,,,,3,afdcc9b31de1,어차피
DM-000123,raw_texts.csv,124,crawler.py,네이버 종목토론방 제목 + 네이버 통합검색 뉴스,board,토론방 제목,SK하이닉스,2026.08.04 14:21,,,,18,09e701271371,이거 진짜에요? 투자부적합국가??
DM-000124,raw_texts.csv,125,crawler.py,네이버 종목토론방 제목 + 네이버 통합검색 뉴스,board,토론방 제목,SK하이닉스,2026.08.04 14:21,,,,33,693695166f27,❤️신용 땜에 현금이 너무 손해잖아/왜 신용투자를 하는 거냐
DM-000125,raw_texts.csv,126,crawler.py,네이버 종목토론방 제목 + 네이버 통합검색 뉴스,board,토론방 제목,SK하이닉스,2026.08.04 14:21,,,,3,310b86e0b62b,100
DM-000126,raw_texts.csv,127,crawler.py,네이버 종목토론방 제목 + 네이버 통합검색 뉴스,board,토론방 제목,SK하이닉스,2026.08.04 14:21,,,,23,bb9806afa241,반등하는 차트가 아니라 고꾸라지는 차트인데
DM-000127,raw_texts.csv,128,crawler.py,네이버 종목토론방 제목 + 네이버 통합검색 뉴스,board,토론방 제목,SK하이닉스,2026.08.04 14:21,,,충동·중독시그널,36,29dacde157c3,하이닉스 300때는 8억을 모아다 지르는 플렉스하는 할매는 있는데
DM-000128,raw_texts.csv,129,crawler.py,네이버 종목토론방 제목 + 네이버 통합검색 뉴스,board,토론방 제목,SK하이닉스,2026.08.04 14:21,,,,19,f8c40ca7c62b,아니 어제 누구 들어와서 뭐 했냐?
DM-000129,raw_texts.csv,130,crawler.py,네이버 종목토론방 제목 + 네이버 통합검색 뉴스,board,토론방 제목,SK하이닉스,2026.08.04 14:21,,,,7,74452fb1f442,최태원시 사고
DM-000130,raw_texts.csv,131,crawler.py,네이버 종목토론방 제목 + 네이버 통합검색 뉴스,board,토론방 제목,SK하이닉스,2026.08.04 14:21,,,,6,7e085cb1a57f,님이 스파알
DM-000131,raw_texts.csv,132,crawler.py,네이버 종목토론방 제목 + 네이버 통합검색 뉴스,board,토론방 제목,SK하이닉스,2026.08.04 14:21,,,,12,e81f3ea843ea,내로남불이 무슨뜻이야?
DM-000132,raw_texts.csv,133,crawler.py,네이버 종목토론방 제목 + 네이버 통합검색 뉴스,board,토론방 제목,SK하이닉스,2026.08.04 14:21,,,,15,d77b719ccf79,인버스로 총출동해라 달달허다
DM-000133,raw_texts.csv,134,crawler.py,네이버 종목토론방 제목 + 네이버 통합검색 뉴스,board,토론방 제목,SK하이닉스,2026.08.04 14:21,,,,27,56bb8d604a94,횽들나아 나 오늘 첨으로 곱버스 타서 100넣어서
DM-000134,raw_texts.csv,135,crawler.py,네이버 종목토론방 제목 + 네이버 통합검색 뉴스,board,토론방 제목,SK하이닉스,2026.08.04 14:21,,,,22,dd8346a329c5,속보)ADR 은  왜 상장 시켰나  ??
DM-000135,raw_texts.csv,136,crawler.py,네이버 종목토론방 제목 + 네이버 통합검색 뉴스,board,토론방 제목,SK하이닉스,2026.08.04 14:20,,,,14,6a34a9d94519,최회장이 생각하는 주주환원
DM-000136,raw_texts.csv,137,crawler.py,네이버 종목토론방 제목 + 네이버 통합검색 뉴스,board,토론방 제목,SK하이닉스,2026.08.04 14:20,,,,8,4bbea1309bc8,지긋지긋하다..
DM-000137,raw_texts.csv,138,crawler.py,네이버 종목토론방 제목 + 네이버 통합검색 뉴스,board,토론방 제목,SK하이닉스,2026.08.04 14:20,,,,8,60bf47166e91,투자부적격 나라
DM-000138,raw_texts.csv,139,crawler.py,네이버 종목토론방 제목 + 네이버 통합검색 뉴스,board,토론방 제목,SK하이닉스,2026.08.04 14:20,,,,5,7b5dd56d4c69,언제빠지냐
DM-000139,raw_texts.csv,140,crawler.py,네이버 종목토론방 제목 + 네이버 통합검색 뉴스,board,토론방 제목,SK하이닉스,2026.08.04 14:20,,,,10,944b6778af57,주주정책 나온다며!
DM-000140,raw_texts.csv,141,crawler.py,네이버 종목토론방 제목 + 네이버 통합검색 뉴스,board,토론방 제목,SK하이닉스,2026.08.04 14:20,,,,15,1ffa57cc3b9d,안티님들 말이 다 맞습니다.
DM-000141,raw_texts.csv,142,crawler.py,네이버 종목토론방 제목 + 네이버 통합검색 뉴스,board,토론방 제목,SK하이닉스,2026.08.04 14:20,,,,22,2480ed3fff71,아직 -80% 안맞아봤지? 이번이 기회야
DM-000142,raw_texts.csv,143,crawler.py,네이버 종목토론방 제목 + 네이버 통합검색 뉴스,board,토론방 제목,SK하이닉스,2026.08.04 14:20,,,,56,52930a4c82b2,이재명 대통령 경제정책 잘한거 말해보라 하길래 딱 말한다. 민생안정지원금 20만원 지급 !! 잘한거다
DM-000143,raw_texts.csv,144,crawler.py,네이버 종목토론방 제목 + 네이버 통합검색 뉴스,board,토론방 제목,SK하이닉스,2026.08.04 14:20,,,,7,1ddb99045899,느낌이 쎄하여
DM-000144,raw_texts.csv,145,crawler.py,네이버 종목토론방 제목 + 네이버 통합검색 뉴스,board,토론방 제목,SK하이닉스,2026.08.04 14:20,,,,4,c6fe4be0ff4b,70으로
DM-000145,raw_texts.csv,146,crawler.py,네이버 종목토론방 제목 + 네이버 통합검색 뉴스,board,토론방 제목,SK하이닉스,2026.08.04 14:20,,,후회·손실고통,31,2b2a32009708,진짜 반토막수준 하락.미국 빅테크들 AI투자수익성최고인데
DM-000146,raw_texts.csv,147,crawler.py,네이버 종목토론방 제목 + 네이버 통합검색 뉴스,board,토론방 제목,SK하이닉스,2026.08.04 14:20,,,,8,16248765231e,제대로 설명해라
DM-000147,raw_texts.csv,148,crawler.py,네이버 종목토론방 제목 + 네이버 통합검색 뉴스,board,토론방 제목,SK하이닉스,2026.08.04 14:20,,,,22,f897ef7878ce,150에 꿀 발라놨냐?? 모하냐 지금??
DM-000148,raw_texts.csv,149,crawler.py,네이버 종목토론방 제목 + 네이버 통합검색 뉴스,board,토론방 제목,SK하이닉스,2026.08.04 14:20,,,,13,01b8bcf20944,절대 지금 들어가지마세요
DM-000149,raw_texts.csv,150,crawler.py,네이버 종목토론방 제목 + 네이버 통합검색 뉴스,board,토론방 제목,SK하이닉스,2026.08.04 14:19,,,,15,5f891f633d87,❤️신용 털기 부탁해요120
DM-000150,raw_texts.csv,151,crawler.py,네이버 종목토론방 제목 + 네이버 통합검색 뉴스,board,토론방 제목,SK하이닉스,2026.08.04 14:19,,,,18,6d461d04ee0e,매도물량 많았는데 삼키긴 다삼키네
DM-000151,raw_texts.csv,152,crawler.py,네이버 종목토론방 제목 + 네이버 통합검색 뉴스,board,토론방 제목,SK하이닉스,2026.08.04 14:19,,,충동·중독시그널,22,b47d72433a6b,아직도 삼닉 풀매수 무새들이 있는거 보면
DM-000152,raw_texts.csv,153,crawler.py,네이버 종목토론방 제목 + 네이버 통합검색 뉴스,board,토론방 제목,SK하이닉스,2026.08.04 14:19,,,,6,08f886085860,투자에있어서
DM-000153,raw_texts.csv,154,crawler.py,네이버 종목토론방 제목 + 네이버 통합검색 뉴스,board,토론방 제목,SK하이닉스,2026.08.04 14:19,,,,12,2a96390e21b7,정말 실망이다 하이닉스
DM-000154,raw_texts.csv,155,crawler.py,네이버 종목토론방 제목 + 네이버 통합검색 뉴스,board,토론방 제목,SK하이닉스,2026.08.04 14:19,,,,7,2b17328b4518,확실한건...
DM-000155,raw_texts.csv,156,crawler.py,네이버 종목토론방 제목 + 네이버 통합검색 뉴스,board,토론방 제목,SK하이닉스,2026.08.04 14:19,,,,11,ad2dbdc6920a,미친 반도체 도박시장
DM-000156,raw_texts.csv,157,crawler.py,네이버 종목토론방 제목 + 네이버 통합검색 뉴스,board,토론방 제목,SK하이닉스,2026.08.04 14:19,,,,4,0957294778a7,"아직도,"
DM-000157,raw_texts.csv,158,crawler.py,네이버 종목토론방 제목 + 네이버 통합검색 뉴스,board,토론방 제목,SK하이닉스,2026.08.04 14:19,,,,35,3eaa51e04262,★털리고 안티질할때 현명한 강성주주들은 저점에서 물량 늘리기ㅎㅎ
DM-000158,raw_texts.csv,159,crawler.py,네이버 종목토론방 제목 + 네이버 통합검색 뉴스,board,토론방 제목,SK하이닉스,2026.08.04 14:19,,,,19,0ecbc0f47e0a,오늘 오전에 말했죠? 가짜반등이라고
DM-000159,raw_texts.csv,160,crawler.py,네이버 종목토론방 제목 + 네이버 통합검색 뉴스,board,토론방 제목,SK하이닉스,2026.08.04 14:19,,,,31,9472c3e75614,"1찍이고 , 호남이고, 대통령이고 이것저것 불만이면 팔아"
DM-000160,raw_texts.csv,161,crawler.py,네이버 종목토론방 제목 + 네이버 통합검색 뉴스,board,토론방 제목,SK하이닉스,2026.08.04 14:19,,,,28,426b1ccd2d7d,대피하라! 쭉 흘러내린다.~~ 미장으로 대피하자~~
DM-000161,raw_texts.csv,162,crawler.py,네이버 종목토론방 제목 + 네이버 통합검색 뉴스,board,토론방 제목,SK하이닉스,2026.08.04 14:19,,,,19,acb4ae9f2040,이제 레버리지 탓 못하면 뭐 탓할래
DM-000162,raw_texts.csv,163,crawler.py,네이버 종목토론방 제목 + 네이버 통합검색 뉴스,board,토론방 제목,SK하이닉스,2026.08.04 14:19,,,,24,43d16ff53840,급등해도 무조건 우하향 ㅋㅋㅋㅋㅋ 다낚이는거
DM-000163,raw_texts.csv,164,crawler.py,네이버 종목토론방 제목 + 네이버 통합검색 뉴스,board,토론방 제목,SK하이닉스,2026.08.04 14:19,,,,6,0283a273e972,다들 떠난다
DM-000164,raw_texts.csv,165,crawler.py,네이버 종목토론방 제목 + 네이버 통합검색 뉴스,board,토론방 제목,SK하이닉스,2026.08.04 14:19,,,,14,3ceac0af2d5a,신용쓴넘들은 다 털어야한다
DM-000165,raw_texts.csv,166,crawler.py,네이버 종목토론방 제목 + 네이버 통합검색 뉴스,board,토론방 제목,SK하이닉스,2026.08.04 14:19,,,,10,e9a02f6a981e,닉스 전문 유튜버가
DM-000166,raw_texts.csv,167,crawler.py,네이버 종목토론방 제목 + 네이버 통합검색 뉴스,board,토론방 제목,SK하이닉스,2026.08.04 14:19,,,,13,97984382f1ce,왜 국장이 급락한줄 아냐
DM-000167,raw_texts.csv,168,crawler.py,네이버 종목토론방 제목 + 네이버 통합검색 뉴스,board,토론방 제목,SK하이닉스,2026.08.04 14:19,,,,7,ee2c7ffb2cd3,국민연금 갖고
DM-000168,raw_texts.csv,169,crawler.py,네이버 종목토론방 제목 + 네이버 통합검색 뉴스,board,토론방 제목,SK하이닉스,2026.08.04 14:19,,,,10,dc7ca20c6623,미국ADR 상장하면
DM-000169,raw_texts.csv,170,crawler.py,네이버 종목토론방 제목 + 네이버 통합검색 뉴스,board,토론방 제목,SK하이닉스,2026.08.04 14:18,,,,11,4ba3789d40d3,3개월 정도 flat
DM-000170,raw_texts.csv,171,crawler.py,네이버 종목토론방 제목 + 네이버 통합검색 뉴스,board,토론방 제목,SK하이닉스,2026.08.04 14:18,,,,20,b165ab8704cc,하이닉스 大同團結 100만원 가즈아~
DM-000171,raw_texts.csv,172,crawler.py,네이버 종목토론방 제목 + 네이버 통합검색 뉴스,board,토론방 제목,SK하이닉스,2026.08.04 14:18,,,,3,c11a09b861bf,자금이
DM-000172,raw_texts.csv,173,crawler.py,네이버 종목토론방 제목 + 네이버 통합검색 뉴스,board,토론방 제목,SK하이닉스,2026.08.04 14:18,,,,11,7964fc3127f1,1찍이들 덕분에...
DM-000173,raw_texts.csv,174,crawler.py,네이버 종목토론방 제목 + 네이버 통합검색 뉴스,board,토론방 제목,SK하이닉스,2026.08.04 14:18,,,,18,eecd9fd95fc4,오늘도 하닉삼전할배들만 쳐내리니까
DM-000174,raw_texts.csv,175,crawler.py,네이버 종목토론방 제목 + 네이버 통합검색 뉴스,board,토론방 제목,SK하이닉스,2026.08.04 14:18,,,,2,aa6917c7ba14,닉스
DM-000175,raw_texts.csv,176,crawler.py,네이버 종목토론방 제목 + 네이버 통합검색 뉴스,board,토론방 제목,SK하이닉스,2026.08.04 14:18,,,,8,dc25c7f0df86,너무한다 너무해
DM-000176,raw_texts.csv,177,crawler.py,네이버 종목토론방 제목 + 네이버 통합검색 뉴스,board,토론방 제목,SK하이닉스,2026.08.04 14:18,,,,2,7a3eab247763,에잇
DM-000177,raw_texts.csv,178,crawler.py,네이버 종목토론방 제목 + 네이버 통합검색 뉴스,board,토론방 제목,SK하이닉스,2026.08.04 14:18,,,,4,a222bd7d7e5a,정신차려
DM-000178,raw_texts.csv,179,crawler.py,네이버 종목토론방 제목 + 네이버 통합검색 뉴스,board,토론방 제목,SK하이닉스,2026.08.04 14:18,,,,7,caac145e756d,이제 끝인가.
DM-000179,raw_texts.csv,180,crawler.py,네이버 종목토론방 제목 + 네이버 통합검색 뉴스,board,토론방 제목,SK하이닉스,2026.08.04 14:18,,,,9,6a398a18d284,❤️140 직진!
DM-000180,raw_texts.csv,181,crawler.py,네이버 종목토론방 제목 + 네이버 통합검색 뉴스,board,토론방 제목,SK하이닉스,2026.08.04 14:18,,,,12,26ecb636ce58,하닉 20만원 갑니다.
DM-000181,raw_texts.csv,182,crawler.py,네이버 종목토론방 제목 + 네이버 통합검색 뉴스,board,토론방 제목,SK하이닉스,2026.08.04 14:18,,,,16,8b0abb9fe5a1,이젠 미국 반도체랑 결별했구나
DM-000182,raw_texts.csv,183,crawler.py,네이버 종목토론방 제목 + 네이버 통합검색 뉴스,board,토론방 제목,SK하이닉스,2026.08.04 14:18,,,충동·중독시그널,15,76bae176feb0,1510000원까지 영끌 후
DM-000183,raw_texts.csv,184,crawler.py,네이버 종목토론방 제목 + 네이버 통합검색 뉴스,board,토론방 제목,SK하이닉스,2026.08.04 14:18,,,,14,5487a929067b,냅뚜면 1/10 액분 된다
DM-000184,raw_texts.csv,185,crawler.py,네이버 종목토론방 제목 + 네이버 통합검색 뉴스,board,토론방 제목,SK하이닉스,2026.08.04 14:18,,,,32,a26a8a547e9c,하아.. 내 국민연금 어차피 고갈 되서 못받을거 알지만..
DM-000185,raw_texts.csv,186,crawler.py,네이버 종목토론방 제목 + 네이버 통합검색 뉴스,board,토론방 제목,SK하이닉스,2026.08.04 14:18,,,분노·불신,16,29da08833da1,작전주도 이렇게는 안 움직인다
DM-000186,raw_texts.csv,187,crawler.py,네이버 종목토론방 제목 + 네이버 통합검색 뉴스,board,토론방 제목,SK하이닉스,2026.08.04 14:18,,,,11,0a9bed629c9f,하닉을 왜 들고 있냐
DM-000187,raw_texts.csv,188,crawler.py,네이버 종목토론방 제목 + 네이버 통합검색 뉴스,board,토론방 제목,SK하이닉스,2026.08.04 14:18,,,,15,c1cf7e396685,2시전에튀란말 또 안들었제?
DM-000188,raw_texts.csv,189,crawler.py,네이버 종목토론방 제목 + 네이버 통합검색 뉴스,board,토론방 제목,SK하이닉스,2026.08.04 14:18,,,,12,596936ef7593,대한민국 찢기다....
DM-000189,raw_texts.csv,190,crawler.py,네이버 종목토론방 제목 + 네이버 통합검색 뉴스,board,토론방 제목,SK하이닉스,2026.08.04 14:18,,,,16,b3d61b5a09b8,삼전닉스는 암적인 존재가 됐네
DM-000190,raw_texts.csv,191,crawler.py,네이버 종목토론방 제목 + 네이버 통합검색 뉴스,board,토론방 제목,SK하이닉스,2026.08.04 14:18,,,,18,08ba683e6ed0,장 막판에 140 중반까지 밀릿듯
DM-000191,raw_texts.csv,192,crawler.py,네이버 종목토론방 제목 + 네이버 통합검색 뉴스,board,토론방 제목,SK하이닉스,2026.08.04 14:17,,,,9,a0bae0e7f41b,하이닉스 전래동화
DM-000192,raw_texts.csv,193,crawler.py,네이버 종목토론방 제목 + 네이버 통합검색 뉴스,board,토론방 제목,SK하이닉스,2026.08.04 14:17,,,후회·손실고통,7,b7fc73009106,3억 손실….
DM-000193,raw_texts.csv,194,crawler.py,네이버 종목토론방 제목 + 네이버 통합검색 뉴스,board,토론방 제목,SK하이닉스,2026.08.04 14:17,,,분노·불신,28,19b4eaf1c588,Adr로 시세 조작 패악질 그만해야 되는거 아닌가?
DM-000194,raw_texts.csv,195,crawler.py,네이버 종목토론방 제목 + 네이버 통합검색 뉴스,board,토론방 제목,SK하이닉스,2026.08.04 14:17,,,,4,a7b621efbf62,8월달은
DM-000195,raw_texts.csv,196,crawler.py,네이버 종목토론방 제목 + 네이버 통합검색 뉴스,board,토론방 제목,LG에너지솔루션,2026.08.04 14:20,,,,21,bfafcb7ccf5d,실적은 최고인데. . 왜케 누르니???
DM-000196,raw_texts.csv,197,crawler.py,네이버 종목토론방 제목 + 네이버 통합검색 뉴스,board,토론방 제목,LG에너지솔루션,2026.08.04 14:05,,,분노·불신,21,ecb9814c92dc,지금 공매도 작업중 시원하게 보내주이소
DM-000197,raw_texts.csv,198,crawler.py,네이버 종목토론방 제목 + 네이버 통합검색 뉴스,board,토론방 제목,LG에너지솔루션,2026.08.04 13:55,,,분노·불신,6,d35480746cc9,공매도 비중
DM-000198,raw_texts.csv,199,crawler.py,네이버 종목토론방 제목 + 네이버 통합검색 뉴스,board,토론방 제목,LG에너지솔루션,2026.08.04 13:54,,,,10,71109f915c22,주포형 함 말아주소
DM-000199,raw_texts.csv,200,crawler.py,네이버 종목토론방 제목 + 네이버 통합검색 뉴스,board,토론방 제목,LG에너지솔루션,2026.08.04 13:20,,,,18,ddb62af35f35,2차전지를 살꺼면 대장주를 사야지
DM-000200,raw_texts.csv,201,crawler.py,네이버 종목토론방 제목 + 네이버 통합검색 뉴스,board,토론방 제목,LG에너지솔루션,2026.08.04 12:41,,,,32,b3af5776fba2,다른애들 오르는거보면 민망하지도 않냐? 내리는건 일등이더만
DM-000201,raw_texts.csv,202,crawler.py,네이버 종목토론방 제목 + 네이버 통합검색 뉴스,board,토론방 제목,LG에너지솔루션,2026.08.04 12:31,,,,12,66fd570707fa,담은 33만원  오케?
DM-000202,raw_texts.csv,203,crawler.py,네이버 종목토론방 제목 + 네이버 통합검색 뉴스,board,토론방 제목,LG에너지솔루션,2026.08.04 12:02,,,,6,bf63870dee20,코스닥오르면
DM-000203,raw_texts.csv,204,crawler.py,네이버 종목토론방 제목 + 네이버 통합검색 뉴스,board,토론방 제목,LG에너지솔루션,2026.08.04 11:56,,,,13,cf4d4e837711,오늘  양봉 낼도  양봉
DM-000204,raw_texts.csv,205,crawler.py,네이버 종목토론방 제목 + 네이버 통합검색 뉴스,board,토론방 제목,LG에너지솔루션,2026.08.04 11:48,,,,10,396f2334dd91,주식 매가리가 없다
DM-000205,raw_texts.csv,206,crawler.py,네이버 종목토론방 제목 + 네이버 통합검색 뉴스,board,토론방 제목,LG에너지솔루션,2026.08.04 11:32,,,,11,5385cb44aaab,어렵겠지만 기다려본다
DM-000206,raw_texts.csv,207,crawler.py,네이버 종목토론방 제목 + 네이버 통합검색 뉴스,board,토론방 제목,LG에너지솔루션,2026.08.04 11:24,,,,10,de4046f40963,이제는 소형주 시대
DM-000207,raw_texts.csv,208,crawler.py,네이버 종목토론방 제목 + 네이버 통합검색 뉴스,board,토론방 제목,LG에너지솔루션,2026.08.04 11:07,,,,9,fd4327c5e54b,사리나와요 헬쥐~
DM-000208,raw_texts.csv,209,crawler.py,네이버 종목토론방 제목 + 네이버 통합검색 뉴스,board,토론방 제목,LG에너지솔루션,2026.08.04 10:51,,,,26,b63ec03672bf,단일 종목 ETF 손보면 이것도 매수세 들어온다
DM-000209,raw_texts.csv,210,crawler.py,네이버 종목토론방 제목 + 네이버 통합검색 뉴스,board,토론방 제목,LG에너지솔루션,2026.08.04 10:50,,,,13,e36d7ce8b892,뭘 고개를 쳐들어 비엉아
DM-000210,raw_texts.csv,211,crawler.py,네이버 종목토론방 제목 + 네이버 통합검색 뉴스,board,토론방 제목,LG에너지솔루션,2026.08.04 10:40,,,분노·불신,13,8c4df67979e0,여긴..공매도..천지노?
DM-000211,raw_texts.csv,212,crawler.py,네이버 종목토론방 제목 + 네이버 통합검색 뉴스,board,토론방 제목,LG에너지솔루션,2026.08.04 10:31,,,,15,97462eacecae,32층 밑으로 잡아야 합니다
DM-000212,raw_texts.csv,213,crawler.py,네이버 종목토론방 제목 + 네이버 통합검색 뉴스,board,토론방 제목,LG에너지솔루션,2026.08.04 10:09,,,,19,f86dba263a7c,이러니 다시는 국장 안한단소리나오지
DM-000213,raw_texts.csv,214,crawler.py,네이버 종목토론방 제목 + 네이버 통합검색 뉴스,board,토론방 제목,LG에너지솔루션,2026.08.04 10:08,,,,18,273a81378e5e,삼성sdi살까 LG에너지솔루션살까
DM-000214,raw_texts.csv,215,crawler.py,네이버 종목토론방 제목 + 네이버 통합검색 뉴스,board,토론방 제목,LG에너지솔루션,2026.08.04 10:04,,,,6,d33e4934aeb1,쓸애기 엘쥐
DM-000215,raw_texts.csv,216,crawler.py,네이버 종목토론방 제목 + 네이버 통합검색 뉴스,board,토론방 제목,LG에너지솔루션,2026.08.04 09:38,,,분노·불신,11,9b2a6f6b511d,리딩방 사기꾼 홍xx
DM-000216,raw_texts.csv,217,crawler.py,네이버 종목토론방 제목 + 네이버 통합검색 뉴스,board,토론방 제목,LG에너지솔루션,2026.08.04 09:27,,,,7,bb036d537005,떨어질땐 1등
DM-000217,raw_texts.csv,218,crawler.py,네이버 종목토론방 제목 + 네이버 통합검색 뉴스,board,토론방 제목,LG에너지솔루션,2026.08.04 09:13,,,,11,39ef88547826,이전 주주로서 한마디
DM-000218,raw_texts.csv,219,crawler.py,네이버 종목토론방 제목 + 네이버 통합검색 뉴스,board,토론방 제목,LG에너지솔루션,2026.08.04 08:59,,,,10,3a8d0f4e2f17,장사 안되면 접어라
DM-000219,raw_texts.csv,220,crawler.py,네이버 종목토론방 제목 + 네이버 통합검색 뉴스,board,토론방 제목,LG에너지솔루션,2026.08.04 08:57,,,,24,7e64bf43bda5,미국채 금리 하락. D램3분기까지 상승 예상
DM-000220,raw_texts.csv,221,crawler.py,네이버 종목토론방 제목 + 네이버 통합검색 뉴스,board,토론방 제목,LG에너지솔루션,2026.08.04 08:55,,,,8,9925ce4634e6,매수세가 말랐군
DM-000221,raw_texts.csv,222,crawler.py,네이버 종목토론방 제목 + 네이버 통합검색 뉴스,board,토론방 제목,LG에너지솔루션,2026.08.04 08:51,,,,16,63acaa128842,이정도 실적에 재무상태면...
DM-000222,raw_texts.csv,223,crawler.py,네이버 종목토론방 제목 + 네이버 통합검색 뉴스,board,토론방 제목,LG에너지솔루션,2026.08.04 08:44,,,,18,3a3e2fc4361c,오늘은  하방 상방 형아 눈치싸움
DM-000223,raw_texts.csv,224,crawler.py,네이버 종목토론방 제목 + 네이버 통합검색 뉴스,board,토론방 제목,LG에너지솔루션,2026.08.04 08:40,,,,9,0363668f8feb,지긋지긋하다 이놈
DM-000224,raw_texts.csv,225,crawler.py,네이버 종목토론방 제목 + 네이버 통합검색 뉴스,board,토론방 제목,LG에너지솔루션,2026.08.04 08:37,,,,13,15e8273bc413,비엠 이번 출고된 전기차
DM-000225,raw_texts.csv,226,crawler.py,네이버 종목토론방 제목 + 네이버 통합검색 뉴스,board,토론방 제목,LG에너지솔루션,2026.08.04 08:34,,,,9,7c10e117dea7,2차전지 최선호주
DM-000226,raw_texts.csv,227,crawler.py,네이버 종목토론방 제목 + 네이버 통합검색 뉴스,board,토론방 제목,LG에너지솔루션,2026.08.04 07:57,,,,41,6717631fb217,미국은 너무낮은 유류세를 100%올려야 전기차들이 보조금없어도 잘팔릴것인데
DM-000227,raw_texts.csv,228,crawler.py,네이버 종목토론방 제목 + 네이버 통합검색 뉴스,board,토론방 제목,LG에너지솔루션,2026.08.04 06:25,,,,28,af08ebc77bdb,회사 경영진 무엇하고 있나요. 주가는 5년전 공모가
DM-000228,raw_texts.csv,229,crawler.py,네이버 종목토론방 제목 + 네이버 통합검색 뉴스,board,토론방 제목,LG에너지솔루션,2026.08.04 02:12,,,,56,d4c64755ffea,"<JP모건> ""삼전닉스 심각한 저평가상태, 지금이 저점매수 기회"", 한국증시 투자의견 상향조정 !!!"
DM-000229,raw_texts.csv,230,crawler.py,네이버 종목토론방 제목 + 네이버 통합검색 뉴스,board,토론방 제목,LG에너지솔루션,2026.08.03 22:34,,,,24,f2c5b1d12118,야간 선물 또 다시 사이드카 하락-5% 급락
DM-000230,raw_texts.csv,231,crawler.py,네이버 종목토론방 제목 + 네이버 통합검색 뉴스,board,토론방 제목,LG에너지솔루션,2026.08.03 21:13,,,,17,a56e85668a6e,국내에서 배터리관련주 매수한다면
DM-000231,raw_texts.csv,232,crawler.py,네이버 종목토론방 제목 + 네이버 통합검색 뉴스,board,토론방 제목,LG에너지솔루션,2026.08.03 19:20,,,,13,42c05c049df9,야간선물 -2.4% 빠짐
DM-000232,raw_texts.csv,233,crawler.py,네이버 종목토론방 제목 + 네이버 통합검색 뉴스,board,토론방 제목,LG에너지솔루션,2026.08.03 19:10,,,,1,29cf1751fa36,ㅋ
DM-000233,raw_texts.csv,234,crawler.py,네이버 종목토론방 제목 + 네이버 통합검색 뉴스,board,토론방 제목,LG에너지솔루션,2026.08.03 18:46,,,,13,66c5424e4485,내일부터 주포형 출연할듯
DM-000234,raw_texts.csv,235,crawler.py,네이버 종목토론방 제목 + 네이버 통합검색 뉴스,board,토론방 제목,LG에너지솔루션,2026.08.03 18:38,,,,24,a5d2a54f6cfc,신규상장 패턴으로 갈수있는 종목 아닐지 !!
DM-000235,raw_texts.csv,236,crawler.py,네이버 종목토론방 제목 + 네이버 통합검색 뉴스,board,토론방 제목,LG에너지솔루션,2026.08.03 18:30,,,,7,8c4e7c94d55e,3130층인데
DM-000236,raw_texts.csv,237,crawler.py,네이버 종목토론방 제목 + 네이버 통합검색 뉴스,board,토론방 제목,LG에너지솔루션,2026.08.03 18:07,,,,12,dbc478988a89,각 평단이 얼마인지요?
DM-000237,raw_texts.csv,238,crawler.py,네이버 종목토론방 제목 + 네이버 통합검색 뉴스,board,토론방 제목,LG에너지솔루션,2026.08.03 17:53,,,분노·불신,13,d30beab45747,공매도 잡는법 필수 필독
DM-000238,raw_texts.csv,239,crawler.py,네이버 종목토론방 제목 + 네이버 통합검색 뉴스,board,토론방 제목,LG에너지솔루션,2026.08.03 17:46,,,,9,490e780edcc4,요번달 저점이..
DM-000239,raw_texts.csv,240,crawler.py,네이버 종목토론방 제목 + 네이버 통합검색 뉴스,board,토론방 제목,LG에너지솔루션,2026.08.03 17:22,,,,18,a930746530f8,오늘 총거래중 25프로가 공매^^
DM-000240,raw_texts.csv,241,crawler.py,네이버 종목토론방 제목 + 네이버 통합검색 뉴스,board,토론방 제목,LG에너지솔루션,2026.08.03 17:18,,,,12,b7b699ff5cd8,레버리지 규제가 아니라
DM-000241,raw_texts.csv,242,crawler.py,네이버 종목토론방 제목 + 네이버 통합검색 뉴스,board,토론방 제목,LG에너지솔루션,2026.08.03 17:15,,,,5,3bcb8a01f18f,속보...
DM-000242,raw_texts.csv,243,crawler.py,네이버 종목토론방 제목 + 네이버 통합검색 뉴스,board,토론방 제목,LG에너지솔루션,2026.08.03 17:00,,,,6,48e91b6acd47,22.91%
DM-000243,raw_texts.csv,244,crawler.py,네이버 종목토론방 제목 + 네이버 통합검색 뉴스,board,토론방 제목,LG에너지솔루션,2026.08.03 16:10,,,,7,d04de7497e8d,이재명 정부는
DM-000244,raw_texts.csv,245,crawler.py,네이버 종목토론방 제목 + 네이버 통합검색 뉴스,board,토론방 제목,LG에너지솔루션,2026.08.03 16:08,,,,3,c3326ce6f829,여전히
DM-000245,raw_texts.csv,246,crawler.py,네이버 종목토론방 제목 + 네이버 통합검색 뉴스,board,토론방 제목,LG에너지솔루션,2026.08.03 16:08,,,,2,6f0f668598eb,버려
DM-000246,raw_texts.csv,247,crawler.py,네이버 종목토론방 제목 + 네이버 통합검색 뉴스,board,토론방 제목,LG에너지솔루션,2026.08.03 15:53,,,,16,241d4c51e3d8,포르쉐 화재 베터리 어디꺼임?
DM-000247,raw_texts.csv,248,crawler.py,네이버 종목토론방 제목 + 네이버 통합검색 뉴스,board,토론방 제목,LG에너지솔루션,2026.08.03 15:31,,,,14,73578a82af1d,LG엔솔 vs 에코프로비엠
DM-000248,raw_texts.csv,249,crawler.py,네이버 종목토론방 제목 + 네이버 통합검색 뉴스,board,토론방 제목,LG에너지솔루션,2026.08.03 15:19,,,,25,3d4b022381b1,실적은 항상 보조금 때문에 적자는 면하는구나.
DM-000249,raw_texts.csv,250,crawler.py,네이버 종목토론방 제목 + 네이버 통합검색 뉴스,board,토론방 제목,LG에너지솔루션,2026.08.03 15:18,,,,9,0b2752af181d,인천 포르쉐 화재
DM-000250,raw_texts.csv,251,crawler.py,네이버 종목토론방 제목 + 네이버 통합검색 뉴스,board,토론방 제목,LG에너지솔루션,2026.08.03 14:55,,,,2,54f02a425042,고집
DM-000251,raw_texts.csv,252,crawler.py,네이버 종목토론방 제목 + 네이버 통합검색 뉴스,board,토론방 제목,LG에너지솔루션,2026.08.03 14:36,,,,31,32bb26a061d9,뭐하도 있습니다 알고 있는 것이다 알고 있는 것이 때문에
DM-000252,raw_texts.csv,253,crawler.py,네이버 종목토론방 제목 + 네이버 통합검색 뉴스,board,토론방 제목,LG에너지솔루션,2026.08.03 14:20,,,,17,48ade38939aa,하방 베팅 형아 이상하이 먹힐듯
DM-000253,raw_texts.csv,254,crawler.py,네이버 종목토론방 제목 + 네이버 통합검색 뉴스,board,토론방 제목,LG에너지솔루션,2026.08.03 14:00,,,,46,eb164680aca0,"[AI 요약] LG에너지솔루션, 2026년 2분기 실적발표 컨퍼런스콜이 열렸어요🎙️"
DM-000254,raw_texts.csv,255,crawler.py,네이버 종목토론방 제목 + 네이버 통합검색 뉴스,board,토론방 제목,LG에너지솔루션,2026.08.03 12:58,,,,2,ea6291b09794,너는
DM-000255,raw_texts.csv,256,crawler.py,네이버 종목토론방 제목 + 네이버 통합검색 뉴스,board,토론방 제목,LG에너지솔루션,2026.08.03 12:49,,,,2,a58f7c29f225,이거
DM-000256,raw_texts.csv,257,crawler.py,네이버 종목토론방 제목 + 네이버 통합검색 뉴스,board,토론방 제목,LG에너지솔루션,2026.08.03 12:32,,,분노·불신,20,73fe3734fa85,공매도 상위 세력들이 외국계가 많은데
DM-000257,raw_texts.csv,258,crawler.py,네이버 종목토론방 제목 + 네이버 통합검색 뉴스,board,토론방 제목,LG에너지솔루션,2026.08.03 12:18,,,,15,39aa55e97567,가만보면 7월8일부터 횡보다
DM-000258,raw_texts.csv,259,crawler.py,네이버 종목토론방 제목 + 네이버 통합검색 뉴스,board,토론방 제목,LG에너지솔루션,2026.08.03 12:13,,,,8,f196939a124e,세탁기나 만들자
DM-000259,raw_texts.csv,260,crawler.py,네이버 종목토론방 제목 + 네이버 통합검색 뉴스,board,토론방 제목,LG에너지솔루션,2026.08.03 11:56,,,,21,1ed250c1dfc9,지분받아먹으려는것들 주가 신나게 때리네
DM-000260,raw_texts.csv,261,crawler.py,네이버 종목토론방 제목 + 네이버 통합검색 뉴스,board,토론방 제목,LG에너지솔루션,2026.08.03 11:43,,,,1,5bab61eb5317,?
DM-000261,raw_texts.csv,262,crawler.py,네이버 종목토론방 제목 + 네이버 통합검색 뉴스,board,토론방 제목,LG에너지솔루션,2026.08.03 11:40,,,,35,6f0955029f56,"""美·이란, '호르무즈 해협 60일 개방' 양해각서 복원 논의"""
DM-000262,raw_texts.csv,263,crawler.py,네이버 종목토론방 제목 + 네이버 통합검색 뉴스,board,토론방 제목,LG에너지솔루션,2026.08.03 11:25,,,,2,8ed1c48f8f05,아~
DM-000263,raw_texts.csv,264,crawler.py,네이버 종목토론방 제목 + 네이버 통합검색 뉴스,board,토론방 제목,LG에너지솔루션,2026.08.03 11:15,,,,35,e708c42db54c,삼성sdi는 엘엔에프땜에 3분기 부터 lfp 생산할것 같은데..
DM-000264,raw_texts.csv,265,crawler.py,네이버 종목토론방 제목 + 네이버 통합검색 뉴스,board,토론방 제목,LG에너지솔루션,2026.08.03 10:55,,,,8,f2ca2bfce81f,삼스디 곧 양젓
DM-000265,raw_texts.csv,266,crawler.py,네이버 종목토론방 제목 + 네이버 통합검색 뉴스,board,토론방 제목,LG에너지솔루션,2026.08.03 10:37,,,,28,452a3dd1da13,엘앤에프  LFP 양극재 양산라인 시생산품 첫 출하
DM-000266,raw_texts.csv,267,crawler.py,네이버 종목토론방 제목 + 네이버 통합검색 뉴스,board,토론방 제목,LG에너지솔루션,2026.08.03 10:33,,,,7,8e81a3c97a75,너도 반도체냐
DM-000267,raw_texts.csv,268,crawler.py,네이버 종목토론방 제목 + 네이버 통합검색 뉴스,board,토론방 제목,LG에너지솔루션,2026.08.03 10:31,,,,44,f6bf3e0a06f4,특허 로열티만 몇십년동안 연간 5000억~ 이상.  시세는 약하지만 줍줍해 본다
DM-000268,raw_texts.csv,269,crawler.py,네이버 종목토론방 제목 + 네이버 통합검색 뉴스,board,토론방 제목,LG에너지솔루션,2026.08.03 10:31,,,,12,7a1def8751d7,다른 애들은 반등하는데
DM-000269,raw_texts.csv,270,crawler.py,네이버 종목토론방 제목 + 네이버 통합검색 뉴스,board,토론방 제목,LG에너지솔루션,2026.08.03 10:29,,,,7,e8b27db97490,로봇 급등 후
DM-000270,raw_texts.csv,271,crawler.py,네이버 종목토론방 제목 + 네이버 통합검색 뉴스,board,토론방 제목,LG에너지솔루션,2026.08.03 10:20,,,,5,53b415ce3ff4,50만원대
DM-000271,raw_texts.csv,272,crawler.py,네이버 종목토론방 제목 + 네이버 통합검색 뉴스,board,토론방 제목,LG에너지솔루션,2026.08.03 10:10,,,,19,b9eab1a33e18,주가 1년 이내 엄청난 급등 온다.
DM-000272,raw_texts.csv,273,crawler.py,네이버 종목토론방 제목 + 네이버 통합검색 뉴스,board,토론방 제목,LG에너지솔루션,2026.08.03 09:53,,,,10,822da0551dc7,오늘이 제일 저렴함
DM-000273,raw_texts.csv,274,crawler.py,네이버 종목토론방 제목 + 네이버 통합검색 뉴스,board,토론방 제목,LG에너지솔루션,2026.08.03 09:51,,,,14,c255c8d16290,]다른 애들 10% 오를때
DM-000274,raw_texts.csv,275,crawler.py,네이버 종목토론방 제목 + 네이버 통합검색 뉴스,board,토론방 제목,LG에너지솔루션,2026.08.03 09:51,,,,23,6b0b6a720726,테슬라가 자체 밧데리를 훨씬 싸게 만든다니
DM-000275,raw_texts.csv,276,crawler.py,네이버 종목토론방 제목 + 네이버 통합검색 뉴스,board,토론방 제목,LG에너지솔루션,2026.08.03 09:46,,,,10,4af6c12a1c68,오른것 없이 내리니
DM-000276,raw_texts.csv,277,crawler.py,네이버 종목토론방 제목 + 네이버 통합검색 뉴스,board,토론방 제목,LG에너지솔루션,2026.08.03 09:44,,,분노·불신,4,f540167de8f9,공매도가
DM-000277,raw_texts.csv,278,crawler.py,네이버 종목토론방 제목 + 네이버 통합검색 뉴스,board,토론방 제목,LG에너지솔루션,2026.08.03 09:44,,,,10,e47b01839b5b,30-32작업중 ㅎ
DM-000278,raw_texts.csv,279,crawler.py,네이버 종목토론방 제목 + 네이버 통합검색 뉴스,board,토론방 제목,LG에너지솔루션,2026.08.03 09:37,,,,11,a15ccc10f10f,진심으로 충고합니다.
DM-000279,raw_texts.csv,280,crawler.py,네이버 종목토론방 제목 + 네이버 통합검색 뉴스,board,토론방 제목,LG에너지솔루션,2026.08.03 09:34,,,,10,48324bb8c58a,오른거 없이 바보네
DM-000280,raw_texts.csv,281,crawler.py,네이버 종목토론방 제목 + 네이버 통합검색 뉴스,board,토론방 제목,LG에너지솔루션,2026.08.03 09:32,,,,21,74092869eeaf,여자들이 전기차 타는남자 싫어한다더라.
DM-000281,raw_texts.csv,282,crawler.py,네이버 종목토론방 제목 + 네이버 통합검색 뉴스,board,토론방 제목,LG에너지솔루션,2026.08.03 09:31,,,,2,91032ad7bbcb,20
DM-000282,raw_texts.csv,283,crawler.py,네이버 종목토론방 제목 + 네이버 통합검색 뉴스,board,토론방 제목,LG에너지솔루션,2026.08.03 09:26,,,,33,115a15245582,얘는 내가 겨울방학에 40에 사서 44에 팔고 나갔는데 ㅋㅋ
DM-000283,raw_texts.csv,284,crawler.py,네이버 종목토론방 제목 + 네이버 통합검색 뉴스,board,토론방 제목,LG에너지솔루션,2026.08.03 09:22,,,,12,979c139aecec,단일종목 ETF 없애라
DM-000284,raw_texts.csv,285,crawler.py,네이버 종목토론방 제목 + 네이버 통합검색 뉴스,board,토론방 제목,LG에너지솔루션,2026.08.03 09:20,,,,12,edfba7c1376a,애는 친구따라 못하나?
DM-000285,raw_texts.csv,286,crawler.py,네이버 종목토론방 제목 + 네이버 통합검색 뉴스,board,토론방 제목,LG에너지솔루션,2026.08.03 09:19,,,불안·공포,10,1620719fa63e,리포트 겁나 뿌렸네
DM-000286,raw_texts.csv,287,crawler.py,네이버 종목토론방 제목 + 네이버 통합검색 뉴스,board,토론방 제목,LG에너지솔루션,2026.08.03 09:19,,,,3,0317166162d1,허접한
DM-000287,raw_texts.csv,288,crawler.py,네이버 종목토론방 제목 + 네이버 통합검색 뉴스,board,토론방 제목,LG에너지솔루션,2026.08.03 09:18,,,,13,2d79c1918f0d,5% 이상 하락했어요 😞
DM-000288,raw_texts.csv,289,crawler.py,네이버 종목토론방 제목 + 네이버 통합검색 뉴스,board,토론방 제목,LG에너지솔루션,2026.08.03 09:17,,,,23,d6bb63670e87,상장한지 5년됐는데 현재 주가가 공모가임.
DM-000289,raw_texts.csv,290,crawler.py,네이버 종목토론방 제목 + 네이버 통합검색 뉴스,board,토론방 제목,LG에너지솔루션,2026.08.03 09:14,,,,10,b861e54f1137,5만에 매수대기중요
DM-000290,raw_texts.csv,291,crawler.py,네이버 종목토론방 제목 + 네이버 통합검색 뉴스,board,토론방 제목,LG에너지솔루션,2026.08.03 09:12,,,,13,0bf7611907fb,금요일에 반도 못오르더니
DM-000291,raw_texts.csv,292,crawler.py,네이버 종목토론방 제목 + 네이버 통합검색 뉴스,board,토론방 제목,LG에너지솔루션,2026.08.03 09:07,,,,21,b979a6801295,lg에너지솔루션 오늘 2자 보나요..?
DM-000292,raw_texts.csv,293,crawler.py,네이버 종목토론방 제목 + 네이버 통합검색 뉴스,board,토론방 제목,LG에너지솔루션,2026.08.03 09:06,,,,8,e31aa79cf466,오른것도 없는데
DM-000293,raw_texts.csv,294,crawler.py,네이버 종목토론방 제목 + 네이버 통합검색 뉴스,board,토론방 제목,LG에너지솔루션,2026.08.03 08:32,,,,17,631a4f7e1adf,ㅎㅎ 코스피 1만가야 35만가능
DM-000294,raw_texts.csv,295,crawler.py,네이버 종목토론방 제목 + 네이버 통합검색 뉴스,board,토론방 제목,LG에너지솔루션,2026.08.03 08:29,,,,36,2f8fb9edd5ff,PER 0 의미 & 시총 80조 회사 (Feat : 폭탄 돌리기)
DM-000295,raw_texts.csv,296,crawler.py,네이버 종목토론방 제목 + 네이버 통합검색 뉴스,board,토론방 제목,현대차,2026.08.04 14:22,,,,20,3a2043421401,현대차는 왜 맨날 삼전 닉스 따라가냐
DM-000296,raw_texts.csv,297,crawler.py,네이버 종목토론방 제목 + 네이버 통합검색 뉴스,board,토론방 제목,현대차,2026.08.04 14:20,,,,5,d9c31930432d,널 매수한
DM-000297,raw_texts.csv,298,crawler.py,네이버 종목토론방 제목 + 네이버 통합검색 뉴스,board,토론방 제목,현대차,2026.08.04 14:19,,,,17,03b48aaf46f6,꾼들이 주가 올리려고 안달떨때는
DM-000298,raw_texts.csv,299,crawler.py,네이버 종목토론방 제목 + 네이버 통합검색 뉴스,board,토론방 제목,현대차,2026.08.04 14:17,,,,17,24b0297d0c2a,추석전에는 60중반 넘어설까요?
DM-000299,raw_texts.csv,300,crawler.py,네이버 종목토론방 제목 + 네이버 통합검색 뉴스,board,토론방 제목,현대차,2026.08.04 14:17,,,,20,ca8393bd9608,오를때못오르는주식은 쳐다보면안된다니까
DM-000300,raw_texts.csv,301,crawler.py,네이버 종목토론방 제목 + 네이버 통합검색 뉴스,board,토론방 제목,현대차,2026.08.04 14:16,,,,11,dac64f0fd16e,왠지 오를때 된거같다
DM-000301,raw_texts.csv,302,crawler.py,네이버 종목토론방 제목 + 네이버 통합검색 뉴스,board,토론방 제목,현대차,2026.08.04 14:16,,,,30,7d447bb96b12,니가 반도체 회사냐? 맨날 하닉 삼전만 졸졸 따라다니냐
DM-000302,raw_texts.csv,303,crawler.py,네이버 종목토론방 제목 + 네이버 통합검색 뉴스,board,토론방 제목,현대차,2026.08.04 14:15,,,,39,3b357ae755c6,나스닥도 맨날 급등 가도 일부러 누르나..오늘 전종목 다 급등인데...
DM-000303,raw_texts.csv,304,crawler.py,네이버 종목토론방 제목 + 네이버 통합검색 뉴스,board,토론방 제목,현대차,2026.08.04 14:11,,,,23,b85f05d4fbc3,블룸버그가 코스피는 투자 불가 등급이라는데
DM-000304,raw_texts.csv,305,crawler.py,네이버 종목토론방 제목 + 네이버 통합검색 뉴스,board,토론방 제목,현대차,2026.08.04 14:11,,,,3,1003bfde037b,대호재
DM-000305,raw_texts.csv,306,crawler.py,네이버 종목토론방 제목 + 네이버 통합검색 뉴스,board,토론방 제목,현대차,2026.08.04 14:08,,,,78,ce4b46329fc6,사측도 노답인 이유 = 노조? 아틀라스 믿고 방치. 주가? 방치. 영업익? 방치. 주주환원? 자사주소각? 매입? 방치. 해외로 돌리기 급급함
DM-000306,raw_texts.csv,307,crawler.py,네이버 종목토론방 제목 + 네이버 통합검색 뉴스,board,토론방 제목,현대차,2026.08.04 14:07,,,,42,ab496a978220,미장 3일연장 급등갔다.. lg도 급등이네.. 현차 이제 디커플링 대장 가자
DM-000307,raw_texts.csv,308,crawler.py,네이버 종목토론방 제목 + 네이버 통합검색 뉴스,board,토론방 제목,현대차,2026.08.04 14:06,,,,5,9c154b4514b0,이 와중에
DM-000308,raw_texts.csv,309,crawler.py,네이버 종목토론방 제목 + 네이버 통합검색 뉴스,board,토론방 제목,현대차,2026.08.04 14:01,,,,42,e646978bf60c,어제도 오늘도 전부 다 급등 가는데.... 현차도 좀 가자 시총이 완전 바닥
DM-000309,raw_texts.csv,310,crawler.py,네이버 종목토론방 제목 + 네이버 통합검색 뉴스,board,토론방 제목,현대차,2026.08.04 13:58,,,,4,f426b58e885d,덥다못해
DM-000310,raw_texts.csv,311,crawler.py,네이버 종목토론방 제목 + 네이버 통합검색 뉴스,board,토론방 제목,현대차,2026.08.04 13:53,,,FOMO·상대적박탈감,16,a32da3d86f92,포모에 주가에 미친건 투기!!
DM-000311,raw_texts.csv,312,crawler.py,네이버 종목토론방 제목 + 네이버 통합검색 뉴스,board,토론방 제목,현대차,2026.08.04 13:53,,,,14,b44b5c547060,반도체주에 합류되었네  ㅋ
DM-000312,raw_texts.csv,313,crawler.py,네이버 종목토론방 제목 + 네이버 통합검색 뉴스,board,토론방 제목,현대차,2026.08.04 13:50,,,,4,850eeb088304,주가꼴이
DM-000313,raw_texts.csv,314,crawler.py,네이버 종목토론방 제목 + 네이버 통합검색 뉴스,board,토론방 제목,현대차,2026.08.04 13:47,,,,17,b77a4269b1c4,이럴거면 걍 공장 폭발해라 ㅡㅡ
DM-000314,raw_texts.csv,315,crawler.py,네이버 종목토론방 제목 + 네이버 통합검색 뉴스,board,토론방 제목,현대차,2026.08.04 13:45,,,,21,8192ad40116a,1년새 2배나 올랐는데 분위기 왜이럼?
DM-000315,raw_texts.csv,316,crawler.py,네이버 종목토론방 제목 + 네이버 통합검색 뉴스,board,토론방 제목,현대차,2026.08.04 13:44,,,,24,92b84df7881e,저도 1찍이지만 비판 할꺼는 비판해야죠!!!
DM-000316,raw_texts.csv,317,crawler.py,네이버 종목토론방 제목 + 네이버 통합검색 뉴스,board,토론방 제목,현대차,2026.08.04 13:42,,,,30,d9971cd0cfef,코스닥 배급주려고... 눈물을 머금고 삼전 하닉 현기차
DM-000317,raw_texts.csv,318,crawler.py,네이버 종목토론방 제목 + 네이버 통합검색 뉴스,board,토론방 제목,현대차,2026.08.04 13:41,,,,29,f0975641001a,인위적이네 나스닥2.5%급등 테슬라 루시드리비안 급등
DM-000318,raw_texts.csv,319,crawler.py,네이버 종목토론방 제목 + 네이버 통합검색 뉴스,board,토론방 제목,현대차,2026.08.04 13:40,,,,5,b443029ef776,여기는 뭐
DM-000319,raw_texts.csv,320,crawler.py,네이버 종목토론방 제목 + 네이버 통합검색 뉴스,board,토론방 제목,현대차,2026.08.04 13:36,,,,27,066dc91f4ac4,AI 너무 믿으면... 머리가 침팬치 된다....
DM-000320,raw_texts.csv,321,crawler.py,네이버 종목토론방 제목 + 네이버 통합검색 뉴스,board,토론방 제목,현대차,2026.08.04 13:36,,,,16,5c33d57bbe4c,이제피지컬이여 섹터교체 순환매
DM-000321,raw_texts.csv,322,crawler.py,네이버 종목토론방 제목 + 네이버 통합검색 뉴스,board,토론방 제목,현대차,2026.08.04 13:35,,,,24,8ffa7277d0fe,나스닥존나오르고 테슬라 등 자동차 존나올랐네
DM-000322,raw_texts.csv,323,crawler.py,네이버 종목토론방 제목 + 네이버 통합검색 뉴스,board,토론방 제목,현대차,2026.08.04 13:34,,,,6,83fe8d411fc5,이게 맞냐?
DM-000323,raw_texts.csv,324,crawler.py,네이버 종목토론방 제목 + 네이버 통합검색 뉴스,board,토론방 제목,현대차,2026.08.04 13:34,,,,19,0b5b6390e0d6,전고라도 건드려봐 아니 뭐하냐 진짜
DM-000324,raw_texts.csv,325,crawler.py,네이버 종목토론방 제목 + 네이버 통합검색 뉴스,board,토론방 제목,현대차,2026.08.04 13:32,,,,26,d3b9cb20e44c,얼마나 오르려고 누르냐 지수5천에도 70만대였다
DM-000325,raw_texts.csv,326,crawler.py,네이버 종목토론방 제목 + 네이버 통합검색 뉴스,board,토론방 제목,현대차,2026.08.04 13:31,,,,19,373275b6cf45,하필 이런 잡쓸애기 주식을 재수없게
DM-000326,raw_texts.csv,327,crawler.py,네이버 종목토론방 제목 + 네이버 통합검색 뉴스,board,토론방 제목,현대차,2026.08.04 13:31,,,,18,97d43965ea8e,실체도 없는 레인이는 46만원인데
DM-000327,raw_texts.csv,328,crawler.py,네이버 종목토론방 제목 + 네이버 통합검색 뉴스,board,토론방 제목,현대차,2026.08.04 13:28,,,,6,07d549bf2154,이 침수차야
DM-000328,raw_texts.csv,329,crawler.py,네이버 종목토론방 제목 + 네이버 통합검색 뉴스,board,토론방 제목,현대차,2026.08.04 13:26,,,,9,8f5c66bec2e7,여기서 횡보한다고
DM-000329,raw_texts.csv,330,crawler.py,네이버 종목토론방 제목 + 네이버 통합검색 뉴스,board,토론방 제목,현대차,2026.08.04 13:25,,,,76,df645c1b839f,중국의 로보택시가 북유럽에 처음으로 진출합니다: 위라이드(WeRide)가 덴마크 최초의 상용 자율주행 공유 모빌리티 프로젝트를 시작합니다
DM-000330,raw_texts.csv,331,crawler.py,네이버 종목토론방 제목 + 네이버 통합검색 뉴스,board,토론방 제목,현대차,2026.08.04 13:22,,,,43,b195d4990fe4,로봇주 이차전지 전부 폭등이네.. 현차 51만 가즈아  그래봤자 1월달 주가다
DM-000331,raw_texts.csv,332,crawler.py,네이버 종목토론방 제목 + 네이버 통합검색 뉴스,board,토론방 제목,현대차,2026.08.04 13:17,,,,19,fa460742c41d,상한가 가격이 47~48 아니노??
DM-000332,raw_texts.csv,333,crawler.py,네이버 종목토론방 제목 + 네이버 통합검색 뉴스,board,토론방 제목,현대차,2026.08.04 13:15,,,,48,2a79594032fb,문재인정부의 정책이 확실하고좋았다 보수언론 정치인 검찰들 집단반발없었으면 크게성공했을것
DM-000333,raw_texts.csv,334,crawler.py,네이버 종목토론방 제목 + 네이버 통합검색 뉴스,board,토론방 제목,현대차,2026.08.04 13:15,,,,7,0bc4422be4b0,로봇은 짜앙깨
DM-000334,raw_texts.csv,335,crawler.py,네이버 종목토론방 제목 + 네이버 통합검색 뉴스,board,토론방 제목,현대차,2026.08.04 13:14,,,,11,bb39f9c5cc59,20만원까지 기다린다
DM-000335,raw_texts.csv,336,crawler.py,네이버 종목토론방 제목 + 네이버 통합검색 뉴스,board,토론방 제목,현대차,2026.08.04 13:09,,,,17,1cbfc6b7bb08,얼매나 싸게 잡느냐가 문제지..
DM-000336,raw_texts.csv,337,crawler.py,네이버 종목토론방 제목 + 네이버 통합검색 뉴스,board,토론방 제목,현대차,2026.08.04 13:05,,,,10,0eed19015d5e,아진짜이건 너무하네
DM-000337,raw_texts.csv,338,crawler.py,네이버 종목토론방 제목 + 네이버 통합검색 뉴스,board,토론방 제목,현대차,2026.08.04 13:05,,,,19,5e9d9e811e94,이걸 40만냥에 산 ㅎㅎ가 있다고?
DM-000338,raw_texts.csv,339,crawler.py,네이버 종목토론방 제목 + 네이버 통합검색 뉴스,board,토론방 제목,현대차,2026.08.04 13:04,,,,45,2736be37b260,무슨 레인보우는 맨날 오르냐... 어제도 듣보잡 로봇 상한가 가더니 오늘도 오르네
DM-000339,raw_texts.csv,340,crawler.py,네이버 종목토론방 제목 + 네이버 통합검색 뉴스,board,토론방 제목,현대차,2026.08.04 13:01,,,,14,2a12aee1f447,이차전지 실적 계속 회복중
DM-000340,raw_texts.csv,341,crawler.py,네이버 종목토론방 제목 + 네이버 통합검색 뉴스,board,토론방 제목,현대차,2026.08.04 13:01,,,,39,6d58c2137bae,45만은 가야지~ 다 상단 뚫었다..적자 이차전지들이 더 급등가냐...
DM-000341,raw_texts.csv,342,crawler.py,네이버 종목토론방 제목 + 네이버 통합검색 뉴스,board,토론방 제목,현대차,2026.08.04 12:58,,,후회·손실고통,6,bb42105be0f5,고점에 물려
DM-000342,raw_texts.csv,343,crawler.py,네이버 종목토론방 제목 + 네이버 통합검색 뉴스,board,토론방 제목,현대차,2026.08.04 12:56,,,,71,a0159a76a269,미장도 국장도반도체빼고 다 급등.. 열배 오른 반도체 왜 사냐..젤 멍청한거지.. 8개월 전 현차 55만이었다. 바닥현차를 사라
DM-000343,raw_texts.csv,344,crawler.py,네이버 종목토론방 제목 + 네이버 통합검색 뉴스,board,토론방 제목,현대차,2026.08.04 12:53,,,,19,3a097099ebaf,현대차는 로봇주가아니라 자동차주에요
DM-000344,raw_texts.csv,345,crawler.py,네이버 종목토론방 제목 + 네이버 통합검색 뉴스,board,토론방 제목,현대차,2026.08.04 12:48,,,,32,d85a250c2ea2,대차상환도 1위; 자동차 판매도 역대 1위 주가 바닥 1위
DM-000345,raw_texts.csv,346,crawler.py,네이버 종목토론방 제목 + 네이버 통합검색 뉴스,board,토론방 제목,현대차,2026.08.04 12:45,,,,8,05dc3a448e9c,저주받은 똥차.
DM-000346,raw_texts.csv,347,crawler.py,네이버 종목토론방 제목 + 네이버 통합검색 뉴스,board,토론방 제목,현대차,2026.08.04 12:45,,,,3,7b10d8485e01,현대차
DM-000347,raw_texts.csv,348,crawler.py,네이버 종목토론방 제목 + 네이버 통합검색 뉴스,board,토론방 제목,현대차,2026.08.04 12:44,,,,17,eb135963b771,현대차 새만금 종합보세구역 확대
DM-000348,raw_texts.csv,349,crawler.py,네이버 종목토론방 제목 + 네이버 통합검색 뉴스,board,토론방 제목,현대차,2026.08.04 12:44,,,,21,7447227fe7c1,죄다 순환매중인데 애만 반도체 따라가네
DM-000349,raw_texts.csv,350,crawler.py,네이버 종목토론방 제목 + 네이버 통합검색 뉴스,board,토론방 제목,현대차,2026.08.04 12:44,,,,28,4a7ef9904e8a,KB  메릴 매수하게 하려고 반대로 자전돌렸네 ㅋㅋ
DM-000350,raw_texts.csv,351,crawler.py,네이버 종목토론방 제목 + 네이버 통합검색 뉴스,board,토론방 제목,현대차,2026.08.04 12:41,,,,37,68b4927f5dd4,보스턴다이나믹스 상장시 반드시 기존주주에게 선진국수준 보상해야 한다
DM-000351,raw_texts.csv,352,crawler.py,네이버 종목토론방 제목 + 네이버 통합검색 뉴스,board,토론방 제목,현대차,2026.08.04 12:40,,,,16,4f3955afc682,그랜져. 캘리그라필. 6천넘게
DM-000352,raw_texts.csv,353,crawler.py,네이버 종목토론방 제목 + 네이버 통합검색 뉴스,board,토론방 제목,현대차,2026.08.04 12:40,,,,37,6b36a5081adb,미래 사팔이하니  ..한투도ㅋ기 오늘kb 십만주매수하긋네 자전골만.
DM-000353,raw_texts.csv,354,crawler.py,네이버 종목토론방 제목 + 네이버 통합검색 뉴스,board,토론방 제목,현대차,2026.08.04 12:39,,,,9,e6905e4952fa,보스턴 다이나믹스
DM-000354,raw_texts.csv,355,crawler.py,네이버 종목토론방 제목 + 네이버 통합검색 뉴스,board,토론방 제목,현대차,2026.08.04 12:36,,,,23,3c7fe13d91d7,쇳덩이 팔아봐야 영업이익 6퍼 ㅋㅋㅋㅋㅋㅋ
DM-000355,raw_texts.csv,356,crawler.py,네이버 종목토론방 제목 + 네이버 통합검색 뉴스,board,토론방 제목,현대차,2026.08.04 12:34,,,,7,bb7309731624,소수계좌 관여
DM-000356,raw_texts.csv,357,crawler.py,네이버 종목토론방 제목 + 네이버 통합검색 뉴스,board,토론방 제목,현대차,2026.08.04 12:34,,,,58,14cda0f5b735,오늘 48만간다!!  매출이 200조인데 시총이 75조? 초저평가.  엔솔 매출이 22조 시총이 75조임
DM-000357,raw_texts.csv,358,crawler.py,네이버 종목토론방 제목 + 네이버 통합검색 뉴스,board,토론방 제목,현대차,2026.08.04 12:33,,,,16,3016396a2857,모비스랑 키맞추기 해야한다니깐
DM-000358,raw_texts.csv,359,crawler.py,네이버 종목토론방 제목 + 네이버 통합검색 뉴스,board,토론방 제목,현대차,2026.08.04 12:29,,,,20,b4859d07158f,이게 나라냐 전국민 거지프로젝트 성공
DM-000359,raw_texts.csv,360,crawler.py,네이버 종목토론방 제목 + 네이버 통합검색 뉴스,board,토론방 제목,현대차,2026.08.04 12:25,,,,47,148978dab624,LG도 오르네 두산 이틀 37%갔던데.. 이제현차도 가보자 (반도체 빼고 다 급등임)
DM-000360,raw_texts.csv,361,crawler.py,네이버 종목토론방 제목 + 네이버 통합검색 뉴스,board,토론방 제목,현대차,2026.08.04 12:22,,,분노·불신,29,a9e35f4112b9,국회 자본시장법 불법공매도 처벌 강화 등 29건 통과
DM-000361,raw_texts.csv,362,crawler.py,네이버 종목토론방 제목 + 네이버 통합검색 뉴스,board,토론방 제목,현대차,2026.08.04 12:20,,,,9,3d8b8da77bef,이놈은 개잡주인데
DM-000362,raw_texts.csv,363,crawler.py,네이버 종목토론방 제목 + 네이버 통합검색 뉴스,board,토론방 제목,현대차,2026.08.04 12:20,,,,34,58fde8c9049a,"현대차 아이오닉 9, 볼보 EX90 꺾었다…독일 비교평가 1위"
DM-000363,raw_texts.csv,364,crawler.py,네이버 종목토론방 제목 + 네이버 통합검색 뉴스,board,토론방 제목,현대차,2026.08.04 12:19,,,,14,f4337ec49632,야는 왜 반도체 따라다니냐
DM-000364,raw_texts.csv,365,crawler.py,네이버 종목토론방 제목 + 네이버 통합검색 뉴스,board,토론방 제목,현대차,2026.08.04 12:18,,,,39,bfe4fd6531be,현대차 새만금 투자예정지 '종합보세구역' 지정… 9조대 투자 성공 지원
DM-000365,raw_texts.csv,366,crawler.py,네이버 종목토론방 제목 + 네이버 통합검색 뉴스,board,토론방 제목,현대차,2026.08.04 12:16,,,,40,1e2c87d5c4e4,기아보 강보합인데.. 미장 전기차 자동차 폭등에 반도체빼고 다 급등 갔다
DM-000366,raw_texts.csv,367,crawler.py,네이버 종목토론방 제목 + 네이버 통합검색 뉴스,board,토론방 제목,현대차,2026.08.04 12:16,,,,3,246b4f87d1b0,오늘은
DM-000367,raw_texts.csv,368,crawler.py,네이버 종목토론방 제목 + 네이버 통합검색 뉴스,board,토론방 제목,현대차,2026.08.04 12:13,,,후회·손실고통,5,a593fe2a4f69,탈출하라!
DM-000368,raw_texts.csv,369,crawler.py,네이버 종목토론방 제목 + 네이버 통합검색 뉴스,board,토론방 제목,현대차,2026.08.04 12:13,,,FOMO·상대적박탈감,16,f5aaee423a74,지금이라도 네이버로오세요!!!
DM-000369,raw_texts.csv,370,crawler.py,네이버 종목토론방 제목 + 네이버 통합검색 뉴스,board,토론방 제목,현대차,2026.08.04 12:11,,,,15,6d0fc1a47e69,10주 연속하락 보여주나요?
DM-000370,raw_texts.csv,371,crawler.py,네이버 종목토론방 제목 + 네이버 통합검색 뉴스,board,토론방 제목,현대차,2026.08.04 12:11,,,,42,1709eb791020,테슬라도 존나 급등 갔던데... 리비안 루시드 다 오르고 제네럴 신고가 가고
DM-000371,raw_texts.csv,372,crawler.py,네이버 종목토론방 제목 + 네이버 통합검색 뉴스,board,토론방 제목,현대차,2026.08.04 12:10,,,,4,111907188c4a,정회장님
DM-000372,raw_texts.csv,373,crawler.py,네이버 종목토론방 제목 + 네이버 통합검색 뉴스,board,토론방 제목,현대차,2026.08.04 12:10,,,분노·불신,46,d1b2d51a1b36,극우들이 웃긴게 놀기는 이마트 정용진이랑 놀다가 돈은 현대차 와서 공매도 버는구나야
DM-000373,raw_texts.csv,374,crawler.py,네이버 종목토론방 제목 + 네이버 통합검색 뉴스,board,토론방 제목,현대차,2026.08.04 12:09,,,,37,e89e660c4649,한투꼴갑떠네 자전돌리고 상환또하냐..지수가보합에미장은 전기차급등이다
DM-000374,raw_texts.csv,375,crawler.py,네이버 종목토론방 제목 + 네이버 통합검색 뉴스,board,토론방 제목,현대차,2026.08.04 12:04,,,,3,7b10d8485e01,현대차
DM-000375,raw_texts.csv,376,crawler.py,네이버 종목토론방 제목 + 네이버 통합검색 뉴스,board,토론방 제목,현대차,2026.08.04 12:04,,,,53,03a25566b574,"200조버는 현차 시총 75조, 20조 버는 엔솔 시총 75조,  하닉 200조 시총 1200조"
DM-000376,raw_texts.csv,377,crawler.py,네이버 종목토론방 제목 + 네이버 통합검색 뉴스,board,토론방 제목,현대차,2026.08.04 12:03,,,,9,7ed16d86ed50,고평가 된 현대차
DM-000377,raw_texts.csv,378,crawler.py,네이버 종목토론방 제목 + 네이버 통합검색 뉴스,board,토론방 제목,현대차,2026.08.04 12:02,,,,8,2045ffec2fde,반도체 지수왜곡
DM-000378,raw_texts.csv,379,crawler.py,네이버 종목토론방 제목 + 네이버 통합검색 뉴스,board,토론방 제목,현대차,2026.08.04 12:02,,,,8,57b0929ab6e9,진짜 골때린다.
DM-000379,raw_texts.csv,380,crawler.py,네이버 종목토론방 제목 + 네이버 통합검색 뉴스,board,토론방 제목,현대차,2026.08.04 12:02,,,,45,5fafc7a4bd71,나스닥 그제도 2%어제도 1% 오늘도 2.3% 급등  제네럴신고가에 테슬라도 급등
DM-000380,raw_texts.csv,381,crawler.py,네이버 종목토론방 제목 + 네이버 통합검색 뉴스,board,토론방 제목,현대차,2026.08.04 11:59,,,,24,ff4e4eeef6a9,주가 일프로라도 올려보겠다고 이렇게 열심히다
DM-000381,raw_texts.csv,382,crawler.py,네이버 종목토론방 제목 + 네이버 통합검색 뉴스,board,토론방 제목,현대차,2026.08.04 11:59,,,,19,9277c9fafafd,현대차 사서 지금 물려있는 개인들은
DM-000382,raw_texts.csv,383,crawler.py,네이버 종목토론방 제목 + 네이버 통합검색 뉴스,board,토론방 제목,현대차,2026.08.04 11:58,,,,22,4825eba04d6c,현기는 환율 10원에 영익 3천억씩 까임
DM-000383,raw_texts.csv,384,crawler.py,네이버 종목토론방 제목 + 네이버 통합검색 뉴스,board,토론방 제목,현대차,2026.08.04 11:57,,,,7,c77800f2ee5f,토론방사람수가
DM-000384,raw_texts.csv,385,crawler.py,네이버 종목토론방 제목 + 네이버 통합검색 뉴스,board,토론방 제목,현대차,2026.08.04 11:54,,,,31,c72330e9a181,"""현대차, 브라질과 그린수소 생산·수소트럭·SMR 협력"""
DM-000385,raw_texts.csv,386,crawler.py,네이버 종목토론방 제목 + 네이버 통합검색 뉴스,board,토론방 제목,현대차,2026.08.04 11:52,,,,61,240e4a8c7b89,"지수 급등가니까 인위적으로 누르고 자전 돌리고  신한-미래, 삼성kb 골드만 nh 불법 자전거래 다 신고하세요"
DM-000386,raw_texts.csv,387,crawler.py,네이버 종목토론방 제목 + 네이버 통합검색 뉴스,board,토론방 제목,현대차,2026.08.04 11:50,,,,6,d8e777eabd0b,진짜 여기는
DM-000387,raw_texts.csv,388,crawler.py,네이버 종목토론방 제목 + 네이버 통합검색 뉴스,board,토론방 제목,현대차,2026.08.04 11:49,,,,69,c252c3a9a595,주가 누르기 방지법 나왔네... 현차 per 0.6이다.. 매출이 200조 인데 시총이 75조.. 20조 버는 엔솔이랑 같네
DM-000388,raw_texts.csv,389,crawler.py,네이버 종목토론방 제목 + 네이버 통합검색 뉴스,board,토론방 제목,현대차,2026.08.04 11:48,,,,6,743e7861c477,현대차 노조
DM-000389,raw_texts.csv,390,crawler.py,네이버 종목토론방 제목 + 네이버 통합검색 뉴스,board,토론방 제목,현대차,2026.08.04 11:47,,,불안·공포,39,f033284f3887,코스피4500에 1월달도 57만이었네 대차상환 하루에도 50만주겁나했네
DM-000390,raw_texts.csv,391,crawler.py,네이버 종목토론방 제목 + 네이버 통합검색 뉴스,board,토론방 제목,현대차,2026.08.04 11:45,,,,15,dfa447adc627,테슬라랑 미장 로봇주 뿜길래
DM-000391,raw_texts.csv,392,crawler.py,네이버 종목토론방 제목 + 네이버 통합검색 뉴스,board,토론방 제목,현대차,2026.08.04 11:45,,,,17,9d45c1189dfc,포홀2%네 전기차배터리10%급등
DM-000392,raw_texts.csv,393,crawler.py,네이버 종목토론방 제목 + 네이버 통합검색 뉴스,board,토론방 제목,현대차,2026.08.04 11:43,,,,12,7dbdf92e886f,이주가에서 아무리짜봐야
DM-000393,raw_texts.csv,394,crawler.py,네이버 종목토론방 제목 + 네이버 통합검색 뉴스,board,토론방 제목,현대차,2026.08.04 11:42,,,,80,5f92fcb4bc24,불법 자전거래’ KB·하나증권 먼저 제재…나머지 7곳도 징계 수순금감원 검사에서는 KB·하나증권 이외에도 미래에셋·한국투자·NH·교보·유안타·유
DM-000394,raw_texts.csv,395,crawler.py,네이버 종목토론방 제목 + 네이버 통합검색 뉴스,board,토론방 제목,카카오,2026.08.04 14:19,,,FOMO·상대적박탈감,9,0596c7311100,만년소외 ~개카리
DM-000395,raw_texts.csv,396,crawler.py,네이버 종목토론방 제목 + 네이버 통합검색 뉴스,board,토론방 제목,카카오,2026.08.04 14:08,,,,6,c482d510a557,오늘따라..
DM-000396,raw_texts.csv,397,crawler.py,네이버 종목토론방 제목 + 네이버 통합검색 뉴스,board,토론방 제목,카카오,2026.08.04 14:07,,,분노·불신,10,cbb7642aa7a0,개미만 사네요~~~
DM-000397,raw_texts.csv,398,crawler.py,네이버 종목토론방 제목 + 네이버 통합검색 뉴스,board,토론방 제목,카카오,2026.08.04 14:03,,,,3,8105eb4718f3,게이버
DM-000398,raw_texts.csv,399,crawler.py,네이버 종목토론방 제목 + 네이버 통합검색 뉴스,board,토론방 제목,카카오,2026.08.04 13:53,,,FOMO·상대적박탈감,25,f8793226c911,반드시 수급은 실적우량 장기소외주로  들어온다
DM-000399,raw_texts.csv,400,crawler.py,네이버 종목토론방 제목 + 네이버 통합검색 뉴스,board,토론방 제목,카카오,2026.08.04 13:52,,,,5,eb1a1aac80f0,출발이다.
DM-000400,raw_texts.csv,401,crawler.py,네이버 종목토론방 제목 + 네이버 통합검색 뉴스,board,토론방 제목,카카오,2026.08.04 13:50,,,,8,d7cc741b59d5,범수거 나오나?
DM-000401,raw_texts.csv,402,crawler.py,네이버 종목토론방 제목 + 네이버 통합검색 뉴스,board,토론방 제목,카카오,2026.08.04 13:48,,,,18,083e8ab41bbe,1차목표가 7만원 담주에 돌파한다
DM-000402,raw_texts.csv,403,crawler.py,네이버 종목토론방 제목 + 네이버 통합검색 뉴스,board,토론방 제목,카카오,2026.08.04 13:47,,,,10,02334f9784ff,4만원이라도 가라고
DM-000403,raw_texts.csv,404,crawler.py,네이버 종목토론방 제목 + 네이버 통합검색 뉴스,board,토론방 제목,카카오,2026.08.04 13:46,,,,4,08c672edfe81,실적발표
DM-000404,raw_texts.csv,405,crawler.py,네이버 종목토론방 제목 + 네이버 통합검색 뉴스,board,토론방 제목,카카오,2026.08.04 13:42,,,,14,747024e9869e,여기도 셀트리온과 비슷..
DM-000405,raw_texts.csv,406,crawler.py,네이버 종목토론방 제목 + 네이버 통합검색 뉴스,board,토론방 제목,카카오,2026.08.04 13:42,,,,11,cd746699a4cf,거래량보면 하락추세네
DM-000406,raw_texts.csv,407,crawler.py,네이버 종목토론방 제목 + 네이버 통합검색 뉴스,board,토론방 제목,카카오,2026.08.04 13:38,,,,13,1e09137528d7,내일이면 빽도 34  !
DM-000407,raw_texts.csv,408,crawler.py,네이버 종목토론방 제목 + 네이버 통합검색 뉴스,board,토론방 제목,카카오,2026.08.04 13:36,,,,8,0acc0e764fc8,챠트는 허벌라게
DM-000408,raw_texts.csv,409,crawler.py,네이버 종목토론방 제목 + 네이버 통합검색 뉴스,board,토론방 제목,카카오,2026.08.04 13:30,,,,10,262440d448cd,얘는 뭣하는짓이지?
DM-000409,raw_texts.csv,410,crawler.py,네이버 종목토론방 제목 + 네이버 통합검색 뉴스,board,토론방 제목,카카오,2026.08.04 13:25,,,,14,4af9db2ff611,누가 샀는지 찾아바....
DM-000410,raw_texts.csv,411,crawler.py,네이버 종목토론방 제목 + 네이버 통합검색 뉴스,board,토론방 제목,카카오,2026.08.04 13:25,,,,10,88882d4e1970,100원 띄기 하니
DM-000411,raw_texts.csv,412,crawler.py,네이버 종목토론방 제목 + 네이버 통합검색 뉴스,board,토론방 제목,카카오,2026.08.04 13:24,,,,2,5c59ce7db593,공매
DM-000412,raw_texts.csv,413,crawler.py,네이버 종목토론방 제목 + 네이버 통합검색 뉴스,board,토론방 제목,카카오,2026.08.04 13:19,,,,12,e9a47ce71425,역대급 더러운 회사!!
DM-000413,raw_texts.csv,414,crawler.py,네이버 종목토론방 제목 + 네이버 통합검색 뉴스,board,토론방 제목,카카오,2026.08.04 13:14,,,,3,09c853d3c70b,이제는
DM-000414,raw_texts.csv,415,crawler.py,네이버 종목토론방 제목 + 네이버 통합검색 뉴스,board,토론방 제목,카카오,2026.08.04 13:12,,,,8,b1bc62ddc318,48000 가자
DM-000415,raw_texts.csv,416,crawler.py,네이버 종목토론방 제목 + 네이버 통합검색 뉴스,board,토론방 제목,카카오,2026.08.04 13:11,,,FOMO·상대적박탈감|분노·불신,13,6a83a5c8d7f7,장기소외주로  세력매집중
DM-000416,raw_texts.csv,417,crawler.py,네이버 종목토론방 제목 + 네이버 통합검색 뉴스,board,토론방 제목,카카오,2026.08.04 13:09,,,,4,3b7489a82740,무서워!
DM-000417,raw_texts.csv,418,crawler.py,네이버 종목토론방 제목 + 네이버 통합검색 뉴스,board,토론방 제목,카카오,2026.08.04 13:08,,,,19,2125d0c35f8a,여기가 공매 맛집 카카오인가요???
DM-000418,raw_texts.csv,419,crawler.py,네이버 종목토론방 제목 + 네이버 통합검색 뉴스,board,토론방 제목,카카오,2026.08.04 13:01,,,,37,0771e0f484cd,예전에는 옆집 갈때 따라가는 시늉이라도 했는데. 이젠 이것도 안되네
DM-000419,raw_texts.csv,420,crawler.py,네이버 종목토론방 제목 + 네이버 통합검색 뉴스,board,토론방 제목,카카오,2026.08.04 12:58,,,,23,85d4894ed161,현 임원들은.. 주주가치 제고에 관심 없다
DM-000420,raw_texts.csv,421,crawler.py,네이버 종목토론방 제목 + 네이버 통합검색 뉴스,board,토론방 제목,카카오,2026.08.04 12:54,,,,5,256b04ac441c,2026년
DM-000421,raw_texts.csv,422,crawler.py,네이버 종목토론방 제목 + 네이버 통합검색 뉴스,board,토론방 제목,카카오,2026.08.04 12:53,,,,12,5e56762487c7,1000원 정도만~~~
DM-000422,raw_texts.csv,423,crawler.py,네이버 종목토론방 제목 + 네이버 통합검색 뉴스,board,토론방 제목,카카오,2026.08.04 12:47,,,,26,deab00406281,회사 망하게 생겼는데 달리기나 하고 앉았네 ㅋㅋ
DM-000423,raw_texts.csv,424,crawler.py,네이버 종목토론방 제목 + 네이버 통합검색 뉴스,board,토론방 제목,카카오,2026.08.04 12:47,,,,8,b0c93756c15c,가두리 양식으로
DM-000424,raw_texts.csv,425,crawler.py,네이버 종목토론방 제목 + 네이버 통합검색 뉴스,board,토론방 제목,카카오,2026.08.04 12:44,,,,26,60a19145d6da,대한민국과 세계의 모든 악재를 반영한 종목이다.
DM-000425,raw_texts.csv,426,crawler.py,네이버 종목토론방 제목 + 네이버 통합검색 뉴스,board,토론방 제목,카카오,2026.08.04 12:42,,,분노·불신,9,7815ab8e5c56,쓰레기가 따로없네
DM-000426,raw_texts.csv,427,crawler.py,네이버 종목토론방 제목 + 네이버 통합검색 뉴스,board,토론방 제목,카카오,2026.08.04 12:41,,,,5,129a4aa9d812,진짜 형님
DM-000427,raw_texts.csv,428,crawler.py,네이버 종목토론방 제목 + 네이버 통합검색 뉴스,board,토론방 제목,카카오,2026.08.04 12:41,,,,15,549aa8270688,이제4층으로 이사좀가야할덴데
DM-000428,raw_texts.csv,429,crawler.py,네이버 종목토론방 제목 + 네이버 통합검색 뉴스,board,토론방 제목,카카오,2026.08.04 12:39,,,,18,755c7975e874,뭘 기대해? 오늘 음전이다. 이건
DM-000429,raw_texts.csv,430,crawler.py,네이버 종목토론방 제목 + 네이버 통합검색 뉴스,board,토론방 제목,카카오,2026.08.04 12:32,,,,4,c8d817c33028,카카오는
DM-000430,raw_texts.csv,431,crawler.py,네이버 종목토론방 제목 + 네이버 통합검색 뉴스,board,토론방 제목,카카오,2026.08.04 12:28,,,,19,5dae575429c3,와 카카오 진자 스렉이인데 ㅋㅋㅋㅋ
DM-000431,raw_texts.csv,432,crawler.py,네이버 종목토론방 제목 + 네이버 통합검색 뉴스,board,토론방 제목,카카오,2026.08.04 12:28,,,,13,9f13245d77ed,모간...빨리  와  사
DM-000432,raw_texts.csv,433,crawler.py,네이버 종목토론방 제목 + 네이버 통합검색 뉴스,board,토론방 제목,카카오,2026.08.04 12:24,,,,23,5c1e58a3dfe4,정신아 입장에선.. 최수현하고 비교돼서..
DM-000433,raw_texts.csv,434,crawler.py,네이버 종목토론방 제목 + 네이버 통합검색 뉴스,board,토론방 제목,카카오,2026.08.04 12:21,,,분노·불신,3,491f502ea85e,공매도
DM-000434,raw_texts.csv,435,crawler.py,네이버 종목토론방 제목 + 네이버 통합검색 뉴스,board,토론방 제목,카카오,2026.08.04 12:21,,,,15,628ac98f822e,"지수6000, 개카오 4억주"
DM-000435,raw_texts.csv,436,crawler.py,네이버 종목토론방 제목 + 네이버 통합검색 뉴스,board,토론방 제목,카카오,2026.08.04 12:20,,,,2,cae5b6f9925d,4층
DM-000436,raw_texts.csv,437,crawler.py,네이버 종목토론방 제목 + 네이버 통합검색 뉴스,board,토론방 제목,카카오,2026.08.04 12:17,,,,29,301c749c5f50,대주주 1순위가 오너인 기업은 다 잘되는꼴을 못보는듯
DM-000437,raw_texts.csv,438,crawler.py,네이버 종목토론방 제목 + 네이버 통합검색 뉴스,board,토론방 제목,카카오,2026.08.04 12:16,,,,44,a7a8932ee293,메타 마이크로 네이버 다 올라도 안되는거면 대표 두명 정 신 아 김 범 수 밟자
DM-000438,raw_texts.csv,439,crawler.py,네이버 종목토론방 제목 + 네이버 통합검색 뉴스,board,토론방 제목,카카오,2026.08.04 12:14,,,,3,121c4c900fef,젠장할
DM-000439,raw_texts.csv,440,crawler.py,네이버 종목토론방 제목 + 네이버 통합검색 뉴스,board,토론방 제목,카카오,2026.08.04 12:14,,,,6,09dcdc6a2de2,낼 실발인데
DM-000440,raw_texts.csv,441,crawler.py,네이버 종목토론방 제목 + 네이버 통합검색 뉴스,board,토론방 제목,카카오,2026.08.04 12:14,,,,16,e1d2ef73aca7,전부다 한강에서 정모 한번하자
DM-000441,raw_texts.csv,442,crawler.py,네이버 종목토론방 제목 + 네이버 통합검색 뉴스,board,토론방 제목,카카오,2026.08.04 12:11,,,,9,8e452c36199b,4만원도 못가겠네
DM-000442,raw_texts.csv,443,crawler.py,네이버 종목토론방 제목 + 네이버 통합검색 뉴스,board,토론방 제목,카카오,2026.08.04 11:59,,,,17,f43fc70d3340,대표가 주가관리에 관심이 없으니
DM-000443,raw_texts.csv,444,crawler.py,네이버 종목토론방 제목 + 네이버 통합검색 뉴스,board,토론방 제목,카카오,2026.08.04 11:52,,,,6,8b35d27ad0f5,네이버 가면
DM-000444,raw_texts.csv,445,crawler.py,네이버 종목토론방 제목 + 네이버 통합검색 뉴스,board,토론방 제목,카카오,2026.08.04 11:49,,,,3,445ef913c17e,범수야
DM-000445,raw_texts.csv,446,crawler.py,네이버 종목토론방 제목 + 네이버 통합검색 뉴스,board,토론방 제목,카카오,2026.08.04 11:44,,,,15,d77ccb3d665b,사장이 여자라서 그런가..?
DM-000446,raw_texts.csv,447,crawler.py,네이버 종목토론방 제목 + 네이버 통합검색 뉴스,board,토론방 제목,카카오,2026.08.04 11:42,,,,18,b7d7d2e02651,그래도 사장이라고 앉혀 놨으면..
DM-000447,raw_texts.csv,448,crawler.py,네이버 종목토론방 제목 + 네이버 통합검색 뉴스,board,토론방 제목,카카오,2026.08.04 11:37,,,,20,a3ec22b4f5c3,ㅋㅋㅋㅋㅋㅋㅋㅋㅋㅋㅋㅋ 여그서 머혀냐
DM-000448,raw_texts.csv,449,crawler.py,네이버 종목토론방 제목 + 네이버 통합검색 뉴스,board,토론방 제목,카카오,2026.08.04 11:36,,,FOMO·상대적박탈감,12,da86862c6793,지금이라도 늦지 않았다
DM-000449,raw_texts.csv,450,crawler.py,네이버 종목토론방 제목 + 네이버 통합검색 뉴스,board,토론방 제목,카카오,2026.08.04 11:32,,,,21,27096bb85fea,공매물량을 싸게 사서 갚아야 하는데..
DM-000450,raw_texts.csv,451,crawler.py,네이버 종목토론방 제목 + 네이버 통합검색 뉴스,board,토론방 제목,카카오,2026.08.04 11:31,,,,12,59e83e0e5d77,네이버 옆 콩고물이라도
DM-000451,raw_texts.csv,452,crawler.py,네이버 종목토론방 제목 + 네이버 통합검색 뉴스,board,토론방 제목,카카오,2026.08.04 11:30,,,,35,8d479e122811,참 이것도 주가라고 38000.    40000원도 터치 못하냐
DM-000452,raw_texts.csv,453,crawler.py,네이버 종목토론방 제목 + 네이버 통합검색 뉴스,board,토론방 제목,카카오,2026.08.04 11:27,,,,3,c8bf0b256cef,손가락
DM-000453,raw_texts.csv,454,crawler.py,네이버 종목토론방 제목 + 네이버 통합검색 뉴스,board,토론방 제목,카카오,2026.08.04 11:27,,,,13,cf6f66f81e95,진짜 올리기싫은가베ㅋㅋㅋ
DM-000454,raw_texts.csv,455,crawler.py,네이버 종목토론방 제목 + 네이버 통합검색 뉴스,board,토론방 제목,카카오,2026.08.04 11:26,,,,4,bd9ad61e1e34,매집구간
DM-000455,raw_texts.csv,456,crawler.py,네이버 종목토론방 제목 + 네이버 통합검색 뉴스,board,토론방 제목,카카오,2026.08.04 11:24,,,,27,d6806822aaa2,ai빌려써야한다면.. 비용은 점점 늘어날수밖에..
DM-000456,raw_texts.csv,457,crawler.py,네이버 종목토론방 제목 + 네이버 통합검색 뉴스,board,토론방 제목,카카오,2026.08.04 11:23,,,,11,7cdcae97362c,코스닥에서도  탈락!
DM-000457,raw_texts.csv,458,crawler.py,네이버 종목토론방 제목 + 네이버 통합검색 뉴스,board,토론방 제목,카카오,2026.08.04 11:21,,,,16,b48937e2433e,대표만 바꿔도 상승할거 같은데
DM-000458,raw_texts.csv,459,crawler.py,네이버 종목토론방 제목 + 네이버 통합검색 뉴스,board,토론방 제목,카카오,2026.08.04 11:21,,,,4,fec7e75802ba,샘울트먼
DM-000459,raw_texts.csv,460,crawler.py,네이버 종목토론방 제목 + 네이버 통합검색 뉴스,board,토론방 제목,카카오,2026.08.04 11:19,,,,16,ec27169be634,네이버 폭등..여긴 안타깝네요
DM-000460,raw_texts.csv,461,crawler.py,네이버 종목토론방 제목 + 네이버 통합검색 뉴스,board,토론방 제목,카카오,2026.08.04 11:13,,,,14,56d3e153af66,오픈ai  쌤과  만남확정
DM-000461,raw_texts.csv,462,crawler.py,네이버 종목토론방 제목 + 네이버 통합검색 뉴스,board,토론방 제목,카카오,2026.08.04 11:12,,,,3,cbb6642f8c12,갘카ㅇ
DM-000462,raw_texts.csv,463,crawler.py,네이버 종목토론방 제목 + 네이버 통합검색 뉴스,board,토론방 제목,카카오,2026.08.04 11:11,,,,6,218d386551dc,네이버 살걸
DM-000463,raw_texts.csv,464,crawler.py,네이버 종목토론방 제목 + 네이버 통합검색 뉴스,board,토론방 제목,카카오,2026.08.04 11:11,,,,17,df53a85c57c7,홍콩의 인버스 증권사 영향인 듯
DM-000464,raw_texts.csv,465,crawler.py,네이버 종목토론방 제목 + 네이버 통합검색 뉴스,board,토론방 제목,카카오,2026.08.04 11:09,,,,16,0bba1041489b,누가 적대적 m&a좀 해주세요
DM-000465,raw_texts.csv,466,crawler.py,네이버 종목토론방 제목 + 네이버 통합검색 뉴스,board,토론방 제목,카카오,2026.08.04 11:09,,,,13,f576b84f216f,오늘부터 조금씩 담아본다
DM-000466,raw_texts.csv,467,crawler.py,네이버 종목토론방 제목 + 네이버 통합검색 뉴스,board,토론방 제목,카카오,2026.08.04 11:08,,,,11,f4f1dfe65359,카카오 바닥 다졌나?
DM-000467,raw_texts.csv,468,crawler.py,네이버 종목토론방 제목 + 네이버 통합검색 뉴스,board,토론방 제목,카카오,2026.08.04 11:06,,,,10,64ab27c023eb,바닥 한번더 찍어야
DM-000468,raw_texts.csv,469,crawler.py,네이버 종목토론방 제목 + 네이버 통합검색 뉴스,board,토론방 제목,카카오,2026.08.04 11:02,,,,11,8036149bcebb,지수가이렇게ㅇ폭등해도
DM-000469,raw_texts.csv,470,crawler.py,네이버 종목토론방 제목 + 네이버 통합검색 뉴스,board,토론방 제목,카카오,2026.08.04 11:02,,,,4,00bccf5caba7,이종목은
DM-000470,raw_texts.csv,471,crawler.py,네이버 종목토론방 제목 + 네이버 통합검색 뉴스,board,토론방 제목,카카오,2026.08.04 11:00,,,,6,f97e56185cf0,진짜 개잡주
DM-000471,raw_texts.csv,472,crawler.py,네이버 종목토론방 제목 + 네이버 통합검색 뉴스,board,토론방 제목,카카오,2026.08.04 10:57,,,FOMO·상대적박탈감,11,f664dd5b947e,시장 소외주 ㅋㅋㅋㅋ
DM-000472,raw_texts.csv,473,crawler.py,네이버 종목토론방 제목 + 네이버 통합검색 뉴스,board,토론방 제목,카카오,2026.08.04 10:56,,,,10,1136bde80fad,김범수는 왜 욕하냐
DM-000473,raw_texts.csv,474,crawler.py,네이버 종목토론방 제목 + 네이버 통합검색 뉴스,board,토론방 제목,카카오,2026.08.04 10:55,,,,18,64f6375f7ed0,카카오   음성생성기술   고도화
DM-000474,raw_texts.csv,475,crawler.py,네이버 종목토론방 제목 + 네이버 통합검색 뉴스,board,토론방 제목,카카오,2026.08.04 10:53,,,,14,5dd74f726890,그냥 원금오면 파는게 정답
DM-000475,raw_texts.csv,476,crawler.py,네이버 종목토론방 제목 + 네이버 통합검색 뉴스,board,토론방 제목,카카오,2026.08.04 10:52,,,,8,6fe518a12a85,카카오의 현주소
DM-000476,raw_texts.csv,477,crawler.py,네이버 종목토론방 제목 + 네이버 통합검색 뉴스,board,토론방 제목,카카오,2026.08.04 10:47,,,,29,8e35010c2d07,카카오 영차 영차 네이버에서 위로 잡아당갑니다 왜냐면
DM-000477,raw_texts.csv,478,crawler.py,네이버 종목토론방 제목 + 네이버 통합검색 뉴스,board,토론방 제목,카카오,2026.08.04 10:46,,,,15,01ab4c7820a3,요즘장의   최대   악재는
DM-000478,raw_texts.csv,479,crawler.py,네이버 종목토론방 제목 + 네이버 통합검색 뉴스,board,토론방 제목,카카오,2026.08.04 10:46,,,,2,2352c710930a,옆집
DM-000479,raw_texts.csv,480,crawler.py,네이버 종목토론방 제목 + 네이버 통합검색 뉴스,board,토론방 제목,카카오,2026.08.04 10:46,,,,9,aaa19e95b894,차~~암 얄궂은건
DM-000480,raw_texts.csv,481,crawler.py,네이버 종목토론방 제목 + 네이버 통합검색 뉴스,board,토론방 제목,카카오,2026.08.04 10:44,,,,21,d338ddaffa3d,나같아도 네이버사지 구지 이걸 왜?살까
DM-000481,raw_texts.csv,482,crawler.py,네이버 종목토론방 제목 + 네이버 통합검색 뉴스,board,토론방 제목,카카오,2026.08.04 10:43,,,,9,037e6783c6f4,네이버만 봐도..
DM-000482,raw_texts.csv,483,crawler.py,네이버 종목토론방 제목 + 네이버 통합검색 뉴스,board,토론방 제목,카카오,2026.08.04 10:40,,,,26,ef6303990042,네이버 30프로 오르면 카카오 3프로 오르나ㅡㅡ
DM-000483,raw_texts.csv,484,crawler.py,네이버 종목토론방 제목 + 네이버 통합검색 뉴스,board,토론방 제목,카카오,2026.08.04 10:40,,,,4,df24601b794b,대결구도
DM-000484,raw_texts.csv,485,crawler.py,네이버 종목토론방 제목 + 네이버 통합검색 뉴스,board,토론방 제목,카카오,2026.08.04 10:36,,,,13,45fc6eb16c55,카카오의 가장 큰 문제점
DM-000485,raw_texts.csv,486,crawler.py,네이버 종목토론방 제목 + 네이버 통합검색 뉴스,board,토론방 제목,카카오,2026.08.04 10:35,,,,2,ed752b9a2b23,바닥
DM-000486,raw_texts.csv,487,crawler.py,네이버 종목토론방 제목 + 네이버 통합검색 뉴스,board,토론방 제목,카카오,2026.08.04 10:34,,,,4,2d1007436501,평단7만
DM-000487,raw_texts.csv,488,crawler.py,네이버 종목토론방 제목 + 네이버 통합검색 뉴스,board,토론방 제목,카카오,2026.08.04 10:32,,,,7,a6e935f5c45a,카카오 주주들
DM-000488,raw_texts.csv,489,crawler.py,네이버 종목토론방 제목 + 네이버 통합검색 뉴스,board,토론방 제목,카카오,2026.08.04 10:32,,,,9,c3017bb77aaf,더운데 고생이많다
DM-000489,raw_texts.csv,490,crawler.py,네이버 종목토론방 제목 + 네이버 통합검색 뉴스,board,토론방 제목,카카오,2026.08.04 10:31,,,,11,091691ab1655,잡주 지수도 못따라가
DM-000490,raw_texts.csv,491,crawler.py,네이버 종목토론방 제목 + 네이버 통합검색 뉴스,board,토론방 제목,카카오,2026.08.04 10:27,,,후회·손실고통,26,3a71b6c8d490,내가 13만원일때 손절하라고 지인한테 얘기했는데
DM-000491,raw_texts.csv,492,crawler.py,네이버 종목토론방 제목 + 네이버 통합검색 뉴스,board,토론방 제목,카카오,2026.08.04 10:25,,,,6,c4868cadf5be,한때는~~~
DM-000492,raw_texts.csv,493,crawler.py,네이버 종목토론방 제목 + 네이버 통합검색 뉴스,board,토론방 제목,NAVER,2026.08.04 14:23,,,,14,19d41aefbdc3,오늘 제발 삼전만 넘어서자
DM-000493,raw_texts.csv,494,crawler.py,네이버 종목토론방 제목 + 네이버 통합검색 뉴스,board,토론방 제목,NAVER,2026.08.04 14:22,,,,25,350f12633622,지금은 다시 담을 자리보다 들고 갈 자리입니다
DM-000494,raw_texts.csv,495,crawler.py,네이버 종목토론방 제목 + 네이버 통합검색 뉴스,board,토론방 제목,NAVER,2026.08.04 14:22,,,,2,933aac0f0c32,싸워
DM-000495,raw_texts.csv,496,crawler.py,네이버 종목토론방 제목 + 네이버 통합검색 뉴스,board,토론방 제목,NAVER,2026.08.04 14:22,,,분노·불신,14,1221c7c6ea2f,개미분들 적당한가격에파세요
DM-000496,raw_texts.csv,497,crawler.py,네이버 종목토론방 제목 + 네이버 통합검색 뉴스,board,토론방 제목,NAVER,2026.08.04 14:21,,,불안·공포|분노·불신,20,2890f328aacb,더 흔들어 주세요...개미들 떨어지게
DM-000497,raw_texts.csv,498,crawler.py,네이버 종목토론방 제목 + 네이버 통합검색 뉴스,board,토론방 제목,NAVER,2026.08.04 14:21,,,,8,6178946f0be1,제 평단가는요?
DM-000498,raw_texts.csv,499,crawler.py,네이버 종목토론방 제목 + 네이버 통합검색 뉴스,board,토론방 제목,NAVER,2026.08.04 14:19,,,,15,be4853f0c429,윗꼬리 잡아무러 가즈아...
DM-000499,raw_texts.csv,500,crawler.py,네이버 종목토론방 제목 + 네이버 통합검색 뉴스,board,토론방 제목,NAVER,2026.08.04 14:19,,,,14,b2641bbb93ba,네이버도 광주로 이전해라.
DM-000500,raw_texts.csv,501,crawler.py,네이버 종목토론방 제목 + 네이버 통합검색 뉴스,board,토론방 제목,NAVER,2026.08.04 14:19,,,,22,bd0fae113a4b,한 이틀이나 삼일 올라서 25.5는 찍음
DM-000501,raw_texts.csv,502,crawler.py,네이버 종목토론방 제목 + 네이버 통합검색 뉴스,board,토론방 제목,NAVER,2026.08.04 14:18,,,분노·불신,18,4bd598287ce3,여따 안티질 글쓰면 개미가 팔아서
DM-000502,raw_texts.csv,503,crawler.py,네이버 종목토론방 제목 + 네이버 통합검색 뉴스,board,토론방 제목,NAVER,2026.08.04 14:15,,,,36,171e27e49ea2,"얘들아, 내가 오늘 23줄때 전량매도 한 이유 말해줄까 새겨들어라"
DM-000503,raw_texts.csv,504,crawler.py,네이버 종목토론방 제목 + 네이버 통합검색 뉴스,board,토론방 제목,NAVER,2026.08.04 14:15,,,,37,b4f97ee4e2c7,아 가만 생각해보니까 삼전하고 네이버 종가 똑같이 끝나나보다  ㅎㅎ
DM-000504,raw_texts.csv,505,crawler.py,네이버 종목토론방 제목 + 네이버 통합검색 뉴스,board,토론방 제목,NAVER,2026.08.04 14:14,,,,13,103cf6550d7d,거래대금이 너무 안터진다
DM-000505,raw_texts.csv,506,crawler.py,네이버 종목토론방 제목 + 네이버 통합검색 뉴스,board,토론방 제목,NAVER,2026.08.04 14:11,,,,14,19ede8274083,낼은 반도체가 크게 갑니다
DM-000506,raw_texts.csv,507,crawler.py,네이버 종목토론방 제목 + 네이버 통합검색 뉴스,board,토론방 제목,NAVER,2026.08.04 14:11,,,,6,71b61c4e712d,니들 바보냐
DM-000507,raw_texts.csv,508,crawler.py,네이버 종목토론방 제목 + 네이버 통합검색 뉴스,board,토론방 제목,NAVER,2026.08.04 14:11,,,,12,be661d95cb77,솔직히 네이버 주주로서
DM-000508,raw_texts.csv,509,crawler.py,네이버 종목토론방 제목 + 네이버 통합검색 뉴스,board,토론방 제목,NAVER,2026.08.04 14:10,,,FOMO·상대적박탈감|후회·손실고통,22,2c4bf3d380cc,지금이라도 손절하고 삼전닉스 저점 잡으면
DM-000509,raw_texts.csv,510,crawler.py,네이버 종목토론방 제목 + 네이버 통합검색 뉴스,board,토론방 제목,NAVER,2026.08.04 14:09,,,,15,cb54f79a8b32,햐 막판에 치켜 올리네 ㅋㅋ
DM-000510,raw_texts.csv,511,crawler.py,네이버 종목토론방 제목 + 네이버 통합검색 뉴스,board,토론방 제목,NAVER,2026.08.04 14:09,,,,1,f689307ef812,ㅠ
DM-000511,raw_texts.csv,512,crawler.py,네이버 종목토론방 제목 + 네이버 통합검색 뉴스,board,토론방 제목,NAVER,2026.08.04 14:09,,,,19,649ca538a55d,주포 형님 감사합니다. 민수야~~~
DM-000512,raw_texts.csv,513,crawler.py,네이버 종목토론방 제목 + 네이버 통합검색 뉴스,board,토론방 제목,NAVER,2026.08.04 14:08,,,,22,42a0a3dad914,자 이쯤에서 신나는 종가놀이 드가자 ㅎㅎ
DM-000513,raw_texts.csv,514,crawler.py,네이버 종목토론방 제목 + 네이버 통합검색 뉴스,board,토론방 제목,NAVER,2026.08.04 14:08,,,,12,be81a41e7642,털린 흑두루미 읎제??
DM-000514,raw_texts.csv,515,crawler.py,네이버 종목토론방 제목 + 네이버 통합검색 뉴스,board,토론방 제목,NAVER,2026.08.04 14:07,,,,23,7f68319a9186,"네이버 외국인/기관 1,500억 대량순매수"
DM-000515,raw_texts.csv,516,crawler.py,네이버 종목토론방 제목 + 네이버 통합검색 뉴스,board,토론방 제목,NAVER,2026.08.04 14:07,,,,16,0f6149a618cb,오눌올락르니 내일은 떡락이겟네
DM-000516,raw_texts.csv,517,crawler.py,네이버 종목토론방 제목 + 네이버 통합검색 뉴스,board,토론방 제목,NAVER,2026.08.04 14:05,,,,24,29a1dd2d7de0,내일은 25갔다가 24.5마무리 갑니다~~~
DM-000517,raw_texts.csv,518,crawler.py,네이버 종목토론방 제목 + 네이버 통합검색 뉴스,board,토론방 제목,NAVER,2026.08.04 14:03,,,,15,84e0fd9c22ec,걍 한번 시원하게 쏘고 싶다
DM-000518,raw_texts.csv,519,crawler.py,네이버 종목토론방 제목 + 네이버 통합검색 뉴스,board,토론방 제목,NAVER,2026.08.04 14:00,,,후회·손실고통,24,728485d9ffa8,물린 매물이 많던말던 올라갈 주식은 올라간다
DM-000519,raw_texts.csv,520,crawler.py,네이버 종목토론방 제목 + 네이버 통합검색 뉴스,board,토론방 제목,NAVER,2026.08.04 13:58,,,,17,e71c09c7d033,팩트는 원숭이도 돈을 번다는거임
DM-000520,raw_texts.csv,521,crawler.py,네이버 종목토론방 제목 + 네이버 통합검색 뉴스,board,토론방 제목,NAVER,2026.08.04 13:58,,,,10,cb9d497b80b8,23에 매도폭탄이네
DM-000521,raw_texts.csv,522,crawler.py,네이버 종목토론방 제목 + 네이버 통합검색 뉴스,board,토론방 제목,NAVER,2026.08.04 13:58,,,,10,ad0a5384f64b,걍 네이버만 사라고
DM-000522,raw_texts.csv,523,crawler.py,네이버 종목토론방 제목 + 네이버 통합검색 뉴스,board,토론방 제목,NAVER,2026.08.04 13:56,,,,8,67f997522ce3,쫌팔라고 다팔아
DM-000523,raw_texts.csv,524,crawler.py,네이버 종목토론방 제목 + 네이버 통합검색 뉴스,board,토론방 제목,NAVER,2026.08.04 13:56,,,,17,9ff3d06ad5ac,주린이들 털리고 맴맵거리네...
DM-000524,raw_texts.csv,525,crawler.py,네이버 종목토론방 제목 + 네이버 통합검색 뉴스,board,토론방 제목,NAVER,2026.08.04 13:55,,,,24,386400347c9a,슬슬 오후장 준비하자 주가 방향성 타진 구간
DM-000525,raw_texts.csv,526,crawler.py,네이버 종목토론방 제목 + 네이버 통합검색 뉴스,board,토론방 제목,NAVER,2026.08.04 13:55,,,,8,8235709799e4,축하드려요~~~
DM-000526,raw_texts.csv,527,crawler.py,네이버 종목토론방 제목 + 네이버 통합검색 뉴스,board,토론방 제목,NAVER,2026.08.04 13:55,,,,64,7d1a70b71b6b,아빠 아빠도 반도체 26년에 샀다하지 않았어요? 근데 우리는 왜 집 없어요? 친구 아빠들은 그때 수익내서 집샀다던데
DM-000527,raw_texts.csv,528,crawler.py,네이버 종목토론방 제목 + 네이버 통합검색 뉴스,board,토론방 제목,NAVER,2026.08.04 13:54,,,,2,d435a6cdd786,23
DM-000528,raw_texts.csv,529,crawler.py,네이버 종목토론방 제목 + 네이버 통합검색 뉴스,board,토론방 제목,NAVER,2026.08.04 13:53,,,,18,9d82d4481efa,네이버 이제 발톱 드러 냈네 ㅋㅋ
DM-000529,raw_texts.csv,530,crawler.py,네이버 종목토론방 제목 + 네이버 통합검색 뉴스,board,토론방 제목,NAVER,2026.08.04 13:50,,,,7,e798b1862d8f,쭈쭈바네...
DM-000530,raw_texts.csv,531,crawler.py,네이버 종목토론방 제목 + 네이버 통합검색 뉴스,board,토론방 제목,NAVER,2026.08.04 13:48,,,,8,6b9aaffbb738,"225,000원"
DM-000531,raw_texts.csv,532,crawler.py,네이버 종목토론방 제목 + 네이버 통합검색 뉴스,board,토론방 제목,NAVER,2026.08.04 13:45,,,분노·불신,19,4c21ec745d6b,개미분들 빨리 팔고 삼전닉스 가세요
DM-000532,raw_texts.csv,533,crawler.py,네이버 종목토론방 제목 + 네이버 통합검색 뉴스,board,토론방 제목,NAVER,2026.08.04 13:44,,,,13,4b90dfbfff85,오늘은 왜 안내려가???
DM-000533,raw_texts.csv,534,crawler.py,네이버 종목토론방 제목 + 네이버 통합검색 뉴스,board,토론방 제목,NAVER,2026.08.04 13:44,,,,20,f777c894de40,네이버 팔았나? 팔고 어디로 갈껀데~
DM-000534,raw_texts.csv,535,crawler.py,네이버 종목토론방 제목 + 네이버 통합검색 뉴스,board,토론방 제목,NAVER,2026.08.04 13:42,,,,23,c18fbacebe98,"23은 당분간 어렵겠네요, 당분간 : 3년"
DM-000535,raw_texts.csv,536,crawler.py,네이버 종목토론방 제목 + 네이버 통합검색 뉴스,board,토론방 제목,NAVER,2026.08.04 13:42,,,FOMO·상대적박탈감,48,a8a9dcd22219,아빠! 우리는 왜 집이 없어요? 2026년에 반도체 불장때 옆집은 수익내서 집 샀다던데
DM-000536,raw_texts.csv,537,crawler.py,네이버 종목토론방 제목 + 네이버 통합검색 뉴스,board,토론방 제목,NAVER,2026.08.04 13:41,,,후회·손실고통,16,74ccf9745196,오늘 장초반에 팔았어야 됏나?
DM-000537,raw_texts.csv,538,crawler.py,네이버 종목토론방 제목 + 네이버 통합검색 뉴스,board,토론방 제목,NAVER,2026.08.04 13:41,,,,10,5a149e77fb4d,내가 아는 네이버는
DM-000538,raw_texts.csv,539,crawler.py,네이버 종목토론방 제목 + 네이버 통합검색 뉴스,board,토론방 제목,NAVER,2026.08.04 13:39,,,,32,3a2535e53c69,외인 기관 금투 연기금 반도체 팔고 네이버로 헤쳐모여!!!
DM-000539,raw_texts.csv,540,crawler.py,네이버 종목토론방 제목 + 네이버 통합검색 뉴스,board,토론방 제목,NAVER,2026.08.04 13:37,,,,25,dbe543af96a2,젠슨황이 치킨뼈로 발라먹은 시체들 평단25이상
DM-000540,raw_texts.csv,541,crawler.py,네이버 종목토론방 제목 + 네이버 통합검색 뉴스,board,토론방 제목,NAVER,2026.08.04 13:35,,,,22,0fed895a0ed1,야 근데 오늘보다 낼이 더 기대된다 ㅎㅎ
DM-000541,raw_texts.csv,542,crawler.py,네이버 종목토론방 제목 + 네이버 통합검색 뉴스,board,토론방 제목,NAVER,2026.08.04 13:35,,,,15,f3521fa15768,절세 미인 최수연 언니 덕에
DM-000542,raw_texts.csv,543,crawler.py,네이버 종목토론방 제목 + 네이버 통합검색 뉴스,board,토론방 제목,NAVER,2026.08.04 13:35,,,,23,8ef9a82e1156,앤비디아가 네이버에 직접 돈을 테웠잔아..
DM-000543,raw_texts.csv,544,crawler.py,네이버 종목토론방 제목 + 네이버 통합검색 뉴스,board,토론방 제목,NAVER,2026.08.04 13:33,,,,7,513141961c00,주식소각했나요
DM-000544,raw_texts.csv,545,crawler.py,네이버 종목토론방 제목 + 네이버 통합검색 뉴스,board,토론방 제목,NAVER,2026.08.04 13:33,,,,9,72218f373b3f,자자 나 처럼해봐
DM-000545,raw_texts.csv,546,crawler.py,네이버 종목토론방 제목 + 네이버 통합검색 뉴스,board,토론방 제목,NAVER,2026.08.04 13:31,,,후회·손실고통,23,e8feb1bfd07c,평단  30은 못갈거 같아서 일부 손절처리
DM-000546,raw_texts.csv,547,crawler.py,네이버 종목토론방 제목 + 네이버 통합검색 뉴스,board,토론방 제목,NAVER,2026.08.04 13:31,,,,20,c57e9afef966,수주공시 나오면 실적 전부 반영함ㅋㅋ
DM-000547,raw_texts.csv,548,crawler.py,네이버 종목토론방 제목 + 네이버 통합검색 뉴스,board,토론방 제목,NAVER,2026.08.04 13:31,,,불안·공포,8,41f25af4dc56,살려줘~~~~~
DM-000548,raw_texts.csv,549,crawler.py,네이버 종목토론방 제목 + 네이버 통합검색 뉴스,board,토론방 제목,NAVER,2026.08.04 13:28,,,불안·공포,10,5eafe16fa3e3,내일부터 대폭락이다
DM-000549,raw_texts.csv,550,crawler.py,네이버 종목토론방 제목 + 네이버 통합검색 뉴스,board,토론방 제목,NAVER,2026.08.04 13:23,,,,33,ea3f3f1a76c5,코어위브가 아무리 올라 봐라 네이버가 그만큼 따라가나 ㅋㅋㅋ
DM-000550,raw_texts.csv,551,crawler.py,네이버 종목토론방 제목 + 네이버 통합검색 뉴스,board,토론방 제목,NAVER,2026.08.04 13:23,,,,12,d072f2650ffa,신한창구 조사좀 해봐라
DM-000551,raw_texts.csv,552,crawler.py,네이버 종목토론방 제목 + 네이버 통합검색 뉴스,board,토론방 제목,NAVER,2026.08.04 13:22,,,,12,d84e40e00d8a,개이버에 목메달하지말고
DM-000552,raw_texts.csv,553,crawler.py,네이버 종목토론방 제목 + 네이버 통합검색 뉴스,board,토론방 제목,NAVER,2026.08.04 13:22,,,,23,d643424a7973,"네이버 외국인/기관 1,400억 대량순매수"
DM-000553,raw_texts.csv,554,crawler.py,네이버 종목토론방 제목 + 네이버 통합검색 뉴스,board,토론방 제목,NAVER,2026.08.04 13:22,,,,13,51293cc61144,10분 후 터진다  ㅎㅎ
DM-000554,raw_texts.csv,555,crawler.py,네이버 종목토론방 제목 + 네이버 통합검색 뉴스,board,토론방 제목,NAVER,2026.08.04 13:21,,,,8,30cbf4392b8f,팁주께 24밑은
DM-000555,raw_texts.csv,556,crawler.py,네이버 종목토론방 제목 + 네이버 통합검색 뉴스,board,토론방 제목,NAVER,2026.08.04 13:20,,,,7,d8d61be890e6,많이 오르네요
DM-000556,raw_texts.csv,557,crawler.py,네이버 종목토론방 제목 + 네이버 통합검색 뉴스,board,토론방 제목,NAVER,2026.08.04 13:20,,,,15,68702a4c3d96,"누가 계속 223,000원에"
DM-000557,raw_texts.csv,558,crawler.py,네이버 종목토론방 제목 + 네이버 통합검색 뉴스,board,토론방 제목,NAVER,2026.08.04 13:20,,,,4,f8202d64ab2f,사자마자
DM-000558,raw_texts.csv,559,crawler.py,네이버 종목토론방 제목 + 네이버 통합검색 뉴스,board,토론방 제목,NAVER,2026.08.04 13:19,,,,21,752ea8c6cdfc,게미분들 이제 다른주식으로 넘어가주세요
DM-000559,raw_texts.csv,560,crawler.py,네이버 종목토론방 제목 + 네이버 통합검색 뉴스,board,토론방 제목,NAVER,2026.08.04 13:19,,,,8,01e36579cc67,오후에 상승하면
DM-000560,raw_texts.csv,561,crawler.py,네이버 종목토론방 제목 + 네이버 통합검색 뉴스,board,토론방 제목,NAVER,2026.08.04 13:18,,,,5,afbadab9bcd6,고만 팔자
DM-000561,raw_texts.csv,562,crawler.py,네이버 종목토론방 제목 + 네이버 통합검색 뉴스,board,토론방 제목,NAVER,2026.08.04 13:17,,,,26,877bf94a06ea,자 다왔어 ㅎㅎ 이제 코스피가 양전하면  알지?
DM-000562,raw_texts.csv,563,crawler.py,네이버 종목토론방 제목 + 네이버 통합검색 뉴스,board,토론방 제목,NAVER,2026.08.04 13:16,,,,26,bbb04ef632da,차트가 이쁘게 다져졌네요~ 상한가 치자!! 제발
DM-000563,raw_texts.csv,564,crawler.py,네이버 종목토론방 제목 + 네이버 통합검색 뉴스,board,토론방 제목,NAVER,2026.08.04 13:16,,,분노·불신,18,48c5d070c70b,오늘 개미 70만주 이상 털리것네
DM-000564,raw_texts.csv,565,crawler.py,네이버 종목토론방 제목 + 네이버 통합검색 뉴스,board,토론방 제목,NAVER,2026.08.04 13:15,,,,8,ed948ba8b9dc,삼닉은 어짜돴든
DM-000565,raw_texts.csv,566,crawler.py,네이버 종목토론방 제목 + 네이버 통합검색 뉴스,board,토론방 제목,NAVER,2026.08.04 13:15,,,분노·불신,18,faefb8e7d740,진짜 팔아주는 개미들 너무감사하다
DM-000566,raw_texts.csv,567,crawler.py,네이버 종목토론방 제목 + 네이버 통합검색 뉴스,board,토론방 제목,NAVER,2026.08.04 13:14,,,,2,68d694a0b3a6,아놔
DM-000567,raw_texts.csv,568,crawler.py,네이버 종목토론방 제목 + 네이버 통합검색 뉴스,board,토론방 제목,NAVER,2026.08.04 13:14,,,,19,f4cda226a6ae,절대 장투하면 안되는 코스피 대형주
DM-000568,raw_texts.csv,569,crawler.py,네이버 종목토론방 제목 + 네이버 통합검색 뉴스,board,토론방 제목,NAVER,2026.08.04 13:13,,,,13,10ce9abf79b7,개이버가 점심시간 지나서
DM-000569,raw_texts.csv,570,crawler.py,네이버 종목토론방 제목 + 네이버 통합검색 뉴스,board,토론방 제목,NAVER,2026.08.04 13:13,,,,12,12198a9a1f44,소각공시 완료나 띄워라
DM-000570,raw_texts.csv,571,crawler.py,네이버 종목토론방 제목 + 네이버 통합검색 뉴스,board,토론방 제목,NAVER,2026.08.04 13:13,,,,19,f915fc3598e1,소각공시 자체를 소각해버리는 클라스
DM-000571,raw_texts.csv,572,crawler.py,네이버 종목토론방 제목 + 네이버 통합검색 뉴스,board,토론방 제목,NAVER,2026.08.04 13:11,,,,10,c5dd778d46d4,오후에 급락각이네요
DM-000572,raw_texts.csv,573,crawler.py,네이버 종목토론방 제목 + 네이버 통합검색 뉴스,board,토론방 제목,NAVER,2026.08.04 13:10,,,,25,d233fda07cdc,"데이타센터 주도주는 누가뮈래도...네이버가,,"
DM-000573,raw_texts.csv,574,crawler.py,네이버 종목토론방 제목 + 네이버 통합검색 뉴스,board,토론방 제목,NAVER,2026.08.04 13:10,,,,13,bec5be857526,간다 간다 2시 뿅 간다
DM-000574,raw_texts.csv,575,crawler.py,네이버 종목토론방 제목 + 네이버 통합검색 뉴스,board,토론방 제목,NAVER,2026.08.04 13:09,,,,7,599eb8694b92,차트 이쁘다.
DM-000575,raw_texts.csv,576,crawler.py,네이버 종목토론방 제목 + 네이버 통합검색 뉴스,board,토론방 제목,NAVER,2026.08.04 13:08,,,,26,a2ca6fb7239b,갭떳다~~~어차피 204500원 유증가 못벗어나
DM-000576,raw_texts.csv,577,crawler.py,네이버 종목토론방 제목 + 네이버 통합검색 뉴스,board,토론방 제목,NAVER,2026.08.04 13:08,,,,21,8f0985efd494,예상했던데로 계단식 우하향 처맞고있네?
DM-000577,raw_texts.csv,578,crawler.py,네이버 종목토론방 제목 + 네이버 통합검색 뉴스,board,토론방 제목,NAVER,2026.08.04 13:06,,,,12,cdb7f5836ac4,이틀안에 오른거 다 뻄
DM-000578,raw_texts.csv,579,crawler.py,네이버 종목토론방 제목 + 네이버 통합검색 뉴스,board,토론방 제목,NAVER,2026.08.04 13:06,,,,10,bd493dbebf56,이제 좀 올라 보자
DM-000579,raw_texts.csv,580,crawler.py,네이버 종목토론방 제목 + 네이버 통합검색 뉴스,board,토론방 제목,NAVER,2026.08.04 13:06,,,,3,0cf1fafc6631,줄때!
DM-000580,raw_texts.csv,581,crawler.py,네이버 종목토론방 제목 + 네이버 통합검색 뉴스,board,토론방 제목,NAVER,2026.08.04 13:06,,,,19,53f9855e045d,넥장230 ㅋ 낼 다시 처박음..ㅋ
DM-000581,raw_texts.csv,582,crawler.py,네이버 종목토론방 제목 + 네이버 통합검색 뉴스,board,토론방 제목,NAVER,2026.08.04 13:03,,,후회·손실고통,27,626e6752cb57,넥장까지 고점은 갈꺼같은데 내일 다시 처박아..ㅋ
DM-000582,raw_texts.csv,583,crawler.py,네이버 종목토론방 제목 + 네이버 통합검색 뉴스,board,토론방 제목,NAVER,2026.08.04 13:00,,,,8,1f04fcb2a123,턱걸이 했네..
DM-000583,raw_texts.csv,584,crawler.py,네이버 종목토론방 제목 + 네이버 통합검색 뉴스,board,토론방 제목,NAVER,2026.08.04 13:00,,,,13,0e8ea2ce7b8a,진짜 항상 같은 패턴인데
DM-000584,raw_texts.csv,585,crawler.py,네이버 종목토론방 제목 + 네이버 통합검색 뉴스,board,토론방 제목,NAVER,2026.08.04 12:59,,,분노·불신,21,421cf09efe2e,삼전하닉은 또 개미들이 담고있나본데??
DM-000585,raw_texts.csv,586,crawler.py,네이버 종목토론방 제목 + 네이버 통합검색 뉴스,board,토론방 제목,NAVER,2026.08.04 12:59,,,,8,4f04a71a9192,삼성 에스디에스
DM-000586,raw_texts.csv,587,crawler.py,네이버 종목토론방 제목 + 네이버 통합검색 뉴스,board,토론방 제목,NAVER,2026.08.04 12:59,,,,25,df528c788978,이거 못간다...반도체 망하니 증시도 나락이고
DM-000587,raw_texts.csv,588,crawler.py,네이버 종목토론방 제목 + 네이버 통합검색 뉴스,board,토론방 제목,NAVER,2026.08.04 12:58,,,,9,59206c20733d,반도체 나락~~~
DM-000588,raw_texts.csv,589,crawler.py,네이버 종목토론방 제목 + 네이버 통합검색 뉴스,board,토론방 제목,NAVER,2026.08.04 12:58,,,,6,272c6dcb3f67,지금 움직임
DM-000589,raw_texts.csv,590,crawler.py,네이버 종목토론방 제목 + 네이버 통합검색 뉴스,board,토론방 제목,NAVER,2026.08.04 12:55,,,,24,ad3ebb0f2ba0,갭떳다 ~~다시 또 기가막히게 제자리 올거야
DM-000590,raw_texts.csv,591,crawler.py,네이버 종목토론방 제목 + 네이버 통합검색 뉴스,board,토론방 제목,NAVER,2026.08.04 12:54,,,,28,358a8b74f173,수익인증 금액은 안보여줌 ㅋㅋ 아직도 많이 남았다.
DM-000591,raw_texts.csv,592,crawler.py,네이버 종목토론방 제목 + 네이버 통합검색 뉴스,board,토론방 제목,NAVER,2026.08.04 12:53,,,,15,6a985151d9f7,신한찡 드뎌 와줬구나 ㅋㅋㅋ
DM-000592,raw_texts.csv,593,crawler.py,네이버 종목토론방 제목 + 네이버 통합검색 뉴스,board,토론방 제목,에코프로비엠,2026.08.04 14:18,,,분노·불신,7,30cac51acf78,진짜 왕 짜증
DM-000593,raw_texts.csv,594,crawler.py,네이버 종목토론방 제목 + 네이버 통합검색 뉴스,board,토론방 제목,에코프로비엠,2026.08.04 14:17,,,,11,4d596d5f4170,에코머티도 실적 박살
DM-000594,raw_texts.csv,595,crawler.py,네이버 종목토론방 제목 + 네이버 통합검색 뉴스,board,토론방 제목,에코프로비엠,2026.08.04 14:15,,,,10,0947a8761113,비엠이실적이안좋은데
DM-000595,raw_texts.csv,596,crawler.py,네이버 종목토론방 제목 + 네이버 통합검색 뉴스,board,토론방 제목,에코프로비엠,2026.08.04 14:09,,,,17,5cabef96bd7a,리재명 김용범 이억원의 작품보다
DM-000596,raw_texts.csv,597,crawler.py,네이버 종목토론방 제목 + 네이버 통합검색 뉴스,board,토론방 제목,에코프로비엠,2026.08.04 14:02,,,,16,b97318d4e5dc,지수가 이틀간 8프로 올랐는데
DM-000597,raw_texts.csv,598,crawler.py,네이버 종목토론방 제목 + 네이버 통합검색 뉴스,board,토론방 제목,에코프로비엠,2026.08.04 13:56,,,,15,0b8eed23ee22,8월 3일~~~!!!!!!!
DM-000598,raw_texts.csv,599,crawler.py,네이버 종목토론방 제목 + 네이버 통합검색 뉴스,board,토론방 제목,에코프로비엠,2026.08.04 13:55,,,,9,faf8d8056bd9,매도 리포트 쓰고
DM-000599,raw_texts.csv,600,crawler.py,네이버 종목토론방 제목 + 네이버 통합검색 뉴스,board,토론방 제목,에코프로비엠,2026.08.04 13:40,,,,3,866c414779ba,에코야
DM-000600,raw_texts.csv,601,crawler.py,네이버 종목토론방 제목 + 네이버 통합검색 뉴스,board,토론방 제목,에코프로비엠,2026.08.04 13:39,,,,6,be7a0b192c7b,주접들떨지마
DM-000601,raw_texts.csv,602,crawler.py,네이버 종목토론방 제목 + 네이버 통합검색 뉴스,board,토론방 제목,에코프로비엠,2026.08.04 13:22,,,,10,648851d726b2,반도체주 오르는동안
DM-000602,raw_texts.csv,603,crawler.py,네이버 종목토론방 제목 + 네이버 통합검색 뉴스,board,토론방 제목,에코프로비엠,2026.08.04 13:14,,,,13,473f55c4efce,프로그램이 너무 던지니까
DM-000603,raw_texts.csv,604,crawler.py,네이버 종목토론방 제목 + 네이버 통합검색 뉴스,board,토론방 제목,에코프로비엠,2026.08.04 13:03,,,,41,ef5838c4fdca,코스닥에 수급이 들어와/삼전닉스와 달리 움직여/8월부터 코스닥 상승장 예상
DM-000604,raw_texts.csv,605,crawler.py,네이버 종목토론방 제목 + 네이버 통합검색 뉴스,board,토론방 제목,에코프로비엠,2026.08.04 12:22,,,,3,f9d1f6b89a96,엄청나
DM-000605,raw_texts.csv,606,crawler.py,네이버 종목토론방 제목 + 네이버 통합검색 뉴스,board,토론방 제목,에코프로비엠,2026.08.04 12:19,,,,8,03a26407e8a8,목표가 10만원
DM-000606,raw_texts.csv,607,crawler.py,네이버 종목토론방 제목 + 네이버 통합검색 뉴스,board,토론방 제목,에코프로비엠,2026.08.04 11:55,,,,6,93631613694e,차트만 보면
DM-000607,raw_texts.csv,608,crawler.py,네이버 종목토론방 제목 + 네이버 통합검색 뉴스,board,토론방 제목,에코프로비엠,2026.08.04 11:51,,,,11,e1f0ed3a2864,엘앤에프하고 합병해라
DM-000608,raw_texts.csv,609,crawler.py,네이버 종목토론방 제목 + 네이버 통합검색 뉴스,board,토론방 제목,에코프로비엠,2026.08.04 11:47,,,,33,ecf49569c005,어제부터 수급이 삼전닉스에서 코스닥쪽으로 순환매 도는거 같다
DM-000609,raw_texts.csv,610,crawler.py,네이버 종목토론방 제목 + 네이버 통합검색 뉴스,board,토론방 제목,에코프로비엠,2026.08.04 11:37,,,,11,22773c8b7f6d,아무도 기대안할때..
DM-000610,raw_texts.csv,611,crawler.py,네이버 종목토론방 제목 + 네이버 통합검색 뉴스,board,토론방 제목,에코프로비엠,2026.08.04 11:06,,,,4,3a48b4e41a77,에코프로
DM-000611,raw_texts.csv,612,crawler.py,네이버 종목토론방 제목 + 네이버 통합검색 뉴스,board,토론방 제목,에코프로비엠,2026.08.04 11:04,,,,15,1af63f0ed37f,여름 휴가 쳐가지말고 일해라
DM-000612,raw_texts.csv,613,crawler.py,네이버 종목토론방 제목 + 네이버 통합검색 뉴스,board,토론방 제목,에코프로비엠,2026.08.04 11:02,,,,12,04905bc8d76c,코스닥지수 5퍼오르는데
DM-000613,raw_texts.csv,614,crawler.py,네이버 종목토론방 제목 + 네이버 통합검색 뉴스,board,토론방 제목,에코프로비엠,2026.08.04 10:47,,,,20,22eb9538d23a,"에코프로비엠, 오늘 부터 우상향 예상"
DM-000614,raw_texts.csv,615,crawler.py,네이버 종목토론방 제목 + 네이버 통합검색 뉴스,board,토론방 제목,에코프로비엠,2026.08.04 10:20,,,,24,f51fe49f7f9b,"에코프로, 인니 니켈 투자로 실적 양호 예싱"
DM-000615,raw_texts.csv,616,crawler.py,네이버 종목토론방 제목 + 네이버 통합검색 뉴스,board,토론방 제목,에코프로비엠,2026.08.04 10:06,,,분노·불신,22,fda041ce0508,계속 악의적 리포트 발행하고 공매도 치고
DM-000616,raw_texts.csv,617,crawler.py,네이버 종목토론방 제목 + 네이버 통합검색 뉴스,board,토론방 제목,에코프로비엠,2026.08.04 10:03,,,,2,2bdce5e8cc42,오늘
DM-000617,raw_texts.csv,618,crawler.py,네이버 종목토론방 제목 + 네이버 통합검색 뉴스,board,토론방 제목,에코프로비엠,2026.08.04 09:55,,,,2,15fea0845aab,우와
DM-000618,raw_texts.csv,619,crawler.py,네이버 종목토론방 제목 + 네이버 통합검색 뉴스,board,토론방 제목,에코프로비엠,2026.08.04 09:53,,,,4,2101fc8ab39d,줄줄줄줄
DM-000619,raw_texts.csv,620,crawler.py,네이버 종목토론방 제목 + 네이버 통합검색 뉴스,board,토론방 제목,에코프로비엠,2026.08.04 09:51,,,,23,35d328d350c7,패드립 전문 샌드야 ㅋㅋㅋ인증좀해라 ㅋㅋㅋ
DM-000620,raw_texts.csv,621,crawler.py,네이버 종목토론방 제목 + 네이버 통합검색 뉴스,board,토론방 제목,에코프로비엠,2026.08.04 09:49,,,,9,88db13b25b2c,여기가 잡주인이유
DM-000621,raw_texts.csv,622,crawler.py,네이버 종목토론방 제목 + 네이버 통합검색 뉴스,board,토론방 제목,에코프로비엠,2026.08.04 09:49,,,,49,03b54545bd50,오늘 에코프로 실적발표/실적좋으면/특히 인니니켈투자/실적  좋으면/비엠 주가큰폭 상승예상
DM-000622,raw_texts.csv,623,crawler.py,네이버 종목토론방 제목 + 네이버 통합검색 뉴스,board,토론방 제목,에코프로비엠,2026.08.04 09:45,,,후회·손실고통,14,8efdbacc3b60,물타기 질문 ???(추매)
DM-000623,raw_texts.csv,624,crawler.py,네이버 종목토론방 제목 + 네이버 통합검색 뉴스,board,토론방 제목,에코프로비엠,2026.08.04 09:43,,,,30,32d0c07b7268,엉아가 비엠 적정가 4만원 ㅋㅋ시총 3조대라했다 ㅋㅋㅋ
DM-000624,raw_texts.csv,625,crawler.py,네이버 종목토론방 제목 + 네이버 통합검색 뉴스,board,토론방 제목,에코프로비엠,2026.08.04 09:40,,,,10,2bdd5ec65e80,코스닥 1등 주식이
DM-000625,raw_texts.csv,626,crawler.py,네이버 종목토론방 제목 + 네이버 통합검색 뉴스,board,토론방 제목,에코프로비엠,2026.08.04 09:37,,,후회·손실고통,19,b429f1a68856,10만원 단기 고점이라 했다 ㅋㅋㅋ
DM-000626,raw_texts.csv,627,crawler.py,네이버 종목토론방 제목 + 네이버 통합검색 뉴스,board,토론방 제목,에코프로비엠,2026.08.04 09:25,,,,9,a2b6c1eb5e1d,30년차)형이야~
DM-000627,raw_texts.csv,628,crawler.py,네이버 종목토론방 제목 + 네이버 통합검색 뉴스,board,토론방 제목,에코프로비엠,2026.08.04 09:24,,,,71,9827085e6145,😎 비엠 목표가 십만대보다 27~30만대 보는 이들이 더 많댄다 십만대 보는 이는 밥이라도 먹고 다니니? 요즘 물가를 모르니?ㅎ
DM-000628,raw_texts.csv,629,crawler.py,네이버 종목토론방 제목 + 네이버 통합검색 뉴스,board,토론방 제목,에코프로비엠,2026.08.04 09:17,,,,17,43b1a143a89a,dog잡주 dog폭등중 ㅋㅋㅋㅋ
DM-000629,raw_texts.csv,630,crawler.py,네이버 종목토론방 제목 + 네이버 통합검색 뉴스,board,토론방 제목,에코프로비엠,2026.08.04 09:06,,,,51,b6ddbf62c1da,실적상관없다 섹터가 다 가면 간다 sdi목표가 두배상향이다 올라가자 국장이 실적으로 간적없다
DM-000630,raw_texts.csv,631,crawler.py,네이버 종목토론방 제목 + 네이버 통합검색 뉴스,board,토론방 제목,에코프로비엠,2026.08.04 09:05,,,,15,29d614910a04,실적 발표전에 튀어 ㅋㅋㅋㅋ
DM-000631,raw_texts.csv,632,crawler.py,네이버 종목토론방 제목 + 네이버 통합검색 뉴스,board,토론방 제목,에코프로비엠,2026.08.04 09:03,,,,9,82cbed4393ee,헐 이게 왜오르지
DM-000632,raw_texts.csv,633,crawler.py,네이버 종목토론방 제목 + 네이버 통합검색 뉴스,board,토론방 제목,에코프로비엠,2026.08.04 09:02,,,,17,1e69dde41d2d,내가 리포트 개나주라 그랬지??
DM-000633,raw_texts.csv,634,crawler.py,네이버 종목토론방 제목 + 네이버 통합검색 뉴스,board,토론방 제목,에코프로비엠,2026.08.04 09:02,,,,13,e59e0637d096,5% 이상 상승했어요 🎉
DM-000634,raw_texts.csv,635,crawler.py,네이버 종목토론방 제목 + 네이버 통합검색 뉴스,board,토론방 제목,에코프로비엠,2026.08.04 09:00,,,,13,b71b30003510,에코프로 실적 몇시인가요
DM-000635,raw_texts.csv,636,crawler.py,네이버 종목토론방 제목 + 네이버 통합검색 뉴스,board,토론방 제목,에코프로비엠,2026.08.04 08:52,,,,23,a4e7377fbaca,코스피 꼭 이전 하겠다 ㅋㅋㅋ알디?? 구라
DM-000636,raw_texts.csv,637,crawler.py,네이버 종목토론방 제목 + 네이버 통합검색 뉴스,board,토론방 제목,에코프로비엠,2026.08.04 08:49,,,,8,9018b4f71949,대머리 저주한다
DM-000637,raw_texts.csv,638,crawler.py,네이버 종목토론방 제목 + 네이버 통합검색 뉴스,board,토론방 제목,에코프로비엠,2026.08.04 08:46,,,,30,5f9e7c39a8be,근데 3년동안 수주안하면 회사 운영비 감당되냐 ㅋㅋㅋㅋ
DM-000638,raw_texts.csv,639,crawler.py,네이버 종목토론방 제목 + 네이버 통합검색 뉴스,board,토론방 제목,에코프로비엠,2026.08.04 08:45,,,,10,47d73a629852,유럽공장 라인 정리
DM-000639,raw_texts.csv,640,crawler.py,네이버 종목토론방 제목 + 네이버 통합검색 뉴스,board,토론방 제목,에코프로비엠,2026.08.04 08:42,,,,9,3bfc03347bf4,좋은 주식 많은데
DM-000640,raw_texts.csv,641,crawler.py,네이버 종목토론방 제목 + 네이버 통합검색 뉴스,board,토론방 제목,에코프로비엠,2026.08.04 08:30,,,,23,8b418e980e43,유증 누가 받아 대가리 총 맞지 않는 이상
DM-000641,raw_texts.csv,642,crawler.py,네이버 종목토론방 제목 + 네이버 통합검색 뉴스,board,토론방 제목,에코프로비엠,2026.08.04 08:29,,,,18,737512b03464,에코프로비엠 현 상황 정리한 기사
DM-000642,raw_texts.csv,643,crawler.py,네이버 종목토론방 제목 + 네이버 통합검색 뉴스,board,토론방 제목,에코프로비엠,2026.08.04 08:29,,,,24,884fb498dff1,어제는 파랭이 1등~~지금은 빨갱이 꼴찌~~
DM-000643,raw_texts.csv,644,crawler.py,네이버 종목토론방 제목 + 네이버 통합검색 뉴스,board,토론방 제목,에코프로비엠,2026.08.04 08:22,,,,21,d9c5559ae104,유럽 생산하면 뭐하나? 수주를 못하는데
DM-000644,raw_texts.csv,645,crawler.py,네이버 종목토론방 제목 + 네이버 통합검색 뉴스,board,토론방 제목,에코프로비엠,2026.08.04 07:44,,,,38,a85db7c4936f,리포트 개나줘라  하닉 12만원 리포트내고  3백까지 오르더라~~~~
DM-000645,raw_texts.csv,646,crawler.py,네이버 종목토론방 제목 + 네이버 통합검색 뉴스,board,토론방 제목,에코프로비엠,2026.08.04 06:34,,,,32,9c4ffc5321f2,속보>테슬라+3.65%리튬아메리카스+4.9%알버말+1.8%
DM-000646,raw_texts.csv,647,crawler.py,네이버 종목토론방 제목 + 네이버 통합검색 뉴스,board,토론방 제목,에코프로비엠,2026.08.04 05:47,,,,27,acb14c57c6fb,가치투자의 대가 벤자민 그레이엄 2가지 투자원칙!
DM-000647,raw_texts.csv,648,crawler.py,네이버 종목토론방 제목 + 네이버 통합검색 뉴스,board,토론방 제목,에코프로비엠,2026.08.04 04:45,,,,9,def8141ae7f4,떵채 잣됐다...
DM-000648,raw_texts.csv,649,crawler.py,네이버 종목토론방 제목 + 네이버 통합검색 뉴스,board,토론방 제목,에코프로비엠,2026.08.04 02:32,,,,14,2c69f9ec97b0,나이40 다시 재취업한다.
DM-000649,raw_texts.csv,650,crawler.py,네이버 종목토론방 제목 + 네이버 통합검색 뉴스,board,토론방 제목,에코프로비엠,2026.08.04 01:20,,,,11,ee7d4c6e4ab5,미장 미치도록 오르네
DM-000650,raw_texts.csv,651,crawler.py,네이버 종목토론방 제목 + 네이버 통합검색 뉴스,board,토론방 제목,에코프로비엠,2026.08.04 00:24,,,,5,cc8d54b0055c,이건 오늘
DM-000651,raw_texts.csv,652,crawler.py,네이버 종목토론방 제목 + 네이버 통합검색 뉴스,board,토론방 제목,에코프로비엠,2026.08.03 23:56,,,,13,e25538549f48,비엠은 진짜 무슨생각이냐
DM-000652,raw_texts.csv,653,crawler.py,네이버 종목토론방 제목 + 네이버 통합검색 뉴스,board,토론방 제목,에코프로비엠,2026.08.03 23:50,,,분노·불신,23,966c02109401,똥체야욕.오직주주등처묵기위한온갖사기공갈동원
DM-000653,raw_texts.csv,654,crawler.py,네이버 종목토론방 제목 + 네이버 통합검색 뉴스,board,토론방 제목,에코프로비엠,2026.08.03 23:32,,,,8,288c8e780b5d,헝가리 생산기지
DM-000654,raw_texts.csv,655,crawler.py,네이버 종목토론방 제목 + 네이버 통합검색 뉴스,board,토론방 제목,에코프로비엠,2026.08.03 23:31,,,,18,d63447b97166,야 민주당 유료회원 탈퇴 우찌하냐
DM-000655,raw_texts.csv,656,crawler.py,네이버 종목토론방 제목 + 네이버 통합검색 뉴스,board,토론방 제목,에코프로비엠,2026.08.03 23:27,,,,6,d89df7b1bec5,●아이오닉3
DM-000656,raw_texts.csv,657,crawler.py,네이버 종목토론방 제목 + 네이버 통합검색 뉴스,board,토론방 제목,에코프로비엠,2026.08.03 23:00,,,,2,5a0dbb748a9b,무제
DM-000657,raw_texts.csv,658,crawler.py,네이버 종목토론방 제목 + 네이버 통합검색 뉴스,board,토론방 제목,에코프로비엠,2026.08.03 22:42,,,,20,479beb31d39e,혹시 화장품 사업하는 이유가 딸 때문
DM-000658,raw_texts.csv,659,crawler.py,네이버 종목토론방 제목 + 네이버 통합검색 뉴스,board,토론방 제목,에코프로비엠,2026.08.03 22:37,,,,66,6323a8b32771,"이동채, 이 놈은, , 몇 천억 정도의 , 재산을 , 가족 명의로,  빼 돌려 놓고, 유증한다고 ? ....ㅎㅎㅎㅎㅎㅎ"
DM-000659,raw_texts.csv,660,crawler.py,네이버 종목토론방 제목 + 네이버 통합검색 뉴스,board,토론방 제목,에코프로비엠,2026.08.03 21:57,,,,11,e7bd900ef650,나도 목표가 정해준다
DM-000660,raw_texts.csv,661,crawler.py,네이버 종목토론방 제목 + 네이버 통합검색 뉴스,board,토론방 제목,에코프로비엠,2026.08.03 20:58,,,,6,5d7486859198,이거상폐인가
DM-000661,raw_texts.csv,662,crawler.py,네이버 종목토론방 제목 + 네이버 통합검색 뉴스,board,토론방 제목,에코프로비엠,2026.08.03 20:48,,,,11,6a6a8d801b9c,관심종목에서 삭제했음
DM-000662,raw_texts.csv,663,crawler.py,네이버 종목토론방 제목 + 네이버 통합검색 뉴스,board,토론방 제목,에코프로비엠,2026.08.03 20:46,,,,6,35290bca7865,뮈~뭐라고?
DM-000663,raw_texts.csv,664,crawler.py,네이버 종목토론방 제목 + 네이버 통합검색 뉴스,board,토론방 제목,에코프로비엠,2026.08.03 20:38,,,,4,50dca3aa9313,회사것들
DM-000664,raw_texts.csv,665,crawler.py,네이버 종목토론방 제목 + 네이버 통합검색 뉴스,board,토론방 제목,에코프로비엠,2026.08.03 20:29,,,,33,fa1889983465,잡주 윤성코스모엔켐도 15%가고 오늘도 5%엔켐윤성 또 급등
DM-000665,raw_texts.csv,666,crawler.py,네이버 종목토론방 제목 + 네이버 통합검색 뉴스,board,토론방 제목,에코프로비엠,2026.08.03 19:55,,,분노·불신,12,1c9377ff3705,매출 실적도 없는 거품
DM-000666,raw_texts.csv,667,crawler.py,네이버 종목토론방 제목 + 네이버 통합검색 뉴스,board,토론방 제목,에코프로비엠,2026.08.03 19:51,,,,5,91c137292159,진짜 저뚜
DM-000667,raw_texts.csv,668,crawler.py,네이버 종목토론방 제목 + 네이버 통합검색 뉴스,board,토론방 제목,에코프로비엠,2026.08.03 19:41,,,,10,b4b63ac310b9,날카롭게 내려 꽂네
DM-000668,raw_texts.csv,669,crawler.py,네이버 종목토론방 제목 + 네이버 통합검색 뉴스,board,토론방 제목,에코프로비엠,2026.08.03 19:31,,,,3,217119161acb,백만원
DM-000669,raw_texts.csv,670,crawler.py,네이버 종목토론방 제목 + 네이버 통합검색 뉴스,board,토론방 제목,에코프로비엠,2026.08.03 19:24,,,,13,e358f4a39f91,그놈에 5만원 제발 와라
DM-000670,raw_texts.csv,671,crawler.py,네이버 종목토론방 제목 + 네이버 통합검색 뉴스,board,토론방 제목,에코프로비엠,2026.08.03 19:19,,,,4,756d267e44b5,5만원대
DM-000671,raw_texts.csv,672,crawler.py,네이버 종목토론방 제목 + 네이버 통합검색 뉴스,board,토론방 제목,에코프로비엠,2026.08.03 18:50,,,,2,7e27def9c92c,이런
DM-000672,raw_texts.csv,673,crawler.py,네이버 종목토론방 제목 + 네이버 통합검색 뉴스,board,토론방 제목,에코프로비엠,2026.08.03 18:45,,,,27,0b6d186fa303,전 분기 전년 동기 대비 양극제 수출량 증가했다.
DM-000673,raw_texts.csv,674,crawler.py,네이버 종목토론방 제목 + 네이버 통합검색 뉴스,board,토론방 제목,에코프로비엠,2026.08.03 18:44,,,,3,7f962af7f522,5만원
DM-000674,raw_texts.csv,675,crawler.py,네이버 종목토론방 제목 + 네이버 통합검색 뉴스,board,토론방 제목,에코프로비엠,2026.08.03 18:32,,,,9,1be33fde9b62,그지같은 회사 ㅋ
DM-000675,raw_texts.csv,676,crawler.py,네이버 종목토론방 제목 + 네이버 통합검색 뉴스,board,토론방 제목,에코프로비엠,2026.08.03 18:04,,,,6,d9b14e72e20b,말이안되는게
DM-000676,raw_texts.csv,677,crawler.py,네이버 종목토론방 제목 + 네이버 통합검색 뉴스,board,토론방 제목,에코프로비엠,2026.08.03 17:49,,,,20,8a37eee0b292,난 찬티 뿡어덜 정말 이해불가 ㅋㅋㅋ
DM-000677,raw_texts.csv,678,crawler.py,네이버 종목토론방 제목 + 네이버 통합검색 뉴스,board,토론방 제목,에코프로비엠,2026.08.03 17:47,,,,26,db2c6cebffd1,여자들이 전기차 타는남자 싫어한다는 뉴스보고..
DM-000678,raw_texts.csv,679,crawler.py,네이버 종목토론방 제목 + 네이버 통합검색 뉴스,board,토론방 제목,에코프로비엠,2026.08.03 17:37,,,,17,919c8e8e60b3,메인계좌도 인증허고 싶다 ㅋㅋㅋ
DM-000679,raw_texts.csv,680,crawler.py,네이버 종목토론방 제목 + 네이버 통합검색 뉴스,board,토론방 제목,에코프로비엠,2026.08.03 17:34,,,,14,eefa023f2d8d,IR자료가 중학교 수준이네
DM-000680,raw_texts.csv,681,crawler.py,네이버 종목토론방 제목 + 네이버 통합검색 뉴스,board,토론방 제목,에코프로비엠,2026.08.03 17:30,,,,20,d27082d118e9,평단 20만원 넘은 뿡어덜은 ㅌㅌㅌㅌ
DM-000681,raw_texts.csv,682,crawler.py,네이버 종목토론방 제목 + 네이버 통합검색 뉴스,board,토론방 제목,에코프로비엠,2026.08.03 17:22,,,,17,85611ebeabd9,어떤곳에서는 맨날 줍줍 찬스라고
DM-000682,raw_texts.csv,683,crawler.py,네이버 종목토론방 제목 + 네이버 통합검색 뉴스,board,토론방 제목,에코프로비엠,2026.08.03 17:21,,,,18,5324f844ed7e,쩜상속보서울·경기남부‘폭염중대경보
DM-000683,raw_texts.csv,684,crawler.py,네이버 종목토론방 제목 + 네이버 통합검색 뉴스,board,토론방 제목,에코프로비엠,2026.08.03 16:56,,,후회·손실고통,9,7a2e5ab4bee9,최고점대비 70퍼
DM-000684,raw_texts.csv,685,crawler.py,네이버 종목토론방 제목 + 네이버 통합검색 뉴스,board,토론방 제목,에코프로비엠,2026.08.03 16:47,,,,3,557cbc9da15d,실적도
DM-000685,raw_texts.csv,686,crawler.py,네이버 종목토론방 제목 + 네이버 통합검색 뉴스,board,토론방 제목,에코프로비엠,2026.08.03 16:43,,,,18,f2756e7084e6,박이사  선대인이는 요즘 뭐하노?
DM-000686,raw_texts.csv,687,crawler.py,네이버 종목토론방 제목 + 네이버 통합검색 뉴스,board,토론방 제목,에코프로비엠,2026.08.03 16:39,,,,13,d3e70096f457,미리빼라 이번주내내빠진다
DM-000687,raw_texts.csv,688,crawler.py,네이버 종목토론방 제목 + 네이버 통합검색 뉴스,board,토론방 제목,에코프로비엠,2026.08.03 16:38,,,,8,7037cff72c5e,내일은 오를거야
DM-000688,raw_texts.csv,689,crawler.py,네이버 종목토론방 제목 + 네이버 통합검색 뉴스,board,토론방 제목,에코프로,2026.08.04 14:23,,,,5,7c0a665fa629,엘지전자는
DM-000689,raw_texts.csv,690,crawler.py,네이버 종목토론방 제목 + 네이버 통합검색 뉴스,board,토론방 제목,에코프로,2026.08.04 14:22,,,,6,5fe3b2b6fdc6,실적 망했다
DM-000690,raw_texts.csv,691,crawler.py,네이버 종목토론방 제목 + 네이버 통합검색 뉴스,board,토론방 제목,에코프로,2026.08.04 14:22,,,,12,9dccec85b36b,실적 개박았다며????
DM-000691,raw_texts.csv,692,crawler.py,네이버 종목토론방 제목 + 네이버 통합검색 뉴스,board,토론방 제목,에코프로,2026.08.04 14:21,,,,8,1ce6902d5ccd,실적 뭐냐 으휴
DM-000692,raw_texts.csv,693,crawler.py,네이버 종목토론방 제목 + 네이버 통합검색 뉴스,board,토론방 제목,에코프로,2026.08.04 14:21,,,,27,5b847ecfc019,에코프로 2분기 실적발표회 내용에 대한 개인 의견
DM-000693,raw_texts.csv,694,crawler.py,네이버 종목토론방 제목 + 네이버 통합검색 뉴스,board,토론방 제목,에코프로,2026.08.04 14:20,,,,6,2291e045bdaf,실적발표하면
DM-000694,raw_texts.csv,695,crawler.py,네이버 종목토론방 제목 + 네이버 통합검색 뉴스,board,토론방 제목,에코프로,2026.08.04 14:20,,,,2,8d5b765ad48e,그려
DM-000695,raw_texts.csv,696,crawler.py,네이버 종목토론방 제목 + 네이버 통합검색 뉴스,board,토론방 제목,에코프로,2026.08.04 14:20,,,,9,318c10b9fc05,찬물뿌리기전문이냐
DM-000696,raw_texts.csv,697,crawler.py,네이버 종목토론방 제목 + 네이버 통합검색 뉴스,board,토론방 제목,에코프로,2026.08.04 14:20,,,,7,58e2eb9d2d21,실적 개판이네
DM-000697,raw_texts.csv,698,crawler.py,네이버 종목토론방 제목 + 네이버 통합검색 뉴스,board,토론방 제목,에코프로,2026.08.04 14:19,,,,5,db106acd5b2d,찡찡 금지
DM-000698,raw_texts.csv,699,crawler.py,네이버 종목토론방 제목 + 네이버 통합검색 뉴스,board,토론방 제목,에코프로,2026.08.04 14:19,,,,3,4930560a823a,희안타
DM-000699,raw_texts.csv,700,crawler.py,네이버 종목토론방 제목 + 네이버 통합검색 뉴스,board,토론방 제목,에코프로,2026.08.04 14:19,,,,5,647bd5cb1997,컨콜 요약
DM-000700,raw_texts.csv,701,crawler.py,네이버 종목토론방 제목 + 네이버 통합검색 뉴스,board,토론방 제목,에코프로,2026.08.04 14:18,,,충동·중독시그널,31,70dbe26bc7b6,버티는거 보니 추세 전환인가 보다...풀매수 대응하자..
DM-000701,raw_texts.csv,702,crawler.py,네이버 종목토론방 제목 + 네이버 통합검색 뉴스,board,토론방 제목,에코프로,2026.08.04 14:18,,,,14,b3e67ddd00c1,난 1조5천억쯤 할줄알았다
DM-000702,raw_texts.csv,703,crawler.py,네이버 종목토론방 제목 + 네이버 통합검색 뉴스,board,토론방 제목,에코프로,2026.08.04 14:17,,,,7,57c2b327e363,2분기 실적은
DM-000703,raw_texts.csv,704,crawler.py,네이버 종목토론방 제목 + 네이버 통합검색 뉴스,board,토론방 제목,에코프로,2026.08.04 14:17,,,,4,6243f20ae347,난 왠지
DM-000704,raw_texts.csv,705,crawler.py,네이버 종목토론방 제목 + 네이버 통합검색 뉴스,board,토론방 제목,에코프로,2026.08.04 14:16,,,,7,8aab08a5e99c,실적 게판이라
DM-000705,raw_texts.csv,706,crawler.py,네이버 종목토론방 제목 + 네이버 통합검색 뉴스,board,토론방 제목,에코프로,2026.08.04 14:16,,,,25,6d15cac54318,아니 에코 2분기 실적 그닥인거 이미 다 알고
DM-000706,raw_texts.csv,707,crawler.py,네이버 종목토론방 제목 + 네이버 통합검색 뉴스,board,토론방 제목,에코프로,2026.08.04 14:16,,,,18,98f86a248b56,머티 개급락했는데 니는 왜 버티노
DM-000707,raw_texts.csv,708,crawler.py,네이버 종목토론방 제목 + 네이버 통합검색 뉴스,board,토론방 제목,에코프로,2026.08.04 14:16,,,불안·공포,20,c5ecbc74e476,예정된 수순이다. 폭락한다고 했짠니.
DM-000708,raw_texts.csv,709,crawler.py,네이버 종목토론방 제목 + 네이버 통합검색 뉴스,board,토론방 제목,에코프로,2026.08.04 14:16,,,,15,afc7a9c4bd5a,놀랍지도 않다ㅋㅋㅋㅋㅋㅋㅋㅋ
DM-000709,raw_texts.csv,710,crawler.py,네이버 종목토론방 제목 + 네이버 통합검색 뉴스,board,토론방 제목,에코프로,2026.08.04 14:16,,,,6,202963a6dace,진짜 못된게
DM-000710,raw_texts.csv,711,crawler.py,네이버 종목토론방 제목 + 네이버 통합검색 뉴스,board,토론방 제목,에코프로,2026.08.04 14:15,,,,9,36ab2c11a68e,멀 내리거 그러냐
DM-000711,raw_texts.csv,712,crawler.py,네이버 종목토론방 제목 + 네이버 통합검색 뉴스,board,토론방 제목,에코프로,2026.08.04 14:15,,,,5,1aaaa04c4d81,하 어렵다
DM-000712,raw_texts.csv,713,crawler.py,네이버 종목토론방 제목 + 네이버 통합검색 뉴스,board,토론방 제목,에코프로,2026.08.04 14:15,,,,18,c1ccdc9766cb,수주공시 수주 이야기가 절실하다.
DM-000713,raw_texts.csv,714,crawler.py,네이버 종목토론방 제목 + 네이버 통합검색 뉴스,board,토론방 제목,에코프로,2026.08.04 14:15,,,,11,ead4f48f80c0,매출 감소 수익 둔화
DM-000714,raw_texts.csv,715,crawler.py,네이버 종목토론방 제목 + 네이버 통합검색 뉴스,board,토론방 제목,에코프로,2026.08.04 14:15,,,,24,e937c673a577,이딴 매출류 1조넘는 금액 유증을 하려하는게
DM-000715,raw_texts.csv,716,crawler.py,네이버 종목토론방 제목 + 네이버 통합검색 뉴스,board,토론방 제목,에코프로,2026.08.04 14:14,,,,9,0c93701014be,빨리 10만 에코
DM-000716,raw_texts.csv,717,crawler.py,네이버 종목토론방 제목 + 네이버 통합검색 뉴스,board,토론방 제목,에코프로,2026.08.04 14:14,,,,9,ad433e58b461,실적보소 처참하네
DM-000717,raw_texts.csv,718,crawler.py,네이버 종목토론방 제목 + 네이버 통합검색 뉴스,board,토론방 제목,에코프로,2026.08.04 14:14,,,,5,7b3e2fd7ebc5,역시 지옥
DM-000718,raw_texts.csv,719,crawler.py,네이버 종목토론방 제목 + 네이버 통합검색 뉴스,board,토론방 제목,에코프로,2026.08.04 14:14,,,,8,8d7d79185018,컨콜좀똑바로해라
DM-000719,raw_texts.csv,720,crawler.py,네이버 종목토론방 제목 + 네이버 통합검색 뉴스,board,토론방 제목,에코프로,2026.08.04 14:14,,,,14,0d7425e5612f,내일은 6만원대 볼예정이드
DM-000720,raw_texts.csv,721,crawler.py,네이버 종목토론방 제목 + 네이버 통합검색 뉴스,board,토론방 제목,에코프로,2026.08.04 14:14,,,,4,244b28e78ae0,"조짓다,"
DM-000721,raw_texts.csv,722,crawler.py,네이버 종목토론방 제목 + 네이버 통합검색 뉴스,board,토론방 제목,에코프로,2026.08.04 14:14,,,,24,5a9086c8f0c2,아이러니 하게도 국내주식은 실적 좋으면 하락
DM-000722,raw_texts.csv,723,crawler.py,네이버 종목토론방 제목 + 네이버 통합검색 뉴스,board,토론방 제목,에코프로,2026.08.04 14:13,,,,15,08b5641df598,제발  컨콜  잘마무리하자🙏
DM-000723,raw_texts.csv,724,crawler.py,네이버 종목토론방 제목 + 네이버 통합검색 뉴스,board,토론방 제목,에코프로,2026.08.04 14:13,,,,6,409393cccfc3,이럴줄알았다
DM-000724,raw_texts.csv,725,crawler.py,네이버 종목토론방 제목 + 네이버 통합검색 뉴스,board,토론방 제목,에코프로,2026.08.04 14:12,,,,10,e890d9a9d45b,난진짜다팔고 삼전감
DM-000725,raw_texts.csv,726,crawler.py,네이버 종목토론방 제목 + 네이버 통합검색 뉴스,board,토론방 제목,에코프로,2026.08.04 14:12,,,,15,492868684ada,에코프로 머티는 급락이다!!
DM-000726,raw_texts.csv,727,crawler.py,네이버 종목토론방 제목 + 네이버 통합검색 뉴스,board,토론방 제목,에코프로,2026.08.04 14:12,,,,13,b1644889388c,실적이 이따구에 유증??
DM-000727,raw_texts.csv,728,crawler.py,네이버 종목토론방 제목 + 네이버 통합검색 뉴스,board,토론방 제목,에코프로,2026.08.04 14:12,,,,16,73f3a38793ea,실적 괜찮음 컨콜만 잘하면 됨
DM-000728,raw_texts.csv,729,crawler.py,네이버 종목토론방 제목 + 네이버 통합검색 뉴스,board,토론방 제목,에코프로,2026.08.04 14:11,,,,15,9be9b561923f,에코 실적 턴어라운드 기대감
DM-000729,raw_texts.csv,730,crawler.py,네이버 종목토론방 제목 + 네이버 통합검색 뉴스,board,토론방 제목,에코프로,2026.08.04 14:11,,,,12,c5ff1131a9a7,실적  나쁜것도 아니다
DM-000730,raw_texts.csv,731,crawler.py,네이버 종목토론방 제목 + 네이버 통합검색 뉴스,board,토론방 제목,에코프로,2026.08.04 14:11,,,,5,88af3d1db7a9,IR...
DM-000731,raw_texts.csv,732,crawler.py,네이버 종목토론방 제목 + 네이버 통합검색 뉴스,board,토론방 제목,에코프로,2026.08.04 14:10,,,,11,4a1d8adf4fa6,실적 괜춘한거 아닝?
DM-000732,raw_texts.csv,733,crawler.py,네이버 종목토론방 제목 + 네이버 통합검색 뉴스,board,토론방 제목,에코프로,2026.08.04 14:10,,,,10,a7ded5bbe4ff,실적 예상보다 하회
DM-000733,raw_texts.csv,734,crawler.py,네이버 종목토론방 제목 + 네이버 통합검색 뉴스,board,토론방 제목,에코프로,2026.08.04 14:10,,,,2,05ffed417962,가자
DM-000734,raw_texts.csv,735,crawler.py,네이버 종목토론방 제목 + 네이버 통합검색 뉴스,board,토론방 제목,에코프로,2026.08.04 14:10,,,,7,ee22fd591881,정말 너무하네
DM-000735,raw_texts.csv,736,crawler.py,네이버 종목토론방 제목 + 네이버 통합검색 뉴스,board,토론방 제목,에코프로,2026.08.04 14:10,,,,17,014dd10cf8bd,실적이 개판인데. 뭔 유증이냐.
DM-000736,raw_texts.csv,737,crawler.py,네이버 종목토론방 제목 + 네이버 통합검색 뉴스,board,토론방 제목,에코프로,2026.08.04 14:09,,,,1,20bdcf5c8f8b,와
DM-000737,raw_texts.csv,738,crawler.py,네이버 종목토론방 제목 + 네이버 통합검색 뉴스,board,토론방 제목,에코프로,2026.08.04 14:09,,,,11,89e9b3759813,지금주가에서내려봤자임
DM-000738,raw_texts.csv,739,crawler.py,네이버 종목토론방 제목 + 네이버 통합검색 뉴스,board,토론방 제목,에코프로,2026.08.04 14:09,,,분노·불신,12,a9aed57f5c07,에코프로 주가조작 ㅋㅋ
DM-000739,raw_texts.csv,740,crawler.py,네이버 종목토론방 제목 + 네이버 통합검색 뉴스,board,토론방 제목,에코프로,2026.08.04 14:08,,,,22,682948927748,..... 이래서 제3자 유증이 안됬구나
DM-000740,raw_texts.csv,741,crawler.py,네이버 종목토론방 제목 + 네이버 통합검색 뉴스,board,토론방 제목,에코프로,2026.08.04 14:08,,,불안·공포,10,83ab0a5e30e0,걱정했던거보다 좋네
DM-000741,raw_texts.csv,742,crawler.py,네이버 종목토론방 제목 + 네이버 통합검색 뉴스,board,토론방 제목,에코프로,2026.08.04 14:08,,,,14,b86213172642,악재소멸!  흑자전환!!!
DM-000742,raw_texts.csv,743,crawler.py,네이버 종목토론방 제목 + 네이버 통합검색 뉴스,board,토론방 제목,에코프로,2026.08.04 14:07,,,,14,2a41b62ac006,ㅋㅋ 실발만을 기다린것처렁
DM-000743,raw_texts.csv,744,crawler.py,네이버 종목토론방 제목 + 네이버 통합검색 뉴스,board,토론방 제목,에코프로,2026.08.04 14:07,,,,20,aaa50fd85182,ㅋㅋㅋ이딴실적으로 10만원이 말이되냐
DM-000744,raw_texts.csv,745,crawler.py,네이버 종목토론방 제목 + 네이버 통합검색 뉴스,board,토론방 제목,에코프로,2026.08.04 14:06,,,,3,db8ed5336c42,에코들
DM-000745,raw_texts.csv,746,crawler.py,네이버 종목토론방 제목 + 네이버 통합검색 뉴스,board,토론방 제목,에코프로,2026.08.04 14:06,,,,13,facaf0807c58,2분기 영익 329억이네
DM-000746,raw_texts.csv,747,crawler.py,네이버 종목토론방 제목 + 네이버 통합검색 뉴스,board,토론방 제목,에코프로,2026.08.04 14:06,,,,27,cd2ce85e5ad4,분기 300억 ㅋㅋㅋㅋ 심지어 비엠이익 2중계상임
DM-000747,raw_texts.csv,748,crawler.py,네이버 종목토론방 제목 + 네이버 통합검색 뉴스,board,토론방 제목,에코프로,2026.08.04 14:05,,,,42,df12caabc0c3,수주 공시 이런거 없나요? 버티고 버티던 사람들에겐 날벼락같은 실적이네...
DM-000748,raw_texts.csv,749,crawler.py,네이버 종목토론방 제목 + 네이버 통합검색 뉴스,board,토론방 제목,에코프로,2026.08.04 14:05,,,,16,2084907a9da8,이미 두 달간 조올라게 떨어짐
DM-000749,raw_texts.csv,750,crawler.py,네이버 종목토론방 제목 + 네이버 통합검색 뉴스,board,토론방 제목,에코프로,2026.08.04 14:05,,,,4,41840fbc9ba3,흑자전환
DM-000750,raw_texts.csv,751,crawler.py,네이버 종목토론방 제목 + 네이버 통합검색 뉴스,board,토론방 제목,에코프로,2026.08.04 14:05,,,,2,de06109890d2,gr
DM-000751,raw_texts.csv,752,crawler.py,네이버 종목토론방 제목 + 네이버 통합검색 뉴스,board,토론방 제목,에코프로,2026.08.04 14:04,,,,13,9b4016997b66,머티는 실발하고 하방vi
DM-000752,raw_texts.csv,753,crawler.py,네이버 종목토론방 제목 + 네이버 통합검색 뉴스,board,토론방 제목,에코프로,2026.08.04 14:04,,,분노·불신,11,681870e0e3e3,나갈 개미들은 나가라
DM-000753,raw_texts.csv,754,crawler.py,네이버 종목토론방 제목 + 네이버 통합검색 뉴스,board,토론방 제목,에코프로,2026.08.04 14:04,,,,7,62ffd2bef00b,실적이 좋아도
DM-000754,raw_texts.csv,755,crawler.py,네이버 종목토론방 제목 + 네이버 통합검색 뉴스,board,토론방 제목,에코프로,2026.08.04 14:04,,,,17,56216ade6914,반도체 소부장보다 돈을못버네..
DM-000755,raw_texts.csv,756,crawler.py,네이버 종목토론방 제목 + 네이버 통합검색 뉴스,board,토론방 제목,에코프로,2026.08.04 14:04,,,,13,c66869bd6250,머티는 하한가 가는데 ~
DM-000756,raw_texts.csv,757,crawler.py,네이버 종목토론방 제목 + 네이버 통합검색 뉴스,board,토론방 제목,에코프로,2026.08.04 14:04,,,,30,76d64baf467d,"머티대규모적자, 에이치엔적자, 비엠 하회 , 프로 하회"
DM-000757,raw_texts.csv,758,crawler.py,네이버 종목토론방 제목 + 네이버 통합검색 뉴스,board,토론방 제목,에코프로,2026.08.04 14:04,,,불안·공포,19,5fb304ac8819,돌들 폭락 한다고 해도 말 안듣더니
DM-000758,raw_texts.csv,759,crawler.py,네이버 종목토론방 제목 + 네이버 통합검색 뉴스,board,토론방 제목,에코프로,2026.08.04 14:04,,,,20,ee02bb94a61d,악재소멸  이제부터  진상승 시작이다
DM-000759,raw_texts.csv,760,crawler.py,네이버 종목토론방 제목 + 네이버 통합검색 뉴스,board,토론방 제목,에코프로,2026.08.04 14:04,,,,22,692699bd7985,분기영익 300억인데 시총 11조요….?
DM-000760,raw_texts.csv,761,crawler.py,네이버 종목토론방 제목 + 네이버 통합검색 뉴스,board,토론방 제목,에코프로,2026.08.04 14:04,,,,13,52f6d7627e15,일 적게 하고 돈은 벌음
DM-000761,raw_texts.csv,762,crawler.py,네이버 종목토론방 제목 + 네이버 통합검색 뉴스,board,토론방 제목,에코프로,2026.08.04 14:03,,,후회·손실고통,19,ca813f64fa28,이거 산 사람 거의 다 물렸을 텐데
DM-000762,raw_texts.csv,763,crawler.py,네이버 종목토론방 제목 + 네이버 통합검색 뉴스,board,토론방 제목,에코프로,2026.08.04 14:03,,,,12,9b53179893cc,프로그램  매도  물량
DM-000763,raw_texts.csv,764,crawler.py,네이버 종목토론방 제목 + 네이버 통합검색 뉴스,board,토론방 제목,에코프로,2026.08.04 14:03,,,,9,236a2ce891b1,ㅋㅋㅋㅋㅋ 뭐했노
DM-000764,raw_texts.csv,765,crawler.py,네이버 종목토론방 제목 + 네이버 통합검색 뉴스,board,토론방 제목,에코프로,2026.08.04 14:03,,,,10,c8bd5af0647c,신저가간다니까ㅋㅋㅋ
DM-000765,raw_texts.csv,766,crawler.py,네이버 종목토론방 제목 + 네이버 통합검색 뉴스,board,토론방 제목,에코프로,2026.08.04 14:03,,,,15,5d99fd6e30ac,자자 약속의 2시입니다...
DM-000766,raw_texts.csv,767,crawler.py,네이버 종목토론방 제목 + 네이버 통합검색 뉴스,board,토론방 제목,에코프로,2026.08.04 14:02,,,,13,d2a1448e95af,이동채가 운영을 못하는듯
DM-000767,raw_texts.csv,768,crawler.py,네이버 종목토론방 제목 + 네이버 통합검색 뉴스,board,토론방 제목,에코프로,2026.08.04 14:02,,,,24,3e725741e41c,영익 겨우 329억으로 시총이 11조!!ㅋㅋ
DM-000768,raw_texts.csv,769,crawler.py,네이버 종목토론방 제목 + 네이버 통합검색 뉴스,board,토론방 제목,에코프로,2026.08.04 14:01,,,충동·중독시그널,27,b0c3c4f60bc4,걍 다팔고 삼전에 물리자 영업이익300억은못참는다
DM-000769,raw_texts.csv,770,crawler.py,네이버 종목토론방 제목 + 네이버 통합검색 뉴스,board,토론방 제목,에코프로,2026.08.04 14:01,,,,5,1249220af58d,실적 개망
DM-000770,raw_texts.csv,771,crawler.py,네이버 종목토론방 제목 + 네이버 통합검색 뉴스,board,토론방 제목,에코프로,2026.08.04 14:00,,,,24,a8715df116fc,매출도 적어 영익도 적어 시총 4조도 비싸다
DM-000771,raw_texts.csv,772,crawler.py,네이버 종목토론방 제목 + 네이버 통합검색 뉴스,board,토론방 제목,에코프로,2026.08.04 14:00,,,,13,b8a095653bb3,시장좋은거에 ㅈㄴ감사해라
DM-000772,raw_texts.csv,773,crawler.py,네이버 종목토론방 제목 + 네이버 통합검색 뉴스,board,토론방 제목,에코프로,2026.08.04 14:00,,,,7,231341c3cf06,역시나 실적이
DM-000773,raw_texts.csv,774,crawler.py,네이버 종목토론방 제목 + 네이버 통합검색 뉴스,board,토론방 제목,에코프로,2026.08.04 13:59,,,,2,604f46a11757,스탑
DM-000774,raw_texts.csv,775,crawler.py,네이버 종목토론방 제목 + 네이버 통합검색 뉴스,board,토론방 제목,에코프로,2026.08.04 13:59,,,,26,027867df3fa1,에코프로 머티도 적자네... 에이치엔도 하회..
DM-000775,raw_texts.csv,776,crawler.py,네이버 종목토론방 제목 + 네이버 통합검색 뉴스,board,토론방 제목,에코프로,2026.08.04 13:59,,,,11,1327f57de0c9,이러면 안되는데...
DM-000776,raw_texts.csv,777,crawler.py,네이버 종목토론방 제목 + 네이버 통합검색 뉴스,board,토론방 제목,에코프로,2026.08.04 13:59,,,,28,b9d2bc92f9e4,자..이제  나올 가능성이 있는 악재는 다 나왓냐?
DM-000777,raw_texts.csv,778,crawler.py,네이버 종목토론방 제목 + 네이버 통합검색 뉴스,board,토론방 제목,에코프로,2026.08.04 13:58,,,,14,78ca0e29586d,적자전환 부인하고 싶었는지
DM-000778,raw_texts.csv,779,crawler.py,네이버 종목토론방 제목 + 네이버 통합검색 뉴스,board,토론방 제목,에코프로,2026.08.04 13:58,,,,6,6083ff144e51,꼬라지ㅋㅋㅋ
DM-000779,raw_texts.csv,780,crawler.py,네이버 종목토론방 제목 + 네이버 통합검색 뉴스,board,토론방 제목,에코프로,2026.08.04 13:58,,,,32,f564436ee93b,300억대네 ㅠㅠ 에코프로 에이치엔도 하회네  전부 안좋네
DM-000780,raw_texts.csv,781,crawler.py,네이버 종목토론방 제목 + 네이버 통합검색 뉴스,board,토론방 제목,에코프로,2026.08.04 13:58,,,,3,31dcef7e38fa,모하니
DM-000781,raw_texts.csv,782,crawler.py,네이버 종목토론방 제목 + 네이버 통합검색 뉴스,board,토론방 제목,에코프로,2026.08.04 13:58,,,,2,b2482e8490a2,실적
DM-000782,raw_texts.csv,783,crawler.py,네이버 종목토론방 제목 + 네이버 통합검색 뉴스,board,토론방 제목,에코프로,2026.08.04 13:58,,,,3,5cf2981826fd,떴네~
DM-000783,raw_texts.csv,784,crawler.py,네이버 종목토론방 제목 + 네이버 통합검색 뉴스,board,토론방 제목,에코프로,2026.08.04 13:57,,,불안·공포,13,1aca55725074,ㅋㅋㅋㅋ 폭락 우하하하하
DM-000784,raw_texts.csv,785,crawler.py,네이버 종목토론방 제목 + 네이버 통합검색 뉴스,board,토론방 제목,에코프로,2026.08.04 13:57,,,,17,a96bd78791fc,ㅋㅋㅋㅋㅋ나락간더 실적 개망이네
DM-000785,raw_texts.csv,786,crawler.py,네이버 종목토론방 제목 + 네이버 통합검색 뉴스,board,토론방 제목,에코프로,2026.08.04 13:56,,,,34,f85afd226faf,와 실적 어닝서프라이즈 달성 ㄷㄷㄷㄷㄷㄷㄷㄷㄷㄷㄷㄷㄷㄷㄷㄷㄷㄷ
DM-000786,raw_texts.csv,787,crawler.py,네이버 종목토론방 제목 + 네이버 통합검색 뉴스,board,토론방 제목,에코프로,2026.08.04 13:55,,,,13,df7d1eaa072e,실적 선방했다 야호!!!
DM-000787,raw_texts.csv,788,crawler.py,네이버 종목토론방 제목 + 네이버 통합검색 뉴스,board,토론방 제목,알테오젠,2026.08.04 14:21,,,,18,b7a33130fcb7,권리락 이후에는 또 팔기 바쁘겠네
DM-000788,raw_texts.csv,789,crawler.py,네이버 종목토론방 제목 + 네이버 통합검색 뉴스,board,토론방 제목,알테오젠,2026.08.04 14:20,,,,2,d07eb370764a,지금
DM-000789,raw_texts.csv,790,crawler.py,네이버 종목토론방 제목 + 네이버 통합검색 뉴스,board,토론방 제목,알테오젠,2026.08.04 14:18,,,,10,d64996c98837,참고요. 펀글입닏ᆢ
DM-000790,raw_texts.csv,791,crawler.py,네이버 종목토론방 제목 + 네이버 통합검색 뉴스,board,토론방 제목,알테오젠,2026.08.04 14:16,,,,17,f7db5aebefb1,얘는 오히려 무증 때문에 못 감
DM-000791,raw_texts.csv,792,crawler.py,네이버 종목토론방 제목 + 네이버 통합검색 뉴스,board,토론방 제목,알테오젠,2026.08.04 14:14,,,,53,861f9aef79bd,오늘  상승이유  바이오섹타  오르니까  동반편승해서  그리고  무증보고  단타성으로  들어와서
DM-000792,raw_texts.csv,793,crawler.py,네이버 종목토론방 제목 + 네이버 통합검색 뉴스,board,토론방 제목,알테오젠,2026.08.04 14:14,,,,5,9762343c4df3,내일 공시
DM-000793,raw_texts.csv,794,crawler.py,네이버 종목토론방 제목 + 네이버 통합검색 뉴스,board,토론방 제목,알테오젠,2026.08.04 14:14,,,,9,9324766b9040,좋은 주식이었으면
DM-000794,raw_texts.csv,795,crawler.py,네이버 종목토론방 제목 + 네이버 통합검색 뉴스,board,토론방 제목,알테오젠,2026.08.04 14:13,,,,17,2143a6cbe295,32만 원~ 그 가격을 넘었다~
DM-000795,raw_texts.csv,796,crawler.py,네이버 종목토론방 제목 + 네이버 통합검색 뉴스,board,토론방 제목,알테오젠,2026.08.04 14:09,,,후회·손실고통,28,757c5306d196,와우 겨우 본전왔다. 반도체가 계속 찌그러져 있어야
DM-000796,raw_texts.csv,797,crawler.py,네이버 종목토론방 제목 + 네이버 통합검색 뉴스,board,토론방 제목,알테오젠,2026.08.04 14:06,,,,10,08a8e35bccf5,무증26.5에 사라
DM-000797,raw_texts.csv,798,crawler.py,네이버 종목토론방 제목 + 네이버 통합검색 뉴스,board,토론방 제목,알테오젠,2026.08.04 14:06,,,,4,7a56519d47e1,지금은?
DM-000798,raw_texts.csv,799,crawler.py,네이버 종목토론방 제목 + 네이버 통합검색 뉴스,board,토론방 제목,알테오젠,2026.08.04 14:00,,,,10,f389adbae5cd,그냥 가만히 있어.
DM-000799,raw_texts.csv,800,crawler.py,네이버 종목토론방 제목 + 네이버 통합검색 뉴스,board,토론방 제목,알테오젠,2026.08.04 13:58,,,,21,d5025812b177,글 올린 사람 중에 주주가 없네. 거의
DM-000800,raw_texts.csv,801,crawler.py,네이버 종목토론방 제목 + 네이버 통합검색 뉴스,board,토론방 제목,알테오젠,2026.08.04 13:52,,,,8,0f0f6d525858,성의있는상승장왕
DM-000801,raw_texts.csv,802,crawler.py,네이버 종목토론방 제목 + 네이버 통합검색 뉴스,board,토론방 제목,알테오젠,2026.08.04 13:51,,,후회·손실고통,5,6b2b1919170e,오늘이고점
DM-000802,raw_texts.csv,803,crawler.py,네이버 종목토론방 제목 + 네이버 통합검색 뉴스,board,토론방 제목,알테오젠,2026.08.04 13:49,,,,3,885ad1a4a674,햄왔다
DM-000803,raw_texts.csv,804,crawler.py,네이버 종목토론방 제목 + 네이버 통합검색 뉴스,board,토론방 제목,알테오젠,2026.08.04 13:47,,,,3,2b5bc1e6054b,아까는
DM-000804,raw_texts.csv,805,crawler.py,네이버 종목토론방 제목 + 네이버 통합검색 뉴스,board,토론방 제목,알테오젠,2026.08.04 13:45,,,,17,c85aa1eafe14,3월부터 35만원에서 맴돌았는데
DM-000805,raw_texts.csv,806,crawler.py,네이버 종목토론방 제목 + 네이버 통합검색 뉴스,board,토론방 제목,알테오젠,2026.08.04 13:43,,,,16,2136f85b0d22,와 내일 아침되면 파란불이겠군
DM-000806,raw_texts.csv,807,crawler.py,네이버 종목토론방 제목 + 네이버 통합검색 뉴스,board,토론방 제목,알테오젠,2026.08.04 13:39,,,,6,9a68492a493c,마니 사세요
DM-000807,raw_texts.csv,808,crawler.py,네이버 종목토론방 제목 + 네이버 통합검색 뉴스,board,토론방 제목,알테오젠,2026.08.04 13:39,,,,8,4c5942f46b01,반도체와의 관계
DM-000808,raw_texts.csv,809,crawler.py,네이버 종목토론방 제목 + 네이버 통합검색 뉴스,board,토론방 제목,알테오젠,2026.08.04 13:38,,,,22,b4d216ac70c0,3주 가지고 있음 무증은 어떻게 되나요?
DM-000809,raw_texts.csv,810,crawler.py,네이버 종목토론방 제목 + 네이버 통합검색 뉴스,board,토론방 제목,알테오젠,2026.08.04 13:36,,,,13,077ff6e380aa,354000원 마감하겠군
DM-000810,raw_texts.csv,811,crawler.py,네이버 종목토론방 제목 + 네이버 통합검색 뉴스,board,토론방 제목,알테오젠,2026.08.04 13:33,,,,8,d681f6df1d74,엘씨도 20%다
DM-000811,raw_texts.csv,812,crawler.py,네이버 종목토론방 제목 + 네이버 통합검색 뉴스,board,토론방 제목,알테오젠,2026.08.04 13:28,,,분노·불신,35,d6d30fe92a7e,"^*^ 공매도 물량 10만주 정도 매집했을려나?? 안팔면,..."
DM-000812,raw_texts.csv,813,crawler.py,네이버 종목토론방 제목 + 네이버 통합검색 뉴스,board,토론방 제목,알테오젠,2026.08.04 13:27,,,,10,a565d716f06c,빨리 합병 추진해라
DM-000813,raw_texts.csv,814,crawler.py,네이버 종목토론방 제목 + 네이버 통합검색 뉴스,board,토론방 제목,알테오젠,2026.08.04 13:24,,,,10,69d11725bc33,35에 무증들어가믄
DM-000814,raw_texts.csv,815,crawler.py,네이버 종목토론방 제목 + 네이버 통합검색 뉴스,board,토론방 제목,알테오젠,2026.08.04 13:23,,,,5,fe9743cdf972,성투하세요
DM-000815,raw_texts.csv,816,crawler.py,네이버 종목토론방 제목 + 네이버 통합검색 뉴스,board,토론방 제목,알테오젠,2026.08.04 13:23,,,,9,18e408257abb,개잡주가 난리났네
DM-000816,raw_texts.csv,817,crawler.py,네이버 종목토론방 제목 + 네이버 통합검색 뉴스,board,토론방 제목,알테오젠,2026.08.04 13:23,,,,6,bb2bd0ebed7b,내일오르냐?
DM-000817,raw_texts.csv,818,crawler.py,네이버 종목토론방 제목 + 네이버 통합검색 뉴스,board,토론방 제목,알테오젠,2026.08.04 13:21,,,,12,356e94360d43,상승 VI 두번 포착!
DM-000818,raw_texts.csv,819,crawler.py,네이버 종목토론방 제목 + 네이버 통합검색 뉴스,board,토론방 제목,알테오젠,2026.08.04 13:21,,,,3,71454a259830,괴뢰군
DM-000819,raw_texts.csv,820,crawler.py,네이버 종목토론방 제목 + 네이버 통합검색 뉴스,board,토론방 제목,알테오젠,2026.08.04 13:17,,,,9,3b36df0dca77,상승 VI 발동!
DM-000820,raw_texts.csv,821,crawler.py,네이버 종목토론방 제목 + 네이버 통합검색 뉴스,board,토론방 제목,알테오젠,2026.08.04 13:16,,,,14,0aaf1234e90f,슬슬 수급 들어오네요...
DM-000821,raw_texts.csv,822,crawler.py,네이버 종목토론방 제목 + 네이버 통합검색 뉴스,board,토론방 제목,알테오젠,2026.08.04 13:16,,,,5,ab9cfa55581d,알텡ㅈ이가
DM-000822,raw_texts.csv,823,crawler.py,네이버 종목토론방 제목 + 네이버 통합검색 뉴스,board,토론방 제목,알테오젠,2026.08.04 13:15,,,,15,5df0c11c17d1,아까 말해줘도 안사노 빙기들
DM-000823,raw_texts.csv,824,crawler.py,네이버 종목토론방 제목 + 네이버 통합검색 뉴스,board,토론방 제목,알테오젠,2026.08.04 13:15,,,,15,0dd4485b063b,35만에 아예 잠궈 놨네..
DM-000824,raw_texts.csv,825,crawler.py,네이버 종목토론방 제목 + 네이버 통합검색 뉴스,board,토론방 제목,알테오젠,2026.08.04 13:14,,,,15,e9d8e32ea87e,상한가 가자~~~~~~~~~
DM-000825,raw_texts.csv,826,crawler.py,네이버 종목토론방 제목 + 네이버 통합검색 뉴스,board,토론방 제목,알테오젠,2026.08.04 13:14,,,,9,a12913b0ed70,주식 선배 형님들
DM-000826,raw_texts.csv,827,crawler.py,네이버 종목토론방 제목 + 네이버 통합검색 뉴스,board,토론방 제목,알테오젠,2026.08.04 13:14,,,충동·중독시그널,24,ba55be61372a,신용미수전재산몰빵 집산다 상가자 패는보여졌다
DM-000827,raw_texts.csv,828,crawler.py,네이버 종목토론방 제목 + 네이버 통합검색 뉴스,board,토론방 제목,알테오젠,2026.08.04 13:04,,,,21,27c72ed33862,투대이 이즈 상.안.가   리얼리 ??
DM-000828,raw_texts.csv,829,crawler.py,네이버 종목토론방 제목 + 네이버 통합검색 뉴스,board,토론방 제목,알테오젠,2026.08.04 13:04,,,,25,41536a41ec64,아직도 -11% 어처구니가 없네 뭐하자는거냐?
DM-000829,raw_texts.csv,830,crawler.py,네이버 종목토론방 제목 + 네이버 통합검색 뉴스,board,토론방 제목,알테오젠,2026.08.04 13:03,,,,3,775bab76baa2,권리락
DM-000830,raw_texts.csv,831,crawler.py,네이버 종목토론방 제목 + 네이버 통합검색 뉴스,board,토론방 제목,알테오젠,2026.08.04 13:00,,,,8,9ebc33d6cb32,오늘밤  MSD
DM-000831,raw_texts.csv,832,crawler.py,네이버 종목토론방 제목 + 네이버 통합검색 뉴스,board,토론방 제목,알테오젠,2026.08.04 12:56,,,FOMO·상대적박탈감,4,b6a8951dfd1b,부럽네요
DM-000832,raw_texts.csv,833,crawler.py,네이버 종목토론방 제목 + 네이버 통합검색 뉴스,board,토론방 제목,알테오젠,2026.08.04 12:31,,,,6,dbf9b2d03cca,분 차트보면
DM-000833,raw_texts.csv,834,crawler.py,네이버 종목토론방 제목 + 네이버 통합검색 뉴스,board,토론방 제목,알테오젠,2026.08.04 12:30,,,,16,fdfb04fdf8a9,거지들만 기어나와서 글쓰네 ㅋ
DM-000834,raw_texts.csv,835,crawler.py,네이버 종목토론방 제목 + 네이버 통합검색 뉴스,board,토론방 제목,알테오젠,2026.08.04 12:21,,,불안·공포,8,0734a648c734,빨리 폭락가야지
DM-000835,raw_texts.csv,836,crawler.py,네이버 종목토론방 제목 + 네이버 통합검색 뉴스,board,토론방 제목,알테오젠,2026.08.04 12:19,,,,14,8f9b9b08ad06,단일종목알테오젠 레버리지가
DM-000836,raw_texts.csv,837,crawler.py,네이버 종목토론방 제목 + 네이버 통합검색 뉴스,board,토론방 제목,알테오젠,2026.08.04 12:15,,,,13,9fd4e7038fb2,무증한다해도 이 꼬라지네
DM-000837,raw_texts.csv,838,crawler.py,네이버 종목토론방 제목 + 네이버 통합검색 뉴스,board,토론방 제목,알테오젠,2026.08.04 12:13,,,,4,a1148ad555b1,두고봐라
DM-000838,raw_texts.csv,839,crawler.py,네이버 종목토론방 제목 + 네이버 통합검색 뉴스,board,토론방 제목,알테오젠,2026.08.04 12:12,,,,9,66a71f53ee07,진짜 잡주 맞네요
DM-000839,raw_texts.csv,840,crawler.py,네이버 종목토론방 제목 + 네이버 통합검색 뉴스,board,토론방 제목,알테오젠,2026.08.04 12:00,,,분노·불신,7,0ec2eb911c28,쓰레기 쓰레기
DM-000840,raw_texts.csv,841,crawler.py,네이버 종목토론방 제목 + 네이버 통합검색 뉴스,board,토론방 제목,알테오젠,2026.08.04 11:56,,,,9,638c489cf33b,무증이고 나발이고
DM-000841,raw_texts.csv,842,crawler.py,네이버 종목토론방 제목 + 네이버 통합검색 뉴스,board,토론방 제목,알테오젠,2026.08.04 11:48,,,,10,6aeef97d1439,변신 증말 삽질한다
DM-000842,raw_texts.csv,843,crawler.py,네이버 종목토론방 제목 + 네이버 통합검색 뉴스,board,토론방 제목,알테오젠,2026.08.04 11:45,,,,8,b254e8bead8c,한 번 개잡주는
DM-000843,raw_texts.csv,844,crawler.py,네이버 종목토론방 제목 + 네이버 통합검색 뉴스,board,토론방 제목,알테오젠,2026.08.04 11:42,,,,9,034abfd4bd7a,개잡주 증말~~~
DM-000844,raw_texts.csv,845,crawler.py,네이버 종목토론방 제목 + 네이버 통합검색 뉴스,board,토론방 제목,알테오젠,2026.08.04 11:41,,,,8,7a2b13605892,매수 마지막날!
DM-000845,raw_texts.csv,846,crawler.py,네이버 종목토론방 제목 + 네이버 통합검색 뉴스,board,토론방 제목,알테오젠,2026.08.04 11:35,,,,9,95c9153504c7,내일까지 보유하면
DM-000846,raw_texts.csv,847,crawler.py,네이버 종목토론방 제목 + 네이버 통합검색 뉴스,board,토론방 제목,알테오젠,2026.08.04 11:29,,,,13,38d01a9b21ca,알텡이는 여전히 반푼이군
DM-000847,raw_texts.csv,848,crawler.py,네이버 종목토론방 제목 + 네이버 통합검색 뉴스,board,토론방 제목,알테오젠,2026.08.04 11:27,,,,7,19c2a2b94aca,개잡주 뭐하냐
DM-000848,raw_texts.csv,849,crawler.py,네이버 종목토론방 제목 + 네이버 통합검색 뉴스,board,토론방 제목,알테오젠,2026.08.04 11:26,,,,20,0de22b39f2e9,오늘 35찍고  낼종가는 30 목푠데
DM-000849,raw_texts.csv,850,crawler.py,네이버 종목토론방 제목 + 네이버 통합검색 뉴스,board,토론방 제목,알테오젠,2026.08.04 11:22,,,,18,0827ae62bd67,지투지봐라  거래량없이  쳐올린다
DM-000850,raw_texts.csv,851,crawler.py,네이버 종목토론방 제목 + 네이버 통합검색 뉴스,board,토론방 제목,알테오젠,2026.08.04 11:17,,,,12,084a4b8c8f9a,이제 본색을 드러내라.
DM-000851,raw_texts.csv,852,crawler.py,네이버 종목토론방 제목 + 네이버 통합검색 뉴스,board,토론방 제목,알테오젠,2026.08.04 11:16,,,,19,f4eed73da519,외국인 투신 연기금 트리플 매수 중
DM-000852,raw_texts.csv,853,crawler.py,네이버 종목토론방 제목 + 네이버 통합검색 뉴스,board,토론방 제목,알테오젠,2026.08.04 11:13,,,,24,bc5cbf496067,1억이상 매수체결 1위 ....어휴 이 개투
DM-000853,raw_texts.csv,854,crawler.py,네이버 종목토론방 제목 + 네이버 통합검색 뉴스,board,토론방 제목,알테오젠,2026.08.04 11:12,,,,6,5b5d92bc0b30,와이리 좋노
DM-000854,raw_texts.csv,855,crawler.py,네이버 종목토론방 제목 + 네이버 통합검색 뉴스,board,토론방 제목,알테오젠,2026.08.04 11:12,,,,11,f9be2f9f2642,종가예상  +3.5%
DM-000855,raw_texts.csv,856,crawler.py,네이버 종목토론방 제목 + 네이버 통합검색 뉴스,board,토론방 제목,알테오젠,2026.08.04 11:10,,,,4,deeb03c16dd0,최악이다
DM-000856,raw_texts.csv,857,crawler.py,네이버 종목토론방 제목 + 네이버 통합검색 뉴스,board,토론방 제목,알테오젠,2026.08.04 11:07,,,,3,1a53dce1beab,숏커버
DM-000857,raw_texts.csv,858,crawler.py,네이버 종목토론방 제목 + 네이버 통합검색 뉴스,board,토론방 제목,알테오젠,2026.08.04 11:05,,,,8,443a31c7424e,충청도라 그런가
DM-000858,raw_texts.csv,859,crawler.py,네이버 종목토론방 제목 + 네이버 통합검색 뉴스,board,토론방 제목,알테오젠,2026.08.04 11:05,,,후회·손실고통,33,06e0ec6bc65e,"^*^ 꾹 움켜쥐고 있길,,,,이번주 박스권 탈출!!! 가능"
DM-000859,raw_texts.csv,860,crawler.py,네이버 종목토론방 제목 + 네이버 통합검색 뉴스,board,토론방 제목,알테오젠,2026.08.04 11:02,,,,3,be97fa5c97a3,무증후
DM-000860,raw_texts.csv,861,crawler.py,네이버 종목토론방 제목 + 네이버 통합검색 뉴스,board,토론방 제목,알테오젠,2026.08.04 11:01,,,,11,fadf3e4a1170,개잡주 힘이 떨어졌다
DM-000861,raw_texts.csv,862,crawler.py,네이버 종목토론방 제목 + 네이버 통합검색 뉴스,board,토론방 제목,알테오젠,2026.08.04 11:00,,,,14,4ff7f84dbb18,작년 8월4일 43만원이다
DM-000862,raw_texts.csv,863,crawler.py,네이버 종목토론방 제목 + 네이버 통합검색 뉴스,board,토론방 제목,알테오젠,2026.08.04 10:54,,,,8,0f16296cc444,전자 닉스 양전
DM-000863,raw_texts.csv,864,crawler.py,네이버 종목토론방 제목 + 네이버 통합검색 뉴스,board,토론방 제목,알테오젠,2026.08.04 10:53,,,,13,eae0b78e76cf,이제  실실  매도타이밍
DM-000864,raw_texts.csv,865,crawler.py,네이버 종목토론방 제목 + 네이버 통합검색 뉴스,board,토론방 제목,알테오젠,2026.08.04 10:50,,,,14,9f9bcf42285c,형님들 36만원 올까요??
DM-000865,raw_texts.csv,866,crawler.py,네이버 종목토론방 제목 + 네이버 통합검색 뉴스,board,토론방 제목,알테오젠,2026.08.04 10:48,,,,8,be1664376e6c,개잡주 알테오젠
DM-000866,raw_texts.csv,867,crawler.py,네이버 종목토론방 제목 + 네이버 통합검색 뉴스,board,토론방 제목,알테오젠,2026.08.04 10:47,,,,6,d600d3b6d2aa,무증하나요?
DM-000867,raw_texts.csv,868,crawler.py,네이버 종목토론방 제목 + 네이버 통합검색 뉴스,board,토론방 제목,알테오젠,2026.08.04 10:45,,,,8,63b3abc3af27,34.5 매물대
DM-000868,raw_texts.csv,869,crawler.py,네이버 종목토론방 제목 + 네이버 통합검색 뉴스,board,토론방 제목,알테오젠,2026.08.04 10:43,,,,10,b86f7a7f410c,신한창구 폭탄 매물
DM-000869,raw_texts.csv,870,crawler.py,네이버 종목토론방 제목 + 네이버 통합검색 뉴스,board,토론방 제목,알테오젠,2026.08.04 10:41,,,,4,92a48c484003,3주만에
DM-000870,raw_texts.csv,871,crawler.py,네이버 종목토론방 제목 + 네이버 통합검색 뉴스,board,토론방 제목,알테오젠,2026.08.04 10:40,,,,20,4495f6944676,오늘 오르길래 개잡주 아닌줄 알았더니
DM-000871,raw_texts.csv,872,crawler.py,네이버 종목토론방 제목 + 네이버 통합검색 뉴스,board,토론방 제목,알테오젠,2026.08.04 10:40,,,,4,07445aaba7b7,신기하군
DM-000872,raw_texts.csv,873,crawler.py,네이버 종목토론방 제목 + 네이버 통합검색 뉴스,board,토론방 제목,알테오젠,2026.08.04 10:38,,,,8,c8b1825e4a9f,코스닥의 정상화
DM-000873,raw_texts.csv,874,crawler.py,네이버 종목토론방 제목 + 네이버 통합검색 뉴스,board,토론방 제목,알테오젠,2026.08.04 10:37,,,,20,bb03800a4f8e,★★★무상증자 내용 정리 해줄게★★★
DM-000874,raw_texts.csv,875,crawler.py,네이버 종목토론방 제목 + 네이버 통합검색 뉴스,board,토론방 제목,알테오젠,2026.08.04 10:34,,,,6,d61b9ec1fd9f,신기한용자야
DM-000875,raw_texts.csv,876,crawler.py,네이버 종목토론방 제목 + 네이버 통합검색 뉴스,board,토론방 제목,알테오젠,2026.08.04 10:32,,,,8,6b2d7303686c,싸도 너무 싸다
DM-000876,raw_texts.csv,877,crawler.py,네이버 종목토론방 제목 + 네이버 통합검색 뉴스,board,토론방 제목,알테오젠,2026.08.04 10:31,,,,10,e98b04268983,외것 개관 다들왔다
DM-000877,raw_texts.csv,878,crawler.py,네이버 종목토론방 제목 + 네이버 통합검색 뉴스,board,토론방 제목,알테오젠,2026.08.04 10:30,,,후회·손실고통,16,670884652bbc,오늘 상한가 가도 마이너스네요
DM-000878,raw_texts.csv,879,crawler.py,네이버 종목토론방 제목 + 네이버 통합검색 뉴스,board,토론방 제목,알테오젠,2026.08.04 10:10,,,,15,d1457ba22e2c,신기한타이밍고아가 지낄때마다
DM-000879,raw_texts.csv,880,crawler.py,네이버 종목토론방 제목 + 네이버 통합검색 뉴스,board,토론방 제목,알테오젠,2026.08.04 10:05,,,,22,03c8a2a62bce,코오롱티슈도 10% 이상가는데 넌 뭐냐?
DM-000880,raw_texts.csv,881,crawler.py,네이버 종목토론방 제목 + 네이버 통합검색 뉴스,board,토론방 제목,알테오젠,2026.08.04 10:03,,,,6,12b02d218f88,신기한숏고아
DM-000881,raw_texts.csv,882,crawler.py,네이버 종목토론방 제목 + 네이버 통합검색 뉴스,board,토론방 제목,알테오젠,2026.08.04 10:02,,,,9,9ac0c916b5b3,신기한타이밍유기견
DM-000882,raw_texts.csv,883,crawler.py,네이버 종목토론방 제목 + 네이버 통합검색 뉴스,board,토론방 제목,알테오젠,2026.08.04 10:01,,,충동·중독시그널,12,7970ef5620bd,미국45개주 식중독확산
DM-000883,raw_texts.csv,884,crawler.py,네이버 종목토론방 제목 + 네이버 통합검색 뉴스,board,토론방 제목,알테오젠,2026.08.04 10:00,,,,10,7d14e49e4e90,무증하는집이 아니라
DM-000884,raw_texts.csv,885,crawler.py,네이버 종목토론방 제목 + 네이버 통합검색 뉴스,board,토론방 제목,알테오젠,2026.08.04 09:59,,,,9,eac8d8bfbc57,빠질땐 선봉~ㅎㅎ
DM-000885,raw_texts.csv,886,crawler.py,네이버 종목토론방 제목 + 네이버 통합검색 뉴스,board,토론방 제목,알테오젠,2026.08.04 09:59,,,분노·불신,12,56b344a4d40e,바보개미들이 문제네 ㅎ
DM-000886,raw_texts.csv,887,crawler.py,네이버 종목토론방 제목 + 네이버 통합검색 뉴스,board,토론방 제목,한미반도체,2026.08.04 14:22,,,,19,3d1a556eff98,야들아..내일은 좀 팍팍 오르겠냐?
DM-000887,raw_texts.csv,888,crawler.py,네이버 종목토론방 제목 + 네이버 통합검색 뉴스,board,토론방 제목,한미반도체,2026.08.04 14:18,,,,23,9aa8d26513c5,며칠전 삼전닉스 마지막 불꽃쑈 나왔었잖오~
DM-000888,raw_texts.csv,889,crawler.py,네이버 종목토론방 제목 + 네이버 통합검색 뉴스,board,토론방 제목,한미반도체,2026.08.04 14:15,,,분노·불신,9,3749f4ea81f3,공매도 중단해라.
DM-000889,raw_texts.csv,890,crawler.py,네이버 종목토론방 제목 + 네이버 통합검색 뉴스,board,토론방 제목,한미반도체,2026.08.04 14:14,,,,3,56a0329b2474,ㅋㅋㅋ
DM-000890,raw_texts.csv,891,crawler.py,네이버 종목토론방 제목 + 네이버 통합검색 뉴스,board,토론방 제목,한미반도체,2026.08.04 14:14,,,,2,ca3f55cd4d50,한미
DM-000891,raw_texts.csv,892,crawler.py,네이버 종목토론방 제목 + 네이버 통합검색 뉴스,board,토론방 제목,한미반도체,2026.08.04 14:08,,,,11,9323d5fe3ac1,자~~~  또다시~~
DM-000892,raw_texts.csv,893,crawler.py,네이버 종목토론방 제목 + 네이버 통합검색 뉴스,board,토론방 제목,한미반도체,2026.08.04 14:05,,,,4,095ef2f20b78,영차영차
DM-000893,raw_texts.csv,894,crawler.py,네이버 종목토론방 제목 + 네이버 통합검색 뉴스,board,토론방 제목,한미반도체,2026.08.04 14:03,,,,23,299522f18d25,돈이 반도체 몰림에서 사방으로 풀어진거야.
DM-000894,raw_texts.csv,895,crawler.py,네이버 종목토론방 제목 + 네이버 통합검색 뉴스,board,토론방 제목,한미반도체,2026.08.04 14:00,,,,11,9c394b26e147,누르는 쉐이 누구냐?
DM-000895,raw_texts.csv,896,crawler.py,네이버 종목토론방 제목 + 네이버 통합검색 뉴스,board,토론방 제목,한미반도체,2026.08.04 13:55,,,,10,e9bb8677c241,2시 반등 주냐 ㅎ
DM-000896,raw_texts.csv,897,crawler.py,네이버 종목토론방 제목 + 네이버 통합검색 뉴스,board,토론방 제목,한미반도체,2026.08.04 13:51,,,,9,e401dd08f3fb,인스타댓글막아놨노
DM-000897,raw_texts.csv,898,crawler.py,네이버 종목토론방 제목 + 네이버 통합검색 뉴스,board,토론방 제목,한미반도체,2026.08.04 13:48,,,,14,d69eca711a67,정치쟁이 광고쟁이 많네 ㅋ
DM-000898,raw_texts.csv,899,crawler.py,네이버 종목토론방 제목 + 네이버 통합검색 뉴스,board,토론방 제목,한미반도체,2026.08.04 13:47,,,,8,6c42377d9fdb,꾸준히  모아라
DM-000899,raw_texts.csv,900,crawler.py,네이버 종목토론방 제목 + 네이버 통합검색 뉴스,board,토론방 제목,한미반도체,2026.08.04 13:45,,,,76,4cc18077b8bf,"이 대통령 제20대 대선 후보 시절 부동산 공약""부동산 세금 확 줄이고, 공급은 늘리겠다""대출 규제 완화, 재건축 신속 추진 약속제21대"
DM-000900,raw_texts.csv,901,crawler.py,네이버 종목토론방 제목 + 네이버 통합검색 뉴스,board,토론방 제목,한미반도체,2026.08.04 13:40,,,,17,99076f21ff6b,한미    개잡주 상장폐기 가자
DM-000901,raw_texts.csv,902,crawler.py,네이버 종목토론방 제목 + 네이버 통합검색 뉴스,board,토론방 제목,한미반도체,2026.08.04 13:35,,,충동·중독시그널,36,a734b8046244,옆집 짱꿰 이사왔는데 담배피고 밤늦게 까지 소리지르고 ㅈ겠음 ㅠㅠ
DM-000902,raw_texts.csv,903,crawler.py,네이버 종목토론방 제목 + 네이버 통합검색 뉴스,board,토론방 제목,한미반도체,2026.08.04 13:34,,,,7,a334066fbc52,장대음봉 한번
DM-000903,raw_texts.csv,904,crawler.py,네이버 종목토론방 제목 + 네이버 통합검색 뉴스,board,토론방 제목,한미반도체,2026.08.04 13:26,,,,7,72a326d6d213,기사나온걸보면
DM-000904,raw_texts.csv,905,crawler.py,네이버 종목토론방 제목 + 네이버 통합검색 뉴스,board,토론방 제목,한미반도체,2026.08.04 13:22,,,,6,143430b6c29b,갭메우러가자
DM-000905,raw_texts.csv,906,crawler.py,네이버 종목토론방 제목 + 네이버 통합검색 뉴스,board,토론방 제목,한미반도체,2026.08.04 13:16,,,,3,5487e8043c10,호가창
DM-000906,raw_texts.csv,907,crawler.py,네이버 종목토론방 제목 + 네이버 통합검색 뉴스,board,토론방 제목,한미반도체,2026.08.04 13:13,,,,46,46b5e29d5771,"근데 느그 대통령은 지가 약속한 대선공약에서 정확히 반대로만 하는 이유가 뭐밍??,"
DM-000907,raw_texts.csv,908,crawler.py,네이버 종목토론방 제목 + 네이버 통합검색 뉴스,board,토론방 제목,한미반도체,2026.08.04 13:11,,,,11,171906b9a4c0,나닥 선물 살아나는데
DM-000908,raw_texts.csv,909,crawler.py,네이버 종목토론방 제목 + 네이버 통합검색 뉴스,board,토론방 제목,한미반도체,2026.08.04 13:08,,,,37,913ad4727c89,아싸!!!! 좋아!!! 좋아!!!좋아!!!! 하한가!!!!!ㅋㅋㅋㅋ
DM-000909,raw_texts.csv,910,crawler.py,네이버 종목토론방 제목 + 네이버 통합검색 뉴스,board,토론방 제목,한미반도체,2026.08.04 13:02,,,,1,44500b647ca9,쫌
DM-000910,raw_texts.csv,911,crawler.py,네이버 종목토론방 제목 + 네이버 통합검색 뉴스,board,토론방 제목,한미반도체,2026.08.04 13:02,,,,19,496d551439bc,",아직도   고평가라는거야  ..."
DM-000911,raw_texts.csv,912,crawler.py,네이버 종목토론방 제목 + 네이버 통합검색 뉴스,board,토론방 제목,한미반도체,2026.08.04 13:01,,,분노·불신,43,7a872929b63d,어제 오늘 금요일 올린거 뺏으니 내일이나 모레 쳐올리것지 공매도 친게 얼마인데
DM-000912,raw_texts.csv,913,crawler.py,네이버 종목토론방 제목 + 네이버 통합검색 뉴스,board,토론방 제목,한미반도체,2026.08.04 12:54,,,,11,ce8e9a5958ad,거래량이 확줄어서 ㅎ
DM-000913,raw_texts.csv,914,crawler.py,네이버 종목토론방 제목 + 네이버 통합검색 뉴스,board,토론방 제목,한미반도체,2026.08.04 12:51,,,,23,6b136ca902c3,아싸!!!! 기관 외인 다 던지넼ㅋㅋㅋㅋㅋ
DM-000914,raw_texts.csv,915,crawler.py,네이버 종목토론방 제목 + 네이버 통합검색 뉴스,board,토론방 제목,한미반도체,2026.08.04 12:44,,,,21,4a9aa205ce8b,1분기 영익 84억   ㆍ 상폐가답이다
DM-000915,raw_texts.csv,916,crawler.py,네이버 종목토론방 제목 + 네이버 통합검색 뉴스,board,토론방 제목,한미반도체,2026.08.04 12:35,,,,13,6bb7337a2d04,100원 따먹기 하냐 ㅋ
DM-000916,raw_texts.csv,917,crawler.py,네이버 종목토론방 제목 + 네이버 통합검색 뉴스,board,토론방 제목,한미반도체,2026.08.04 12:34,,,,29,07f2cd5af39f,외인은 그렇다치고  개 기관 이쎄리들이 꼴통짓거리하네
DM-000917,raw_texts.csv,918,crawler.py,네이버 종목토론방 제목 + 네이버 통합검색 뉴스,board,토론방 제목,한미반도체,2026.08.04 12:33,,,,22,eed91a1e8269,한미 실적 개판ㆍ기초가 없는 모래성 종목
DM-000918,raw_texts.csv,919,crawler.py,네이버 종목토론방 제목 + 네이버 통합검색 뉴스,board,토론방 제목,한미반도체,2026.08.04 12:30,,,,13,4ebe57600d48,반도체 끝물이라는 찌라시
DM-000919,raw_texts.csv,920,crawler.py,네이버 종목토론방 제목 + 네이버 통합검색 뉴스,board,토론방 제목,한미반도체,2026.08.04 12:30,,,,19,b478ddb5a04e,곽똥신아 주주홧병 주주 환원  하라
DM-000920,raw_texts.csv,921,crawler.py,네이버 종목토론방 제목 + 네이버 통합검색 뉴스,board,토론방 제목,한미반도체,2026.08.04 12:30,,,,41,e0af48b3ada6,한미반도체는 기존 매출 목표의 유지 여부에 대해서 답변을 내놓지 않았단다.
DM-000921,raw_texts.csv,922,crawler.py,네이버 종목토론방 제목 + 네이버 통합검색 뉴스,board,토론방 제목,한미반도체,2026.08.04 12:29,,,,11,14c32416e0b9,오후에 지수 반등하면
DM-000922,raw_texts.csv,923,crawler.py,네이버 종목토론방 제목 + 네이버 통합검색 뉴스,board,토론방 제목,한미반도체,2026.08.04 12:21,,,분노·불신,8,2f9e2313a09c,주가세력 공매도
DM-000923,raw_texts.csv,924,crawler.py,네이버 종목토론방 제목 + 네이버 통합검색 뉴스,board,토론방 제목,한미반도체,2026.08.04 12:17,,,,12,5ca71e4188ab,주식쟁이들 원투데이냐?
DM-000924,raw_texts.csv,925,crawler.py,네이버 종목토론방 제목 + 네이버 통합검색 뉴스,board,토론방 제목,한미반도체,2026.08.04 12:04,,,,8,34750808101b,한가지 확실한건
DM-000925,raw_texts.csv,926,crawler.py,네이버 종목토론방 제목 + 네이버 통합검색 뉴스,board,토론방 제목,한미반도체,2026.08.04 11:48,,,,18,7fcc34a5547f,18-20박스피에갇힌 이름예쁜종목
DM-000926,raw_texts.csv,927,crawler.py,네이버 종목토론방 제목 + 네이버 통합검색 뉴스,board,토론방 제목,한미반도체,2026.08.04 11:46,,,,12,6a5475cc6ff4,제반 찌라시 보고 가자
DM-000927,raw_texts.csv,928,crawler.py,네이버 종목토론방 제목 + 네이버 통합검색 뉴스,board,토론방 제목,한미반도체,2026.08.04 11:37,,,,13,b7c859de1dd0,챙길수있을때 챙겨야지요.
DM-000928,raw_texts.csv,929,crawler.py,네이버 종목토론방 제목 + 네이버 통합검색 뉴스,board,토론방 제목,한미반도체,2026.08.04 11:36,,,,20,179b932d6dab,광고쟁이 거지 안티들 뭐이리 많어 ㅋ
DM-000929,raw_texts.csv,930,crawler.py,네이버 종목토론방 제목 + 네이버 통합검색 뉴스,board,토론방 제목,한미반도체,2026.08.04 11:32,,,,14,43d5516d45d0,캬 외인 기관 쌍끌이 매도
DM-000930,raw_texts.csv,931,crawler.py,네이버 종목토론방 제목 + 네이버 통합검색 뉴스,board,토론방 제목,한미반도체,2026.08.04 11:29,,,,5,983a4dfdd3a8,발바닥주식
DM-000931,raw_texts.csv,932,crawler.py,네이버 종목토론방 제목 + 네이버 통합검색 뉴스,board,토론방 제목,한미반도체,2026.08.04 11:27,,,,11,af600e195e8c,내가 지지하고 찍었던
DM-000932,raw_texts.csv,933,crawler.py,네이버 종목토론방 제목 + 네이버 통합검색 뉴스,board,토론방 제목,한미반도체,2026.08.04 11:20,,,,12,ac3c56466443,아~정말 희망 없는 놈
DM-000933,raw_texts.csv,934,crawler.py,네이버 종목토론방 제목 + 네이버 통합검색 뉴스,board,토론방 제목,한미반도체,2026.08.04 11:19,,,,9,e4d2d7e58577,평단 20밑으로만
DM-000934,raw_texts.csv,935,crawler.py,네이버 종목토론방 제목 + 네이버 통합검색 뉴스,board,토론방 제목,한미반도체,2026.08.04 11:12,,,,4,ed858baeba05,레버리지
DM-000935,raw_texts.csv,936,crawler.py,네이버 종목토론방 제목 + 네이버 통합검색 뉴스,board,토론방 제목,한미반도체,2026.08.04 11:08,,,,22,dd91ab761ea9,거래량 없으니 살짝 올리고 다시 쳐내리네
DM-000936,raw_texts.csv,937,crawler.py,네이버 종목토론방 제목 + 네이버 통합검색 뉴스,board,토론방 제목,한미반도체,2026.08.04 11:07,,,,13,09bff48287ad,곽 동신아  이제 떠난다
DM-000937,raw_texts.csv,938,crawler.py,네이버 종목토론방 제목 + 네이버 통합검색 뉴스,board,토론방 제목,한미반도체,2026.08.04 11:02,,,,16,7488eb70c991,신용 잔뜩인디 갈수가 있겠니ㅋ
DM-000938,raw_texts.csv,939,crawler.py,네이버 종목토론방 제목 + 네이버 통합검색 뉴스,board,토론방 제목,한미반도체,2026.08.04 11:01,,,,11,affb141af803,여러분 제발~~~!!
DM-000939,raw_texts.csv,940,crawler.py,네이버 종목토론방 제목 + 네이버 통합검색 뉴스,board,토론방 제목,한미반도체,2026.08.04 10:57,,,,7,285c22d04889,반등 꼬락서니
DM-000940,raw_texts.csv,941,crawler.py,네이버 종목토론방 제목 + 네이버 통합검색 뉴스,board,토론방 제목,한미반도체,2026.08.04 10:57,,,,9,656ffa78eb42,솔브레인으로 간다
DM-000941,raw_texts.csv,942,crawler.py,네이버 종목토론방 제목 + 네이버 통합검색 뉴스,board,토론방 제목,한미반도체,2026.08.04 10:55,,,,9,9e164e1189b1,원익 이수 다갈때
DM-000942,raw_texts.csv,943,crawler.py,네이버 종목토론방 제목 + 네이버 통합검색 뉴스,board,토론방 제목,한미반도체,2026.08.04 10:55,,,,15,06b73f4c05f1,사다보니 1000개가 넘었네
DM-000943,raw_texts.csv,944,crawler.py,네이버 종목토론방 제목 + 네이버 통합검색 뉴스,board,토론방 제목,한미반도체,2026.08.04 10:54,,,,13,73bd900f47ec,오늘 종가 217500원
DM-000944,raw_texts.csv,945,crawler.py,네이버 종목토론방 제목 + 네이버 통합검색 뉴스,board,토론방 제목,한미반도체,2026.08.04 10:53,,,,8,951c6fa5571a,이거뜨라 못눌러
DM-000945,raw_texts.csv,946,crawler.py,네이버 종목토론방 제목 + 네이버 통합검색 뉴스,board,토론방 제목,한미반도체,2026.08.04 10:52,,,,16,1ecb1fe30c6d,이제 이공에. 올라왔으니~~~
DM-000946,raw_texts.csv,947,crawler.py,네이버 종목토론방 제목 + 네이버 통합검색 뉴스,board,토론방 제목,한미반도체,2026.08.04 10:49,,,,10,87e9667ac01d,늘. 말하지만 ~~
DM-000947,raw_texts.csv,948,crawler.py,네이버 종목토론방 제목 + 네이버 통합검색 뉴스,board,토론방 제목,한미반도체,2026.08.04 10:41,,,불안·공포,14,7816dc7c69a7,불안정한. 장세에  어쨌든
DM-000948,raw_texts.csv,949,crawler.py,네이버 종목토론방 제목 + 네이버 통합검색 뉴스,board,토론방 제목,한미반도체,2026.08.04 10:37,,,,3,8418ffa1f8f4,🩷🩷🩷
DM-000949,raw_texts.csv,950,crawler.py,네이버 종목토론방 제목 + 네이버 통합검색 뉴스,board,토론방 제목,한미반도체,2026.08.04 10:36,,,,23,f7c0e5b786f5,어차피 갑니다. 짜릿하게 즐겨라 스프라잇!
DM-000950,raw_texts.csv,951,crawler.py,네이버 종목토론방 제목 + 네이버 통합검색 뉴스,board,토론방 제목,한미반도체,2026.08.04 10:34,,,,14,97c6e17ef2b2,PER 36배 초 고평가주
DM-000951,raw_texts.csv,952,crawler.py,네이버 종목토론방 제목 + 네이버 통합검색 뉴스,board,토론방 제목,한미반도체,2026.08.04 10:34,,,,17,dbab26dd9ec4,씨잘때기 없는 소리 다 필요없고
DM-000952,raw_texts.csv,953,crawler.py,네이버 종목토론방 제목 + 네이버 통합검색 뉴스,board,토론방 제목,한미반도체,2026.08.04 10:32,,,,4,7f72e6069fc8,시원시원
DM-000953,raw_texts.csv,954,crawler.py,네이버 종목토론방 제목 + 네이버 통합검색 뉴스,board,토론방 제목,한미반도체,2026.08.04 10:32,,,,6,6a3430abff92,슬슬~~~~
DM-000954,raw_texts.csv,955,crawler.py,네이버 종목토론방 제목 + 네이버 통합검색 뉴스,board,토론방 제목,한미반도체,2026.08.04 10:30,,,,12,0c60f3d5692a,반등 이냐 꼬시기냐 ㅎ
DM-000955,raw_texts.csv,956,crawler.py,네이버 종목토론방 제목 + 네이버 통합검색 뉴스,board,토론방 제목,한미반도체,2026.08.04 10:28,,,,15,4ee3ccec8588,그리 알려줘도 적정가 3만원
DM-000956,raw_texts.csv,957,crawler.py,네이버 종목토론방 제목 + 네이버 통합검색 뉴스,board,토론방 제목,한미반도체,2026.08.04 10:27,,,,3,bd88f7224913,좀가자
DM-000957,raw_texts.csv,958,crawler.py,네이버 종목토론방 제목 + 네이버 통합검색 뉴스,board,토론방 제목,한미반도체,2026.08.04 10:26,,,,14,175346a26efb,모간의 놀이개감으로 전락?
DM-000958,raw_texts.csv,959,crawler.py,네이버 종목토론방 제목 + 네이버 통합검색 뉴스,board,토론방 제목,한미반도체,2026.08.04 10:26,,,,9,e981128bde10,하이닉스 따라쟁이
DM-000959,raw_texts.csv,960,crawler.py,네이버 종목토론방 제목 + 네이버 통합검색 뉴스,board,토론방 제목,한미반도체,2026.08.04 10:26,,,,10,1751689c875b,오후!!!  대반전
DM-000960,raw_texts.csv,961,crawler.py,네이버 종목토론방 제목 + 네이버 통합검색 뉴스,board,토론방 제목,한미반도체,2026.08.04 10:22,,,,10,9f72b396610f,오늘도 퍼담~~^^
DM-000961,raw_texts.csv,962,crawler.py,네이버 종목토론방 제목 + 네이버 통합검색 뉴스,board,토론방 제목,한미반도체,2026.08.04 10:22,,,,11,ee66b09ba0d3,193300에. 추매
DM-000962,raw_texts.csv,963,crawler.py,네이버 종목토론방 제목 + 네이버 통합검색 뉴스,board,토론방 제목,한미반도체,2026.08.04 10:21,,,,13,bf8726ea3c8b,소부장 동전주보다 못하냐
DM-000963,raw_texts.csv,964,crawler.py,네이버 종목토론방 제목 + 네이버 통합검색 뉴스,board,토론방 제목,한미반도체,2026.08.04 10:20,,,,13,6f29ab1eadb5,씰떼엄는 글 쓸시간에~~
DM-000964,raw_texts.csv,965,crawler.py,네이버 종목토론방 제목 + 네이버 통합검색 뉴스,board,토론방 제목,한미반도체,2026.08.04 10:20,,,,24,877a765da34f,ㅋ.. 한미반도체 진짜 잡주 다됬네... ㅋ
DM-000965,raw_texts.csv,966,crawler.py,네이버 종목토론방 제목 + 네이버 통합검색 뉴스,board,토론방 제목,한미반도체,2026.08.04 10:19,,,,13,ba0af5fe9311,반도체 올라갈땐 요지부동
DM-000966,raw_texts.csv,967,crawler.py,네이버 종목토론방 제목 + 네이버 통합검색 뉴스,board,토론방 제목,한미반도체,2026.08.04 10:18,,,,18,c037f31a7681,어차피 레버러지 자연사 할때까지는
DM-000967,raw_texts.csv,968,crawler.py,네이버 종목토론방 제목 + 네이버 통합검색 뉴스,board,토론방 제목,한미반도체,2026.08.04 10:16,,,,16,37e5e1ac9674,이러고 재난지원금 10만원주면
DM-000968,raw_texts.csv,969,crawler.py,네이버 종목토론방 제목 + 네이버 통합검색 뉴스,board,토론방 제목,한미반도체,2026.08.04 10:15,,,,3,e9a7f4891c8e,커플링
DM-000969,raw_texts.csv,970,crawler.py,네이버 종목토론방 제목 + 네이버 통합검색 뉴스,board,토론방 제목,한미반도체,2026.08.04 10:15,,,분노·불신,5,3ac5fa3a4c4f,개미님들아
DM-000970,raw_texts.csv,971,crawler.py,네이버 종목토론방 제목 + 네이버 통합검색 뉴스,board,토론방 제목,한미반도체,2026.08.04 10:13,,,,15,676018b75b7f,한미반도체 진짜 살만한데..
DM-000971,raw_texts.csv,972,crawler.py,네이버 종목토론방 제목 + 네이버 통합검색 뉴스,board,토론방 제목,한미반도체,2026.08.04 10:11,,,,22,6bde0c4dd292,거지 안티들 주식도 없으면서 뭔말이 많어
DM-000972,raw_texts.csv,973,crawler.py,네이버 종목토론방 제목 + 네이버 통합검색 뉴스,board,토론방 제목,한미반도체,2026.08.04 10:11,,,,8,9934d2cada2b,내려갈댄따라가거
DM-000973,raw_texts.csv,974,crawler.py,네이버 종목토론방 제목 + 네이버 통합검색 뉴스,board,토론방 제목,한미반도체,2026.08.04 10:11,,,,37,bd06c1db8261,아무 근거없이 오른다는 똥글에 추천수가 수십개씩 박히는데 오르겠냐?
DM-000974,raw_texts.csv,975,crawler.py,네이버 종목토론방 제목 + 네이버 통합검색 뉴스,board,토론방 제목,한미반도체,2026.08.04 10:10,,,,22,bd27ea5107ee,제주반도체 상한가 3방 짜리 뉴스(속보)
DM-000975,raw_texts.csv,976,crawler.py,네이버 종목토론방 제목 + 네이버 통합검색 뉴스,board,토론방 제목,한미반도체,2026.08.04 10:09,,,,15,480a08b9f319,좌파 니들이 만든 나라다 ㅋ
DM-000976,raw_texts.csv,977,crawler.py,네이버 종목토론방 제목 + 네이버 통합검색 뉴스,board,토론방 제목,한미반도체,2026.08.04 10:08,,,분노·불신,41,9bd39eaaa394,개미들 죽어 나갈때 잠시 숨고르기 하고 계속 하한 방향 이리고 그리 말해도
DM-000977,raw_texts.csv,978,crawler.py,네이버 종목토론방 제목 + 네이버 통합검색 뉴스,board,토론방 제목,한미반도체,2026.08.04 10:08,,,,10,95241635008e,국내 증시 강세전환
DM-000978,raw_texts.csv,979,crawler.py,네이버 종목토론방 제목 + 네이버 통합검색 뉴스,board,토론방 제목,한미반도체,2026.08.04 10:06,,,,38,64fe718e5b59,지금 하락 추세 이유 [결론 = 정부의 무능] 투자 부적합 국가 전락
DM-000979,raw_texts.csv,980,crawler.py,네이버 종목토론방 제목 + 네이버 통합검색 뉴스,board,토론방 제목,한미반도체,2026.08.04 10:02,,,,5,6acf7894f5b7,수직 적층
DM-000980,raw_texts.csv,981,crawler.py,네이버 종목토론방 제목 + 네이버 통합검색 뉴스,board,토론방 제목,한미반도체,2026.08.04 09:58,,,,6,d00f6ed29605,주주환원효과
DM-000981,raw_texts.csv,982,crawler.py,네이버 종목토론방 제목 + 네이버 통합검색 뉴스,board,토론방 제목,한미반도체,2026.08.04 09:58,,,,18,99668bbef3b5,이재명씨!  공매 어찌된건가요>?
DM-000982,raw_texts.csv,983,crawler.py,네이버 종목토론방 제목 + 네이버 통합검색 뉴스,board,토론방 제목,한미반도체,2026.08.04 09:56,,,FOMO·상대적박탈감,12,1ed20bd30e02,불장에 혼자 퍼랭이ㅋㅋ
DM-000983,raw_texts.csv,984,crawler.py,네이버 종목토론방 제목 + 네이버 통합검색 뉴스,board,토론방 제목,한미반도체,2026.08.04 09:54,,,,4,1e4b63ac7e5a,샌디스크
DM-000984,raw_texts.csv,985,crawler.py,네이버 종목토론방 제목 + 네이버 통합검색 뉴스,board,토론방 제목,한미반도체,2026.08.04 09:51,,,,5,b80aca781ae6,레버리지로
DM-000985,raw_texts.csv,986,crawler.py,네이버 종목토론방 제목 + 네이버 통합검색 뉴스,news,네이버뉴스,주식 FOMO,,,,,60,4fc1de87f60b,언론사 선정언론사가 선정한 주요기사 혹은 심층기획 기사입니다.네이버 메인에서 보고 싶은 언론사를 구독하세요.
DM-000986,raw_details.csv,2,crawler_detail.py,네이버 종목토론방 본문 + CBOX 댓글,board_body,토론방 본문,삼성전자,2026-08-04T14:37:20,0,427145080,,436,ee1a72d9b56a,"이거 때문에  오르나? 오늘 신제품 발표 삼성전자와 SK하이닉스가 이번 'FMS 2026'에서 인공지능(AI) 인프라 병목 현상을 해결할 차세대 메모리 및 스토리지 신기술·신제품들을 대거 공개했습니다. SK하이닉스: 샌디스크와 협력하여 D램의 HBM(고대역폭 메모리) 개념을 낸드에 적용한 차세대 스토리지 규격인 **HBF(고대역폭 플래시)**의 첫 공식 표준 규격을 OCP를 통해 공개했습니다. 전력 대비 성능을 2.5배 향상시킨 10세대(V10) 375단 4D 낸드 제품도 전시 부스에서 최초로 선보였습니다. 삼성전자: HBM, V낸드, CXL 메모리, 차세대 SSD 등을 3D 구조로 연결해 AI 데이터 병목을 극복하는 메모리 중심 아키텍처(Memory-centric Architecture) 관련 혁신 기술과 차세대 제품군을 선보이며 기조연설 및 전시를 진행하고 있습니다."
DM-000987,raw_details.csv,3,crawler_detail.py,네이버 종목토론방 본문 + CBOX 댓글,board_body,토론방 본문,삼성전자,2026-08-04T14:37:19,0,427145078,,69,0bde6a3f95bc,소 낙 비 내린다...비가 고마운 것은 왜 일까? 숨쉬기도 힘겨움 폭염이 잠시나마 물러갔네여. 한 다섯 시간만 더 와 주라.
DM-000988,raw_details.csv,4,crawler_detail.py,네이버 종목토론방 본문 + CBOX 댓글,board_comment,토론방 댓글,삼성전자,2026-08-04T14:37:46+0900,0,427145078,,18,076af0c2cf51,삼전닉스도 비오잖아. 시원하겠는걸
DM-000989,raw_details.csv,5,crawler_detail.py,네이버 종목토론방 본문 + CBOX 댓글,board_body,토론방 본문,삼성전자,2026-08-04T14:37:10,1,427145061,,85,1cf1ecdc1619,"꼬리가 몸통을 흔들고 선물, 파생상품으로 국장을 갖고 노는구나~ 좨맹아 쫴금이라도 생각이 있으멘 국부가 술술 빠져나가는 시스템이란 사실을 알 것 아니냐~"
DM-000990,raw_details.csv,6,crawler_detail.py,네이버 종목토론방 본문 + CBOX 댓글,board_comment,토론방 댓글,삼성전자,2026-08-04T14:37:40+0900,0,427145061,분노·불신,51,de90f594d456,왜 공매도 금지 안하나요? 갬들이 호구인가요. 도저히 국장은 못하겠어요 공매도 금지해 주세요
DM-000991,raw_details.csv,7,crawler_detail.py,네이버 종목토론방 본문 + CBOX 댓글,board_body,토론방 본문,삼성전자,2026-08-04T14:37:07,1,427145050,,42,f6290ec1ceaf,중국 메모리 업체 기술력이 대단하구만 ㅋㅋ 상장하고 하루 빼고 계속 상승이네
DM-000992,raw_details.csv,8,crawler_detail.py,네이버 종목토론방 본문 + CBOX 댓글,board_body,토론방 본문,삼성전자,2026-08-04T14:37:02,1,427145045,,17,bdf9d854c8f9,선물 들어오는것 같다 대단한넘들
DM-000993,raw_details.csv,9,crawler_detail.py,네이버 종목토론방 본문 + CBOX 댓글,board_body,토론방 본문,삼성전자,2026-08-04T14:37:02,0,427145044,분노·불신,8,7130a937720d,또 개미탕이냐?
DM-000994,raw_details.csv,10,crawler_detail.py,네이버 종목토론방 본문 + CBOX 댓글,board_body,토론방 본문,삼성전자,2026-08-04T14:37:01,0,427145040,,36,47c25a8c566e,설레발 나올타임이다.. ㅋㅋㅋㅋㅋㅋ설레발땜에 재수 없어 안오를거다
DM-000995,raw_details.csv,11,crawler_detail.py,네이버 종목토론방 본문 + CBOX 댓글,board_body,토론방 본문,삼성전자,2026-08-04T14:36:59,2,427145036,,55,db213a88827d,240일선이랑 볼밴 하단  22만~21만 사이에 외국인 포지션 보고 분할매수 하이소 정답지 줘다 ​
DM-000996,raw_details.csv,12,crawler_detail.py,네이버 종목토론방 본문 + CBOX 댓글,board_body,토론방 본문,삼성전자,2026-08-04T14:36:54,0,427145023,,15,a44896314fdd,이거 넘 귀여움 귀엽지않음?
DM-000997,raw_details.csv,13,crawler_detail.py,네이버 종목토론방 본문 + CBOX 댓글,board_body,토론방 본문,삼성전자,2026-08-04T14:36:51,1,427145019,,26,3b6382e7db3d,초과이익 뺏어간다는데 얼마벌면 뭔소용 빨대꽂혔어
DM-000998,raw_details.csv,14,crawler_detail.py,네이버 종목토론방 본문 + CBOX 댓글,board_body,토론방 본문,삼성전자,2026-08-04T14:36:50,0,427145015,,30,d858d5763dcb,다른종목 정리하고 상식으로 단타쳐야것네....선물보면서
DM-000999,raw_details.csv,15,crawler_detail.py,네이버 종목토론방 본문 + CBOX 댓글,board_body,토론방 본문,삼성전자,2026-08-04T14:36:48,0,427145014,,13,722ead990119,=>=>삼전 성투화이팅!
DM-001000,raw_details.csv,16,crawler_detail.py,네이버 종목토론방 본문 + CBOX 댓글,board_body,토론방 본문,삼성전자,2026-08-04T14:36:40,0,427144999,,98,a8c4be480967,영차 영차 꼬리로 몸통 흔든 헷지 힘 떨어졌다 ​ 헷지 잡으러 상승   영차 영차 올리자 영차 ​ 힘 떨어진 헷지 잡으러 상승 고우고우~!! ​ 헷지 잡으로 상승 상승 ~!!!
DM-001001,raw_details.csv,17,crawler_detail.py,네이버 종목토론방 본문 + CBOX 댓글,board_body,토론방 본문,삼성전자,2026-08-04T14:36:39,0,427144992,,59,c25a44183f14,"외인들 코스피200 지수선물   1,100포인트  상단 매도포지션 구축 해둠 박스권 매매. 순환매 장세 ​"
DM-001002,raw_details.csv,18,crawler_detail.py,네이버 종목토론방 본문 + CBOX 댓글,board_body,토론방 본문,삼성전자,2026-08-04T14:36:34,2,427144980,분노·불신,26,8e616f2f8514,한동안 보지마라 세력 장난칠때 들어가면 개피본다
DM-001003,raw_details.csv,19,crawler_detail.py,네이버 종목토론방 본문 + CBOX 댓글,board_body,토론방 본문,삼성전자,2026-08-04T14:36:27,1,427144970,불안·공포,37,81c53affbe6e,언제오려나 37층 낙엽 떨어지기전에 오겠지 마음은 겨울 한복판 ~ㅎ
DM-001004,raw_details.csv,20,crawler_detail.py,네이버 종목토론방 본문 + CBOX 댓글,board_comment,토론방 댓글,삼성전자,2026-08-04T14:36:38+0900,0,427144970,,4,59b36a7b3bba,25년뒤
DM-001005,raw_details.csv,21,crawler_detail.py,네이버 종목토론방 본문 + CBOX 댓글,board_body,토론방 본문,삼성전자,2026-08-04T14:36:24,1,427144967,,15,cbca76b77ba1,많이 해 잡숫고 올려만주시라
DM-001006,raw_details.csv,22,crawler_detail.py,네이버 종목토론방 본문 + CBOX 댓글,board_body,토론방 본문,삼성전자,2026-08-04T14:36:22,3,427144960,,51,6be69502237b,"영업이익 세계 1위면 뭐하냐, 주가 이모양인 걸..아무도 인정 안해준다~ 회사도 개인들도.."
DM-001007,raw_details.csv,23,crawler_detail.py,네이버 종목토론방 본문 + CBOX 댓글,board_body,토론방 본문,삼성전자,2026-08-04T14:36:15,0,427144948,,30,547bf15104eb,강보합되겠다 딱보니 보합에 맟추겠다 강보합 엉청흔들고?
DM-001008,raw_details.csv,24,crawler_detail.py,네이버 종목토론방 본문 + CBOX 댓글,board_body,토론방 본문,삼성전자,2026-08-04T14:36:14,1,427144947,,79,535c40f14f37,외인: 개인들아 힘을 내줘! 외인들 지금 콜옵션으로 산거 다시 털고 떠나야하는데 이번주 왜케 사질 못하는거냐 8조씩 사주던 개인들 다 어디갔어
DM-001009,raw_details.csv,25,crawler_detail.py,네이버 종목토론방 본문 + CBOX 댓글,board_body,토론방 본문,삼성전자,2026-08-04T14:36:12,1,427144944,,117,b99c875cb007,홍감독 반도체주 전략~ 단어 알지? 반도체주 물타 ​ 오늘 장끝나기전에 물타 ​ 바보같이 팔아서 주식시장을 떠나거나 그거는 절대 안돼 하지만 ​ 순간 순간 순간마다 반도체주에 물타 ​ 난 한강가는 여러분 볼거야
DM-001010,raw_details.csv,26,crawler_detail.py,네이버 종목토론방 본문 + CBOX 댓글,board_body,토론방 본문,삼성전자,2026-08-04T14:36:06,1,427144940,,118,837b946cc835,10만 전자 까지는 아예 쳐다보지도 말아라 정신들 차리시오 ​ 재수없으면   8만전자  까지 다시 회귀하게 되어 있다 아직도 정신들 못차리지~ 설마 설마 하다가 재산 몽땅 말아 먹습니다 미련들 그만  떨으세요 ​
DM-001011,raw_details.csv,27,crawler_detail.py,네이버 종목토론방 본문 + CBOX 댓글,board_comment,토론방 댓글,삼성전자,2026-08-04T14:36:32+0900,0,427144940,,17,4f88f07b282b,할줄도 모르면서 헛소리하네 ㅋㅋ
DM-001012,raw_details.csv,28,crawler_detail.py,네이버 종목토론방 본문 + CBOX 댓글,board_body,토론방 본문,삼성전자,2026-08-04T14:35:57,2,427144922,,81,6163657f4f89,8월이 평생갈것도 아아니이고~.  함가보자~. 구월은 올것이이고~.  실적은 누가뭐라해도 못자빠뜨릴것이고~.  대통령보다 삼성을 믿고 올해는 콜~
DM-001013,raw_details.csv,29,crawler_detail.py,네이버 종목토론방 본문 + CBOX 댓글,board_body,토론방 본문,삼성전자,2026-08-04T14:35:55,2,427144921,,52,d3a4b5b6b147,넥장에 팔아먹으려고 올리는구만 삼닉스의 시대도 끝났다. ​ 1년 해먹었으면 오래 해먹은 거지.
DM-001014,raw_details.csv,30,crawler_detail.py,네이버 종목토론방 본문 + CBOX 댓글,board_body,토론방 본문,삼성전자,2026-08-04T14:35:52,1,427144915,분노·불신,36,dfb71e5517ee,70 만원이 아니라 5만전자로 회귀 사기꾼들의 말장난으로 개미들만
DM-001015,raw_details.csv,31,crawler_detail.py,네이버 종목토론방 본문 + CBOX 댓글,board_body,토론방 본문,삼성전자,2026-08-04T14:35:49,3,427144912,,91,589703fa7cff,★이번에 전국민이  똑바로 보았다★ 이재명이 어떤사람인지 똑똑히 두눈으로 잘 봐둬라 증시 올라갈땐 sns에 몇시간 간격 글올리며 도배 증시 내려갈땐 몇주이상 입꾹닫
DM-001016,raw_details.csv,32,crawler_detail.py,네이버 종목토론방 본문 + CBOX 댓글,board_body,토론방 본문,삼성전자,2026-08-04T14:35:38,2,427144894,,44,c64494652fed,공매 잡아라 ! 숏 커버링.....절대 팔지마.. 공매 잡아라..30십 가자 !
DM-001017,raw_details.csv,33,crawler_detail.py,네이버 종목토론방 본문 + CBOX 댓글,board_body,토론방 본문,삼성전자,2026-08-04T14:35:30,2,427144880,,34,0cc75fd70552,최소 100만원 갑니다 아 죄송요. 오타났네요 0 하나 빼세요
DM-001018,raw_details.csv,34,crawler_detail.py,네이버 종목토론방 본문 + CBOX 댓글,board_comment,토론방 댓글,삼성전자,2026-08-04T14:36:31+0900,0,427144880,,11,657d40d35ec8,그렇게  할일이없냐!
DM-001019,raw_details.csv,35,crawler_detail.py,네이버 종목토론방 본문 + CBOX 댓글,board_body,토론방 본문,삼성전자,2026-08-04T14:35:23,2,427144874,,142,d4bc130abd13,형인데. 코스닥장이야 당분간 순환매 들어가자너 마지막을 향해 가는중이야. 코즈닥 금방 죽을건데. 그때부터 빙하기 시작이야... 기관이 돈빼서 고스닥가서 한탕 또 해처먹어야하자너.. 그담은... 그놈들도 미장간다. 반등줘서 빨간불보면 줄때먹어라. 줄먹장이다
DM-001020,raw_details.csv,36,crawler_detail.py,네이버 종목토론방 본문 + CBOX 댓글,board_body,토론방 본문,삼성전자,2026-08-04T14:35:19,0,427144869,,8,3decbff425b7,꺼억 감사합니다
DM-001021,raw_details.csv,37,crawler_detail.py,네이버 종목토론방 본문 + CBOX 댓글,board_comment,토론방 댓글,삼성전자,2026-08-04T14:37:50+0900,0,427144869,,10,bcc352edeb88,벌써 판거 아니지?
DM-001022,raw_details.csv,38,crawler_detail.py,네이버 종목토론방 본문 + CBOX 댓글,board_body,토론방 본문,삼성전자,2026-08-04T14:35:14,2,427144861,,289,e8882aba82b2,"창신메모리가 결국 HBM을 만들것이다 전닉마는 치킨게임과 매출절벽을 두려워하도록하여라 ​ 결국에 창신메모리가 HBM의 기술력을 추월하고, 수율도 올릴것이다 결국에는 HBM의 나아가서 메모리 전체 1등이  되고 말 것이다 ​ 이는 이미 정해진수순이기때문에 창신메모리 메모리 점유율 전체 1등을 가정하여 시총 선반영이 타당하다. ​ 그러니까 버리도 창신메모리가 per이 몇이든 절대로 숏을 치지 않는다. 이것이야말로 일반인은 감히 따라할수 없는 사고를 가진 진정한 주식의 신 버리의 사고방식이다 ​ 잘들보고 배우도록하여라"
DM-001023,raw_details.csv,39,crawler_detail.py,네이버 종목토론방 본문 + CBOX 댓글,board_comment,토론방 댓글,삼성전자,2026-08-04T14:36:47+0900,0,427144861,,48,175cb9fc32f0,HBM 공부 좀 해라. 반도체 투자하려면 알아야 한다. 글을 보니 전혀 모르는 것 같다
DM-001024,raw_details.csv,40,crawler_detail.py,네이버 종목토론방 본문 + CBOX 댓글,board_comment,토론방 댓글,삼성전자,2026-08-04T14:36:10+0900,0,427144861,,18,f2a2f7a22743,개송이들이 기술가지고 취업하겠지.
DM-001025,raw_details.csv,41,crawler_detail.py,네이버 종목토론방 본문 + CBOX 댓글,board_comment,토론방 댓글,삼성전자,2026-08-04T14:35:54+0900,1,427144861,,21,8c51fa390065,헛소리는 스페이스A타고 달나라가서 해라
DM-001026,raw_details.csv,42,crawler_detail.py,네이버 종목토론방 본문 + CBOX 댓글,board_body,토론방 본문,삼성전자,2026-08-04T14:35:14,2,427144860,,32,cdbe09740acd,"공매, 인버 좀 다 방멸하자.. .............."
DM-001027,raw_details.csv,43,crawler_detail.py,네이버 종목토론방 본문 + CBOX 댓글,board_body,토론방 본문,삼성전자,2026-08-04T14:35:13,2,427144858,분노·불신|충동·중독시그널,79,5f2421a511bf,지금은 누가뭐래도 단기 바닥권임 반등 전 급등락 패턴. 바닥다지고 개미들 물량 터는 중. 정리되면 단기반등 나온다. 몰빵치지말고 모아놔라. ​
DM-001028,raw_details.csv,44,crawler_detail.py,네이버 종목토론방 본문 + CBOX 댓글,board_comment,토론방 댓글,삼성전자,2026-08-04T14:35:44+0900,0,427144858,분노·불신,32,8cf33aede78d,내일 미장 내리면 떡락인데 뭔 개미털기 같은 소리를 하세요
DM-001029,raw_details.csv,45,crawler_detail.py,네이버 종목토론방 본문 + CBOX 댓글,board_body,토론방 본문,삼성전자,2026-08-04T14:34:59,0,427144841,,26,54df8e51ed09,진짜 궁금해서 그러는데 물리면 기분이 어때요?ㅋ
DM-001030,raw_details.csv,46,crawler_detail.py,네이버 종목토론방 본문 + CBOX 댓글,board_comment,토론방 댓글,삼성전자,2026-08-04T14:35:58+0900,0,427144841,,36,433c0baaa01c,니 손가락 절단됬을때랑  같은느낌이야 니 손가락 잘러봐  그럼알어
DM-001031,raw_details.csv,47,crawler_detail.py,네이버 종목토론방 본문 + CBOX 댓글,board_comment,토론방 댓글,삼성전자,2026-08-04T14:35:30+0900,0,427144841,,37,c9a00db0e65f,그냥 뭐같은데....걍 오르꺼라 다른종목에 비해 스트레스는 좀 덜함
DM-001032,raw_details.csv,48,crawler_detail.py,네이버 종목토론방 본문 + CBOX 댓글,board_comment,토론방 댓글,삼성전자,2026-08-04T14:35:18+0900,0,427144841,,11,fa2b387d8142,안물려봐서 모르겠어요
DM-001033,raw_details.csv,49,crawler_detail.py,네이버 종목토론방 본문 + CBOX 댓글,board_body,토론방 본문,삼성전자,2026-08-04T14:34:58,0,427144838,,90,d7b1841c6b8d,헬조선 1등 기업. 0.2프로 배당에 만족해. 워런 버핏은 헬조선 쳐다도 안 봄. ​ 주주라는 개념조차 없는 후진국이야 ​ 임직원들 지구 멸망까지 해처먹는다. ​
DM-001034,raw_details.csv,50,crawler_detail.py,네이버 종목토론방 본문 + CBOX 댓글,board_body,토론방 본문,삼성전자,2026-08-04T14:34:56,0,427144835,,32,6c87dfa8588f,황금양말 오늘은 언행일치하네 자주 언행일치해주세요 버거님들
DM-001035,raw_details.csv,51,crawler_detail.py,네이버 종목토론방 본문 + CBOX 댓글,board_body,토론방 본문,삼성전자,2026-08-04T14:34:41,2,427144822,불안·공포|후회·손실고통|분노·불신,618,aa6801bd9e5e,●●● 최소 70만원 이상 오릅니다!! ●●●●● 삼성전자 주주님들 반드시 읽어주십시요. 저는 주식경력 20년차 입니다. 중요한 내용이니 필독 바랍니다. ​ ​ 지금 전세계에서 돈을 가장 많이 버는 기업이 바로 삼성전자입니다 ​ 애플 테슬라 마이크로소프트?? 다 아니고 삼성전자라구요.. ​ 전세계 모든 세력들이 삼성전자에 달려들고 있고 ​ 어떻게든 국내 개미들 죽이고 나서 자기들만 10배 20배 해먹을려고 개수작하는겁니다. ​ ​ 8월에도 7월 처럼 20만원 이하로 또 한번 개미털기~~ ​ 20만원 이하로 17만원대 혹은 최악은 15만원대까지 공포에 투매를 ​ 이렇게 2번은 폭락 시켜야 30만원대 본전만 가도 다 팔고 도망가겠죠? ​ 세력이 노리는게 바로 이겁니다... ​ 앨리어트파동이론에 따르면 5만원에서 38원 1파 상승하면 ​ 2파 조정파는 대략 17만원대 폭락이 당연한거고 (정석) ​ 그후에 3파 상승은 최소값이 70만원 이상입니다. ​ 70만원까지 쭉 들고 갑시다 털리지말고~~ ​ BPS 7만원에서 딱 10배 오르는겁니다~~ ​ 코스닥 삼천당제약 1만원짜리가 120만원까지 100배 오르는데 삼성전자 BPS 7만원에 10배 = 70만원 못가면 주식 접습니다. ​ -주식 20년차- ​
DM-001036,raw_details.csv,52,crawler_detail.py,네이버 종목토론방 본문 + CBOX 댓글,board_comment,토론방 댓글,삼성전자,2026-08-04T14:35:07+0900,1,427144822,,8,e08b2e575afe,엄청나게 흔든다
DM-001037,raw_details.csv,53,crawler_detail.py,네이버 종목토론방 본문 + CBOX 댓글,board_body,토론방 본문,삼성전자,2026-08-04T14:34:39,1,427144820,후회·손실고통,12,56b80b85a939,낼은 마이너스 ㆍ5프로
DM-001038,raw_details.csv,54,crawler_detail.py,네이버 종목토론방 본문 + CBOX 댓글,board_body,토론방 본문,삼성전자,2026-08-04T14:34:25,4,427144791,,39,3b9273c5016f,전세계 언론에서 국장 스레기 라고 난리네 우하향 당분간 피할수 없네 ​
DM-001039,raw_details.csv,55,crawler_detail.py,네이버 종목토론방 본문 + CBOX 댓글,board_comment,토론방 댓글,삼성전자,2026-08-04T14:35:35+0900,1,427144791,,46,1cfe0eb3d43c,안그래도 차트 우하향이었음 ㅋㅋ어제 추세 바꿀기회였는대 기관에서 팔아서 못바꿈 ㅋㅋ
DM-001040,raw_details.csv,56,crawler_detail.py,네이버 종목토론방 본문 + CBOX 댓글,board_body,토론방 본문,삼성전자,2026-08-04T14:34:20,6,427144784,불안·공포,151,bd21a74b4d8d,실적이 있는데 왠 걱정? 삼전닉스가  바이오주냐? 감나무 아래에서 감 익어서 떨어질때 까지 입벌리고  있는것도 아니고 연간  영업익 200조가 넘는 회사 시총이 1300 조가 맞다고 보냐? 그냥 버티면 된다 저번주 급등으로 숨고르기 중이구만 삼전닉스는 우상항으로 간다 ​
DM-001041,raw_details.csv,57,crawler_detail.py,네이버 종목토론방 본문 + CBOX 댓글,board_comment,토론방 댓글,삼성전자,2026-08-04T14:36:08+0900,0,427144784,,25,26acd281ade1,실적 반영돼서 외국인들 개관 출금해서 나가는중
DM-001042,raw_details.csv,58,crawler_detail.py,네이버 종목토론방 본문 + CBOX 댓글,board_comment,토론방 댓글,삼성전자,2026-08-04T14:35:57+0900,0,427144784,,77,f1a4fcc673d4,멍청한 소리하네ㅋㅋㅋㅋㅋㅋ 외국 펀드회사들 입장에선 운용자금 규모만 해도 이깟 대기업 몇개를 사고도 남어. 걔네 입장에선 바이오주 맞음 ㅋ
DM-001043,raw_details.csv,59,crawler_detail.py,네이버 종목토론방 본문 + CBOX 댓글,board_body,토론방 본문,삼성전자,2026-08-04T14:34:18,6,427144779,불안·공포,43,1dc61af98252,삼성이 이대로 무너지진않을듯 모두가 내린다고 생각할때 ​ 매수해서 ​ 돈벌게요
DM-001044,raw_details.csv,60,crawler_detail.py,네이버 종목토론방 본문 + CBOX 댓글,board_body,토론방 본문,삼성전자,2026-08-04T14:34:14,3,427144777,,23,df628f2e3c21,"종가 239,000 봅니다,. 어떻습니까?"
DM-001045,raw_details.csv,61,crawler_detail.py,네이버 종목토론방 본문 + CBOX 댓글,board_body,토론방 본문,삼성전자,2026-08-04T14:34:12,3,427144774,,58,118341a8590a,레버리지 투자고객 = 개인이  다수 레버리지 투자자 씨를 말려서 정부에서 허가해준 책임자 처벌을 뭉게는중
DM-001046,raw_details.csv,62,crawler_detail.py,네이버 종목토론방 본문 + CBOX 댓글,board_body,토론방 본문,삼성전자,2026-08-04T14:34:08,2,427144764,,137,bfec1ac3c946,"이재명대통령이 삼전닉스 레버리지로 주식시장 말아먹었네  삼전닉스 레버리지없었으면 삼성전자 600,000원 하이닉스 4,000,000원 갔다 세계1위 세계에서 제일 돈많이버는 삼성전자가 있는데 투자부적격시장이라니!! 정신나간 이재명대통령 탄핵시켜라"
DM-001047,raw_details.csv,63,crawler_detail.py,네이버 종목토론방 본문 + CBOX 댓글,board_body,토론방 본문,삼성전자,2026-08-04T14:34:04,0,427144757,,20,60cf856cf343,긴급속보 인천대교서 투신  잇따라 ​
DM-001048,raw_details.csv,64,crawler_detail.py,네이버 종목토론방 본문 + CBOX 댓글,board_comment,토론방 댓글,삼성전자,2026-08-04T14:35:29+0900,0,427144757,,13,64c38653a2ac,이런 글은 처벌받아야..
DM-001049,raw_details.csv,65,crawler_detail.py,네이버 종목토론방 본문 + CBOX 댓글,board_body,토론방 본문,삼성전자,2026-08-04T14:34:01,2,427144754,,44,d6f24c8a4bd5,장마감 후 AMD 실적발표 있다 잘 생각해봐 이 자리가 살 자리인지 팔 자리인지
DM-001050,raw_details.csv,66,crawler_detail.py,네이버 종목토론방 본문 + CBOX 댓글,board_body,토론방 본문,삼성전자,2026-08-04T14:33:54,2,427144741,불안·공포|후회·손실고통,96,ec1e115bf2dd,미장도 미장뉴스도 절대 속지 마세요!!! 개인들이 사면 그냥 익절이 아니라 확 빼버립니다. 공포에 또 개인들 손절하면 그때 사구요!! 레버리지를 빨리 없앴으면 좋겠는데!!!
DM-001051,raw_details.csv,67,crawler_detail.py,네이버 종목토론방 본문 + CBOX 댓글,board_body,토론방 본문,삼성전자,2026-08-04T14:33:51,0,427144733,,28,336f98a0e395,** 연기금 혼자 온몸 방어  연기금은 언제 돈버냐
DM-001052,raw_details.csv,68,crawler_detail.py,네이버 종목토론방 본문 + CBOX 댓글,board_body,토론방 본문,삼성전자,2026-08-04T14:33:38,3,427144714,,44,7234c14853ce,금일 14시30분까지  외 약 44만주 매수중 ​ 개관계. 약 192만주 매도중
DM-001053,raw_details.csv,69,crawler_detail.py,네이버 종목토론방 본문 + CBOX 댓글,board_comment,토론방 댓글,삼성전자,2026-08-04T14:34:18+0900,0,427144714,,42,b7043679bd12,기관이 또 해냅니다 ㅋㅋ코스닥 6월달에 매일 팔던 데자뷰는거 같습니다 ㅋㅋㅋ
DM-001054,raw_details.csv,70,crawler_detail.py,네이버 종목토론방 본문 + CBOX 댓글,board_body,토론방 본문,삼성전자,2026-08-04T14:33:38,0,427144711,,112,9a9e541be924,"하승훈 유튜브채널 사라진 이유? 엊그제 쇼츠로 뒤늦게 뒷북 때리시는거 같던데, 수년 운영해오던 유튜브가 갑자기 없어진거 같은데 이유 아시는분? 마지막 영상에서 말투도 흐지부지 하시던데.. 약 하셨나.."
DM-001055,raw_details.csv,71,crawler_detail.py,네이버 종목토론방 본문 + CBOX 댓글,board_body,토론방 본문,삼성전자,2026-08-04T14:33:32,2,427144701,,71,a6a708710944,대통령 허가 없이는 레버리지 도입은 불가할거다-- 이건 인재다--  지금도 이용범을 경질 않는 이유--  이게 있을수 있냐? ​
DM-001056,raw_details.csv,72,crawler_detail.py,네이버 종목토론방 본문 + CBOX 댓글,board_body,토론방 본문,삼성전자,2026-08-04T14:33:19,4,427144674,,33,94565df23ffc,만약 종가 보합으로 끝나면 내일은 상승이다 한번 보자 가즈아
DM-001057,raw_details.csv,73,crawler_detail.py,네이버 종목토론방 본문 + CBOX 댓글,board_comment,토론방 댓글,삼성전자,2026-08-04T14:34:43+0900,0,427144674,,46,bd67b743f2c9,내일도 떨어짐 오늘 상승 종목이 내일도 상승 당분간 삼전닉스는 쉬어야 후에 더 감요
DM-001058,raw_details.csv,74,crawler_detail.py,네이버 종목토론방 본문 + CBOX 댓글,board_body,토론방 본문,삼성전자,2026-08-04T14:33:02,1,427144645,,31,345d9e2d1c70,나스닥 선물이 올라야.. 삼전닉스 잡주들 기지개 편다^^
DM-001059,raw_details.csv,75,crawler_detail.py,네이버 종목토론방 본문 + CBOX 댓글,board_body,토론방 본문,삼성전자,2026-08-04T14:32:51,1,427144623,,20,592c5982a690,오늘종가는 싯가냐 싯가면 자리 좋은디
DM-001060,raw_details.csv,76,crawler_detail.py,네이버 종목토론방 본문 + CBOX 댓글,board_comment,토론방 댓글,삼성전자,2026-08-04T14:35:25+0900,0,427144623,,56,a32bbda29109,답나오네 삼성들어올리면 코스피 어마어마하게 오를테고 다른 잡주들 올려서 조정하면서 야금야금 답 나오네
DM-001061,raw_details.csv,77,crawler_detail.py,네이버 종목토론방 본문 + CBOX 댓글,board_body,토론방 본문,삼성전자,2026-08-04T14:32:50,0,427144622,,11,0c58124e6aa1,ㅡ ㅡㅡㅡㅡㅡㅡㅡㅡㅡ
DM-001062,raw_details.csv,78,crawler_detail.py,네이버 종목토론방 본문 + CBOX 댓글,board_body,토론방 본문,삼성전자,2026-08-04T14:32:44,1,427144606,불안·공포|후회·손실고통|분노·불신,222,907df7f68163,찢켓몬스터 ㅡ 자 이제 시작이야 폭락장 위한 음봉(찢카츄) 양봉따윈 없어 (없어) 내 시드와 함께니까 ​ 처음 하락은 어색할지도 몰라 (몰라 내세력 찢카츄) 널 지켜줄거라고 믿지마라 누구라도 물렸다간 큰일나 ​ 언제나 어디서나 찢카츄가 옆에 있어 물릴때나 물탈때나 찢카츄가 옆에있어 너와 나 함께라면 (우린 물렸어) ​ 언제 언제 까지나 거짓된 마음으로 언제 언제 까지나 서킷을 위해 (찢카 찢카)
DM-001063,raw_details.csv,79,crawler_detail.py,네이버 종목토론방 본문 + CBOX 댓글,board_comment,토론방 댓글,삼성전자,2026-08-04T14:33:50+0900,0,427144606,,45,713f053c8281,그냥 줄때 받아 먹어. 이런기회 잘 읍따. 삼전이 뉘집 숫까락 몽둥이가...멍청.
DM-001064,raw_details.csv,80,crawler_detail.py,네이버 종목토론방 본문 + CBOX 댓글,board_body,토론방 본문,삼성전자,2026-08-04T14:32:42,2,427144604,,48,f72b6336ce03,오늘도 연기금 열일중 연기금 직원분들 감동받고 있습니다 분발해주셔서 빨간색 만들어주세요
DM-001065,raw_details.csv,81,crawler_detail.py,네이버 종목토론방 본문 + CBOX 댓글,board_body,토론방 본문,삼성전자,2026-08-04T14:32:40,2,427144599,,18,c5bf8408c6cf,기관 다 빠져나가네 5만전자 확정
DM-001066,raw_details.csv,82,crawler_detail.py,네이버 종목토론방 본문 + CBOX 댓글,board_comment,토론방 댓글,삼성전자,2026-08-04T14:35:39+0900,0,427144599,,50,96adc75d0611,갸들 이익 내는거 반나...전부 눈치만 있지 실려기 개실려기지...어디 한두번 보나...ㅍ
DM-001067,raw_details.csv,83,crawler_detail.py,네이버 종목토론방 본문 + CBOX 댓글,board_body,토론방 본문,삼성전자,2026-08-04T14:32:31,5,427144583,,28,f327ba2f17fd,특정단어 쓰면 글 삭제되네 공 산 국 가 ㅋ ㅋ ㅋ
DM-001068,raw_details.csv,84,crawler_detail.py,네이버 종목토론방 본문 + CBOX 댓글,board_body,토론방 본문,삼성전자,2026-08-04T14:32:23,2,427144573,분노·불신,102,9c3861638a61,튀어라 역시 예상대로 찟이 국무회의에서 보완수사권 폐지를 통과시켰다 ​ 주식판데기 출입하면 안 됨 주가조작단 세상이 도래했다 ​ 나는 몇 일전 그짝 당이 입법화 시킬 때부터 튀었음 ​
DM-001069,raw_details.csv,85,crawler_detail.py,네이버 종목토론방 본문 + CBOX 댓글,board_body,토론방 본문,삼성전자,2026-08-04T14:32:21,4,427144569,,32,8e5999e47289,프로그램. 매수로 바뀌었다. 골드만 힘내라 개관 박살내라.
DM-001070,raw_details.csv,86,crawler_detail.py,네이버 종목토론방 본문 + CBOX 댓글,board_body,토론방 본문,삼성전자,2026-08-04T14:32:21,0,427144568,후회·손실고통,55,a203f1c6b6bc,젓담내.젓담아.영익1위빈깡통씨레기내 갖다버려 삼전염전..영익전망무용지물이내. 20만전자1년가것다..
DM-001071,raw_details.csv,87,crawler_detail.py,네이버 종목토론방 본문 + CBOX 댓글,board_body,토론방 본문,삼성전자,2026-08-04T14:32:20,2,427144567,,88,7d647c91baf4,영차 영차 오늘 보합 내일 +5%  이상 추세 전환 상승 가자 ​ 세계1위 후잡 창신 비슷한 시총 이게 맞냐? ​ ​ 영차 영차 상승  달리기 영차~~~!!!
DM-001072,raw_details.csv,88,crawler_detail.py,네이버 종목토론방 본문 + CBOX 댓글,board_body,토론방 본문,삼성전자,2026-08-04T14:32:16,3,427144562,FOMO·상대적박탈감|분노·불신,101,4c92332cdb7d,내일은  2만언 오를것 같은 느낌 적인 느낌이....개미만 사지마요 개미만 안 사면 ... ​ 될 듯... ​ 물 타지 말고.. 기다리세요.. ​ 외인... 기관이 싸우게 냅두고..
DM-001073,raw_details.csv,89,crawler_detail.py,네이버 종목토론방 본문 + CBOX 댓글,board_body,토론방 본문,삼성전자,2026-08-04T14:32:08,3,427144548,,43,36b82b712948,●삼성전자 장대양봉 삼성전자 파운드리 초대박 수주 라고 하는데 장대양봉 가즈아
DM-001074,raw_details.csv,90,crawler_detail.py,네이버 종목토론방 본문 + CBOX 댓글,board_body,토론방 본문,삼성전자,2026-08-04T14:32:03,1,427144541,,44,9ffa7207073d,나를 놀리나? ㅜ 좀 덜어냈더니 올라가네 아 진짜... 그래도 포기하지 말자 ㅜ
DM-001075,raw_details.csv,91,crawler_detail.py,네이버 종목토론방 본문 + CBOX 댓글,board_body,토론방 본문,삼성전자,2026-08-04T14:31:56,0,427144524,,89,cb019bd58eb8,와우 마이크론 드디어 애프터서 정규장보다 상승중.825불서 831불로 누가 삼전닉스와  미국 마이크론과 엔비디아를 바스껫  동시에 연계매매하는듯.글로벌 마피아가
DM-001076,raw_details.csv,92,crawler_detail.py,네이버 종목토론방 본문 + CBOX 댓글,board_body,토론방 본문,삼성전자,2026-08-04T14:31:55,1,427144520,,129,0b854ba0b8a1,제가 스마트폰 안보고 AI안쓰고 살아보기 1주일정도 해봐습니다 천국입니다 ​ 몸이 건강해지는걸 느꼈고 ​ 정보의 홍수 유튜브 뉴스 댓글등 탈피하니 ​ 스트레스가 사라지고 세상이 다르게 보이더이다 ​ 솔직히 없는게 좋은거 같습니다 ​
DM-001077,raw_details.csv,93,crawler_detail.py,네이버 종목토론방 본문 + CBOX 댓글,board_body,토론방 본문,삼성전자,2026-08-04T14:31:54,2,427144519,,40,9e26dd5a2804,오늘 삼전 닉스만 음봉이고 내일은 반대 이제 당분간 삼전 닉스만 간다 ​
DM-001078,raw_details.csv,94,crawler_detail.py,네이버 종목토론방 본문 + CBOX 댓글,board_body,토론방 본문,삼성전자,2026-08-04T14:31:50,0,427144512,,16,86caf82b99cc,"훼이크 상승 누굴 꼬실려고.,"
DM-001079,raw_details.csv,95,crawler_detail.py,네이버 종목토론방 본문 + CBOX 댓글,board_body,토론방 본문,삼성전자,2026-08-04T14:31:37,0,427144491,후회·손실고통,42,ad1e09222f22,삼성은 돈에 오쇄인가? 인버스마이너스 종목마이너스 절대투자마라 물린건할수없고
DM-001080,raw_details.csv,96,crawler_detail.py,네이버 종목토론방 본문 + CBOX 댓글,board_body,토론방 본문,삼성전자,2026-08-04T14:31:33,0,427144483,불안·공포|후회·손실고통,30,f3f4f1f14ffc,이젠말도조심스럽 괜히 조아하고 부추기고 슬퍼하고 다헛짓
DM-001081,raw_details.csv,97,crawler_detail.py,네이버 종목토론방 본문 + CBOX 댓글,board_body,토론방 본문,삼성전자,2026-08-04T14:31:31,0,427144482,불안·공포,85,8abd01038410,Ai 가 대신일해주고... 밥해주고  빨래해주고 병원데려가주는 세상이 오지 않는한 다부질없다.. 이래서 걱정 저래서 걱정.. . 다때리치어라..... ​
DM-001082,raw_details.csv,98,crawler_detail.py,네이버 종목토론방 본문 + CBOX 댓글,board_body,토론방 본문,삼성전자,2026-08-04T14:31:29,5,427144478,,72,b13f5d3bb910,배당금주당374원 주주들을 거지로아나? 니들이 누구돈으로 장사하는데 그거주며 생색내냐? 성과급은 몇억씩 챙기며 주주에겐 껌값던지냐
DM-001083,raw_details.csv,99,crawler_detail.py,네이버 종목토론방 본문 + CBOX 댓글,board_body,토론방 본문,삼성전자,2026-08-04T14:31:26,1,427144469,FOMO·상대적박탈감,48,cc04a894b441,"공매친거 숏커버 들어오냐? 빨리 들어와라, 오늘 저녁 미장 메모리쪽 핵불장 일꺼 같다."
DM-001084,raw_details.csv,100,crawler_detail.py,네이버 종목토론방 본문 + CBOX 댓글,board_body,토론방 본문,삼성전자,2026-08-04T14:31:19,1,427144459,,17,2df595d3025b,내일은 40 프로 하한가 갑니다
DM-001085,raw_details.csv,101,crawler_detail.py,네이버 종목토론방 본문 + CBOX 댓글,board_body,토론방 본문,삼성전자,2026-08-04T14:31:08,1,427144436,,67,1e587c16bebb,11월   신작 발표 제목 : 코레아  빠징코  신작 발표 ​ 쫌 있으면   영화로 나온다 ​ ㅋㅋㅋㅋㅋㅋㅋㅋㅋㅋㅋㅋ ​
DM-001086,raw_details.csv,102,crawler_detail.py,네이버 종목토론방 본문 + CBOX 댓글,board_body,토론방 본문,삼성전자,2026-08-04T14:31:08,5,427144435,,48,d904ce5ecc96,38만에도 삼전을 믿고 안팔았다 평단 7만이다. 최저가 할인이다. 주주환원 곧 나온다.
DM-001087,raw_details.csv,103,crawler_detail.py,네이버 종목토론방 본문 + CBOX 댓글,board_comment,토론방 댓글,삼성전자,2026-08-04T14:32:38+0900,0,427144435,,21,3c731a7aa4e5,아직 많이 올랐네요... 축하 합니다.
DM-001088,raw_details.csv,104,crawler_detail.py,네이버 종목토론방 본문 + CBOX 댓글,board_body,토론방 본문,삼성전자,2026-08-04T14:31:07,1,427144432,,39,7e38e1f13be4,공매. 공매. 공매. 공매. 공매. 조만간...숏 커버링...주가 폭등
DM-001089,raw_details.csv,105,crawler_detail.py,네이버 종목토론방 본문 + CBOX 댓글,board_body,토론방 본문,삼성전자,2026-08-04T14:31:03,2,427144430,FOMO·상대적박탈감,59,d3017cf4e61c,10배가는 텐배거 종류 몇개 있네요~ 미장 포함  ​ 막차 탑니다~ 꽉 잡으세요~ 밑에 !!보 아 요 !!
DM-001090,raw_details.csv,106,crawler_detail.py,네이버 종목토론방 본문 + CBOX 댓글,board_body,토론방 본문,삼성전자,2026-08-04T14:30:55,1,427144418,,21,a4cdf213053e,돌격! 돌격하라! 적의 돈줄을 끈으라!
DM-001091,raw_details.csv,107,crawler_detail.py,네이버 종목토론방 본문 + CBOX 댓글,board_body,토론방 본문,삼성전자,2026-08-04T14:30:51,0,427144411,,38,392e3d17c435,외놈들이 환차익 보러 달러 환전하나...  뭐 이리 팔아 제끼는겨..
DM-001092,raw_details.csv,108,crawler_detail.py,네이버 종목토론방 본문 + CBOX 댓글,board_body,토론방 본문,삼성전자,2026-08-04T14:30:41,0,427144394,,516,58519227e184,"★ 반도체) 팔란티어 17% 폭등: 삼성전자 10% 폭등 전망 ​ ★ 반도체) 팔란티어 17% 폭등: 삼성전자 10% 폭등 전망 ​ ★ 삼성전자: 곧, 90조원 자사주매입: 폭등가능: 선매수 24년 자사주 10조 매수로 68% 폭등 했었음 자사주 90조원 매수시 200% 폭등: 빨리 매수 필요 ​ ★ 삼성전자: 브로드컴과 300조원 반도체 수주: 매수 오픈AI+AMD+엔트로픽도 수백조 수주 대기: 대박! ​ ○ 삼성전자: 2분기 서프라이즈 실적 발표: 매수 적기 영업이익: 110조(충담금포함): 작년대비 1810% 폭증 ​ 1. 엔비디아 영업이익 81조: 삼성전자 110조(세계1위) 삼성전자: 외인+기관 최근 1750만주 매수: 급등신호 ​ 2. 삼성전자: 연말 특별배당 1주당 1.5만원: 폭등 재료! 하반기 갈수록, 고배당 받으려 매수세 몰림: 선 매수 ​ ★ 삼성전자: HBM+파운드리+휴대폰: 다 좋다 삼성전자 빨리 매수후 1~2년 인내시 부자 됨 연말 100만원, 내년 200만원(내년 영업이익 631조원)"
DM-001093,raw_details.csv,109,crawler_detail.py,네이버 종목토론방 본문 + CBOX 댓글,board_comment,토론방 댓글,삼성전자,2026-08-04T14:31:08+0900,0,427144394,,13,b9dd4f232cce,참 고생이 많으시네요..
DM-001094,raw_details.csv,110,crawler_detail.py,네이버 종목토론방 본문 + CBOX 댓글,board_comment,토론방 댓글,삼성전자,2026-08-04T14:30:49+0900,0,427144394,,250,79ac1254e26b,"★ 삼성전자: 연말 목표가 100만원, 내년 200만원: 지금은 저가 매수 절호의 기회! ★ 트럼프: 한국 반도체 최혜국 보장 희소식! ★ 반도체: 향후 4년간 수요 급증으로, 반도체 가격 폭등이 최고 호재: 없어서 못판다 ★ 삼성전자: 올해 영업이익 370조원 전망(신한증권): 전년대비 750% 폭증 ★ 엄청난 실적 폭증으로, 주가도 폭등 하는게 맞음: 저평가인 지금 과감한 매수가 최 상책 ★ 정규 배당 4번+연말 특별배당 1.5만원도 호재!"
DM-001095,raw_details.csv,111,crawler_detail.py,네이버 종목토론방 본문 + CBOX 댓글,board_body,토론방 본문,삼성전자,2026-08-04T14:30:38,2,427144391,,14,e946a565de14,내일  상한가 내일 상한가
DM-001096,raw_details.csv,112,crawler_detail.py,네이버 종목토론방 본문 + CBOX 댓글,board_comment,토론방 댓글,삼성전자,2026-08-04T14:30:55+0900,0,427144391,,18,30300c868670,상안가 ㅋㅋㅋㅋㅋㅋㅋㅋㅋ하한가겠지
DM-001097,raw_details.csv,113,crawler_detail.py,네이버 종목토론방 본문 + CBOX 댓글,board_body,토론방 본문,삼성전자,2026-08-04T14:30:28,5,427144374,,12,57fe0f70dd39,양전양전 양전 도저언~
DM-001098,raw_details.csv,114,crawler_detail.py,네이버 종목토론방 본문 + CBOX 댓글,board_body,토론방 본문,삼성전자,2026-08-04T14:30:16,6,427144356,,59,fd321ccc5483,"외인이 어제 선물 매도 쳐서 장초반 음봉이었고.. 이제 선물 매도 처리 마무리로, 다시 종가 보합이상 간다"
DM-001099,raw_details.csv,115,crawler_detail.py,네이버 종목토론방 본문 + CBOX 댓글,board_body,토론방 본문,삼성전자,2026-08-04T14:30:14,2,427144355,후회·손실고통|분노·불신,189,37b43cd7721f,반도체에 가스라이팅 당해서 끝까지 들고가면 후회합니다. 삼전닉스 혼자 20배 올랐는데 더갈거라 보이나요?? ​ 주식시장에는 키맞추기라는게 있습니다. ​ 안오른 종목이 오를때지 20배 오른종목이 더갈거라고 판단하면 큰오산 입니다. ​ 지금 판단 잘해야될 시기 입니다. ​ 개미 한명이라도 구제 하기 위해 글을 쓰는거 입니다. ​ 성투하세요.
DM-001100,raw_details.csv,116,crawler_detail.py,네이버 종목토론방 본문 + CBOX 댓글,board_body,토론방 본문,삼성전자,2026-08-04T14:30:03,1,427144335,,21,1463222df85d,3시반 예측 / 잘 해라 / ㅋㅋㅋㅋㅋ
DM-001101,raw_details.csv,117,crawler_detail.py,네이버 종목토론방 본문 + CBOX 댓글,board_comment,토론방 댓글,삼성전자,2026-08-04T14:30:33+0900,0,427144335,,16,9bd9a3cde4a1,3시간만에 매수가 오네~ㅋㅋㅋ
DM-001102,raw_details.csv,118,crawler_detail.py,네이버 종목토론방 본문 + CBOX 댓글,board_body,토론방 본문,삼성전자,2026-08-04T14:30:01,6,427144332,,48,20c5b19bf923,정말 이상한게 제가 팔면 오르네요 제 계좌가 다 보이는 걸까요? 참고로 키움증권입니다.
DM-001103,raw_details.csv,119,crawler_detail.py,네이버 종목토론방 본문 + CBOX 댓글,board_comment,토론방 댓글,삼성전자,2026-08-04T14:32:41+0900,0,427144332,,17,6d0031b262e1,매도할 때 반드시 글 남기세요!
DM-001104,raw_details.csv,120,crawler_detail.py,네이버 종목토론방 본문 + CBOX 댓글,board_comment,토론방 댓글,삼성전자,2026-08-04T14:30:27+0900,1,427144332,,18,68b577583705,외인이 실시간 모니터링 중입니다.
DM-001105,raw_details.csv,121,crawler_detail.py,네이버 종목토론방 본문 + CBOX 댓글,board_body,토론방 본문,삼성전자,2026-08-04T14:29:55,3,427144322,후회·손실고통,32,9b201d371b9c,내일 항상 이런 마음을 가진다 아..어제 손절 칠걸.. ​
DM-001106,raw_details.csv,122,crawler_detail.py,네이버 종목토론방 본문 + CBOX 댓글,board_comment,토론방 댓글,삼성전자,2026-08-04T14:30:23+0900,0,427144322,분노·불신,91,ef224025668c,ㅋㅋㅋㅋㅋㅋㅋㅋㅋㅋㅋㅋㅋㅋㅋㅋㅋㅋㅋㅋㅋㅋㅋㅋㅋㅋㅋㅋㅋㅋㅋㅋㅋㅋㅋㅋㅋㅋㅋㅋㅋㅋㅋㅋㅋㅋㅋㅋㅋㅋㅋ근데 다음날도 그럴꺼야 앞으로 쭈욱~~~~~~~~~개미늪으로 변신하는 중
DM-001107,raw_details.csv,123,crawler_detail.py,네이버 종목토론방 본문 + CBOX 댓글,board_body,토론방 본문,삼성전자,2026-08-04T14:29:53,0,427144320,,32,ac590ddb991d,역시 1분봉 횡보후 위로 갔음 ㅋㅋ 역시 위로 갔습니다 ㅋ
DM-001108,raw_details.csv,124,crawler_detail.py,네이버 종목토론방 본문 + CBOX 댓글,board_body,토론방 본문,삼성전자,2026-08-04T14:29:42,3,427144292,,18,65274acc7a7d,이러다  막판보합가면 대박인데..
DM-001109,raw_details.csv,125,crawler_detail.py,네이버 종목토론방 본문 + CBOX 댓글,board_body,토론방 본문,삼성전자,2026-08-04T14:29:40,0,427144289,,51,b602b27d8113,한달동안 지수보다 더 빼는데 좀 반등나오면 인버스2배지.. 반등 보이면 인버스2배 추매로..
DM-001110,raw_details.csv,126,crawler_detail.py,네이버 종목토론방 본문 + CBOX 댓글,board_body,토론방 본문,삼성전자,2026-08-04T14:29:37,1,427144281,,61,e5a213b2e1bb,"영차 영차 외인 헷지 잡으러가자 매수 매수 ​ 영차 영차 ​ 세계 1위 매출~!! ​ 매출 믿고, 영익 믿어라"
DM-001111,raw_details.csv,127,crawler_detail.py,네이버 종목토론방 본문 + CBOX 댓글,board_body,토론방 본문,삼성전자,2026-08-04T14:29:35,1,427144275,,32,8f99c2a93691,투신 물량...리밸런싱인지 뭔지 하는데 삼전 오르겠나? ​
DM-001112,raw_details.csv,128,crawler_detail.py,네이버 종목토론방 본문 + CBOX 댓글,board_body,토론방 본문,삼성전자,2026-08-04T14:29:26,1,427144262,,35,653f8e44a311,코스닥 가서 버핏형아가 장투하고 있는 종목 검색해서  그거  사
DM-001113,raw_details.csv,129,crawler_detail.py,네이버 종목토론방 본문 + CBOX 댓글,board_body,토론방 본문,삼성전자,2026-08-04T14:29:21,2,427144255,분노·불신,190,9e71ee2b51af,외인이 말했음 잘 먹고 간다고 볼륨버그가 말했음 투자불가라고 ^^ 삼전닉스 판 싹 다 정리하고 태평양 건너가고 있는 중 지금은 개미탕을 넘어 진흙탕임 반대매매에 투매까지 매일 나오면서 앞으로 개미늪으로 변할 예정임. 끝물에 발 담궈서 힘들어 하는 마음은 이해하지만 이럴수록 정신차리고 언능 다른 곳에서 복구해야지 이성을 찾아야 가능할텐데~~
DM-001114,raw_details.csv,130,crawler_detail.py,네이버 종목토론방 본문 + CBOX 댓글,board_body,토론방 본문,삼성전자,2026-08-04T14:29:11,0,427144237,,173,3f7820ba053f,저녁 프리장은 지켜봐야겠지만  0현재시간 14:46 현재가 232000 ​ 개인이 400여만주 매수_ 수급이 이러면 ​ 낼도 조장일듯 싶다 ​ 저녁 프리장 수급보고 단기 진잊여부 체크해봐야지 ​ 그니마 삼히닉레버리지 영향력이 약해진건가 그러면 다행이고 ​ 21층부터 분할메수 딱이긴하네 -18층까지 염두하고 ​
DM-001115,raw_details.csv,131,crawler_detail.py,네이버 종목토론방 본문 + CBOX 댓글,board_body,토론방 본문,삼성전자,2026-08-04T14:29:10,1,427144233,,76,f346f08e2335,연기금도 대통령처럼 반도체  챙겨라 이렇게 좋은회사 그냥 방치하면 국가 경쟁력 잃는다. ~  키우기 보다  도박꾼들 좀 막아주면 감사 ~
DM-001116,raw_details.csv,132,crawler_detail.py,네이버 종목토론방 본문 + CBOX 댓글,board_body,토론방 본문,삼성전자,2026-08-04T14:29:05,1,427144226,분노·불신,30,7580fd80fd3f,삼성도 이젠 맛이갔다 거래하는  개미들이 이상해 졌다.
DM-001117,raw_details.csv,133,crawler_detail.py,네이버 종목토론방 본문 + CBOX 댓글,board_body,토론방 본문,SK하이닉스,2026-08-04T14:37:24,3,427145092,,25,c7e57364560d,보합마감 후  정책 나와서 내일 상 재도전❤️
DM-001118,raw_details.csv,134,crawler_detail.py,네이버 종목토론방 본문 + CBOX 댓글,board_body,토론방 본문,SK하이닉스,2026-08-04T14:37:17,2,427145076,,29,9b6bd288b353,옵션만기일도 아닌데 왜 난리피운거지 이해가 안되노~~
DM-001119,raw_details.csv,135,crawler_detail.py,네이버 종목토론방 본문 + CBOX 댓글,board_body,토론방 본문,SK하이닉스,2026-08-04T14:37:16,1,427145072,,25,11add0153a8d,"1,557,000 내 평단 좀만 더가자~!!!"
DM-001120,raw_details.csv,136,crawler_detail.py,네이버 종목토론방 본문 + CBOX 댓글,board_body,토론방 본문,SK하이닉스,2026-08-04T14:37:09,2,427145057,,39,887e38a002f5,설명할 시간 없다!!! 돔황혀!!  이게 끝났어!! 완전 데드캣이야!!
DM-001121,raw_details.csv,137,crawler_detail.py,네이버 종목토론방 본문 + CBOX 댓글,board_body,토론방 본문,SK하이닉스,2026-08-04T14:37:08,1,427145055,,20,9486b9bc2c54,모두가 포기할때쯤 오르는게 주식이구나
DM-001122,raw_details.csv,138,crawler_detail.py,네이버 종목토론방 본문 + CBOX 댓글,board_body,토론방 본문,SK하이닉스,2026-08-04T14:37:07,3,427145052,,33,2d4300d4cba7,인천대교에서 투신 참ㅇ.로 안타까운 소식이네요 명복을 빕니다
DM-001123,raw_details.csv,139,crawler_detail.py,네이버 종목토론방 본문 + CBOX 댓글,board_body,토론방 본문,SK하이닉스,2026-08-04T14:36:58,5,427145035,FOMO·상대적박탈감|불안·공포,113,32e44b8c2f68,"★ 증안자금이 등판 가능한이유 온국민 삼전닉스 매수가 된상태에서 더이상의 폭락은 ​ 정권교체 지지율폭락을  유발할수 있기에, ​ 여기서는 증안자금이라도 등판해서 구원해야한다고 본다 ​ 지금도 많이 늦었다"
DM-001124,raw_details.csv,140,crawler_detail.py,네이버 종목토론방 본문 + CBOX 댓글,board_comment,토론방 댓글,SK하이닉스,2026-08-04T14:37:19+0900,0,427145035,,16,f13d4075f845,코로나때도 안나왔다 불가능하다
DM-001125,raw_details.csv,141,crawler_detail.py,네이버 종목토론방 본문 + CBOX 댓글,board_body,토론방 본문,SK하이닉스,2026-08-04T14:36:51,5,427145017,분노·불신,19,583c59e2d8a8,오늘 개미가 이겼다 숏스퀴즈 나올듯
DM-001126,raw_details.csv,142,crawler_detail.py,네이버 종목토론방 본문 + CBOX 댓글,board_body,토론방 본문,SK하이닉스,2026-08-04T14:36:46,1,427145009,,29,ba34b2a0ff60,"반도체기업 세금감면, 자금지원 국가가 모든거 지원 ​"
DM-001127,raw_details.csv,143,crawler_detail.py,네이버 종목토론방 본문 + CBOX 댓글,board_body,토론방 본문,SK하이닉스,2026-08-04T14:36:45,5,427145007,,23,2c9f1a128c9f,하이닉스 말아 올리는중이네요 300 가즈아
DM-001128,raw_details.csv,144,crawler_detail.py,네이버 종목토론방 본문 + CBOX 댓글,board_body,토론방 본문,SK하이닉스,2026-08-04T14:36:44,2,427145005,,38,a8ec825e96c2,124 한번 찍었기 때문에 반드시 124 터치하러 한번 더 간다 명심
DM-001129,raw_details.csv,145,crawler_detail.py,네이버 종목토론방 본문 + CBOX 댓글,board_body,토론방 본문,SK하이닉스,2026-08-04T14:36:40,2,427144996,,38,28dfde8931ac,@@@@@@@@ ​ 주ㅈ질 해 ​ 묵고 있다 ​ 1818 ​ ㅋㅋ ​
DM-001130,raw_details.csv,146,crawler_detail.py,네이버 종목토론방 본문 + CBOX 댓글,board_body,토론방 본문,SK하이닉스,2026-08-04T14:36:37,1,427144989,불안·공포|후회·손실고통,98,59e57d052995,보니까 손절치고 나가서  더 싸게 잡으려고들 떨어지라고 애쓰는것 같네요 모르겠지만 이제 이쯤이면 바닥인듯.. 주주환원 공시 나오고 나면 늦을거 같아요 반박시 님말이 다 맞음 ​
DM-001131,raw_details.csv,147,crawler_detail.py,네이버 종목토론방 본문 + CBOX 댓글,board_body,토론방 본문,SK하이닉스,2026-08-04T14:36:37,1,427144988,후회·손실고통,13,f8818ca839d1,낼종가 마이너스 ㆍ5프로
DM-001132,raw_details.csv,148,crawler_detail.py,네이버 종목토론방 본문 + CBOX 댓글,board_body,토론방 본문,SK하이닉스,2026-08-04T14:36:37,1,427144986,불안·공포,82,ce6d13d6b133,사실 오늘좀 이상하더만.. 미국 반도체도 음봉도 아니고 넥장도 많이 올랏는데 왜 한국반도체만 이리 떨어지나햇는데 ㅠㅠ 막판에 양봉햇으면 좋겟네요 ㅠ
DM-001133,raw_details.csv,149,crawler_detail.py,네이버 종목토론방 본문 + CBOX 댓글,board_body,토론방 본문,SK하이닉스,2026-08-04T14:36:36,2,427144985,,19,7990cf6947ca,레오폴드가 이사단을  원래대로 ㅅㅅ
DM-001134,raw_details.csv,150,crawler_detail.py,네이버 종목토론방 본문 + CBOX 댓글,board_body,토론방 본문,SK하이닉스,2026-08-04T14:36:34,2,427144977,,19,4e88e0ca3a10,좋아좋아... adr  양전하겟는데
DM-001135,raw_details.csv,151,crawler_detail.py,네이버 종목토론방 본문 + CBOX 댓글,board_body,토론방 본문,SK하이닉스,2026-08-04T14:36:25,1,427144969,,84,5be1ed09b1ab,■울 한경 동호회만 보합오면 인버스 약  400억  매수 대기중~~ 난  안할거라  공개함 ​ 그런데 동호회  회장말따라  해서  전부  엄청  수익남
DM-001136,raw_details.csv,152,crawler_detail.py,네이버 종목토론방 본문 + CBOX 댓글,board_body,토론방 본문,SK하이닉스,2026-08-04T14:36:24,4,427144965,,23,3220720c9f72,내가 150 저점이라고 했지?? 출발하잖아
DM-001137,raw_details.csv,153,crawler_detail.py,네이버 종목토론방 본문 + CBOX 댓글,board_body,토론방 본문,SK하이닉스,2026-08-04T14:36:23,1,427144963,,49,5e44b60696b8,단타하나는 ㄹㅇ 잘치네 올리고 팔고 빠지면 사고 누구 좋으라고 그렇게 하는 거냐 정부야?
DM-001138,raw_details.csv,154,crawler_detail.py,네이버 종목토론방 본문 + CBOX 댓글,board_body,토론방 본문,SK하이닉스,2026-08-04T14:36:11,3,427144943,,16,9270003fca85,황말올 ㄷㄷ 대역전극 ㄷㄷㄷㄷ
DM-001139,raw_details.csv,155,crawler_detail.py,네이버 종목토론방 본문 + CBOX 댓글,board_body,토론방 본문,SK하이닉스,2026-08-04T14:36:04,4,427144935,후회·손실고통,71,0f32a6194d92,고점신호 = 전라도에 공장짓는다  전두광특별시에 공장을 짓는댘ㅋㅋㅋㅋㅋㅋㅋㅋㅋ 전라도랑 엮여서 성공하는게 잇냐?? 잇냐고 ㅋㅋㅋ
DM-001140,raw_details.csv,156,crawler_detail.py,네이버 종목토론방 본문 + CBOX 댓글,board_comment,토론방 댓글,SK하이닉스,2026-08-04T14:37:12+0900,0,427144935,,4,ab5f3d89b27e,니인생도
DM-001141,raw_details.csv,157,crawler_detail.py,네이버 종목토론방 본문 + CBOX 댓글,board_comment,토론방 댓글,SK하이닉스,2026-08-04T14:36:40+0900,0,427144935,,19,82a7f266da92,응 극우할베. 늦어서 이미 공사시작
DM-001142,raw_details.csv,158,crawler_detail.py,네이버 종목토론방 본문 + CBOX 댓글,board_body,토론방 본문,SK하이닉스,2026-08-04T14:36:04,5,427144934,,25,094dfb5a126b,"종가 보합이나 +2% 이상,,,ㅎ ㅎㅎㅎㅎㅎㅎ"
DM-001143,raw_details.csv,159,crawler_detail.py,네이버 종목토론방 본문 + CBOX 댓글,board_body,토론방 본문,SK하이닉스,2026-08-04T14:36:03,2,427144933,,45,36f5a8194d67,100만원만 잃어도 손발이 떨리는데.. 이런 장에서 다들 어떻게 버티시나요.. ​
DM-001144,raw_details.csv,160,crawler_detail.py,네이버 종목토론방 본문 + CBOX 댓글,board_body,토론방 본문,SK하이닉스,2026-08-04T14:35:59,6,427144927,,57,4c31308ee0e6,좀 오르니까 우르르 들어오는게 진짜 개웃기네 ㅋㅋㅋㅋㅋㅋㅋㅋㅋㅋ ㅋㅋㅋㅋㅋㅋㅋㅋ 와 주식재능 1도 없다
DM-001145,raw_details.csv,161,crawler_detail.py,네이버 종목토론방 본문 + CBOX 댓글,board_comment,토론방 댓글,SK하이닉스,2026-08-04T14:36:50+0900,0,427144927,,34,b34b028406fa,자기 돈으로 투자하는데 왜케 공부를 안하고 하는 바보들이 많냐
DM-001146,raw_details.csv,162,crawler_detail.py,네이버 종목토론방 본문 + CBOX 댓글,board_comment,토론방 댓글,SK하이닉스,2026-08-04T14:36:35+0900,0,427144927,,41,99e8b13fc983,ㅋㅋㅋㅋㅋㅋㅋㅋㅋㄹㅇ 진짜 이러니까 다털리고 주식 접는다는 소리 하지 에휴
DM-001147,raw_details.csv,163,crawler_detail.py,네이버 종목토론방 본문 + CBOX 댓글,board_body,토론방 본문,SK하이닉스,2026-08-04T14:35:46,4,427144908,,21,62ffbaa211d8,머고 갑자기 와이카노? 먼일이고 이게?
DM-001148,raw_details.csv,164,crawler_detail.py,네이버 종목토론방 본문 + CBOX 댓글,board_comment,토론방 댓글,SK하이닉스,2026-08-04T14:36:26+0900,0,427144908,,22,d87566103830,너무 기대한 하지 마쇼. 매번 이랬어요.
DM-001149,raw_details.csv,165,crawler_detail.py,네이버 종목토론방 본문 + CBOX 댓글,board_body,토론방 본문,SK하이닉스,,0,427144905,,14,027874bb419e,POST_NOT_EXIST
DM-001150,raw_details.csv,166,crawler_detail.py,네이버 종목토론방 본문 + CBOX 댓글,board_body,토론방 본문,SK하이닉스,2026-08-04T14:35:41,3,427144898,,34,74b64b6e847f,주위에서 전부 매도하더라 지금부터 드가자 350만원 까지 가자
DM-001151,raw_details.csv,167,crawler_detail.py,네이버 종목토론방 본문 + CBOX 댓글,board_body,토론방 본문,SK하이닉스,2026-08-04T14:35:39,4,427144896,,81,57ac12ac279b,외국인 선물 또 매수 그러니 올라가잖음 살때는 시장가로 사네 이대로 계속 사주면 좋으련만 저러다 또 확돌아서서 매도 하고 완전 국장 외국인 장난감
DM-001152,raw_details.csv,168,crawler_detail.py,네이버 종목토론방 본문 + CBOX 댓글,board_comment,토론방 댓글,SK하이닉스,2026-08-04T14:36:00+0900,0,427144896,,5,4b9fedee8ebe,주옥같아요
DM-001153,raw_details.csv,169,crawler_detail.py,네이버 종목토론방 본문 + CBOX 댓글,board_body,토론방 본문,SK하이닉스,2026-08-04T14:35:38,1,427144895,,10,5b6580a20c52,쓰읍 오늘 슴슴한데
DM-001154,raw_details.csv,170,crawler_detail.py,네이버 종목토론방 본문 + CBOX 댓글,board_body,토론방 본문,SK하이닉스,2026-08-04T14:35:37,1,427144892,,263,f669458bdb94,코스닥 주주들은 참 좋겠네? 평소에 그렇게 삼전하닉 죽으라고 그래야 자기들이 산다고 저주를 퍼붓더니 ​ 원하는대로 삼전하닉 내려가고 본인들이 올라가니까 좋아? ​ 그럼 이제 우리도 코스닥 저주하면 되는건가? ​ 그리고 뭔 맨날 PER PER 거리던데 ​ PER 150배 넘어가는 애들이 오늘 10% 상승 보이고 ​ 대장주가 내려가는건 또 괜찮고? ​ 내가 왠만하면 코스닥 주주들 좋게보고 싶었는데 ​ 코스닥 게시판에서 글써놓은 꼬라지 보니까 나도 앞으로 저주해야겠다 싶다
DM-001155,raw_details.csv,171,crawler_detail.py,네이버 종목토론방 본문 + CBOX 댓글,board_comment,토론방 댓글,SK하이닉스,2026-08-04T14:38:11+0900,0,427144892,후회·손실고통,44,dcaa931803ff,물렸어? ㅋㅋㅋ 코스피 오른거랑 코스닥 오른거 비교를하고 저주한다는 소리하세요~
DM-001156,raw_details.csv,172,crawler_detail.py,네이버 종목토론방 본문 + CBOX 댓글,board_body,토론방 본문,SK하이닉스,2026-08-04T14:35:37,1,427144891,,47,8a3df7d1a475,종가 시가 기준으로 갈것같은데? 160만 그르고 주주환원 발표하면서 10% 로를것같고
DM-001157,raw_details.csv,173,crawler_detail.py,네이버 종목토론방 본문 + CBOX 댓글,board_body,토론방 본문,SK하이닉스,2026-08-04T14:35:37,1,427144890,불안·공포,113,929f79018f31,비정상적인 좌파들이 많이 가지고 있는 하이닉스 어쩌노? 이제 점점 더 폭락 할건데 ㅋㅋㅋㅋㅋㅋㅋㅋ 가격 7자리 유지하는거 이번달이 마지막일건데 우짜노? 범죄자를 뽑은 니들 잘못인데 내가 우짜겠노? 그쟈?
DM-001158,raw_details.csv,174,crawler_detail.py,네이버 종목토론방 본문 + CBOX 댓글,board_body,토론방 본문,SK하이닉스,2026-08-04T14:35:30,2,427144879,불안·공포,251,f6b0514e21a4,이제야 개인들이정신차리나홀딩개나주고사팔대응~ 사팔 대응 안 되면  절대  삼전 하닉 매매 하면 안 됨 추세를 보면 간단 ​ ​ ​ ? 월가  넘들도  괴관 넘들도  사팔 사팔인데 ​ 새발의 피인 개인들이  홀딩해서 뭘 얻으려고 ​ 계좌  녹고 징징 짜려고 주식 하는게 아니라면 ​ 어제 처럼 10% 이상 무조건 많이  폭락  뒤에 매매 해서 사팔 사팔해야 ​ 그나마 안 물리고 익절도 가능 ​ 오늘은 단타도 안 됨   저것들  다 기계 매매임 ~ ​
DM-001159,raw_details.csv,175,crawler_detail.py,네이버 종목토론방 본문 + CBOX 댓글,board_body,토론방 본문,SK하이닉스,2026-08-04T14:35:25,1,427144875,,49,e1ed68178350,나스닥에 따라 내일이나 모래 폭등 차트. 인버스는 상승차트인척 꼬시다가 전저점까지  하락
DM-001160,raw_details.csv,176,crawler_detail.py,네이버 종목토론방 본문 + CBOX 댓글,board_body,토론방 본문,SK하이닉스,2026-08-04T14:35:20,4,427144870,,162,586140452f55,하이닉스 샌디스크와 협력 10세대 낸드 양산 FMS 2026 행사에서 샌디스크와 10세대 낸드 첫 선 차세대메모리 기술로 꼽히는 고대역폭 플래시 HBF 표준규격 공개 시장 선점 나선다 호재는 넘쳐 나는데 개관놈들 주가를 왜 누르기 할까요 안타까울 뿐입니다 그래도 언젠가 희망은 찾아 올겁니다
DM-001161,raw_details.csv,177,crawler_detail.py,네이버 종목토론방 본문 + CBOX 댓글,board_body,토론방 본문,SK하이닉스,2026-08-04T14:35:15,6,427144862,,17,77e356c22a68,이러니 돈잃는건가 파니깐 오르네
DM-001162,raw_details.csv,178,crawler_detail.py,네이버 종목토론방 본문 + CBOX 댓글,board_body,토론방 본문,SK하이닉스,2026-08-04T14:35:11,3,427144856,,33,486f250506fc,대중국이뛰어든이상 더이상 상승은 어렵지 잘 보내주자!!!!!
DM-001163,raw_details.csv,179,crawler_detail.py,네이버 종목토론방 본문 + CBOX 댓글,board_body,토론방 본문,SK하이닉스,2026-08-04T14:35:08,4,427144851,,32,201ce1bd8c40,어차피 3시에는 양전할거임 아주 조금 오르고 시외장서 보합
DM-001164,raw_details.csv,180,crawler_detail.py,네이버 종목토론방 본문 + CBOX 댓글,board_body,토론방 본문,SK하이닉스,2026-08-04T14:35:03,3,427144844,,24,eb36e3028837,꼬비지만말고 손한번잡아줘라 오매불망 안보이냐
DM-001165,raw_details.csv,181,crawler_detail.py,네이버 종목토론방 본문 + CBOX 댓글,board_body,토론방 본문,SK하이닉스,2026-08-04T14:34:58,4,427144839,,45,501bdde6d29c,ㅋㅋㅋ 차트봐라.. 단타가 답이네 개잡주 장투시대는 끝낫음 단타로 쭉쭉 빨아드세요
DM-001166,raw_details.csv,182,crawler_detail.py,네이버 종목토론방 본문 + CBOX 댓글,board_body,토론방 본문,SK하이닉스,2026-08-04T14:34:52,3,427144831,,37,3920234f41c7,지금 카카오페이 가봐라 실적 폭등해도 주가는 엉망이다 이게 현실이다
DM-001167,raw_details.csv,183,crawler_detail.py,네이버 종목토론방 본문 + CBOX 댓글,board_body,토론방 본문,SK하이닉스,2026-08-04T14:34:41,1,427144824,,42,f43c7139a266,날도 더운데 시원하게 파란불 켜줘서 고맙읍니다 이번 휴가는 안가도 시원하네~
DM-001168,raw_details.csv,184,crawler_detail.py,네이버 종목토론방 본문 + CBOX 댓글,board_comment,토론방 댓글,SK하이닉스,2026-08-04T14:35:05+0900,0,427144824,,7,692b814f3222,저도입니다 ㅋ
DM-001169,raw_details.csv,185,crawler_detail.py,네이버 종목토론방 본문 + CBOX 댓글,board_body,토론방 본문,SK하이닉스,2026-08-04T14:34:39,5,427144819,불안·공포,71,09b312ab717d,★ 증안자금 등판 시킬듯 더이상의 삼전닉스 폭락은 ​ 정권교체 지지율폭락의 근원이 될수 있다 ​ 증안자금 등판이 임박했다고 본다
DM-001170,raw_details.csv,186,crawler_detail.py,네이버 종목토론방 본문 + CBOX 댓글,board_body,토론방 본문,SK하이닉스,2026-08-04T14:34:34,1,427144808,,29,9c1f8a97bde7,이제 수급 들어옵니다. 잘 지켜보세요. 가즈아~~ ​
DM-001171,raw_details.csv,187,crawler_detail.py,네이버 종목토론방 본문 + CBOX 댓글,board_body,토론방 본문,SK하이닉스,2026-08-04T14:34:34,1,427144806,,27,b7307dae85e8,빨리 좀 팔아라!! 시간 없다!!  잔치가 끝났다
DM-001172,raw_details.csv,188,crawler_detail.py,네이버 종목토론방 본문 + CBOX 댓글,board_body,토론방 본문,SK하이닉스,2026-08-04T14:34:31,3,427144801,후회·손실고통,91,9d61369d2ec6,이건 뭐 세계 최고 역대급 실적 반도체 회사를 반토막으로 아작내고 계속 집권하려하노 ​ 대통령 임기도 1년 단위로 임기 연장 레버리지와 곱버스 도입해야 한다 ​ ​
DM-001173,raw_details.csv,189,crawler_detail.py,네이버 종목토론방 본문 + CBOX 댓글,board_comment,토론방 댓글,SK하이닉스,2026-08-04T14:37:28+0900,0,427144801,,42,44d3c9057e76,굿! 무능한 지도자는 1년 단위로 재임을~  그래야 정책을 제멋대로 못하지.
DM-001174,raw_details.csv,190,crawler_detail.py,네이버 종목토론방 본문 + CBOX 댓글,board_body,토론방 본문,SK하이닉스,2026-08-04T14:34:28,1,427144799,,37,de61a278cfa7,반도체기업 정부가 책임지고 육성ㄷㄷ 가즈아~♡ 모든 비용 국가 지원
DM-001175,raw_details.csv,191,crawler_detail.py,네이버 종목토론방 본문 + CBOX 댓글,board_body,토론방 본문,SK하이닉스,2026-08-04T14:34:25,4,427144794,후회·손실고통,77,77b044053540,전라도에 공장 짓는다하니 고점이었음ㅋㅋㅋ 생각해보니 당연히 버블고점이지 ㅋㅋㅋ 전라도 물도없어서 워터밤도 못하는데 반도체공잩ㅋㅋㅋㅋㅋㅋㅋㅋ
DM-001176,raw_details.csv,192,crawler_detail.py,네이버 종목토론방 본문 + CBOX 댓글,board_comment,토론방 댓글,SK하이닉스,2026-08-04T14:34:54+0900,1,427144794,,6,8bd2ae98b125,응 극우할베
DM-001177,raw_details.csv,193,crawler_detail.py,네이버 종목토론방 본문 + CBOX 댓글,board_body,토론방 본문,SK하이닉스,2026-08-04T14:34:25,1,427144792,,22,dbba5b3cf717,ㅡ지금사면 ㅡㅡㅡ대박 내일 사며느ㅡㅡ쪽박
DM-001178,raw_details.csv,194,crawler_detail.py,네이버 종목토론방 본문 + CBOX 댓글,board_body,토론방 본문,SK하이닉스,2026-08-04T14:34:19,4,427144783,,47,d98814eda0d9,인버스로 갑니다. 바바이~~~~~~~~~~~~ ㅎㅎㅎㅎㅎㅎㅎㅎㅎㅎㅎㅎㅎㅎㅎㅎㅎㅎㅎㅎㅎ
DM-001179,raw_details.csv,195,crawler_detail.py,네이버 종목토론방 본문 + CBOX 댓글,board_body,토론방 본문,SK하이닉스,2026-08-04T14:34:19,2,427144782,,26,787daed785e6,내일 한번만 더 밀면 다시 투매 나옴 ㅋㅋㅋㅋㅋ
DM-001180,raw_details.csv,196,crawler_detail.py,네이버 종목토론방 본문 + CBOX 댓글,board_body,토론방 본문,SK하이닉스,2026-08-04T14:34:18,4,427144780,,97,3c170de4ef11,"내가 인버스 작살난다했지? 잼파파 좀 믿어라..  독일에서 오자마자 회의하시는 쉴 시간 없으신 분.. 억원이, 용범이, 찬진이, 미래에셋까지 국장을 찢었다 크으 가즈아 잼정부"
DM-001181,raw_details.csv,197,crawler_detail.py,네이버 종목토론방 본문 + CBOX 댓글,board_body,토론방 본문,SK하이닉스,2026-08-04T14:34:08,1,427144765,불안·공포|후회·손실고통|분노·불신,243,2b687763db2a,진짜 정답지 딱 알려드립니까? 반토막내면서 레버리지 다 박살--> 상한가로 인버스 또 박살 이제 레버리지든 인버스든 못합니다. 전문가의 종목이 되었죠. 그러면서 코스닥 상승하면서 대세상승장처럼 또 순환매돌죠. ​ 자 그럼 생각을 바꿔보세요. ​ 상한가 이후 또 위꼬리 하락빔맞고 폭락을 --> 금요일에 상한가가 아니라 오늘까지 5%씩 3일동안 상승 금액 비슷합니다. 반대로 생각하세요. ​ 개미털기이고 이건 우상향으로 방향 잡은겁니다.
DM-001182,raw_details.csv,198,crawler_detail.py,네이버 종목토론방 본문 + CBOX 댓글,board_body,토론방 본문,SK하이닉스,2026-08-04T14:34:07,1,427144762,분노·불신,78,e1092a9fb649,상한가만 20년 형 왔다. 날씨도 더운데 하닉도 짜증나는구나 오르는 꼴을 못 보는구나 오르면 계속 하락이구나 하이닉스도 개잡주가 되어버렸구나
DM-001183,raw_details.csv,199,crawler_detail.py,네이버 종목토론방 본문 + CBOX 댓글,board_body,토론방 본문,SK하이닉스,2026-08-04T14:34:01,4,427144756,,10,18da75da0be1,뚫어 송태섭~!!!
DM-001184,raw_details.csv,200,crawler_detail.py,네이버 종목토론방 본문 + CBOX 댓글,board_body,토론방 본문,SK하이닉스,2026-08-04T14:33:53,4,427144740,분노·불신,31,d96525b4d016,자 드가자 찐반등 나온다 개미 많이 털었다 300만 가자
DM-001185,raw_details.csv,201,crawler_detail.py,네이버 종목토론방 본문 + CBOX 댓글,board_body,토론방 본문,SK하이닉스,2026-08-04T14:33:39,1,427144715,,22,2e9f11fd542c,매물 많다 힘들겠네요  코스닥 이동 ㅋㅋ
DM-001186,raw_details.csv,202,crawler_detail.py,네이버 종목토론방 본문 + CBOX 댓글,board_body,토론방 본문,SK하이닉스,2026-08-04T14:33:38,4,427144710,,39,6a9a63c0cc97,또 데리고 노네 ㅋㅋㅋㄲㅋ 인간안된다 kb증권 맛있냐 주당3마넌 ㅋㅋㅋ
DM-001187,raw_details.csv,203,crawler_detail.py,네이버 종목토론방 본문 + CBOX 댓글,board_body,토론방 본문,SK하이닉스,2026-08-04T14:33:34,1,427144704,,83,f07993ec65e2,■동호회회장  인버스 10억수익  보합오면  또  200억 인버스  대기중 무조건  보합이상 오면 인버스  때려 먹네 ​ 계좌인증  확인함  대단하다
DM-001188,raw_details.csv,204,crawler_detail.py,네이버 종목토론방 본문 + CBOX 댓글,board_body,토론방 본문,SK하이닉스,2026-08-04T14:33:30,1,427144697,분노·불신,108,fbe72ea5d2f1,혹 쥬린님들 태원성 주주환원 발표 땜시 매수한거여? 아님 그냥 막 그냥 막 하는거여? 나도 좀 알고 가즈아 갑자기 왜 올라간데 담을거남았는데 왜 올리는척하고 개미 매수면 또 털어먹을려고 나쁜Sg
DM-001189,raw_details.csv,205,crawler_detail.py,네이버 종목토론방 본문 + CBOX 댓글,board_body,토론방 본문,SK하이닉스,2026-08-04T14:33:29,4,427144694,,24,aa9287cebe0d,이잼 덕분에 하닉 말아올리고 있네 좋은삘나네
DM-001190,raw_details.csv,206,crawler_detail.py,네이버 종목토론방 본문 + CBOX 댓글,board_body,토론방 본문,SK하이닉스,2026-08-04T14:33:27,3,427144690,,31,f5a56650bdc7,❤️신용거래 청산 및 폐지 운동본부 신용거래를 청산합시다
DM-001191,raw_details.csv,207,crawler_detail.py,네이버 종목토론방 본문 + CBOX 댓글,board_body,토론방 본문,SK하이닉스,2026-08-04T14:33:25,4,427144686,,52,1be9f071553d,오늘 분봉은 누구의 작품인가?  주가가 만드는 거기는 한데 오늘 분봉은 유난히 만든 느낌인데?
DM-001192,raw_details.csv,208,crawler_detail.py,네이버 종목토론방 본문 + CBOX 댓글,board_body,토론방 본문,SK하이닉스,2026-08-04T14:33:23,1,427144681,불안·공포,64,d12c1b189449,놀리는사람들없고 걱정하는사람들 많아졌다는건 ​ 진짜 ufc라는거야 ​ 기적을 바라기엔 너무 많이 오른종목아니야? ​
DM-001193,raw_details.csv,209,crawler_detail.py,네이버 종목토론방 본문 + CBOX 댓글,board_body,토론방 본문,SK하이닉스,2026-08-04T14:33:19,1,427144676,불안·공포,98,1c9eb4be39e3,가주아! ! 캬 캬 캬 캬 사팔이 최고라 켔제? 떨어지면.줍줍이라 했제? 으헤헤헤 으 캬 캬 캬 얼마나.쉽냐고! ! 가주아! 캬 캬 캬 캬 5천 만.찍어 보즈아! 캬 캬 키ᄂᆞ
DM-001194,raw_details.csv,210,crawler_detail.py,네이버 종목토론방 본문 + CBOX 댓글,board_body,토론방 본문,SK하이닉스,2026-08-04T14:33:16,2,427144671,,26,eeefdace7565,●최사장이  사고팔고 하지말라고 그렇게 말했는데
DM-001195,raw_details.csv,211,crawler_detail.py,네이버 종목토론방 본문 + CBOX 댓글,board_body,토론방 본문,SK하이닉스,2026-08-04T14:33:16,1,427144670,불안·공포,81,6263d87a63fc,이런  험한것들 코스닥 제발좀 살려달라고 애원할때 . 쳐다도 안보더만 . 꼴좋다 . 아직멀엇다 . 계단씩으로 맛좀봐라 . 2달은 피똥싸야지 ㅋㅋㅋ
DM-001196,raw_details.csv,212,crawler_detail.py,네이버 종목토론방 본문 + CBOX 댓글,board_body,토론방 본문,SK하이닉스,2026-08-04T14:33:08,5,427144656,,49,ef8eed5a0576,도련님 찢어야해요 용 범이  가랭이를 찢어야 살아요! ​ 찢는김에 주둥이도 찢어주세요 ​
DM-001197,raw_details.csv,213,crawler_detail.py,네이버 종목토론방 본문 + CBOX 댓글,board_comment,토론방 댓글,SK하이닉스,2026-08-04T14:35:39+0900,0,427144656,불안·공포,33,476e8adef178,밑에넘 개딸이구나~  길에서 조심해라! 걸리면 주둥이 찢는다
DM-001198,raw_details.csv,214,crawler_detail.py,네이버 종목토론방 본문 + CBOX 댓글,board_comment,토론방 댓글,SK하이닉스,2026-08-04T14:34:49+0900,0,427144656,,59,f27973d0037f,처물리셨나봐요ㅋㅋㅋㅋ 매수는 지가 해 놓고 남 탓은ㅋㅋㅋㅋㅋ 우리나라에 초등학교 야간이 있나?ㅋㅋㅋㅋㅋㅋㅋ
DM-001199,raw_details.csv,215,crawler_detail.py,네이버 종목토론방 본문 + CBOX 댓글,board_comment,토론방 댓글,SK하이닉스,2026-08-04T14:33:56+0900,0,427144656,,22,222fb33b0f2d,극우할베 이리와  내가 찢어주마  ㅋㅋㅋ
DM-001200,raw_details.csv,216,crawler_detail.py,네이버 종목토론방 본문 + CBOX 댓글,board_body,토론방 본문,SK하이닉스,2026-08-04T14:33:06,1,427144650,,18,8f8ba4e229ea,1차 16150K 일단 여기까지만
DM-001201,raw_details.csv,217,crawler_detail.py,네이버 종목토론방 본문 + CBOX 댓글,board_body,토론방 본문,SK하이닉스,2026-08-04T14:33:00,2,427144641,,17,0352aefa48a3,인버스 다이빙중 ㅋ ㅋㅋㅁㅁㅁㅁ
DM-001202,raw_details.csv,218,crawler_detail.py,네이버 종목토론방 본문 + CBOX 댓글,board_body,토론방 본문,SK하이닉스,2026-08-04T14:32:58,2,427144639,후회·손실고통,23,64d729d7f954,흠  좋아좋아 ... 본전근처에만 가따놔라
DM-001203,raw_details.csv,219,crawler_detail.py,네이버 종목토론방 본문 + CBOX 댓글,board_body,토론방 본문,SK하이닉스,2026-08-04T14:32:53,5,427144630,분노·불신,198,13063c8be7d1,한국증권ㅁ찐늄 매도25만주= 하닉목표가 470만원- 연구원 채민숙사기꾼늄 KB증권ㅁ찐늄 매도12만주= 하닉목표가 420만원-리서치본부장 김동원사기꾼늄 ​ 우리시장 국내증권사악마들의 연구원늄들은 전부 사기꾼늄들 밖에 없다 ​ 한국증권/KB증권 2마리 악마들 매도보면 증권사악마늄들이 팔아먹기 위해 연구원사기꾼늄들의 목표가는 뻥튀기목표가  조작 사기일 뿐이다
DM-001204,raw_details.csv,220,crawler_detail.py,네이버 종목토론방 본문 + CBOX 댓글,board_body,토론방 본문,SK하이닉스,2026-08-04T14:32:50,1,427144620,,72,410aeb631d12,거참 우리 한국싸람들 승딜 급하다급해 ㅋㄱㅂ 주가가 하루이틀 음봉되면 하루이틀 양봉 되고 그런것데 왜들 다들 이리 승질 급해 ㅋㅋ
DM-001205,raw_details.csv,221,crawler_detail.py,네이버 종목토론방 본문 + CBOX 댓글,board_body,토론방 본문,SK하이닉스,2026-08-04T14:32:47,3,427144615,,106,bff447c1bae1,역시 막판 ​ ​ 오를줄  알았다 ​ ​ 오늘이 ​ ​ ​ 레버 인버  다  죽이는? ​ ​ 시나리오 ​ ​ 레버  죽이고 ​ ​ 그담 ​ ​ 인버죽이고  ㅋㅋ ​ ​ 어케  당하누  그지?
DM-001206,raw_details.csv,222,crawler_detail.py,네이버 종목토론방 본문 + CBOX 댓글,board_body,토론방 본문,SK하이닉스,2026-08-04T14:32:46,3,427144614,,16,e5720f8659ab,낼 크게 오르것다.으미 좋으다
DM-001207,raw_details.csv,223,crawler_detail.py,네이버 종목토론방 본문 + CBOX 댓글,board_body,토론방 본문,SK하이닉스,2026-08-04T14:32:37,3,427144593,,21,cf5ea894d848,프로그램 매수로 전환 물량지켜라잉~~~
DM-001208,raw_details.csv,224,crawler_detail.py,네이버 종목토론방 본문 + CBOX 댓글,board_body,토론방 본문,SK하이닉스,2026-08-04T14:32:30,4,427144581,,12,d575765f63b3,마크롱. 말아 올린다.
DM-001209,raw_details.csv,225,crawler_detail.py,네이버 종목토론방 본문 + CBOX 댓글,board_body,토론방 본문,SK하이닉스,2026-08-04T14:32:28,2,427144578,,11,a19cebb42121,낼오르겠군 ㅎㅎㅎㅎㅎ
DM-001210,raw_details.csv,226,crawler_detail.py,네이버 종목토론방 본문 + CBOX 댓글,board_comment,토론방 댓글,SK하이닉스,2026-08-04T14:34:04+0900,0,427144578,,77,64044ccab0c0,3~5%씩 소폭 뺏다가 금요일 막장에 20%상승...인버스 ㅋㅋㅋ 외인...꺼억~ 잘 먹고 갈게용 ~ 이거 막아야되는거아니냐? 대책이 없네
DM-001211,raw_details.csv,227,crawler_detail.py,네이버 종목토론방 본문 + CBOX 댓글,board_body,토론방 본문,SK하이닉스,2026-08-04T14:32:17,3,427144563,,53,0ad451c65141,"반도체 지원 특별법 떳다 정부가 세제부터 인프라까지 모두 지원한대 세금도 감면, 비용도 지원 ​"
DM-001212,raw_details.csv,228,crawler_detail.py,네이버 종목토론방 본문 + CBOX 댓글,board_comment,토론방 댓글,SK하이닉스,2026-08-04T14:32:45+0900,0,427144563,,11,d15f3c4c49af,아오 무료 ai 극혐
DM-001213,raw_details.csv,229,crawler_detail.py,네이버 종목토론방 본문 + CBOX 댓글,board_body,토론방 본문,SK하이닉스,2026-08-04T14:32:15,4,427144560,,17,ac29c3204118,슬슬 주주환원대책 지라시 나오나
DM-001214,raw_details.csv,230,crawler_detail.py,네이버 종목토론방 본문 + CBOX 댓글,board_body,토론방 본문,SK하이닉스,2026-08-04T14:32:13,1,427144555,FOMO·상대적박탈감|불안·공포|후회·손실고통|분노·불신,372,9520d3f1e7c7,■삼전닉스는 수급주로 퇴색■ 개인은 삼전닉스 반등시 일단 탈출하라! ​ 기관+외인 ​ 개인흡혈 유인 가두리중이다. 단타로 수익낼자외 접근지하라! ​ 개인들은 긴급탈출해서 소외된 코스닥 우량 성장주로 대이동하라! ​ 흡혈귀들보다 먼저 저점에 선점하라! ​ 삼전닉스는 개인은 단 1원도 상승키힘든다. ​ 분수에 맞게 코스닥 중소형주행으로... ​ 증시 역사는 돌고 도는법이다. ​ ​ 흡혈모기는 흡혈기생인자를 찾아오기마련이다. ​ 삼전닉스서 기관 외인이 합공을 하든 그냥 알아서 피터지게 쌈박질하게 방치하고 개인은 코스닥 대이동을 하여 각자도생하는게 낫다. ​ 이미 삼전닉스 일변동폭과 등락폭을보면 잡주 수급작전 그이외 의미가 없다. 그옛날 중장기투자 발상도 위험하다.
DM-001215,raw_details.csv,231,crawler_detail.py,네이버 종목토론방 본문 + CBOX 댓글,board_body,토론방 본문,SK하이닉스,2026-08-04T14:32:05,2,427144542,,94,8512169e89f1,"★ 증안자금 등판 시킬때 정부가 증안자금 카드를 등판시킬때가 된듯하다 ​ 더이상 삼전닉스 방치는 , 지지율급락과 정권교체로 이어질수 있다고 본다 ​ 여기서는 막아야 한다"
DM-001216,raw_details.csv,232,crawler_detail.py,네이버 종목토론방 본문 + CBOX 댓글,board_body,토론방 본문,SK하이닉스,2026-08-04T14:31:59,3,427144532,후회·손실고통,67,e6a43c14a575,반도체 끝났다고ㅋㅋㅋ 도대체 몇번얘기해야 알아먹냐ㅋㅋ3주전부터 익절하고 나가라고 계속얘기중인데..왜자꾸 손실을 볼려는거야
DM-001217,raw_details.csv,233,crawler_detail.py,네이버 종목토론방 본문 + CBOX 댓글,board_comment,토론방 댓글,SK하이닉스,2026-08-04T14:33:13+0900,0,427144532,,42,39aaf494a183,아니 진짜 어쩌라고 븅a 니가 나가라하면 나가야됨? 돈보태줌? 개웃기네 ㅋㅋ
DM-001218,raw_details.csv,234,crawler_detail.py,네이버 종목토론방 본문 + CBOX 댓글,board_comment,토론방 댓글,SK하이닉스,2026-08-04T14:32:53+0900,0,427144532,,21,96957beea9ea,그냥 그럼 얘기하지마ㅎㅎ 알아서들하겠지
DM-001219,raw_details.csv,235,crawler_detail.py,네이버 종목토론방 본문 + CBOX 댓글,board_body,토론방 본문,SK하이닉스,2026-08-04T14:31:58,2,427144528,,58,25b21fcc88c8,"❤️▅▇█▇▆▆▅▄▇ 신용거래 폐지운동본부 닉스100만원 가즈아~ 신용청산을 해야 3,000,000갑니다"
DM-001220,raw_details.csv,236,crawler_detail.py,네이버 종목토론방 본문 + CBOX 댓글,board_body,토론방 본문,SK하이닉스,2026-08-04T14:31:47,2,427144504,불안·공포|후회·손실고통|분노·불신,155,67c13f104eb2,또  만약 이란 긴장모드로 들어가면 또 떨어지고 ㅋ 이정도 설명해줫으면 개미 빨리 탈출해야할건데 외인 기관 끼리 서로 치고 박고. 싸우게 놔둬야지 왜 큰 돈 잃어가면서 까지 도박을 하는지 허기사 중간선거때 연금이 묻지마 매입으로 하루10%폭등 장기간 오니 뇌가 망가져서 그런거다
DM-001221,raw_details.csv,237,crawler_detail.py,네이버 종목토론방 본문 + CBOX 댓글,board_body,토론방 본문,SK하이닉스,2026-08-04T14:31:38,3,427144494,,133,ad385a59f7ba,1519000원 제자리 맴맴 돌고 변화없는 하루 네요 ㅎㅎㅎ 뭣하러 1100여주 가까히 매수해서 뻘짓처럼 이러고 있는지 ㅎㅎㅎ 그래도 내일이라도 수익 ​ 2천은 기본 먹고 나온다 확신합니다 ​ 딱보니 ​ 낼이나 오늘 둘중 한자리는 먹습니다
DM-001222,raw_details.csv,238,crawler_detail.py,네이버 종목토론방 본문 + CBOX 댓글,board_body,토론방 본문,SK하이닉스,2026-08-04T14:31:34,1,427144487,,19,880e7e392553,무빙 무빙이  잡주이네  잡주 ㅋㅋ
DM-001223,raw_details.csv,239,crawler_detail.py,네이버 종목토론방 본문 + CBOX 댓글,board_body,토론방 본문,SK하이닉스,2026-08-04T14:31:27,3,427144473,분노·불신,435,fd7b50746f64,"형이 75층 밑에서 사라고 분명히 말했다 총 발행 주식수 : 712,702,365주 주당 150만일 때 시총이 1,069조다. ​ 그런데 삼전 시총을 계산해보자. 보통주 주당 25만, 우선주 주당 18만일 때, ​ 보통주 5,919,637,922 : 1479.9조 우선주 815,974,664 : 146.8조 총 1626.7조로 계산된다. ​ 파운드리도 안 하는 메모리 원툴 기업이 종합 전기전자 기업 삼성 시총의 반이 넘는게 맞는거냐? 의무교육만 받았다면 당연히 말이 안 되는 소리임을 알아차릴 수 있다. ​ 종합적으로 고려할 때 하닉 시총은 삼전의 1/3정도여야 적당하며 삼전이 오늘 주가 기준으로 하방을 형성한다면 하닉 주가는 75층 아래가 적절하다는 판단을 도출할 수 있겠다. ​ 형이 이렇게 설명해주는대도 이해를 못하면 그냥 코쟁이들, 세력들 술값만 내주든지 해라..."
DM-001224,raw_details.csv,240,crawler_detail.py,네이버 종목토론방 본문 + CBOX 댓글,board_comment,토론방 댓글,SK하이닉스,2026-08-04T14:32:29+0900,0,427144473,불안·공포,27,2f8447f4bf5f,남걱정은 하는게 아니라고 의무교육에서 배웠습니다.
DM-001225,raw_details.csv,241,crawler_detail.py,네이버 종목토론방 본문 + CBOX 댓글,board_body,토론방 본문,SK하이닉스,2026-08-04T14:31:26,6,427144471,분노·불신,35,510497febdb7,개미들 낚시 시작ㅋㅋㅋ 양봉에 따라가면 지옥이다잉ㅋㅋㅋ다들알제?
DM-001226,raw_details.csv,242,crawler_detail.py,네이버 종목토론방 본문 + CBOX 댓글,board_body,토론방 본문,SK하이닉스,2026-08-04T14:31:23,1,427144464,,235,efad1117df20,"그렇게 돈을 따고 싶냐? 그럼 내가 알켜 줄께, 오늘 150에 10주 사라. 담에 75만원 오거든 30주 더사라. 그담엔 40만원 오면 100주 사고, 그담엔  20만원 오거든 200주 추매. 이담에 10만원 오거든  500주 사고, 그후에 5만원 오면 알지? 2000주 사라고, 2만원 오면 전재산 털어서 사봐. 그러면, 꼭 먹을거야. ​ 10주 샀는데, 다음달에 50푸로 먹었다고? 그럼. 5주만 더 사고 그만사. ​"
DM-001227,raw_details.csv,243,crawler_detail.py,네이버 종목토론방 본문 + CBOX 댓글,board_body,토론방 본문,SK하이닉스,2026-08-04T14:31:18,1,427144457,충동·중독시그널,37,d5ef89c85da7,쫌만 더 내리면되는게 그걸 못참고 올려버리네 전재산 박았다 가보즈아
DM-001228,raw_details.csv,244,crawler_detail.py,네이버 종목토론방 본문 + CBOX 댓글,board_body,토론방 본문,SK하이닉스,2026-08-04T14:31:17,7,427144456,,26,9fe7247bd3e8,탄핵투표 찬반 눌러봐. 어는거 누르는지는 알재?
DM-001229,raw_details.csv,245,crawler_detail.py,네이버 종목토론방 본문 + CBOX 댓글,board_comment,토론방 댓글,SK하이닉스,2026-08-04T14:33:44+0900,0,427144456,,62,bc1f735a5ed2,ㅋㅋㅋㅋㅋ 탄핵 집회 열던가?ㅋㅋㅋㅋㅋ 하여간 모지리들이 주둥이만 나불 나불~ 유C민의 후예인가?ㅋㅋㅋㅋㅋㅋㅋㅋ
DM-001230,raw_details.csv,246,crawler_detail.py,네이버 종목토론방 본문 + CBOX 댓글,board_comment,토론방 댓글,SK하이닉스,2026-08-04T14:33:10+0900,0,427144456,,12,c4778e02a656,윤석열 이미 탄핵됐는데
DM-001231,raw_details.csv,247,crawler_detail.py,네이버 종목토론방 본문 + CBOX 댓글,board_body,토론방 본문,SK하이닉스,2026-08-04T14:31:14,2,427144451,분노·불신,50,c739634b555b,"아직 개미털기가 남았네 개미들 아직 안팔고 징징거리고만 있으니, 딱 털기 좋은 상황 ㅋㅋㅋ"
DM-001232,raw_details.csv,248,crawler_detail.py,네이버 종목토론방 본문 + CBOX 댓글,board_body,토론방 본문,SK하이닉스,2026-08-04T14:31:11,1,427144444,,105,909919f15d36,■동호회회장  보합때 인버스  200억때려 엄청난수익 플러스만  오면  인버스~~ ​ 동호회 회장  보합때  인버스 200억 두빈 때려 ​ 오늘만  10억  벌었어 ​ 계좌인증한것  확인함
DM-001233,raw_details.csv,249,crawler_detail.py,네이버 종목토론방 본문 + CBOX 댓글,board_body,토론방 본문,SK하이닉스,2026-08-04T14:31:10,1,427144442,분노·불신,268,30e0ff96e32d,외인들 기관놈들 끝까지 눌러봐.. 개인이 버티면 지들도 주구장창 팔아서 걸국 주가만 내리고 물량확보는 못해서 곳간이 텅 빌때가 오겠지. 그때까지 버텨야지. 그때부턴 비싼 가격으로 사야겠지. 주가 조작 못하게 공매도랑 레버리지 금지해. 선물시장을 없애던가. 수십년 전부터 선물시장 통해서 현물까지 갖고 노는거 알았으면서. 외인이 주식시장 떡주무르듯이 하는거 뻔히 보면서 정부가 협조하는 건가? 우리가 대응할 능력이 될때 오픈하면 돼잖어. 이거 뭐 기관이 옛날 왜놈 앞잡이 같어. ​
DM-001234,raw_details.csv,250,crawler_detail.py,네이버 종목토론방 본문 + CBOX 댓글,board_body,토론방 본문,SK하이닉스,2026-08-04T14:31:09,2,427144441,,43,7f07c37fb2a1,형 말이 맞지 외인 막판에 쓸어담는다니까 ㅡㅡ 쭉쭉 날라가자 ㅡㅡ 맛점봐라--
DM-001235,raw_details.csv,251,crawler_detail.py,네이버 종목토론방 본문 + CBOX 댓글,board_body,토론방 본문,SK하이닉스,2026-08-04T14:31:03,2,427144431,불안·공포,216,43d6103549f5,못먹더라도 절대 매수는 조심 특히 전자 닉스는 정말 조심 해야 외국인 누적 매도는 늘리고 매수 안함 가찌 반등 슬쩍씩 주며 보유주 털고 있음 전자도 47정도  까지 줄었다는 볼륨버그 에서 매일 경고하고 있는건 외국인 매도 이유도 되고 숏친거 환매수 안하고 롤 오버 한다면 절대 못 올라감 안전하게 5일선 돌리면 사도 늦지않음 꼭 올릴넘들이라면. 믿거나 말거나 지만 조심이 났지 않을까 ​
DM-001236,raw_details.csv,252,crawler_detail.py,네이버 종목토론방 본문 + CBOX 댓글,board_body,토론방 본문,LG에너지솔루션,2026-08-04T14:28:41,0,427144184,분노·불신,62,890fbbcfeefb,7월8일부터 19거래일 횡보네 공매도들도 지치겠다 슬슬 숏커버 하지 숏커버 누가 먼저 하냐 눈치싸움 안하나...
DM-001237,raw_details.csv,253,crawler_detail.py,네이버 종목토론방 본문 + CBOX 댓글,board_body,토론방 본문,LG에너지솔루션,2026-08-04T14:20:34,0,427143354,,41,65edeeb6a23b,실적은 최고인데. . 왜케 누르니??? 시원하게 10프로만 올려주이소~~~
DM-001238,raw_details.csv,254,crawler_detail.py,네이버 종목토론방 본문 + CBOX 댓글,board_body,토론방 본문,LG에너지솔루션,2026-08-04T14:05:16,1,427141557,분노·불신,59,57cd95a32754,지금 공매도 작업중 시원하게 보내주이소 주포형아 함 믿어봅시다 세탁기 많이 만들어서 수출 잘 하겠습니다 ㅋ
DM-001239,raw_details.csv,255,crawler_detail.py,네이버 종목토론방 본문 + CBOX 댓글,board_body,토론방 본문,LG에너지솔루션,2026-08-04T13:55:44,2,427140670,분노·불신,15,684423b27e83,공매도 비중 공매도 비중 ​
DM-001240,raw_details.csv,256,crawler_detail.py,네이버 종목토론방 본문 + CBOX 댓글,board_comment,토론방 댓글,LG에너지솔루션,2026-08-04T14:20:17+0900,0,427140670,,12,d0269156405a,조만간 급등하겠구만ㅎ😂
DM-001241,raw_details.csv,257,crawler_detail.py,네이버 종목토론방 본문 + CBOX 댓글,board_body,토론방 본문,LG에너지솔루션,2026-08-04T13:54:32,1,427140554,,26,3109dd35e444,주포형 함 말아주소 Sdi 한테. 부끄럽소 ㅋㅋ
DM-001242,raw_details.csv,258,crawler_detail.py,네이버 종목토론방 본문 + CBOX 댓글,board_body,토론방 본문,LG에너지솔루션,2026-08-04T13:20:33,1,427137353,,32,fdf60cc05ab7,2차전지를 살꺼면 대장주를 사야지 sdi 안사고 뭐해 ㅡㅡ
DM-001243,raw_details.csv,259,crawler_detail.py,네이버 종목토론방 본문 + CBOX 댓글,board_comment,토론방 댓글,LG에너지솔루션,2026-08-04T13:31:30+0900,1,427137353,,21,22711b9317d6,스디가 최근 내려갔지만 대장주는 맞는듯
DM-001244,raw_details.csv,260,crawler_detail.py,네이버 종목토론방 본문 + CBOX 댓글,board_body,토론방 본문,LG에너지솔루션,2026-08-04T12:41:14,1,427133499,,88,317b86de9ac1,다른애들 오르는거보면 민망하지도 않냐? 내리는건 일등이더만 오를때는 반오르고 내릴때는 두배내리고..뭐하는거야? 뭐 구광모의 경영철학이야?? 헬지 왜 다 이러냐
DM-001245,raw_details.csv,261,crawler_detail.py,네이버 종목토론방 본문 + CBOX 댓글,board_body,토론방 본문,LG에너지솔루션,2026-08-04T12:31:59,0,427132699,,22,31eb0ee05c97,담은 33만원  오케? 모두 콜~~~~~
DM-001246,raw_details.csv,262,crawler_detail.py,네이버 종목토론방 본문 + CBOX 댓글,board_body,토론방 본문,LG에너지솔루션,2026-08-04T12:02:11,0,427129862,,12,4b4685cead57,코스닥오르면 너도가야지
DM-001247,raw_details.csv,263,crawler_detail.py,네이버 종목토론방 본문 + CBOX 댓글,board_comment,토론방 댓글,LG에너지솔루션,2026-08-04T12:29:15+0900,0,427129862,,23,3e464a5a733f,이건 코스피인데... 삼전닉스가서 말해라~
DM-001248,raw_details.csv,264,crawler_detail.py,네이버 종목토론방 본문 + CBOX 댓글,board_body,토론방 본문,LG에너지솔루션,2026-08-04T11:56:11,1,427129347,,25,929b2ffd3652,오늘  양봉 낼도  양봉 베리 굳  감사합니다
DM-001249,raw_details.csv,265,crawler_detail.py,네이버 종목토론방 본문 + CBOX 댓글,board_body,토론방 본문,LG에너지솔루션,2026-08-04T11:48:56,1,427128681,,18,8ff7e4fd7cf3,주식 매가리가 없다 종목 .체인지
DM-001250,raw_details.csv,266,crawler_detail.py,네이버 종목토론방 본문 + CBOX 댓글,board_body,토론방 본문,LG에너지솔루션,2026-08-04T11:32:12,0,427127206,,57,94dcfa5f84a7,어렵겠지만 기다려본다 26만원 최저가 다시 한번 오면 진입해 보려고 째려보고 있다. 한번은 올꺼 같다.
DM-001251,raw_details.csv,267,crawler_detail.py,네이버 종목토론방 본문 + CBOX 댓글,board_body,토론방 본문,LG에너지솔루션,2026-08-04T11:24:58,0,427126462,,49,c348484a7027,이제는 소형주 시대  이제는 소형주 시대 대형주 죽쑤고 있을때 소형주 가서 수익 챙겨야지
DM-001252,raw_details.csv,268,crawler_detail.py,네이버 종목토론방 본문 + CBOX 댓글,board_body,토론방 본문,LG에너지솔루션,2026-08-04T11:07:50,2,427124381,,23,b4997a999680,사리나와요 헬쥐~ 이거 반도체 따까리냐ㅋㅋ
DM-001253,raw_details.csv,269,crawler_detail.py,네이버 종목토론방 본문 + CBOX 댓글,board_body,토론방 본문,LG에너지솔루션,2026-08-04T10:51:38,3,427121897,,41,daa3aef85c7d,단일 종목 ETF 손보면 이것도 매수세 들어온다 분명 !!!ㅠ염두 해 두자
DM-001254,raw_details.csv,270,crawler_detail.py,네이버 종목토론방 본문 + CBOX 댓글,board_body,토론방 본문,LG에너지솔루션,2026-08-04T10:50:15,4,427121655,,34,d4feab12f8f3,뭘 고개를 쳐들어 비엉아 꼬꾸라져 !! 누가 요즘 lg를 하니
DM-001255,raw_details.csv,271,crawler_detail.py,네이버 종목토론방 본문 + CBOX 댓글,board_body,토론방 본문,LG에너지솔루션,2026-08-04T10:40:28,0,427120187,분노·불신,32,7aa0bc831828,여긴..공매도..천지노? 누가...함얘기해봐..개관들아..
DM-001256,raw_details.csv,272,crawler_detail.py,네이버 종목토론방 본문 + CBOX 댓글,board_body,토론방 본문,LG에너지솔루션,2026-08-04T10:31:25,1,427118987,,59,82d85c74c772,32층 밑으로 잡아야 합니다 털리지말고 외인 기관 평균단가 34-40 뺏기지말고 조금익절면 알아서하시고 ㅎ
DM-001257,raw_details.csv,273,crawler_detail.py,네이버 종목토론방 본문 + CBOX 댓글,board_body,토론방 본문,LG에너지솔루션,2026-08-04T10:09:27,3,427115722,,38,a86cdf4e5aaf,이러니 다시는 국장 안한단소리나오지 나도 떠나야겠닻.  정말 피곤하다
DM-001258,raw_details.csv,274,crawler_detail.py,네이버 종목토론방 본문 + CBOX 댓글,board_body,토론방 본문,LG에너지솔루션,2026-08-04T10:08:46,2,427115598,,27,29165f4a4852,삼성sdi살까 LG에너지솔루션살까 정답은 에코프로
DM-001259,raw_details.csv,275,crawler_detail.py,네이버 종목토론방 본문 + CBOX 댓글,board_body,토론방 본문,LG에너지솔루션,2026-08-04T10:04:14,3,427114681,,31,11f66ea8ddce,쓸애기 엘쥐 국장에 있는 이런 쓸애기종목들 진짜 혐오한다
DM-001260,raw_details.csv,276,crawler_detail.py,네이버 종목토론방 본문 + CBOX 댓글,board_body,토론방 본문,LG에너지솔루션,2026-08-04T09:38:53,2,427109549,불안·공포|분노·불신,38,dda4be187778,리딩방 사기꾼 홍xx 들어와있다 조심해라 건드리는거마다 종목 박살낸다
DM-001261,raw_details.csv,277,crawler_detail.py,네이버 종목토론방 본문 + CBOX 댓글,board_body,토론방 본문,LG에너지솔루션,2026-08-04T09:27:22,0,427107042,분노·불신,62,4a1561177c16,떨어질땐 1등 오를땐 역시나 답이없다 개미들이 사주질 말아야돼 봐봐라 끝동없이 같잖아 개미들아 제발 사 주지마라
DM-001262,raw_details.csv,278,crawler_detail.py,네이버 종목토론방 본문 + CBOX 댓글,board_body,토론방 본문,LG에너지솔루션,2026-08-04T09:13:09,3,427103867,후회·손실고통,59,9e48d8b163ea,이전 주주로서 한마디 팔고 나오세요 저도 고민하고 탈출했는데 오늘 챠트보니 후회 없네요 이 주식 답 없어요
DM-001263,raw_details.csv,279,crawler_detail.py,네이버 종목토론방 본문 + CBOX 댓글,board_comment,토론방 댓글,LG에너지솔루션,2026-08-04T09:48:26+0900,1,427103867,,12,81ebd06f4f95,팔았는데 왜 오시는지?
DM-001264,raw_details.csv,280,crawler_detail.py,네이버 종목토론방 본문 + CBOX 댓글,board_comment,토론방 댓글,LG에너지솔루션,2026-08-04T09:29:56+0900,2,427103867,,21,8cd507cf1c09,팔았으면 여기서 기웃거리지 말고 꺼져!
DM-001265,raw_details.csv,281,crawler_detail.py,네이버 종목토론방 본문 + CBOX 댓글,board_body,토론방 본문,LG에너지솔루션,2026-08-04T08:59:33,4,427100926,,36,d265e2328299,장사 안되면 접어라 시작은 거창하드니만 이게 머꼬 종이장사만 했네
DM-001266,raw_details.csv,282,crawler_detail.py,네이버 종목토론방 본문 + CBOX 댓글,board_body,토론방 본문,LG에너지솔루션,2026-08-04T08:57:29,1,427100738,,203,abdd3dafbdba,미국채 금리 하락. D램3분기까지 상승 예상 코스피 선물  월시가  1010.40 현재 시가 아래에 음봉 상태 ​ 엔솔 월시가 328000원 현재가 32만원 월 음봉 상태 ​ 현재 국내 증시는 이익 그런건 아무 소용 없는 흐름 모든 종목이 하락하는 죽음의 구간으로 가고 있는 중 ​ 증시12000간다는 리포트 또 이번은 9000간다는 모건 리포트 그들 마음이다 ​
DM-001267,raw_details.csv,283,crawler_detail.py,네이버 종목토론방 본문 + CBOX 댓글,board_body,토론방 본문,LG에너지솔루션,2026-08-04T08:55:38,2,427100579,,19,ce0751941e97,매수세가 말랐군 삼디의 1/10이네
DM-001268,raw_details.csv,284,crawler_detail.py,네이버 종목토론방 본문 + CBOX 댓글,board_body,토론방 본문,LG에너지솔루션,2026-08-04T08:51:34,1,427100257,,48,d5dbe0e2a4e7,이정도 실적에 재무상태면... 30만원대도 감사해야한다.... 24만원이 적정가다...
DM-001269,raw_details.csv,285,crawler_detail.py,네이버 종목토론방 본문 + CBOX 댓글,board_body,토론방 본문,LG에너지솔루션,2026-08-04T08:44:16,0,427099682,,107,fe7346b811da,오늘은  하방 상방 형아 눈치싸움 오늘 눈치껏 상하 1.5프로 움직임 하방작업중이라 상방형아도 비싸게 말아올리지 않을테고 흠 딱 말하자면 하방 작업 금액은 무조껀 32만 아래로 계속 흔들어야함
DM-001270,raw_details.csv,286,crawler_detail.py,네이버 종목토론방 본문 + CBOX 댓글,board_body,토론방 본문,LG에너지솔루션,2026-08-04T08:40:09,2,427099343,,55,13a28a4b35bc,지긋지긋하다 이놈 정체가 뭐냐? 인간적으로 오늘 같은날 적어도 15프로이상 상승해야 하는거 아니냐?
DM-001271,raw_details.csv,287,crawler_detail.py,네이버 종목토론방 본문 + CBOX 댓글,board_body,토론방 본문,LG에너지솔루션,2026-08-04T08:37:40,0,427099111,분노·불신,54,727bd369a76f,비엠 이번 출고된 전기차 중국산 밧데리 장착 반도체 망하는게아니고~ 개미들 돈으로 선동 뽐뿌질만~
DM-001272,raw_details.csv,288,crawler_detail.py,네이버 종목토론방 본문 + CBOX 댓글,board_body,토론방 본문,LG에너지솔루션,2026-08-04T08:34:17,3,427098838,,15,86d98b4f3071,2차전지 최선호주 삼성SDI
DM-001273,raw_details.csv,289,crawler_detail.py,네이버 종목토론방 본문 + CBOX 댓글,board_body,토론방 본문,LG에너지솔루션,2026-08-04T07:57:17,0,427096030,,168,3502105099d8,미국은 너무낮은 유류세를 100%올려야 전기차들이 보조금없어도 잘팔릴것인데 유럽의반값 미국휘발유값 L당1500원이 비싸다고 난리다. 기름한방울나지않는 한국은 휘발유경유값2000원 원전단가120원 산업용200원 주택용전기요금 누진세없애고 250원으로 단일화 정상화시켜야 전기차 신재생에너지산업경쟁력생긴다
DM-001274,raw_details.csv,290,crawler_detail.py,네이버 종목토론방 본문 + CBOX 댓글,board_body,토론방 본문,LG에너지솔루션,2026-08-04T06:25:56,3,427093932,,125,7015bea251b0,회사 경영진 무엇하고 있나요. 주가는 5년전 공모가  주가 부양책으로 매입후 소각을 해야 합니다. 특허나 사회공헌활동 투자는 이제 그만하고 주주들 위해서 주가 부양책을 내 놓아야 합니다. 기관들 매도만 줄기차게 하고 있어요.
DM-001275,raw_details.csv,291,crawler_detail.py,네이버 종목토론방 본문 + CBOX 댓글,board_comment,토론방 댓글,LG에너지솔루션,2026-08-04T08:44:12+0900,0,427093932,,40,c3fa22767fd4,뭐 아무때나 주주환원 정책을 하는지 아는 ㅋㅋ 증자 안하는걸 다행히 여겨
DM-001276,raw_details.csv,292,crawler_detail.py,네이버 종목토론방 본문 + CBOX 댓글,board_body,토론방 본문,LG에너지솔루션,2026-08-04T02:12:11,0,427091388,,872,925f68117052,"<JP모건> ""삼전닉스 심각한 저평가상태, 지금이 저점매수 기회"", 한국증시 투자의견 상향조정 !!! 글로벌 투자회사 ""JP모건""이 SK하이닉스와 삼성전자가 실적대비 조정이 과도했으며 지금이 저점매수 기회라고 보고서를 냈다. ​ 1. SK하이닉스 적정주가 (250만원 ~ 470만원) ​ 1) 연간 매출 : 360조원 2) 연간 순이익 : 220조원 (2분기 영업이익 60조원) 3) 주식수 : 7.2억주 4) EPS(주당 순이익) : 31만원 5) 보수 PER 8배 적정주가 → 250만원 6) 정상 PER 10배 적정주가 → 310만원 7) AI 재평가 PER 12배 적정주가 → 380만원 8) AI 고성장 PER 15배 적정주가 → 470만원 ​ 2. 삼성전자 적정주가 (37만원 ~ 70만원) ​ 1) 연간 매출 : 730조원 2) 연간 순이익 : 310조원 (2분기 영업이익 89조원) 3) 주식수 : 66.7억주 4) EPS(주당 순이익) : 4.6만원 5) 보수 PER 8배 적정주가 → 37만원 6) 정상 PER 10배 적정주가 → 46만원 7) AI 재평가 PER 12배 적정주가 → 56만원 8) AI 고성장 PER 15배 적정주가 → 70만원 ​ 3. ""모건스탠리"" 한국증시 투자의견 상향조정 ​ 글로벌 투자은행 ""모건스탠리""가 보고서를 통해 한국증시에 대한 투자의견을 상향 조정했다. ​ 최근 국내 증시에서 진행된 레버리지 청산이 마무리 국면에 접어들면서 ""인공지능(AI) 투자""에 다시 진입할 수 있는 매수 기회가 마련됐다는 판단에서다. ​ 블룸버그통신에 따르면 ""모건스탠리""의 다니엘 K 블레이크 등 전략가들은 보고서를 통해 “과도한 쏠림 현상과 레버리지 포지션이 급격히 해소된 이후 코스피의 목표치를 9000까지 상향조정"" 했다."
DM-001277,raw_details.csv,293,crawler_detail.py,네이버 종목토론방 본문 + CBOX 댓글,board_comment,토론방 댓글,LG에너지솔루션,2026-08-04T08:35:39+0900,0,427091388,,14,0f6df6303f85,그런넘들이 매도를 하냐??
DM-001278,raw_details.csv,294,crawler_detail.py,네이버 종목토론방 본문 + CBOX 댓글,board_body,토론방 본문,LG에너지솔루션,2026-08-03T22:34:04,3,427083025,,150,8815cf4fbf6c,야간 선물 또 다시 사이드카 하락-5% 급락 이번 하락장 모든 종목이 하락중 ​ 이달 코스피. 엔솔 거의 모든 종목 모두 음봉 확장 지으면서 하락중 ​ 상승할때도 미장 안보고 상승 이번에도 미장상승. 관계없이 급락 나스닥이 조금만 하락 기미만 보여도 초급락하는 차트 ​
DM-001279,raw_details.csv,295,crawler_detail.py,네이버 종목토론방 본문 + CBOX 댓글,board_comment,토론방 댓글,LG에너지솔루션,2026-08-04T07:57:00+0900,0,427083025,,8,f7f1080d9c8a,이말올 ㅋㅋㅋㅌ
DM-001280,raw_details.csv,296,crawler_detail.py,네이버 종목토론방 본문 + CBOX 댓글,board_comment,토론방 댓글,LG에너지솔루션,2026-08-04T03:43:35+0900,1,427083025,,47,22a947fd430a,원달러 환율 폭력 있는 그 중 대표적인 더 우즈 있다 김치 앞도 있다 잘 될 것입니다
DM-001281,raw_details.csv,297,crawler_detail.py,네이버 종목토론방 본문 + CBOX 댓글,board_comment,토론방 댓글,LG에너지솔루션,2026-08-03T22:54:32+0900,0,427083025,,82,0fa5508a73c7,이번 정부가 탄생한 것과 이번 상승장과 하락장은 철저히 계획돠었다는 것이 믿거나 말거나 우리나라가 탄광의 카나리아  이달 ㄷㅁ 빌게이츠가 방한 한다
DM-001282,raw_details.csv,298,crawler_detail.py,네이버 종목토론방 본문 + CBOX 댓글,board_body,토론방 본문,LG에너지솔루션,2026-08-03T21:13:34,8,427079676,,63,e58cc93faf4a,국내에서 배터리관련주 매수한다면 무조건 lg에너지솔루션이 1순위이긴한데 앞에 lg자가 붙어서 투자가 망설여짐...
DM-001283,raw_details.csv,299,crawler_detail.py,네이버 종목토론방 본문 + CBOX 댓글,board_body,토론방 본문,LG에너지솔루션,2026-08-03T19:20:09,2,427073883,,21,e0469a6d9bb9,야간선물 -2.4% 빠짐 돔황쳐요 어서
DM-001284,raw_details.csv,300,crawler_detail.py,네이버 종목토론방 본문 + CBOX 댓글,board_comment,토론방 댓글,LG에너지솔루션,2026-08-03T19:36:27+0900,0,427073883,,9,b5dc373909ae,그런건 어디서봐?
DM-001285,raw_details.csv,301,crawler_detail.py,네이버 종목토론방 본문 + CBOX 댓글,board_body,토론방 본문,LG에너지솔루션,2026-08-03T19:10:01,0,427073278,,26,c2ebe4a30459,ㅋ 2차전지? 중국형님한테 안돼는데  오르겠냐?
DM-001286,raw_details.csv,302,crawler_detail.py,네이버 종목토론방 본문 + CBOX 댓글,board_body,토론방 본문,LG에너지솔루션,2026-08-03T18:46:52,0,427072221,분노·불신,70,829981a269e9,내일부터 주포형 출연할듯 엔솔아무리 저가라 해도 34-37만 호가창 보면 상승할까 코피터짐 ㅎㅎ 개미는 그냥 구경만하세요 ~~
DM-001287,raw_details.csv,303,crawler_detail.py,네이버 종목토론방 본문 + CBOX 댓글,board_body,토론방 본문,LG에너지솔루션,2026-08-03T18:38:46,0,427071859,불안·공포,290,1a6e27b76b8b,"신규상장 패턴으로 갈수있는 종목 아닐지 !! 신규상장 패턴으로 갈수있는 종목 아닐지 !! 작성시점2026.07.01. 09:44조회 72 ​ LG에너지솔루션 ​ 현재가 355,500원 ​ 신규상장 패턴으로 갈수있는 종목 아닐지 !! 226,000원 깨지면 신저가 행진시작 됩니다 코스피 조정이 온다면 엔솔은 위험 합니다 2차전지주들은 강한 하방으로 흘러 내리고 있습니다 월봉보면 아무래도 장기조정도 염두에 두어야 합니다 심상찮은 그림을 보이고 있습니다 현금관리 잘 하셔야 합니다 ​ ​ 2026.07.01일 예측과 대응"
DM-001288,raw_details.csv,304,crawler_detail.py,네이버 종목토론방 본문 + CBOX 댓글,board_body,토론방 본문,LG에너지솔루션,2026-08-03T18:30:41,0,427071538,,17,b5c69aa9c064,3130층인데 이주식 희망있나염
DM-001289,raw_details.csv,305,crawler_detail.py,네이버 종목토론방 본문 + CBOX 댓글,board_body,토론방 본문,LG에너지솔루션,2026-08-03T18:07:07,1,427070459,,20,3c858c18c6be,각 평단이 얼마인지요? 전32층 ㅎㅎ
DM-001290,raw_details.csv,306,crawler_detail.py,네이버 종목토론방 본문 + CBOX 댓글,board_comment,토론방 댓글,LG에너지솔루션,2026-08-04T03:45:19+0900,0,427070459,,69,c59fbbf6a70a,266충 및 소모품 안에서 있었다 알고 있다 알고 있는 것이 때문에 대해 주는 그 중 한 명으로 그 후 다시 개인정보가 만든
DM-001291,raw_details.csv,307,crawler_detail.py,네이버 종목토론방 본문 + CBOX 댓글,board_comment,토론방 댓글,LG에너지솔루션,2026-08-03T21:33:34+0900,0,427070459,,6,72b9341c96a4,289000
DM-001292,raw_details.csv,308,crawler_detail.py,네이버 종목토론방 본문 + CBOX 댓글,board_comment,토론방 댓글,LG에너지솔루션,2026-08-03T18:19:09+0900,0,427070459,,2,f1f836cb4ea6,34
DM-001293,raw_details.csv,309,crawler_detail.py,네이버 종목토론방 본문 + CBOX 댓글,board_body,토론방 본문,LG에너지솔루션,2026-08-03T17:53:32,6,427069800,분노·불신,161,2f43c06d3c7e,공매도 잡는법 필수 필독 개미는 절대 물량 뺏김안됨 평균 공매금액이 개미 평균보다 높음 지금 그냥 구경만 하면됨 그럼 알아서 공매는 똥줄땀. 기관또는 금융사 기타 주포형아 평단이 높기에 알아서 말아줌 ~~~ 8월은 35-40정도 알아서 마차줌 그때 개미 평단알아서 빠지던지 아님 기다려보심
DM-001294,raw_details.csv,310,crawler_detail.py,네이버 종목토론방 본문 + CBOX 댓글,board_body,토론방 본문,LG에너지솔루션,2026-08-03T17:46:51,1,427069404,,47,abbbf4bc8e92,요번달 저점이.. 오늘이길 바라며.. 8월 거래일동안은 상승만 있길 바랍니다. 제발ㅜ
DM-001295,raw_details.csv,311,crawler_detail.py,네이버 종목토론방 본문 + CBOX 댓글,board_comment,토론방 댓글,LG에너지솔루션,2026-08-03T17:57:27+0900,0,427069404,분노·불신,72,dcd526d5e970,흠 하방작업 들어가면 28-29까지도 생각해보세요 지금은 하방세력 상방세력 눈치구간입니다 오늘 거래는 하방끼리 서로 주고받고 ㅋㅋ
DM-001296,raw_details.csv,312,crawler_detail.py,네이버 종목토론방 본문 + CBOX 댓글,board_body,토론방 본문,LG에너지솔루션,2026-08-03T17:22:36,3,427067913,,30,f64295635144,오늘 총거래중 25프로가 공매^^ 어찌해야할까요 주포님
DM-001297,raw_details.csv,313,crawler_detail.py,네이버 종목토론방 본문 + CBOX 댓글,board_body,토론방 본문,LG에너지솔루션,2026-08-03T17:18:53,2,427067675,분노·불신,33,fe5b78bbe2d8,레버리지 규제가 아니라 공매도 금지를 해라..!!! 답답하네
DM-001298,raw_details.csv,314,crawler_detail.py,네이버 종목토론방 본문 + CBOX 댓글,board_body,토론방 본문,LG에너지솔루션,2026-08-03T17:15:26,1,427067466,,69,f7a34b727dbf,속보... 미국유학하고온 유능한친구가 이주 18만원 올때까증 기다리라 기라는데....이친구 유럽에도 갓다왔대는거 같은데...
DM-001299,raw_details.csv,315,crawler_detail.py,네이버 종목토론방 본문 + CBOX 댓글,board_body,토론방 본문,LG에너지솔루션,2026-08-03T17:00:12,2,427066522,분노·불신,66,9d39616e2d8e,22.91% 어째 주가는 상장가 근처인데도 이렇게 매일 두자리 이상의 공매도를 치는지....매일같이 이해불가다... ​
DM-001300,raw_details.csv,316,crawler_detail.py,네이버 종목토론방 본문 + CBOX 댓글,board_body,토론방 본문,LG에너지솔루션,2026-08-03T16:10:31,11,427063412,충동·중독시그널,106,f9d4846ce607,이재명 정부는 무식한 주가개입으로 몇푼 안되는 이차전지 바이오 연기금 빼서 반도체에 몰빵함...진심 이재명을 떠나서 주변 사람들이  멍청한건지 아니면 과잉 충성인지 정권 끝나면 특검해야할 듯
DM-001301,raw_details.csv,317,crawler_detail.py,네이버 종목토론방 본문 + CBOX 댓글,board_comment,토론방 댓글,LG에너지솔루션,2026-08-03T19:06:17+0900,0,427063412,,13,3004ad5268ae,반도체 가지 그랬엉~~~
DM-001302,raw_details.csv,318,crawler_detail.py,네이버 종목토론방 본문 + CBOX 댓글,board_body,토론방 본문,LG에너지솔루션,2026-08-03T16:08:59,10,427063323,,46,52911a5683d7,여전히 공매비율즘 보소! 어디까지 끌고 내려갈려구 공매판이냐? 국장개   . 판이네
DM-001303,raw_details.csv,319,crawler_detail.py,네이버 종목토론방 본문 + CBOX 댓글,board_body,토론방 본문,LG에너지솔루션,2026-08-03T16:08:07,2,427063276,분노·불신,48,87ec46acaa37,버려 2차전지는 버려 개미야 엔솔 sdi 중국땜시 안된다 좀 토끼라 대장주는 sdi이다
DM-001304,raw_details.csv,320,crawler_detail.py,네이버 종목토론방 본문 + CBOX 댓글,board_body,토론방 본문,LG에너지솔루션,2026-08-03T15:53:08,0,427062325,,28,4b83022c874e,포르쉐 화재 베터리 어디꺼임? 짱꿔임 ?? 엔솔임?
DM-001305,raw_details.csv,321,crawler_detail.py,네이버 종목토론방 본문 + CBOX 댓글,board_body,토론방 본문,LG에너지솔루션,2026-08-03T15:31:36,1,427060595,,53,c7b7f3f9778d,LG엔솔 vs 에코프로비엠 어디가 좋을까요? ​ 지금 가격 기준으로 어디 투자하는게 맞는걸까요?
DM-001306,raw_details.csv,322,crawler_detail.py,네이버 종목토론방 본문 + CBOX 댓글,board_comment,토론방 댓글,LG에너지솔루션,2026-08-03T18:04:05+0900,0,427060595,,8,033f3de6a357,둘다 망삘 ㅋㅋ
DM-001307,raw_details.csv,323,crawler_detail.py,네이버 종목토론방 본문 + CBOX 댓글,board_comment,토론방 댓글,LG에너지솔루션,2026-08-03T17:00:12+0900,1,427060595,,14,c6dd4a484901,그냥 ㅈ차전지 투자안하시길
DM-001308,raw_details.csv,324,crawler_detail.py,네이버 종목토론방 본문 + CBOX 댓글,board_comment,토론방 댓글,LG에너지솔루션,2026-08-03T15:49:45+0900,1,427060595,후회·손실고통,20,4db8a6f18a58,삼성 sdi픽하세요  후회안하실겁니다
DM-001309,raw_details.csv,325,crawler_detail.py,네이버 종목토론방 본문 + CBOX 댓글,board_body,토론방 본문,LG에너지솔루션,2026-08-03T15:19:03,0,427059332,,67,e45fbc10b3e1,실적은 항상 보조금 때문에 적자는 면하는구나. 시총 80조 너무 위태록습니다. 큰거 한번 터져도 전혀 이상하지 않습니다.
DM-001310,raw_details.csv,326,crawler_detail.py,네이버 종목토론방 본문 + CBOX 댓글,board_body,토론방 본문,LG에너지솔루션,2026-08-03T15:18:37,0,427059276,,30,46a81b4da57d,인천 포르쉐 화재 엔솔거 아닌가?? 이래서 빠지나? ​
DM-001311,raw_details.csv,327,crawler_detail.py,네이버 종목토론방 본문 + CBOX 댓글,board_comment,토론방 댓글,LG에너지솔루션,2026-08-03T15:51:25+0900,0,427059276,,26,3ed9a0add860,아직 밝혀진게 없다고하는딩....제발 아니길ㅠㅠ
DM-001312,raw_details.csv,328,crawler_detail.py,네이버 종목토론방 본문 + CBOX 댓글,board_body,토론방 본문,LG에너지솔루션,2026-08-03T14:55:30,1,427056577,,18,fc6d4713d7d4,고집 고집있네 빨리 25만원 온나
DM-001313,raw_details.csv,329,crawler_detail.py,네이버 종목토론방 본문 + CBOX 댓글,board_body,토론방 본문,LG에너지솔루션,2026-08-03T14:36:42,0,427055005,,63,2be562cd29cb,뭐하도 있습니다 알고 있는 것이다 알고 있는 것이 때문에 에너리 케이 책을 눌러주세요 근래 수 있도록 스타 사이트
DM-001314,raw_details.csv,330,crawler_detail.py,네이버 종목토론방 본문 + CBOX 댓글,board_body,토론방 본문,LG에너지솔루션,2026-08-03T14:20:25,1,427053496,,48,ed3ccc715bdb,하방 베팅 형아 이상하이 먹힐듯 어중간하게 하방주포님. 상방 주포형아한테 한방에 먹힐듯
DM-001315,raw_details.csv,331,crawler_detail.py,네이버 종목토론방 본문 + CBOX 댓글,board_body,토론방 본문,LG에너지솔루션,2026-08-03T14:00:05,3,427051379,,46,eb164680aca0,"[AI 요약] LG에너지솔루션, 2026년 2분기 실적발표 컨퍼런스콜이 열렸어요🎙️"
DM-001316,raw_details.csv,332,crawler_detail.py,네이버 종목토론방 본문 + CBOX 댓글,board_body,토론방 본문,LG에너지솔루션,2026-08-03T12:58:35,0,427045494,불안·공포,11,5d15fef39b9e,너는 와 떨어지는거야
DM-001317,raw_details.csv,333,crawler_detail.py,네이버 종목토론방 본문 + CBOX 댓글,board_body,토론방 본문,LG에너지솔루션,2026-08-03T12:49:59,5,427044769,,21,ba679c3db63a,이거 대머리 저주걸린 종목이다  피해라
DM-001318,raw_details.csv,334,crawler_detail.py,네이버 종목토론방 본문 + CBOX 댓글,board_comment,토론방 댓글,LG에너지솔루션,2026-08-03T13:49:07+0900,1,427044769,,34,aa47fe47cb60,망명간다던 그작자?  앞 뒤가 맞지 않아서 난 믿지도 않아요~
DM-001319,raw_details.csv,335,crawler_detail.py,네이버 종목토론방 본문 + CBOX 댓글,board_body,토론방 본문,LG에너지솔루션,2026-08-03T12:32:04,2,427043266,분노·불신,232,46d3475a1a3c,"공매도 상위 세력들이 외국계가 많은데 메릴린치 인터내셔널, 모건스탠리 인터내셔널, 골드만삭스 인터내셔널, 에이치에스비씨, UBS / 크레디트스위스 ​ 지금 미국에서 벌어지고 있는 펀드사냥이랑 관련있는게 아닐까... 펀더멘털은 오히려 좋아지고 있지만 주가를 눌러서 여기에 투자하고 있는 펀드들을 청산시키는.... 최근 30조짜리 펀드가 청산당하면서 의심이 들 수 밖에 없긴함... 아니면 말고~ 그냥 의심만 해보는거임"
DM-001320,raw_details.csv,336,crawler_detail.py,네이버 종목토론방 본문 + CBOX 댓글,board_body,토론방 본문,LG에너지솔루션,2026-08-03T12:18:57,2,427041975,,80,eef601abde8c,가만보면 7월8일부터 횡보다  남들은 죽는다 어쩐다 할때 여기는 그래도 횡보하고 있었다... 그걸로 위안을 삼아야지... 언젠간 오르겠지....
DM-001321,raw_details.csv,337,crawler_detail.py,네이버 종목토론방 본문 + CBOX 댓글,board_body,토론방 본문,LG에너지솔루션,2026-08-03T12:13:43,0,427041540,충동·중독시그널,33,05a224501ec5,세탁기나 만들자 세탁기.올인하자 ㅋㅋ 공모가 얼마인지요 ㅋㅋ
DM-001322,raw_details.csv,338,crawler_detail.py,네이버 종목토론방 본문 + CBOX 댓글,board_body,토론방 본문,LG에너지솔루션,2026-08-03T11:56:12,0,427040151,,91,42d417e54658,지분받아먹으려는것들 주가 신나게 때리네 엘화 cfo를 경질해야하지않겠냐. 온동네 우리 지분 팔아요 소문내고 시간질질끌어서 그 사이에 주가 다 나락팟만들어버리네. ​
DM-001323,raw_details.csv,339,crawler_detail.py,네이버 종목토론방 본문 + CBOX 댓글,board_body,토론방 본문,LG에너지솔루션,2026-08-03T11:43:46,1,427039063,,73,f08b7594af5c,"? 중국 가보신 분들은 알겠지만, 중국 전기차 배터리 기술에 뒤쳐지고 있습니다. 가격이나 기술이나 뒤쳐지는 중, 현직자들도 다 알듯"
DM-001324,raw_details.csv,340,crawler_detail.py,네이버 종목토론방 본문 + CBOX 댓글,board_body,토론방 본문,LG에너지솔루션,2026-08-03T11:40:45,0,427038774,,42,060a417591fe,"""美·이란, '호르무즈 해협 60일 개방' 양해각서 복원 논의"" 가즈아~~~"
DM-001325,raw_details.csv,341,crawler_detail.py,네이버 종목토론방 본문 + CBOX 댓글,board_body,토론방 본문,LG에너지솔루션,2026-08-03T11:25:29,1,427037207,후회·손실고통,41,9a677e0d165e,아~ 물렸네요 319500에 진입했어요.150주 ㅜㅜ 150주 추매여력 ​
DM-001326,raw_details.csv,342,crawler_detail.py,네이버 종목토론방 본문 + CBOX 댓글,board_comment,토론방 댓글,LG에너지솔루션,2026-08-03T11:58:17+0900,0,427037207,,16,1df0d3f65eec,지수 보면서 하락할때만 사세요
DM-001327,raw_details.csv,343,crawler_detail.py,네이버 종목토론방 본문 + CBOX 댓글,board_body,토론방 본문,LG에너지솔루션,2026-08-03T11:15:51,3,427036046,,143,3d695fd7ffdf,"삼성sdi는 엘엔에프땜에 3분기 부터 lfp 생산할것 같은데.. 이러다.. 삼성sdi가 lfp, 삼원계, 전고체 하반기 먼저 치고 나갈듯.. ​ 분발해라 엔솔아.. 엘엔에프 lfp 양극재라도 받아서 하반기에 치고 가야제. 미국꺼 나오길 언제 기다리노.. ​"
DM-001328,raw_details.csv,344,crawler_detail.py,네이버 종목토론방 본문 + CBOX 댓글,board_body,토론방 본문,LG에너지솔루션,2026-08-03T10:55:19,2,427033433,,23,0ce84063c9f2,삼스디 곧 양젓  헬쥐는 사는게 아니야~~
DM-001329,raw_details.csv,345,crawler_detail.py,네이버 종목토론방 본문 + CBOX 댓글,board_body,토론방 본문,LG에너지솔루션,2026-08-03T10:37:45,0,427030836,,162,e95f81ec4cf0,"엘앤에프  LFP 양극재 양산라인 시생산품 첫 출하 삼성sdi도 lfp 엘엔에프 물량 1조이상 받는데.. ​ lg엔솔도lfp  판매해야제... ​ 엘앤에프 꺼 빨리쓰자....lfp 로도  돈좀 마이 벌어보자.. ​ 저가 lfp로는 중국 재껴야지.. ​ 우리는 저, 중, 고 가 다 있자네.."
DM-001330,raw_details.csv,346,crawler_detail.py,네이버 종목토론방 본문 + CBOX 댓글,board_body,토론방 본문,LG에너지솔루션,2026-08-03T10:33:01,3,427030165,,14,180942e20ef9,너도 반도체냐 참 기가찬다
DM-001331,raw_details.csv,347,crawler_detail.py,네이버 종목토론방 본문 + CBOX 댓글,board_body,토론방 본문,LG에너지솔루션,2026-08-03T10:31:11,0,427029939,,967,c8f4c1ddceea,"특허 로열티만 몇십년동안 연간 5000억~ 이상.  시세는 약하지만 줍줍해 본다 1. 주요 중국 기업별 특허 소송 및 분쟁 현황 ① 신왕다(Sunwoda) 및 지리자동차 경과 및 결과 : LG에너지솔루션은 독일 법원 등에서 진행된 전극 조립체 및 배터리 구조 관련 특허 소송에서 연이어 승소(판매 금지 및 손해배상 판결)했습니다. ② 비야디(BYD) 현황 : 2026년 2월, LG화학/LG에너지솔루션의 BMS 관련 특허를 관리하는 BMS이노베이션을 통해 유럽 통합특허법원(UPC)에 BYD를 상대로 2차전지 관리 기술(BMS) 침해 소송 을 제기했습니다. 진행 상태 : 법원에서 심리 가속화 절차가 결정되어 본안 심리가 진행 중입니다. 그리고 중국 EVE 에너지 (EVE Energy) · 소송 시점: 2026년 7월 · 관할 기관: 미국 국제무역위원회(ITC) 및 미국 텍사스 동부지방법원 · 소송 제기 주체: 특허 관리 법인 튤립 이노베이션(Tulip Innovation) · 침해 특허: 원통형 배터리 핵심 기술(탭리스 프로세스, 전극 구조) 4건 및 안전성 강화 분리막(SRS) 기술 1건 등 총 5건 · 특징: 중국 EVE에너지뿐만 아니라, 해당 배터리를 장착해 판매하는 완제품 유통사(보쉬 등 전동공구 제조사)까지 피고로 함께 지정하여 미국 내 수입 배제 및 판매 금지 명령 을 추진 중. 2. 연간 로열티 및 소송 규모 산정 (업계 추정) 특허 라이선스 계약의 구체적인 조건(로열티율 및 총액)은 양사 간 비밀유지 협약(NDA)에 따라 공개되지 않으나, 배터리 업계 표준 및 증권가 분석 모델을 바탕으로 한 추정치는 다음과 같습니다. ① 배터리 특허 로열티 산정 기준 표준 로열티율: IT/배터리 핵심 전략 특허의 경우 통상 배터리 셀/팩 매출액 또는 단가의 1%~3% 수준으로 책정됩니다. ② 예상 로열티 규모 (시나리오 분석) 기타 각종 전동 공구, 휴대폰, 로봇, 고성능 드론 등 앞으로 로열티 받을 곳 많음"
DM-001332,raw_details.csv,348,crawler_detail.py,네이버 종목토론방 본문 + CBOX 댓글,board_body,토론방 본문,LG에너지솔루션,2026-08-03T10:31:04,1,427029923,,21,a6aa0006f59a,다른 애들은 반등하는데 반등조차 못하네
DM-001333,raw_details.csv,349,crawler_detail.py,네이버 종목토론방 본문 + CBOX 댓글,board_body,토론방 본문,LG에너지솔루션,2026-08-03T10:29:08,1,427029688,,16,24ce62d47054,로봇 급등 후 ESS time
DM-001334,raw_details.csv,350,crawler_detail.py,네이버 종목토론방 본문 + CBOX 댓글,board_body,토론방 본문,LG에너지솔루션,2026-08-03T10:20:40,0,427028629,,14,f5f7b4554d9d,50만원대 언제 회복할까ㅠ
DM-001335,raw_details.csv,351,crawler_detail.py,네이버 종목토론방 본문 + CBOX 댓글,board_comment,토론방 댓글,LG에너지솔루션,2026-08-03T15:17:09+0900,0,427028629,,11,5894daf4afdc,Im possible
DM-001336,raw_details.csv,352,crawler_detail.py,네이버 종목토론방 본문 + CBOX 댓글,board_comment,토론방 댓글,LG에너지솔루션,2026-08-03T10:25:28+0900,0,427028629,,3,b0b211843b41,불가능
DM-001337,raw_details.csv,353,crawler_detail.py,네이버 종목토론방 본문 + CBOX 댓글,board_body,토론방 본문,LG에너지솔루션,2026-08-03T10:10:23,7,427027410,,279,5c07363d69a0,주가 1년 이내 엄청난 급등 온다.  믿어 보세요. ■ ​ 주가 1년 이내 320 만원 돌파 한다. ​ 배터리 27년 엄청난 부족 현상 온답니다. 휴먼로봇. e/v. 우주항공. 도심 모빌리티 ess 데이터 저장장치 ​ ■ 황금 사이클 27년도 온다고 하네요. ​ 믿어보세요. ​ 삼성전기 주가 9만원대 에서 300만원 까지 돌파 했었지요. ​ 누가 그렇게 될줄 알았읍니까? ​ 이제 배터리 독주 시대 황금사이클 올겁니다. ​ 지금 많이 담아두세요.   아주 쌀때.. ​ 1년후 주가를 생각하세요. ■
DM-001338,raw_details.csv,354,crawler_detail.py,네이버 종목토론방 본문 + CBOX 댓글,board_comment,토론방 댓글,LG에너지솔루션,2026-08-03T10:19:52+0900,3,427027410,,16,8a6195ea7180,삼성SDI사라는 소리군..감사
DM-001339,raw_details.csv,355,crawler_detail.py,네이버 종목토론방 본문 + CBOX 댓글,board_comment,토론방 댓글,LG에너지솔루션,2026-08-03T10:19:23+0900,3,427027410,,11,6237fe4af947,고로 삼SDI사야징~
DM-001340,raw_details.csv,356,crawler_detail.py,네이버 종목토론방 본문 + CBOX 댓글,board_body,토론방 본문,LG에너지솔루션,2026-08-03T09:53:18,3,427025062,충동·중독시그널,60,399e9e1fb6c3,오늘이 제일 저렴함 묻지말고 따지지말고 315아래로 공짜 풀매수 기관도 외인도 평단이 35이상이니 얼른 얼른
DM-001341,raw_details.csv,357,crawler_detail.py,네이버 종목토론방 본문 + CBOX 댓글,board_body,토론방 본문,LG에너지솔루션,2026-08-03T09:51:56,2,427024856,,104,acd517cfcdf7,]다른 애들 10% 오를때 간신히 3% 오르더니 기어이 내릴때는 다른애들 두배를 내려? 하다못해 기사 같이 나면 삼성sdi랑이라도 좀 등락을 맞춰야지..여기 뭐 구광모 특별관리 종목이냐?
DM-001342,raw_details.csv,358,crawler_detail.py,네이버 종목토론방 본문 + CBOX 댓글,board_body,토론방 본문,LG에너지솔루션,2026-08-03T09:51:35,2,427024797,불안·공포,184,5f179eb7e856,테슬라가 자체 밧데리를 훨씬 싸게 만든다니 Y에부터 그 싼 밧데리를 장착했기에 제일 싸게 판다함. ​ 아무래도 미국놈들이 기술은 발달하여 만든다 하면 금새 해버리네요. ​ 더구나 ai기술이 앞서니 기술개발도 빠른가 봄. ​ 공장도 훨씬 적게 만들어도 생산수율도 좋다 하니 ​ 밧데리도 가고 반도체도 가면 뭐가 남을려는지 걱정임 ​
DM-001343,raw_details.csv,359,crawler_detail.py,네이버 종목토론방 본문 + CBOX 댓글,board_comment,토론방 댓글,LG에너지솔루션,2026-08-03T10:12:52+0900,0,427024797,,27,6c417e950372,■ 일론 말하길-- 배터리 엄청 부족하다고 언급함
DM-001344,raw_details.csv,360,crawler_detail.py,네이버 종목토론방 본문 + CBOX 댓글,board_comment,토론방 댓글,LG에너지솔루션,2026-08-03T10:06:21+0900,0,427024797,,25,d016e4a8073c,배터리는 개나소나 만드는 기술이라서ㅜ그런듯요.
DM-001345,raw_details.csv,361,crawler_detail.py,네이버 종목토론방 본문 + CBOX 댓글,board_body,토론방 본문,LG에너지솔루션,2026-08-03T09:46:11,4,427023973,,22,769021cc557e,오른것 없이 내리니  개얄밉네 징하다 ​
DM-001346,raw_details.csv,362,crawler_detail.py,네이버 종목토론방 본문 + CBOX 댓글,board_body,토론방 본문,LG에너지솔루션,2026-08-03T09:44:40,0,427023727,후회·손실고통|분노·불신,58,7e0fef53bb09,공매도가 너무심한데요 손실 복구할수 있을까요? 39만원이면 저렴하다고 생각했는데 이리 계속 뺄줄이야 ㅠㅠ
DM-001347,raw_details.csv,363,crawler_detail.py,네이버 종목토론방 본문 + CBOX 댓글,board_body,토론방 본문,LG에너지솔루션,2026-08-03T09:44:14,0,427023655,,93,74d380b842bf,30-32작업중 ㅎ  공매형아 힘좀 써봐봐 오늘 좋은날인데 딱 30-32만 공매작업인데 흠 올 종가 32만하면 공매형아 찌릿합니덩 ㅎㅎ 최소28-29작업은 해야할낀데에
DM-001348,raw_details.csv,364,crawler_detail.py,네이버 종목토론방 본문 + CBOX 댓글,board_body,토론방 본문,LG에너지솔루션,2026-08-03T09:37:49,9,427022595,후회·손실고통,112,4a42a7f9f17a,진심으로 충고합니다. ess  : sdi승 2분기 영익 : sdi 승 미래 기술 선점 : sdi 승 든든한 빽 : sdi 승 ​ 현재 시총 : lg엔솔 승 ​ 말 다했죠? 이정도면 탈출은 뭐다? 지능순
DM-001349,raw_details.csv,365,crawler_detail.py,네이버 종목토론방 본문 + CBOX 댓글,board_body,토론방 본문,LG에너지솔루션,2026-08-03T09:34:50,3,427022063,,17,b30419b63b95,오른거 없이 바보네 바보다 바보
DM-001350,raw_details.csv,366,crawler_detail.py,네이버 종목토론방 본문 + CBOX 댓글,board_body,토론방 본문,LG에너지솔루션,2026-08-03T09:32:43,0,427021659,,56,990d277a3a3c,여자들이 전기차 타는남자 싫어한다더라. ​ 전기차를 자동차로 안보고 ​ 이동식 화장터로 본다더라. ​
DM-001351,raw_details.csv,367,crawler_detail.py,네이버 종목토론방 본문 + CBOX 댓글,board_body,토론방 본문,LG에너지솔루션,2026-08-03T09:31:06,0,427021306,,32,3fd5c6ee2664,20 20만원와라 공모가 대비50%다운 값 2차전지 파이다
DM-001352,raw_details.csv,368,crawler_detail.py,네이버 종목토론방 본문 + CBOX 댓글,board_body,토론방 본문,LG에너지솔루션,2026-08-03T09:26:04,0,427020242,,107,6f28cc34ae60,"얘는 내가 겨울방학에 40에 사서 44에 팔고 나갔는데 ㅋㅋ 그때 코스피 4000언쩌리였는데 한동안 안보다가 한 60 언저리 갔나 하고 보니까 30..? 아래로 성장하네,, 안팔았으면 큰일날뻔"
DM-001353,raw_details.csv,369,crawler_detail.py,네이버 종목토론방 본문 + CBOX 댓글,board_body,토론방 본문,LG에너지솔루션,2026-08-03T09:22:17,0,427019469,,25,f3dcd8cc8e97,단일종목 ETF 없애라 주식시장 쏠림 너무크다
DM-001354,raw_details.csv,370,crawler_detail.py,네이버 종목토론방 본문 + CBOX 댓글,board_body,토론방 본문,LG에너지솔루션,2026-08-03T09:20:46,0,427019108,,37,4640997caeef,애는 친구따라 못하나? 금양 친구는 굳건하게 보합을 지키고 있는데.
DM-001355,raw_details.csv,371,crawler_detail.py,네이버 종목토론방 본문 + CBOX 댓글,board_body,토론방 본문,LG에너지솔루션,2026-08-03T09:19:40,0,427018891,불안·공포|분노·불신,48,e4ba7643e7e5,리포트 겁나 뿌렸네 개미들 리포트 읽고 사람 없지 거의 낚시용 이더라 참고로 물려 있음
DM-001356,raw_details.csv,372,crawler_detail.py,네이버 종목토론방 본문 + CBOX 댓글,board_body,토론방 본문,LG에너지솔루션,2026-08-03T09:19:00,1,427018757,,12,3f5c347c0df7,허접한 양키놈들 파큐Q
DM-001357,raw_details.csv,373,crawler_detail.py,네이버 종목토론방 본문 + CBOX 댓글,board_body,토론방 본문,LG에너지솔루션,2026-08-03T09:18:50,0,427018719,,13,2d79c1918f0d,5% 이상 하락했어요 😞
DM-001358,raw_details.csv,374,crawler_detail.py,네이버 종목토론방 본문 + CBOX 댓글,board_body,토론방 본문,LG에너지솔루션,2026-08-03T09:17:12,2,427018349,,63,2863ed60e70c,상장한지 5년됐는데 현재 주가가 공모가임. ​ 5년전 공모가에 살수있어서 좋겠타. ​ 좋탄다. oo들  ㅋㅋㅋ ​
DM-001359,raw_details.csv,375,crawler_detail.py,네이버 종목토론방 본문 + CBOX 댓글,board_body,토론방 본문,LG에너지솔루션,2026-08-03T09:14:35,0,427017729,,21,3142cc22404a,5만에 매수대기중요 하안가 박아주세연~
DM-001360,raw_details.csv,376,crawler_detail.py,네이버 종목토론방 본문 + CBOX 댓글,board_body,토론방 본문,LG에너지솔루션,2026-08-03T09:12:50,0,427017314,,53,e392c3cba4c2,금요일에 반도 못오르더니 내리는건 삼성하고 똑같이 내리네..이거 뭐 이런게 다있냐...헬지 진짜
DM-001361,raw_details.csv,377,crawler_detail.py,네이버 종목토론방 본문 + CBOX 댓글,board_body,토론방 본문,LG에너지솔루션,2026-08-03T09:07:17,1,427015992,,50,a1f8535289d9,lg에너지솔루션 오늘 2자 보나요..? 2차전지에는 언제쯤 봄이 올까요.. 안올거같아요 ㅠ
DM-001362,raw_details.csv,378,crawler_detail.py,네이버 종목토론방 본문 + CBOX 댓글,board_body,토론방 본문,LG에너지솔루션,2026-08-03T09:06:02,4,427015669,,28,d464023fb1e5,오른것도 없는데 진짜 너무 어이가없다 말이 필요없네
DM-001363,raw_details.csv,379,crawler_detail.py,네이버 종목토론방 본문 + CBOX 댓글,board_body,토론방 본문,LG에너지솔루션,2026-08-03T08:32:12,0,427011446,분노·불신,54,8d4c096ca9d1,ㅎㅎ 코스피 1만가야 35만가능 공매도 먹이감 당첨. lg엔솔 코스피 1만 가즈아 35만 찍어야지
DM-001364,raw_details.csv,380,crawler_detail.py,네이버 종목토론방 본문 + CBOX 댓글,board_body,토론방 본문,현대차,2026-08-04T14:33:48,2,427144729,충동·중독시그널,47,b1fc67442bff,kb 90만주 매수해야하네~~ ㅎ 상한가 걸어나라  인위적 누름은   풀매수~~~!!
DM-001365,raw_details.csv,381,crawler_detail.py,네이버 종목토론방 본문 + CBOX 댓글,board_comment,토론방 댓글,현대차,2026-08-04T14:37:24+0900,0,427144729,,14,903dc934e51d,무슨 말인지 정확한 설명좀
DM-001366,raw_details.csv,382,crawler_detail.py,네이버 종목토론방 본문 + CBOX 댓글,board_body,토론방 본문,현대차,2026-08-04T14:33:15,1,427144666,,20,b966301ae98b,40은 넘겨야지  45안착하자8월안에
DM-001367,raw_details.csv,383,crawler_detail.py,네이버 종목토론방 본문 + CBOX 댓글,board_body,토론방 본문,현대차,2026-08-04T14:31:35,1,427144489,,77,229cd2d170f1,지수도 상승이네 안오르는 종목이 없네~~~ 현차  50만 안착  1월중순도 57만!!  지수 4500 2월 중순 67만!!  지수 5500
DM-001368,raw_details.csv,384,crawler_detail.py,네이버 종목토론방 본문 + CBOX 댓글,board_body,토론방 본문,현대차,2026-08-04T14:28:37,0,427144174,,21,b725b8c5abcd,오늘이 마지막 30만원대 가보자 신고가
DM-001369,raw_details.csv,385,crawler_detail.py,네이버 종목토론방 본문 + CBOX 댓글,board_body,토론방 본문,현대차,2026-08-04T14:27:14,2,427144042,,359,37b5d911400f,"현대차 기술분야 비중관리 이후 앞으로의 전망을 한발짝 더 나아가셔야 할것으로 현 코스피와 증시가 변동성이 심한 시기엔 비중분산에 좀더 집중하셔야 합니다 ​ "" 저희는 유사 투자처와 달리 국가에서 인정된 자문가며 비중관리와 차후 전망을 조언드립니다 전문가와 1:1대화를 통해 주식을 이어나가세요"" (무엇무엇이 오른다 내린다라는 확정적 언행은 정식업체는 사용하지 않습니다) ​ P.S 제도권 투자자문회사 (국가 공인) 1. 1:1 맞춤 상담 > 합법 (개인별 맞춤 자문 가능) 2. 설립 기준 > 엄격한 등록제 (자본금 및 전문인력 필수) 3. 감독 기관 > 금융감독원의 직접적인 철저한 감독 4. 투자자 보호 > 제도적 책임 및 보호 장치 마련"
DM-001370,raw_details.csv,386,crawler_detail.py,네이버 종목토론방 본문 + CBOX 댓글,board_body,토론방 본문,현대차,2026-08-04T14:26:51,1,427144006,후회·손실고통,60,bb4aec0d4e4a,로봇도 삼성이 만들어야 한다 만년 삼류기업 현다이가 만들면 전세계 1등 먹겠냐? 삼성이 괜히 일류기업이겠냐?
DM-001371,raw_details.csv,387,crawler_detail.py,네이버 종목토론방 본문 + CBOX 댓글,board_body,토론방 본문,현대차,2026-08-04T14:26:49,1,427144003,,37,74d88e584c9b,인간의 욕심은 끝이없는건가 33만 하다가 38만 하면 행복해야지 ​
DM-001372,raw_details.csv,388,crawler_detail.py,네이버 종목토론방 본문 + CBOX 댓글,board_body,토론방 본문,현대차,2026-08-04T14:25:53,0,427143925,불안·공포,143,61babff3aad5,전닉빼고 7공주 반도체밸류체인 많이빠진것  같은 착시 per 겁나비쌈 찐통으로 엄청난 영익 yoy100퍼 짜리 조선장산엔터 3년적자에서 흑전돌아나가는 밧데리주 등등 안전빵으로 요런애들  사야해 전닉은 사이클 끝물인지 뭔지 모르겟음 로봇바이오는 실적땜에 위험
DM-001373,raw_details.csv,389,crawler_detail.py,네이버 종목토론방 본문 + CBOX 댓글,board_body,토론방 본문,현대차,2026-08-04T14:25:03,1,427143835,,127,599bad464e6c,미국 자율주행 로보택시 웨이모 한국 법인 설립  구글 자회사 구글 웨이모 서초구에 로보택시 법인 설립 아마존 자회사 죽스 운전대 없는 로보택시 5000대 로보택시 영업 포니 Ai  기술로 포니링크 강남구 에서 로보택시 시험 운행
DM-001374,raw_details.csv,390,crawler_detail.py,네이버 종목토론방 본문 + CBOX 댓글,board_body,토론방 본문,현대차,2026-08-04T14:24:59,1,427143831,,129,5234f5b70b53,무슨 엔솔 삼디스 전기차 배터리주만 존나 급등 가냐... 현차가  더 바닥이야  43만 프리까지 가자~~~  적자 이차전지들보다 주가 바닥이어서야 되겠니~~ 시총이 제일 바닥... 1.2위랑 거의 매출은 비슷한데 시총 50배 차이남
DM-001375,raw_details.csv,391,crawler_detail.py,네이버 종목토론방 본문 + CBOX 댓글,board_body,토론방 본문,현대차,2026-08-04T14:22:00,2,427143512,,68,00b9e68778c9,현대차는 왜 맨날 삼전 닉스 따라가냐 존심도 없냐 오늘 코스닥 반도체 까지 장 분위기 좋은데 오늘도 삼전닉스만 따라가네 ​
DM-001376,raw_details.csv,392,crawler_detail.py,네이버 종목토론방 본문 + CBOX 댓글,board_body,토론방 본문,현대차,2026-08-04T14:20:46,1,427143378,,19,0ad90d6d4dea,널 매수한 내손가락을 자르고 말겟다
DM-001377,raw_details.csv,393,crawler_detail.py,네이버 종목토론방 본문 + CBOX 댓글,board_body,토론방 본문,현대차,2026-08-04T14:19:22,1,427143211,후회·손실고통,99,36dbf53b737b,"꾼들이 주가 올리려고 안달떨때는 로봇섹터에 갖다 붙이고, 팔아묵고 공매칠때는 자동차 섹터로ᆢ ​ 언제 다시 로봇섹터하냐? 고가대비 딱 반토막, 50까지 언제 다시 가는걸 볼까나ᆢ"
DM-001378,raw_details.csv,394,crawler_detail.py,네이버 종목토론방 본문 + CBOX 댓글,board_body,토론방 본문,현대차,2026-08-04T14:17:39,0,427142999,,72,31a71da86d0d,추석전에는 60중반 넘어설까요? 에어로 스페이스도 10%가까이 뛰고 있는데 넌 왜 이러고 있어?!! 빨리 60대 중반 넘어서자!!
DM-001379,raw_details.csv,395,crawler_detail.py,네이버 종목토론방 본문 + CBOX 댓글,board_comment,토론방 댓글,현대차,2026-08-04T14:32:25+0900,0,427142999,,6,612b10ed4ff1,추석에 20
DM-001380,raw_details.csv,396,crawler_detail.py,네이버 종목토론방 본문 + CBOX 댓글,board_body,토론방 본문,현대차,2026-08-04T14:17:36,0,427142985,,64,95f512310c87,오를때못오르는주식은 쳐다보면안된다니까  ​ 내릴땐 온갖 이유 다 가져와서 어케든 내려버리잖아 ㅋㅋㅋㅋㅋㅋㅋㅋㅋㅋㅋㅋ
DM-001381,raw_details.csv,397,crawler_detail.py,네이버 종목토론방 본문 + CBOX 댓글,board_body,토론방 본문,현대차,2026-08-04T14:16:50,0,427142896,,18,5bfce52615c4,왠지 오를때 된거같다 느낌이 그래
DM-001382,raw_details.csv,398,crawler_detail.py,네이버 종목토론방 본문 + CBOX 댓글,board_body,토론방 본문,현대차,2026-08-04T14:16:40,1,427142878,,39,3755d7ae6d2e,니가 반도체 회사냐? 맨날 하닉 삼전만 졸졸 따라다니냐 깜부 친구라서?
DM-001383,raw_details.csv,399,crawler_detail.py,네이버 종목토론방 본문 + CBOX 댓글,board_body,토론방 본문,현대차,2026-08-04T14:15:25,0,427142675,,131,2e1ab771da3c,나스닥도 맨날 급등 가도 일부러 누르나..오늘 전종목 다 급등인데...  43만은 가야지~~ 상단 다 뚫고 전종목 전섹터 어제 오늘 다 급등이다 다른섹터들보다 제일 바닥이네... 오늘ai 로봇 이차전지 바이오 배터리       다 급등
DM-001384,raw_details.csv,400,crawler_detail.py,네이버 종목토론방 본문 + CBOX 댓글,board_body,토론방 본문,현대차,2026-08-04T14:11:58,0,427142209,,35,5badedc637f2,블룸버그가 코스피는 투자 불가 등급이라는데 중국 증시랑 또이또이
DM-001385,raw_details.csv,401,crawler_detail.py,네이버 종목토론방 본문 + CBOX 댓글,board_body,토론방 본문,현대차,2026-08-04T14:11:26,0,427142157,,58,c5b426ba7c12,대호재 영업직 정직원 사원 현대차 최초 강아지 사원! ​ 누가 개잡주 아니랄까봐 강아지가 취업을다하네..
DM-001386,raw_details.csv,402,crawler_detail.py,네이버 종목토론방 본문 + CBOX 댓글,board_body,토론방 본문,현대차,2026-08-04T14:08:12,0,427141828,분노·불신,119,286e6c4ce770,사측도 노답인 이유 = 노조? 아틀라스 믿고 방치. 주가? 방치. 영업익? 방치. 주주환원? 자사주소각? 매입? 방치. 해외로 돌리기 급급함 노조도 짜증나는데 주주들? 알빠임? 해외 공장 아틀라스 만들기도 바쁨~~
DM-001387,raw_details.csv,403,crawler_detail.py,네이버 종목토론방 본문 + CBOX 댓글,board_body,토론방 본문,현대차,2026-08-04T14:07:02,2,427141730,,122,25913a5942f2,미장 3일연장 급등갔다.. lg도 급등이네.. 현차 이제 디커플링 대장 가자  섹터가 바뀌었다~~  lg는 160% 오르고도 급등 또 가네 로봇주도 급등가고.... 현차는 판매 역대 최대 매출이다... 오늘 43만 안착
DM-001388,raw_details.csv,404,crawler_detail.py,네이버 종목토론방 본문 + CBOX 댓글,board_body,토론방 본문,현대차,2026-08-04T14:06:22,2,427141662,,17,e63557b8960c,이 와중에 실적도 안좋네...ㅆ
DM-001389,raw_details.csv,405,crawler_detail.py,네이버 종목토론방 본문 + CBOX 댓글,board_body,토론방 본문,현대차,2026-08-04T14:01:44,1,427141232,,100,5497e25ac254,어제도 오늘도 전부 다 급등 가는데.... 현차도 좀 가자 시총이 완전 바닥  로봇이며 이차전지며  ai피지컬이며 뭐 하나 안가는게없네 주가가 급등간것도 아니고 작년주가에서 머하노
DM-001390,raw_details.csv,406,crawler_detail.py,네이버 종목토론방 본문 + CBOX 댓글,board_comment,토론방 댓글,현대차,2026-08-04T14:05:45+0900,0,427141232,분노·불신,5,5355ae257a33,쓰레기여~
DM-001391,raw_details.csv,407,crawler_detail.py,네이버 종목토론방 본문 + CBOX 댓글,board_body,토론방 본문,현대차,2026-08-04T13:58:35,1,427140930,후회·손실고통|분노·불신,41,938d1fc3390b,덥다못해  현차 손실은크지만  쉬어 버려버려야겠다 짜증나~더는 못봐주겠네요
DM-001392,raw_details.csv,408,crawler_detail.py,네이버 종목토론방 본문 + CBOX 댓글,board_body,토론방 본문,현대차,2026-08-04T13:53:20,1,427140439,FOMO·상대적박탈감,151,33dde436335b,"포모에 주가에 미친건 투기!! 건전한 비판좋죠! 근데.. 이건뭐.. 우리나라가 망한다.. 회사가 망한다느니.. 여기분들은 반평생 코스피5천, 6천넘는거 보셨나요? 왤케 호들갑인지.. 투자를 하랬지..포모에 투기를하랬나요? 이럴꺼면 장투교 가입해서 예배나하는게 정신에좋음."
DM-001393,raw_details.csv,409,crawler_detail.py,네이버 종목토론방 본문 + CBOX 댓글,board_body,토론방 본문,현대차,2026-08-04T13:53:18,0,427140434,,41,b13aaebbbd73,반도체주에 합류되었네  ㅋ 근데 반도체 상갈때도 1/3밖에 못가니 문제 ㅋ
DM-001394,raw_details.csv,410,crawler_detail.py,네이버 종목토론방 본문 + CBOX 댓글,board_body,토론방 본문,현대차,2026-08-04T13:50:58,4,427140215,후회·손실고통|분노·불신,57,aae55fc90f2d,주가꼴이 정부가 선거로 주가 인위적으로 조작하구 지금 꼬라지가 이게 뭐냐 개미들 손실 너들이  책임져라
DM-001395,raw_details.csv,411,crawler_detail.py,네이버 종목토론방 본문 + CBOX 댓글,board_body,토론방 본문,현대차,2026-08-04T13:47:44,3,427139920,,69,52167cde03f3,이럴거면 걍 공장 폭발해라 ㅡㅡ  정의선도 죽고 주주도 죽고 다 같이 죽자 그냥12!!!!!!!! 이래도 죽고 저래도 죽는데
DM-001396,raw_details.csv,412,crawler_detail.py,네이버 종목토론방 본문 + CBOX 댓글,board_body,토론방 본문,현대차,2026-08-04T13:45:01,4,427139666,,57,be63163d5b77,1년새 2배나 올랐는데 분위기 왜이럼? 20만 따리가 38만 된건데 2배 먹었으면 됬지 욕심이 과하네.
DM-001397,raw_details.csv,413,crawler_detail.py,네이버 종목토론방 본문 + CBOX 댓글,board_comment,토론방 댓글,현대차,2026-08-04T14:11:41+0900,0,427139666,,28,da133730da98,위에서 삿다고~몬먹엇다고 ~먹은사람 가만잇기 !!!
DM-001398,raw_details.csv,414,crawler_detail.py,네이버 종목토론방 본문 + CBOX 댓글,board_comment,토론방 댓글,현대차,2026-08-04T13:52:01+0900,1,427139666,,15,fe1745b64d7b,매를 버는 스타일이구만 ㅋㅋ
DM-001399,raw_details.csv,415,crawler_detail.py,네이버 종목토론방 본문 + CBOX 댓글,board_comment,토론방 댓글,현대차,2026-08-04T13:47:47+0900,0,427139666,,6,845d0e8cacfe,제말이요!!
DM-001400,raw_details.csv,416,crawler_detail.py,네이버 종목토론방 본문 + CBOX 댓글,board_body,토론방 본문,현대차,2026-08-04T13:44:48,1,427139645,,148,d1d9d6508e85,저도 1찍이지만 비판 할꺼는 비판해야죠!!! 저도 이재명 정부 성공을 바라는 사람으로서 이재명 대통령 지지율에 역행하는 관료들 보면 참 대통령님 안스럽고 미안하고 그래요!!!! 저렇게 백방으로 외교전 펼치고 있는데 ㅠ 이번에 정책 관료들 교체 되었으면 좋겠어요!!!
DM-001401,raw_details.csv,417,crawler_detail.py,네이버 종목토론방 본문 + CBOX 댓글,board_comment,토론방 댓글,현대차,2026-08-04T13:54:10+0900,0,427139645,,49,a0c76f241f34,ㅋㅋ 우파는 전부 대통령이 책임져야하고 좌파는 대통은 책임없고 아랫것들이 덮어쓰야 되고?
DM-001402,raw_details.csv,418,crawler_detail.py,네이버 종목토론방 본문 + CBOX 댓글,board_comment,토론방 댓글,현대차,2026-08-04T13:50:32+0900,2,427139645,,15,fc1435adb705,이재명책임이 제일크다 개딸아
DM-001403,raw_details.csv,419,crawler_detail.py,네이버 종목토론방 본문 + CBOX 댓글,board_body,토론방 본문,현대차,2026-08-04T13:42:59,2,427139463,,71,c9159681b067,코스닥 배급주려고... 눈물을 머금고 삼전 하닉 현기차  쌍매도 하노라~~~~코스닥 더 누르면 죽창들고 민주화 운동할듯.....
DM-001404,raw_details.csv,420,crawler_detail.py,네이버 종목토론방 본문 + CBOX 댓글,board_body,토론방 본문,현대차,2026-08-04T13:41:55,4,427139354,,66,a738820136cc,인위적이네 나스닥2.5%급등 테슬라 루시드리비안 급등 현차 6.7월  미국유럽인도 판매1위 새만금 Ai센터9조원확정 ​
DM-001405,raw_details.csv,421,crawler_detail.py,네이버 종목토론방 본문 + CBOX 댓글,board_comment,토론방 댓글,현대차,2026-08-04T13:49:54+0900,0,427139354,,3,368a267ab5d4,그래서
DM-001406,raw_details.csv,422,crawler_detail.py,네이버 종목토론방 본문 + CBOX 댓글,board_body,토론방 본문,현대차,2026-08-04T13:36:37,0,427138867,,53,03ea6069f761,AI 너무 믿으면... 머리가 침팬치 된다.... 휴대폰든 침팬치~ 현다이~ 넘버원~현다이~~~
DM-001407,raw_details.csv,423,crawler_detail.py,네이버 종목토론방 본문 + CBOX 댓글,board_body,토론방 본문,현대차,2026-08-04T13:36:26,4,427138847,,36,19c0c04602f5,이제피지컬이여 섹터교체 순환매 어여 가자  고수들은 상환무지했구마
DM-001408,raw_details.csv,424,crawler_detail.py,네이버 종목토론방 본문 + CBOX 댓글,board_body,토론방 본문,현대차,2026-08-04T13:35:17,4,427138745,,51,9a54a7e51366,나스닥존나오르고 테슬라 등 자동차 존나올랐네 섹터업종 존나급등갔는데 너도 오늘45만가야지 ​
DM-001409,raw_details.csv,425,crawler_detail.py,네이버 종목토론방 본문 + CBOX 댓글,board_body,토론방 본문,현대차,2026-08-04T13:34:49,2,427138698,,27,a69167373066,이게 맞냐? etf 또 나왔는디 이게 뭡니까...
DM-001410,raw_details.csv,426,crawler_detail.py,네이버 종목토론방 본문 + CBOX 댓글,board_body,토론방 본문,현대차,2026-08-04T13:34:29,0,427138670,,56,5920d13c7012,전고라도 건드려봐 아니 뭐하냐 진짜 참나 진짜 빌빌기어도 적당히 기어야지 ​ 빌빌 기는게 니 재주냐?
DM-001411,raw_details.csv,427,crawler_detail.py,네이버 종목토론방 본문 + CBOX 댓글,board_body,토론방 본문,현대차,2026-08-04T13:32:28,2,427138494,,76,8565c49fb637,얼마나 오르려고 누르냐 지수5천에도 70만대였다 지금주가는 작년인디..오늘50만안착가자 듣보잡 로봇주는 상한가행진 배터리주도 매일급등이네
DM-001412,raw_details.csv,428,crawler_detail.py,네이버 종목토론방 본문 + CBOX 댓글,board_body,토론방 본문,현대차,2026-08-04T13:31:22,1,427138395,,99,6bae7574136c,하필 이런 잡쓸애기 주식을 재수없게 들어가서 지금 파산 일보직전이다 ​ 이 스트레스로 머리도 빠지고 ​ 병원도 못가고 ​ 설마 증여세 그딴것 땜에 미..치인듯이 누르는건 아니지?
DM-001413,raw_details.csv,429,crawler_detail.py,네이버 종목토론방 본문 + CBOX 댓글,board_body,토론방 본문,현대차,2026-08-04T13:31:21,3,427138392,,34,23e4422f8ded,실체도 없는 레인이는 46만원인데 우리 현대차는 왜 이러실까?
DM-001414,raw_details.csv,430,crawler_detail.py,네이버 종목토론방 본문 + CBOX 댓글,board_body,토론방 본문,현대차,2026-08-04T13:28:23,0,427138143,,30,b95a3da354a7,이 침수차야 뭐하고 자빠졌냐. 노조 성과급 주식으로줘라
DM-001415,raw_details.csv,431,crawler_detail.py,네이버 종목토론방 본문 + CBOX 댓글,board_body,토론방 본문,현대차,2026-08-04T13:26:53,0,427137977,,19,76f22496c687,여기서 횡보한다고 물량이 받아지나?
DM-001416,raw_details.csv,432,crawler_detail.py,네이버 종목토론방 본문 + CBOX 댓글,board_body,토론방 본문,현대차,2026-08-04T13:25:38,0,427137863,,519,834764da9443,"중국의 로보택시가 북유럽에 처음으로 진출합니다: 위라이드(WeRide)가 덴마크 최초의 상용 자율주행 공유 모빌리티 프로젝트를 시작합니다 중국의 로보택시가 북유럽에 처음으로 진출합니다: 위라이드(WeRide)가 덴마크 최초의 상용 자율주행 공유 모빌리티 프로젝트를 시작합니다 2026년 8월 3일 22시 58분 ​ 1. 중국 자율주행 기술 기업 위라이드(WeRide)는 덴마크 전기차 공유 플랫폼 그린모빌리티(GreenMobility)와 협력하여 덴마크 최초의 상용 자율주행 공유 모빌리티 프로젝트를 추진합니다. 두 회사는 2027년 상반기에 EU 규정을 준수하는 레벨 4 로보택시 GXR을 이용한 서비스를 출시할 계획입니다. ​ 2. 위라이드와 그린모빌리티는 덴마크 도로청 및 기타 관련 기관과 협력하여 덴마크 국민에게 안전하고 지속 가능한 자율주행 모빌리티 서비스를 제공할 예정입니다. 3. 위라이드의 글로벌 자율주행 사업은 13개국 40개 이상의 도시로 확장되었으며, 레벨 4 자율주행 차량은 3,000대 이상에 달합니다."
DM-001417,raw_details.csv,433,crawler_detail.py,네이버 종목토론방 본문 + CBOX 댓글,board_body,토론방 본문,현대차,2026-08-04T13:22:27,3,427137546,,257,95b9823e8ea6,로봇주 이차전지 전부 폭등이네.. 현차 51만 가즈아  그래봤자 1월달 주가다  레인보우 50% 오를동안 현차 30% 빠짐 매출 200억짜리 레인보우 적자 잡주도 시총이 10조네.. 매출보다 시총이 몇백배 높은게냐..   현차 매출 200조다 양산이 가장 빠르다... 오늘  로봇 이차전지 폭등인데 현차 작년 주가수준...  지수는 5천에도 70만원이었다...  자전 누르고 KB 존나 또 반대로매수하는거 봐라.... 오늘  50만 가즈아~ 이제 거래 터져야지
DM-001418,raw_details.csv,434,crawler_detail.py,네이버 종목토론방 본문 + CBOX 댓글,board_body,토론방 본문,현대차,2026-08-04T13:17:51,0,427137078,,57,4d7896de6e26,상한가 가격이 47~48 아니노??    51~52는 조금 부담되자네.. 주포한테 협조좀 혀잉..^^;
DM-001419,raw_details.csv,435,crawler_detail.py,네이버 종목토론방 본문 + CBOX 댓글,board_body,토론방 본문,현대차,2026-08-04T13:15:45,0,427136832,,168,4e7f10701f02,문재인정부의 정책이 확실하고좋았다 보수언론 정치인 검찰들 집단반발없었으면 크게성공했을것 문재인정부의 탈원전정책도 일본지진 원전참사로 탈원전이 세계적인추세였고 한국은 울산경주포항의 연이은 강진으로 탈원전여론이 압도적이엤지 남북미대화도 한일보수들의 방해공작 미국트럼프와 볼턴의 급변질로 무산된것이 아쉽지요
DM-001420,raw_details.csv,436,crawler_detail.py,네이버 종목토론방 본문 + CBOX 댓글,board_comment,토론방 댓글,현대차,2026-08-04T13:22:49+0900,0,427136832,,142,3e2c6719cab5,얼마나 무식하면 이런소리를할까. ㅋㅋㅋㅋㅋ소득주도성장 쉐쉐. 곰팡이백신부작용인가. 탈원전하면 반도체공장은뭘로돌릴건데?데이터센터는뭘로돌려? 화력발전소풍력? 집에 에어컨은틀수있음? 전기세부터 몇백나올듯? 사회주의국가에서나 탈원전선동했지. 말은바로해라 좀 ㅉㅉ
DM-001421,raw_details.csv,437,crawler_detail.py,네이버 종목토론방 본문 + CBOX 댓글,board_body,토론방 본문,현대차,2026-08-04T13:15:35,1,427136809,,13,91679a9f5c89,로봇은 짜앙깨 훗훗...
DM-001422,raw_details.csv,438,crawler_detail.py,네이버 종목토론방 본문 + CBOX 댓글,board_body,토론방 본문,현대차,2026-08-04T13:14:58,1,427136722,,20,6ac6e2f117fd,20만원까지 기다린다 아직매수하면안됨
DM-001423,raw_details.csv,439,crawler_detail.py,네이버 종목토론방 본문 + CBOX 댓글,board_comment,토론방 댓글,현대차,2026-08-04T13:22:14+0900,1,427136722,,9,4cb8a827dbac,거지가 나타났다!
DM-001424,raw_details.csv,440,crawler_detail.py,네이버 종목토론방 본문 + CBOX 댓글,board_body,토론방 본문,현대차,2026-08-04T13:09:01,0,427136055,,45,7b3a20536eb3,"얼매나 싸게 잡느냐가 문제지.. 지겹다 33~28 어여와라,  내두 좀 사자^^;"
DM-001425,raw_details.csv,441,crawler_detail.py,네이버 종목토론방 본문 + CBOX 댓글,board_body,토론방 본문,현대차,2026-08-04T13:05:47,0,427135703,,23,a89fcf054d68,아진짜이건 너무하네 정도란게 있자나 진짜로
DM-001426,raw_details.csv,442,crawler_detail.py,네이버 종목토론방 본문 + CBOX 댓글,board_body,토론방 본문,현대차,2026-08-04T13:05:17,0,427135666,,965,20d39caf0065,이걸 40만냥에 산 ㅎㅎ가 있다고? 이걸 노조탓을 한다고? 그전에는 노조가 없었냐? 푸헤헤헤헤헤헤헤헤헤헤헼ㅋㅋㅋㅋㅋㅋㅋㅋㅋㅋㅋㅋㅋㅋㅋㅋㅋㅋㅋㅋㅋㅋ푸헤헤헤헤헤헤헤헤헤헤헼ㅋㅋㅋㅋㅋㅋㅋㅋㅋㅋㅋㅋㅋㅋㅋㅋㅋㅋㅋㅋㅋㅋ푸헤헤헤헤헤헤헤헤헤헤헼ㅋㅋㅋㅋㅋㅋㅋㅋㅋㅋㅋㅋㅋㅋㅋㅋㅋㅋㅋㅋㅋㅋ푸헤헤헤헤헤헤헤헤헤헤헼ㅋㅋㅋㅋㅋㅋㅋㅋㅋㅋㅋㅋㅋㅋㅋㅋㅋㅋㅋㅋㅋㅋ푸헤헤헤헤헤헤헤헤헤헤헼ㅋㅋㅋㅋㅋㅋㅋㅋㅋㅋㅋㅋㅋㅋㅋㅋㅋㅋㅋㅋㅋㅋ푸헤헤헤헤헤헤헤헤헤헤헼ㅋㅋㅋㅋㅋㅋㅋㅋㅋㅋㅋㅋㅋㅋㅋㅋㅋㅋㅋㅋㅋㅋ푸헤헤헤헤헤헤헤헤헤헤헼ㅋㅋㅋㅋㅋㅋㅋㅋㅋㅋㅋㅋㅋㅋㅋㅋㅋㅋㅋㅋㅋㅋ푸헤헤헤헤헤헤헤헤헤헤헼ㅋㅋㅋㅋㅋㅋㅋㅋㅋㅋㅋㅋㅋㅋㅋㅋㅋㅋㅋㅋㅋㅋ푸헤헤헤헤헤헤헤헤헤헤헼ㅋㅋㅋㅋㅋㅋㅋㅋㅋㅋㅋㅋㅋㅋㅋㅋㅋㅋㅋㅋㅋㅋ푸헤헤헤헤헤헤헤헤헤헤헼ㅋㅋㅋㅋㅋㅋㅋㅋㅋㅋㅋㅋㅋㅋㅋㅋㅋㅋㅋㅋㅋㅋ푸헤헤헤헤헤헤헤헤헤헤헼ㅋㅋㅋㅋㅋㅋㅋㅋㅋㅋㅋㅋㅋㅋㅋㅋㅋㅋㅋㅋㅋㅋ푸헤헤헤헤헤헤헤헤헤헤헼ㅋㅋㅋㅋㅋㅋㅋㅋㅋㅋㅋㅋㅋㅋㅋㅋㅋㅋㅋㅋㅋㅋ푸헤헤헤헤헤헤헤헤헤헤헼ㅋㅋㅋㅋㅋㅋㅋㅋㅋㅋㅋㅋㅋㅋㅋㅋㅋㅋㅋㅋㅋㅋ푸헤헤헤헤헤헤헤헤헤헤헼ㅋㅋㅋㅋㅋㅋㅋㅋㅋㅋㅋㅋㅋㅋㅋㅋㅋㅋㅋㅋㅋㅋ푸헤헤헤헤헤헤헤헤헤헤헼ㅋㅋㅋㅋㅋㅋㅋㅋㅋㅋㅋㅋㅋㅋㅋㅋㅋㅋㅋㅋㅋㅋ푸헤헤헤헤헤헤헤헤헤헤헼ㅋㅋㅋㅋㅋㅋㅋㅋㅋㅋㅋㅋㅋㅋㅋㅋㅋㅋㅋㅋㅋㅋ푸헤헤헤헤헤헤헤헤헤헤헼ㅋㅋㅋㅋㅋㅋㅋㅋㅋㅋㅋㅋㅋㅋㅋㅋㅋㅋㅋㅋㅋㅋ푸헤헤헤헤헤헤헤헤헤헤헼ㅋㅋㅋㅋㅋㅋㅋㅋㅋㅋㅋㅋㅋㅋㅋㅋㅋㅋㅋㅋㅋㅋ푸헤헤헤헤헤헤헤헤헤헤헼ㅋㅋㅋㅋㅋㅋㅋㅋㅋㅋㅋㅋㅋㅋㅋㅋㅋㅋㅋㅋㅋㅋ푸헤헤헤헤헤헤헤헤헤헤헼ㅋㅋㅋㅋㅋㅋㅋㅋㅋㅋㅋㅋㅋㅋㅋㅋㅋㅋㅋㅋㅋㅋ푸헤헤헤헤헤헤헤헤헤헤헼ㅋㅋㅋㅋㅋㅋㅋㅋㅋㅋㅋㅋㅋㅋㅋㅋㅋㅋㅋㅋㅋㅋ푸헤헤헤헤헤헤헤헤헤헤헼ㅋㅋㅋㅋㅋㅋㅋㅋㅋㅋㅋㅋㅋㅋㅋㅋㅋㅋㅋㅋㅋㅋ푸헤헤헤헤헤헤헤헤헤헤헼ㅋㅋㅋㅋㅋㅋㅋㅋㅋㅋㅋㅋㅋㅋㅋㅋㅋㅋㅋㅋㅋㅋ푸헤헤헤헤헤헤헤헤헤헤헼ㅋㅋㅋㅋㅋㅋㅋㅋㅋㅋㅋㅋㅋㅋㅋㅋㅋㅋㅋㅋㅋㅋ푸헤헤헤헤헤헤헤헤헤헤헼ㅋㅋㅋㅋㅋㅋㅋㅋㅋㅋㅋㅋㅋㅋㅋㅋㅋㅋㅋㅋㅋㅋ푸헤헤헤헤헤헤헤헤헤헤헼ㅋㅋㅋㅋㅋㅋㅋㅋㅋㅋㅋㅋㅋㅋㅋㅋㅋㅋㅋㅋㅋㅋ푸헤헤헤헤헤헤헤헤헤헤헼ㅋㅋㅋㅋㅋㅋㅋㅋㅋㅋㅋㅋㅋㅋㅋㅋㅋㅋㅋㅋㅋㅋ
DM-001427,raw_details.csv,443,crawler_detail.py,네이버 종목토론방 본문 + CBOX 댓글,board_body,토론방 본문,현대차,2026-08-04T13:04:54,2,427135634,,129,43b441433a66,무슨 레인보우는 맨날 오르냐... 어제도 듣보잡 로봇 상한가 가더니 오늘도 오르네  로봇 이차전지 자동차 섹터 다 급등가네 현차 프매 16만주 또 매수할거 마련한거야?  KB만 60만주 신한 40만주 골드만 200만주 매수해야함..
DM-001428,raw_details.csv,444,crawler_detail.py,네이버 종목토론방 본문 + CBOX 댓글,board_body,토론방 본문,현대차,2026-08-04T13:01:49,0,427135345,,32,5cc3b867670f,이차전지 실적 계속 회복중 자동차와 로봇주 실적 영익 존망
DM-001429,raw_details.csv,445,crawler_detail.py,네이버 종목토론방 본문 + CBOX 댓글,board_body,토론방 본문,현대차,2026-08-04T13:01:02,3,427135274,,85,018b8d5fca9b,45만은 가야지~ 다 상단 뚫었다..적자 이차전지들이 더 급등가냐... 현차 시총이 너무 바닥이야  이차전지 매출 20조짜리도 시총이 75조다 -LG엔솔
DM-001430,raw_details.csv,446,crawler_detail.py,네이버 종목토론방 본문 + CBOX 댓글,board_body,토론방 본문,현대차,2026-08-04T12:58:35,5,427135069,불안·공포|후회·손실고통,136,3dd89226ee6e,고점에 물려 2달동안 고문받고있다..물타고 물타도 주가는 더 떨어지고 손실만 더 키웠는데 어디까지 가나 ..손실액이 커서 손절도 못하고 꼬락서니를 지켜보는 수밖에...어제는 로봇주 다올라도 처박더니 오늘은 왜 하락하는건지...노조 때문이겠지..
DM-001431,raw_details.csv,447,crawler_detail.py,네이버 종목토론방 본문 + CBOX 댓글,board_comment,토론방 댓글,현대차,2026-08-04T13:03:08+0900,0,427135069,후회·손실고통,38,09ca3b81cd60,안급하면 놔두면 본전근처라도 가겠죠.  운좋음 더올라 이득까지 ...
DM-001432,raw_details.csv,448,crawler_detail.py,네이버 종목토론방 본문 + CBOX 댓글,board_body,토론방 본문,현대차,2026-08-04T12:56:37,4,427134885,,304,d4efa0f5e6b6,미장도 국장도반도체빼고 다 급등.. 열배 오른 반도체 왜 사냐..젤 멍청한거지.. 8개월 전 현차 55만이었다. 바닥현차를 사라 10배 오른거  반도체 사놓고 왜 안오르냐 왜 빠지냐 하는 애들이 정병환자애들임 반도체 빼고 다 사라~~~ 주가 다 바닥이다...  특히 현차는 시총이 제일 바닥이고 1월달 주가도 50만 중후반이었다.  반도체 빼고 사라~~ 자동차 피지컬AI 에너지 조선주 사라.  분명히 말했다. 열배 오른거 반도체 사고 왜 더 안오르냐고 하는SK들이 BS임. 지금 싼 주가 코스피 코스닥 존나 많은데 주가가 싸진게 가장 호재여.
DM-001433,raw_details.csv,449,crawler_detail.py,네이버 종목토론방 본문 + CBOX 댓글,board_comment,토론방 댓글,현대차,2026-08-04T14:12:30+0900,0,427134885,,64,38f8ee69299e,바본가 ㅋㅋ  돈을 버는 회사 를 버리고 못버는 회사를  사라고 하네 고금리 시대에 ..  주식하면 집안거덜낼 애네
DM-001434,raw_details.csv,450,crawler_detail.py,네이버 종목토론방 본문 + CBOX 댓글,board_comment,토론방 댓글,현대차,2026-08-04T12:59:03+0900,0,427134885,후회·손실고통,49,e04c751820f2,8배 오른거 사놓고 왜 안오르냐고 하는 반도체 정신병자들..지들이 고점 사놓고.. ㅋㅋㅋ
DM-001435,raw_details.csv,451,crawler_detail.py,네이버 종목토론방 본문 + CBOX 댓글,board_comment,토론방 댓글,현대차,2026-08-04T12:58:48+0900,0,427134885,,3,fac31f2f7a25,정답임
DM-001436,raw_details.csv,452,crawler_detail.py,네이버 종목토론방 본문 + CBOX 댓글,board_comment,토론방 댓글,현대차,2026-08-04T12:57:11+0900,0,427134885,,49,0c9a3fbe3d4e,이제 현차도 대폭등 가야지... 주가가 작년 주가인게 말이대냐...  8개월동안 바닥이야
DM-001437,raw_details.csv,453,crawler_detail.py,네이버 종목토론방 본문 + CBOX 댓글,board_body,토론방 본문,현대차,2026-08-04T12:53:46,2,427134665,,87,6e3d21a5c697,"현대차는 로봇주가아니라 자동차주에요 로봇주는 현대모비스,현대오토에버입니다 ​ 투자할거면 공부하고 하세요 ​ 현대차는 자동차주일뿐 로봇이랑은 상관 1도 없어요"
DM-001438,raw_details.csv,454,crawler_detail.py,네이버 종목토론방 본문 + CBOX 댓글,board_comment,토론방 댓글,현대차,2026-08-04T13:05:03+0900,0,427134665,,9,09002f7d5e4a,공부 더 하세요.
DM-001439,raw_details.csv,455,crawler_detail.py,네이버 종목토론방 본문 + CBOX 댓글,board_body,토론방 본문,현대차,2026-08-04T12:48:37,5,427134207,,70,943be9b771b9,대차상환도 1위; 자동차 판매도 역대 1위 주가 바닥 1위  볼부도 이겼구마~~ 유럽 인도 미국 7월도 역대 판매 1위 ​ ​
DM-001440,raw_details.csv,456,crawler_detail.py,네이버 종목토론방 본문 + CBOX 댓글,board_comment,토론방 댓글,현대차,2026-08-04T14:29:33+0900,0,427134207,분노·불신,13,a58f0f818700,곧 공매도 청산되겠구만요
DM-001441,raw_details.csv,457,crawler_detail.py,네이버 종목토론방 본문 + CBOX 댓글,board_body,토론방 본문,현대차,2026-08-04T12:45:47,3,427133943,,53,70b3f6d654c3,저주받은 똥차. 이 OOO 는 어디에도 속하지 않는 개 잡주네. 이래도 저래도 안되는 똥차회사.
DM-001442,raw_details.csv,458,crawler_detail.py,네이버 종목토론방 본문 + CBOX 댓글,board_body,토론방 본문,현대차,2026-08-04T12:45:20,2,427133905,,15,cdd84c2c1b95,현대차 왜 이리 비실 거린지
DM-001443,raw_details.csv,459,crawler_detail.py,네이버 종목토론방 본문 + CBOX 댓글,board_body,토론방 본문,현대차,2026-08-04T12:44:30,2,427133805,,27,5cccfba13ac9,현대차 새만금 종합보세구역 확대 투자가 쉬어지네요
DM-001444,raw_details.csv,460,crawler_detail.py,네이버 종목토론방 본문 + CBOX 댓글,board_body,토론방 본문,현대차,2026-08-04T12:44:13,1,427133778,,31,b43d482f3d28,죄다 순환매중인데 애만 반도체 따라가네 징글징글하다 진짜
DM-001445,raw_details.csv,461,crawler_detail.py,네이버 종목토론방 본문 + CBOX 댓글,board_body,토론방 본문,현대차,2026-08-04T12:44:11,2,427133773,,39,3fe866275202,KB  메릴 매수하게 하려고 반대로 자전돌렸네 ㅋㅋ 상한가 걸어나라~~
DM-001446,raw_details.csv,462,crawler_detail.py,네이버 종목토론방 본문 + CBOX 댓글,board_body,토론방 본문,현대차,2026-08-04T12:41:01,1,427133472,,60,367b7bfe08bb,보스턴다이나믹스 상장시 반드시 기존주주에게 선진국수준 보상해야 한다 Spin-off방식으로 보상하고 상장해라
DM-001447,raw_details.csv,463,crawler_detail.py,네이버 종목토론방 본문 + CBOX 댓글,board_body,토론방 본문,현대차,2026-08-04T12:40:56,0,427133466,,56,d41d82906a9c,그랜져. 캘리그라필. 6천넘게  이런기업은. 망해서. 적자를봐야된다. 그때는 노조어찌하는지. 한번보자
DM-001448,raw_details.csv,464,crawler_detail.py,네이버 종목토론방 본문 + CBOX 댓글,board_body,토론방 본문,현대차,2026-08-04T12:40:51,3,427133458,,59,6e978d8f48b4,미래 사팔이하니  ..한투도ㅋ기 오늘kb 십만주매수하긋네 자전골만. 증권사돌려막기 금감원고발해야쥬? ​ ​
DM-001449,raw_details.csv,465,crawler_detail.py,네이버 종목토론방 본문 + CBOX 댓글,board_comment,토론방 댓글,현대차,2026-08-04T12:41:50+0900,0,427133458,,20,2c3d5f04aec0,저는 금감원에 다 캡쳐한거 다 신고함
DM-001450,raw_details.csv,466,crawler_detail.py,네이버 종목토론방 본문 + CBOX 댓글,board_body,토론방 본문,현대차,2026-08-04T12:39:46,0,427133373,,146,7590abac31d3,"보스턴 다이나믹스 IPO하기전에 현다이 다이할 듯~~~ 주가 바닥, 정치 후진국, 김x범/ 이x진/ 이x원 이런자들이 있어서 더문제... ​ 거기의 1등은 이x명이지.... ​ 다 망가진 시장에서 무엇을 기대하겠나... 다 털고 미장으로 간다... 바이~~~ ​"
DM-001451,raw_details.csv,467,crawler_detail.py,네이버 종목토론방 본문 + CBOX 댓글,board_body,토론방 본문,현대차,2026-08-04T12:36:54,0,427133127,,50,9d00251297ba,쇳덩이 팔아봐야 영업이익 6퍼 ㅋㅋㅋㅋㅋㅋ 이걸 반도체랑 비교를해? ㅋㅋㅋㅋㅋㅋㅋㅋㅋㅋㅋㅋ
DM-001452,raw_details.csv,468,crawler_detail.py,네이버 종목토론방 본문 + CBOX 댓글,board_body,토론방 본문,현대차,2026-08-04T12:34:25,0,427132906,,55,0efd06deda62,소수계좌 관여 혹시 소수계좌 관여종목으로 지정되어 신용거래가 중지가되면 몇일후에 거래를 할수있나요?
DM-001453,raw_details.csv,469,crawler_detail.py,네이버 종목토론방 본문 + CBOX 댓글,board_body,토론방 본문,현대차,2026-08-04T12:34:05,4,427132884,,266,1c8b2b9f0b56,오늘 48만간다!!  매출이 200조인데 시총이 75조? 초저평가.  엔솔 매출이 22조 시총이 75조임 지금 이차전지 적자들보다 주가 더 바닥이네.. 엔솔 매출이 22조인데시총이 75조임  현차 매출 200조다~~PER 0.6배.. 1배도 안되네 기아가 매출 100조 시총이 50조..  삼성전기 매출 13조 시총 100조까지 갔다.고평가. 완전 대바닥...   연초에 55만원이었는데 ... 완전 주가 저평가네 ... 반도체 절때로 사지 말고  자동차 에너지 화학사라...
DM-001454,raw_details.csv,470,crawler_detail.py,네이버 종목토론방 본문 + CBOX 댓글,board_body,토론방 본문,현대차,2026-08-04T12:33:29,0,427132835,,43,f9654e694098,모비스랑 키맞추기 해야한다니깐 모비스를 처박아버리네 ㅋㅋ ​ 강아지고추같은주식
DM-001455,raw_details.csv,471,crawler_detail.py,네이버 종목토론방 본문 + CBOX 댓글,board_comment,토론방 댓글,현대차,2026-08-04T12:38:05+0900,0,427132835,,24,2b22fab817bc,기다려 기아 키맞출려면 둘 다 한참 내려올듯
DM-001456,raw_details.csv,472,crawler_detail.py,네이버 종목토론방 본문 + CBOX 댓글,board_body,토론방 본문,현대차,2026-08-04T12:29:23,4,427132504,,29,e32fab18ba25,이게 나라냐 전국민 거지프로젝트 성공 ㄷㄷㄷㄷㄷㄷㄷㄷ
DM-001457,raw_details.csv,473,crawler_detail.py,네이버 종목토론방 본문 + CBOX 댓글,board_comment,토론방 댓글,현대차,2026-08-04T12:34:15+0900,1,427132504,,18,818800a84987,죄명이는 근저당 잡아서 부자 되서
DM-001458,raw_details.csv,474,crawler_detail.py,네이버 종목토론방 본문 + CBOX 댓글,board_body,토론방 본문,현대차,2026-08-04T12:25:03,3,427132121,,208,1d487110a877,LG도 오르네 두산 이틀 37%갔던데.. 이제현차도 가보자 (반도체 빼고 다 급등임) 이제 반도체 열배 오른거 사는 애들이 제일 호9임 LG 두산 전부 다 급등 갔다... 현차 작년주가인데 이제 디커플링 급등 가자 미장도 반도체빼고 다 급등 전기차 급등 호조세.. 기아도 보합이다~ LG도  2%상승이네 현차가 제일 바닥이야 이제 현차 사라~~ 이차전지들도 전부 급등이다.
DM-001459,raw_details.csv,475,crawler_detail.py,네이버 종목토론방 본문 + CBOX 댓글,board_body,토론방 본문,현대차,2026-08-04T12:22:02,3,427131839,분노·불신,356,4437f8f71da4,국회 자본시장법 불법공매도 처벌 강화 등 29건 통과 국회 자본시장법 불법공매도 처벌 강화 등 29건 통과 기자명 서영태 기자 ​ ■공매도  불법 자전거래  금감원 신고링크(허위루머시세조작.대차) 불법 공매도에 징역 가중 등 형사처벌 강화...계좌 지급정지 도입 불법 공매도 신고 포상금 30억 상향 https://www.ajunews.com/view/20240613114106121 ■공매도 금감원 신고링크(허위루머시세조작.대차) https://www.fss.or.kr/fss/bbs/B0000313/list.do?menuNo=201099&viewType=MINWONBODY ​ ​ 허위사실 루머 등 무차입공매도 및 불법공매도 무기징역
DM-001460,raw_details.csv,476,crawler_detail.py,네이버 종목토론방 본문 + CBOX 댓글,board_body,토론방 본문,현대차,2026-08-04T12:20:41,2,427131688,,78,91f58bb08027,"이놈은 개잡주인데 왜 다른 잡주들 다오르는데  안오르나요?? 이제 와서 삼전 닉스랑 같이 가려고 하나요?? 삼전 닉스 오를때는 내렸잖아요.,"
DM-001461,raw_details.csv,477,crawler_detail.py,네이버 종목토론방 본문 + CBOX 댓글,board_body,토론방 본문,현대차,2026-08-04T12:20:11,3,427131637,FOMO·상대적박탈감|분노·불신,824,7eb33614e1a8,"현대차 아이오닉 9, 볼보 EX90 꺾었다…독일 비교평가 1위 현대차 아이오닉 9, 볼보 EX90 꺾었다…독일 비교평가 1위 이지효 기자 입력2026.08.04. 오전 11:36 ​ ​ 전기 스포츠유틸리티차(SUV) 아이오닉 9이 독일 자동차 전문지 '아우토 모토 운트 슈포트'의 전동화 럭셔리 SUV 비교 평가에서 볼보 EX90을 제쳤다. ​ 현대차는 아이오닉 9이 총점 572점을 받아 볼보 EX90 트윈 모터 AWD(555점)를 17점 차로 앞섰다고 4일 밝혔다. ​ 매체는 아이오닉 9과 볼보 EX90 트윈 모터 AWD 2개 모델을 차체, 안전성, 편의성, 파워트레인, 주행 성능, 친환경성, 경제성 등 7개 항목으로 평가했다. 아이오닉 9은 차체와 파워트레인 부문에서 높은 점수를 받았다. ​ 아우토 모토 운트 슈포트는 차체 부문에서 아이오닉 9이 ""6명이 탑승해도 여유롭게 이동할 수 있는 다목적 럭셔리 SUV""라고 강조했다. ​ 특히 3열 좌석을 전자식 스위치로 접어 최대 2494리터의 적재 공간을 확보할 수 있는 점을 강점으로 꼽았다. ​ 아이오닉 9의 조작 인터페이스도 호평했다. 물리적 버튼과 스위치를 통한 직관적인 조작, 신속하고 논리적으로 구성된 인포테인먼트 등이 대표적이다. ​ 파워트레인 측면에서는 아이오닉 9이 0~100km/h까지 5.0초에 주파하는 강력한 성능에도 성능과 승차감을 잡은 부분에서 긍정적으로 봤다. ​ 현대차 관계자는 ""아이오닉 9이 우수한 기술력과 상품성을 인정받아 기쁘다""며 ""앞으로도 글로벌 최고 수준의 전동화 경험을 전달하기 위해 최선을 다할 것""이라고 말했다. ​ ​ 이지효 기자 jhlee@hankyungtv.com"
DM-001462,raw_details.csv,478,crawler_detail.py,네이버 종목토론방 본문 + CBOX 댓글,board_body,토론방 본문,현대차,2026-08-04T12:19:06,1,427131522,,49,9f8e91fd4072,야는 왜 반도체 따라다니냐 현차야 분수를 알고 주제를 알아야지 니가 지금 반도체급이냐 ​
DM-001463,raw_details.csv,479,crawler_detail.py,네이버 종목토론방 본문 + CBOX 댓글,board_body,토론방 본문,현대차,2026-08-04T12:18:52,3,427131496,,1271,4bc1d880e16e,"현대차 새만금 투자예정지 '종합보세구역' 지정… 9조대 투자 성공 지원 ​ 현대차 새만금 투자예정지 '종합보세구역' 지정… 9조대 투자 성공 지원 입력2026.08.04. 오전 11:14수정2026.08.04. 오전 11:15 기사원문 ​ 관세청-새만금개발청, 3·7·8공구 6㎢ 신속 지정… 기존 포함 총 14.1㎢로 확대 운영 새만금지구 국가산업단지 조감도./사진제공=관세청 현대차 그룹이 9조원대 대규모 투자계획을 발표한 전북 새만금 국가산업단지내 AI·로봇 클러스터 구축 예정지가 종합보세구역으로 선제 지정됐다. 피지컬 AI·미래 모빌리티 등 국가 첨단산업 클러스터의 조기 구축과 성공을 지원하기 위한 조치다. ​ 관세청은 새만금개발청과 새만금 국가산업단지 3·7·8공구, 총 6㎢(181만평)를 종합보세구역으로 선제 지정했다고 4일 밝혔다. 이로써 기존에 지정된 1·2·5·6공구를 포함해 총 14.1㎢(426만 평)가 종합보세구역으로 운영된다. ​ '종합보세구역'은 관세 등이 유보된 상태로 외국 물품의 보관·제조·가공·건설 등 둘 이상 기능을 수행할 수 있도록 관세청장이 지정하는 보세구역이다. ​ 현대차 그룹은 지난 2월 이번에 지정된 새만금 투자예정지역에 로봇, 인공지능(AI), 수소에너지, 태양광 발전, 인공지능(AI) 수소 시티 등 약 9조원 규모의 투자 계획을 발표했다. ​ 관세청은 기업에 공장(FAB) 건설단계부터 제품 제조·수출까지 전 과정에서 관세 등의 과세보류 혜택을 제공하고, 보다 신속하고 편리한 물류·제조·가공 등 원스톱 지원을 추진할 계획이다. ​ 양 기관은 이번 종합보세구역 지정이 현대차그룹뿐만 아니라 관련 협력기업 및 국내외 첨단기업의 연쇄 투자를 이끌어내는 촉매제가 될 것으로 기대한다. 아울러 전북특자도, 군산시 등 관계기관과 긴밀히 협력해 기업이 체감할 수 있는 통관·물류 지원도 지속 확대할 계획이다. ​ 이종욱 관세청장은 ""이번 종합보세구역 확대는 현대차그룹을 비롯한 첨단제조업체들이 새만금을 글로벌 전진기지로 활용할 수 있도록 지원하기 위한 선제적 조치""라며 ""첨단전략산업 원스톱 관세행정 지원팀을 통해 새만금이 대한민국 미래산업의 핵심 거점으로 성장할 수 있도록 행정력을 집중할 것""이라고 말했다. ​ 문성요 새만금개발청장은 ""이번 종합보세구역 확대는 관세청과의 협력을 통해 기업이 원하는 지원을 적기에 이끌어낸 대표적인 모범사례""라며 ""앞으로도 규제 개선사항과 인센티브를 지속 발굴해 기업이 체감할 수 있는 투자환경 조성에 최선을 다할 것""이라고 말했다. 대전=허재구 기자 (hery124@hanmail.net)"
DM-001464,raw_details.csv,480,crawler_detail.py,네이버 종목토론방 본문 + CBOX 댓글,board_body,토론방 본문,현대차,2026-08-04T12:16:54,3,427131267,,133,a321a0c5f951,기아보 강보합인데.. 미장 전기차 자동차 폭등에 반도체빼고 다 급등 갔다  현차도 급등 가야지~~  호재만 계속 나오네 인위적으로 주가 누르는 창구 신한 한투 kb 골드만 다 수사해야지~~요새 영업정지 3개월기본이다.. 교보도 영업정지 됨
DM-001465,raw_details.csv,481,crawler_detail.py,네이버 종목토론방 본문 + CBOX 댓글,board_body,토론방 본문,현대차,2026-08-04T12:16:20,0,427131214,,53,0ebd583193de,오늘은 코스피 양전해도 현대차 양봉전환 힘들거다 걍~날씨도 더운데 찬물에 샤워하고 넷플이나 봐라
DM-001466,raw_details.csv,482,crawler_detail.py,네이버 종목토론방 본문 + CBOX 댓글,board_body,토론방 본문,현대차,2026-08-04T12:13:39,1,427130914,후회·손실고통,22,52a3fa7ca5f3,"탈출하라! 외국인, 기관 다 대량매도다~"
DM-001467,raw_details.csv,483,crawler_detail.py,네이버 종목토론방 본문 + CBOX 댓글,board_body,토론방 본문,현대차,2026-08-04T12:13:17,0,427130885,FOMO·상대적박탈감,28,a70575f48ac7,지금이라도 네이버로오세요!!! 19만주주가 올림!!
DM-001468,raw_details.csv,484,crawler_detail.py,네이버 종목토론방 본문 + CBOX 댓글,board_comment,토론방 댓글,현대차,2026-08-04T12:15:49+0900,0,427130885,불안·공포,16,82b0ac940a08,위험해요 내가샀어요 가지마세요
DM-001469,raw_details.csv,485,crawler_detail.py,네이버 종목토론방 본문 + CBOX 댓글,board_body,토론방 본문,현대차,2026-08-04T12:11:54,1,427130749,,28,c8e588545c07,10주 연속하락 보여주나요? 올해 신기한거 많이보네
DM-001470,raw_details.csv,486,crawler_detail.py,네이버 종목토론방 본문 + CBOX 댓글,board_comment,토론방 댓글,현대차,2026-08-04T12:16:35+0900,0,427130749,분노·불신,21,3580e3e86b99,신기한거보다세력이실수하네요. 들키잖아요
DM-001471,raw_details.csv,487,crawler_detail.py,네이버 종목토론방 본문 + CBOX 댓글,board_body,토론방 본문,현대차,2026-08-04T12:11:51,4,427130743,불안·공포|후회·손실고통,178,db91db7226ca,테슬라도 존나 급등 갔던데... 리비안 루시드 다 오르고 제네럴 신고가 가고  이차전지며 로봇이며 다 급등 가는데 ai피지컬도 그렇고 새만금도 그렇고 존나 누르는거 보니까 공매 손실평단이 42만원이니까 근처 가면 엄청 누르고 상환 겁나 하는 듯.... 개인이 안털리면 된다... 지금  6100 지수에도  70만대였다.
DM-001472,raw_details.csv,488,crawler_detail.py,네이버 종목토론방 본문 + CBOX 댓글,board_body,토론방 본문,현대차,2026-08-04T12:10:41,2,427130641,,16,9cafb59933cb,정회장님 주가 관리좀 부탁해요
DM-001473,raw_details.csv,489,crawler_detail.py,네이버 종목토론방 본문 + CBOX 댓글,board_body,토론방 본문,현대차,2026-08-04T12:10:28,0,427130625,분노·불신,94,722c34fee5ba,극우들이 웃긴게 놀기는 이마트 정용진이랑 놀다가 돈은 현대차 와서 공매도 버는구나야 신세계 이마트 사러가라 늬들 좋아하는 스벅도 좀 가고 그래서 매출 1/4토막 났드라야
DM-001474,raw_details.csv,490,crawler_detail.py,네이버 종목토론방 본문 + CBOX 댓글,board_body,토론방 본문,현대차,2026-08-04T12:09:01,4,427130482,,55,abcfca1f5850,한투꼴갑떠네 자전돌리고 상환또하냐..지수가보합에미장은 전기차급등이다 증권사돌려막기 금감원고발 ​ ​
DM-001475,raw_details.csv,491,crawler_detail.py,네이버 종목토론방 본문 + CBOX 댓글,board_comment,토론방 댓글,현대차,2026-08-04T12:09:27+0900,0,427130482,,21,7e8853803ec0,2만5천주 존나 두번 샀네 ㅋㅋㅋㅋㅋㅋ
DM-001476,raw_details.csv,492,crawler_detail.py,네이버 종목토론방 본문 + CBOX 댓글,board_body,토론방 본문,현대차,2026-08-04T12:04:50,2,427130117,불안·공포,57,d6e6f7b5b689,현대차  지금은 무조건 단타로 가야된다 8시에 팔고 떨어지면 다시 매수 가만히 있으면 남 좋은일 시킨다
DM-001477,raw_details.csv,493,crawler_detail.py,네이버 종목토론방 본문 + CBOX 댓글,board_body,토론방 본문,현대차,2026-08-04T12:04:13,2,427130066,,156,97a11763056b,"200조버는 현차 시총 75조, 20조 버는 엔솔 시총 75조,  하닉 200조 시총 1200조  삼성전기 매출 13조 시총 95조 .   레인보우 매출 200억  시총 10조 (200조버는 현차 시총 75조), 20조 버는 엔솔 시총 75조,  하닉 200조 시총 1200조 ​"
DM-001478,raw_details.csv,494,crawler_detail.py,네이버 종목토론방 본문 + CBOX 댓글,board_body,토론방 본문,현대차,2026-08-04T12:03:27,0,427129993,,57,6a162d32d9dd,고평가 된 현대차 30만원 이   적정가  랑깨? 대통령깨서   광주 에 현대차 옮겨주면 40만 간당게
DM-001479,raw_details.csv,495,crawler_detail.py,네이버 종목토론방 본문 + CBOX 댓글,board_body,토론방 본문,현대차,2026-08-04T12:02:44,2,427129922,,37,559a48505379,반도체 지수왜곡 대안으로 로봇과와 바이오 주목 곧 새로운 대장주됀다
DM-001480,raw_details.csv,496,crawler_detail.py,네이버 종목토론방 본문 + CBOX 댓글,board_body,토론방 본문,현대차,2026-08-04T12:02:38,1,427129912,,56,5142d5ac0f19,진짜 골때린다. 내가 보유한 주식들만 파란색이네? ㅋㅋ 진짜 얼마나 처오르려고 이러는걸까? 대박이다!
DM-001481,raw_details.csv,497,crawler_detail.py,네이버 종목토론방 본문 + CBOX 댓글,board_body,토론방 본문,현대차,2026-08-04T12:02:08,1,427129856,,296,b84934cdd35a,나스닥 그제도 2%어제도 1% 오늘도 2.3% 급등  제네럴신고가에 테슬라도 급등  전기차들도 다 급등  국장 지수도 보합수준인데  (반도체아니면 급등) 네이버도 피지컬ai 급등이다 현차도 피지컬 ai에 로봇에 전기차 배터리에 지금 전고돌파했겠네.... 1.2월 주가도 67만대였느니라~~ 주가 누르는 주체 증권사들 다 캡쳐 영상 녹화해서 금감원에 신고하세요...  영업정지 시켜야지. https://www.fss.or.kr/fss/bbs/B0000313/list.do?menuNo=201099&viewType=MINWONBODY
DM-001482,raw_details.csv,498,crawler_detail.py,네이버 종목토론방 본문 + CBOX 댓글,board_body,토론방 본문,현대차,2026-08-04T11:59:59,0,427129669,후회·손실고통,57,9c01a4ff91cb,주가 일프로라도 올려보겠다고 이렇게 열심히다 온갖기사 다 끌어오네 ㅋㅋㅋ 근데 영익은 전년대비 마이너스
DM-001483,raw_details.csv,499,crawler_detail.py,네이버 종목토론방 본문 + CBOX 댓글,board_body,토론방 본문,현대차,2026-08-04T11:59:25,5,427129618,후회·손실고통,194,410082baa48a,현대차 사서 지금 물려있는 개인들은  주식 접고 적금드는것이 남은 재산 지키는 길임 주식에 조금이라도 감각있는 사람들은 60만원대로 떨어질때 다 팔고 떠났음 지금 현대차에 물려있는 사람들은 주식에 대한 감각이 전혀 없는 사람들임 현대차 물린 님들은 주식 할수록 돈이 사라질거임 본전생각으로 주식을 계속 할 경우 그나마 남은 돈도 점점 줄어들것임 ​
DM-001484,raw_details.csv,500,crawler_detail.py,네이버 종목토론방 본문 + CBOX 댓글,board_comment,토론방 댓글,현대차,2026-08-04T12:34:01+0900,0,427129618,,61,125eadfe97e3,그리고가장중요한거 죽는한이있어도 사람들이주식에매력못느끼게계속떨궈서 주식장폐장해서건전한사회만드는게 꿈이되버렸네요
DM-001485,raw_details.csv,501,crawler_detail.py,네이버 종목토론방 본문 + CBOX 댓글,board_comment,토론방 댓글,현대차,2026-08-04T12:31:28+0900,0,427129618,,57,c42ff2547003,돈이없어져도 깡으로가는거에요 내가못벌면 벌지못하게라도해야죠 조금찾는것도그런다면이번생은 같이벌지않으면되죠
DM-001486,raw_details.csv,502,crawler_detail.py,네이버 종목토론방 본문 + CBOX 댓글,board_comment,토론방 댓글,현대차,2026-08-04T12:06:56+0900,1,427129618,,146,617457531d59,논리로 얘기 하면 좋을거 같은데 아쉽네요. 주식을 장기적으로 수익을 낼려면 재미없을때 적극적으로 움직여야 합니다. 지금 이럴때요. 저는 다음 종목 후보가 현대차 여서 눈팅 중입니다. 글쓴이 같은 반응들을 두루 살피다 보면 진입 시점 잡는데 약간의 도움이 됩니다.
DM-001487,raw_details.csv,503,crawler_detail.py,네이버 종목토론방 본문 + CBOX 댓글,board_comment,토론방 댓글,현대차,2026-08-04T12:01:17+0900,0,427129618,,42,4b957f3d07f1,저는 그나마 물타서 평단65인데 과감히 털고 반도체에 박아두는게 나을까요?😢
DM-001488,raw_details.csv,504,crawler_detail.py,네이버 종목토론방 본문 + CBOX 댓글,board_body,토론방 본문,현대차,2026-08-04T11:58:23,0,427129539,,44,b9572c1f49a7,현기는 환율 10원에 영익 3천억씩 까임 100원 200원까이면 몇조씩 까임..
DM-001489,raw_details.csv,505,crawler_detail.py,네이버 종목토론방 본문 + CBOX 댓글,board_body,토론방 본문,현대차,2026-08-04T11:57:42,0,427129470,,51,489b8cae8e5c,토론방사람수가 네이버 현대 삼성 sk 굵직한건600명정도로 반절휴가갔나 댓글부대 어디갔나요?
DM-001490,raw_details.csv,506,crawler_detail.py,네이버 종목토론방 본문 + CBOX 댓글,board_body,토론방 본문,현대차,2026-08-04T11:56:28,1,427129370,,1269,80460ae82b83,"현대차 새만금 투자예정지 '종합보세구역' 지정… 9조대 투자 성공 지원 현대차 새만금 투자예정지 '종합보세구역' 지정… 9조대 투자 성공 지원 입력2026.08.04. 오전 11:14수정2026.08.04. 오전 11:15 기사원문 ​ 관세청-새만금개발청, 3·7·8공구 6㎢ 신속 지정… 기존 포함 총 14.1㎢로 확대 운영 새만금지구 국가산업단지 조감도./사진제공=관세청 현대차 그룹이 9조원대 대규모 투자계획을 발표한 전북 새만금 국가산업단지내 AI·로봇 클러스터 구축 예정지가 종합보세구역으로 선제 지정됐다. 피지컬 AI·미래 모빌리티 등 국가 첨단산업 클러스터의 조기 구축과 성공을 지원하기 위한 조치다. ​ 관세청은 새만금개발청과 새만금 국가산업단지 3·7·8공구, 총 6㎢(181만평)를 종합보세구역으로 선제 지정했다고 4일 밝혔다. 이로써 기존에 지정된 1·2·5·6공구를 포함해 총 14.1㎢(426만 평)가 종합보세구역으로 운영된다. ​ '종합보세구역'은 관세 등이 유보된 상태로 외국 물품의 보관·제조·가공·건설 등 둘 이상 기능을 수행할 수 있도록 관세청장이 지정하는 보세구역이다. ​ 현대차 그룹은 지난 2월 이번에 지정된 새만금 투자예정지역에 로봇, 인공지능(AI), 수소에너지, 태양광 발전, 인공지능(AI) 수소 시티 등 약 9조원 규모의 투자 계획을 발표했다. ​ 관세청은 기업에 공장(FAB) 건설단계부터 제품 제조·수출까지 전 과정에서 관세 등의 과세보류 혜택을 제공하고, 보다 신속하고 편리한 물류·제조·가공 등 원스톱 지원을 추진할 계획이다. ​ 양 기관은 이번 종합보세구역 지정이 현대차그룹뿐만 아니라 관련 협력기업 및 국내외 첨단기업의 연쇄 투자를 이끌어내는 촉매제가 될 것으로 기대한다. 아울러 전북특자도, 군산시 등 관계기관과 긴밀히 협력해 기업이 체감할 수 있는 통관·물류 지원도 지속 확대할 계획이다. ​ 이종욱 관세청장은 ""이번 종합보세구역 확대는 현대차그룹을 비롯한 첨단제조업체들이 새만금을 글로벌 전진기지로 활용할 수 있도록 지원하기 위한 선제적 조치""라며 ""첨단전략산업 원스톱 관세행정 지원팀을 통해 새만금이 대한민국 미래산업의 핵심 거점으로 성장할 수 있도록 행정력을 집중할 것""이라고 말했다. ​ 문성요 새만금개발청장은 ""이번 종합보세구역 확대는 관세청과의 협력을 통해 기업이 원하는 지원을 적기에 이끌어낸 대표적인 모범사례""라며 ""앞으로도 규제 개선사항과 인센티브를 지속 발굴해 기업이 체감할 수 있는 투자환경 조성에 최선을 다할 것""이라고 말했다. 대전=허재구 기자 (hery124@hanmail.net)"
DM-001491,raw_details.csv,507,crawler_detail.py,네이버 종목토론방 본문 + CBOX 댓글,board_body,토론방 본문,현대차,2026-08-04T11:54:32,3,427129182,,420,07bebce16778,"""현대차, 브라질과 그린수소 생산·수소트럭·SMR 협력"" ​ ""현대차, 브라질과 그린수소 생산·수소트럭·SMR 협력"" ​ ​ ​ ​ 【파이낸셜뉴스 상파울루(브라질)=최종근 기자】김용범 청와대 정책실장은 28일(현지시간) 브라질 상파울루 현지 프레스센터에서 한-브라질 비즈니스 라운드테이블 결과 브리핑을 갖고 주요 기업인들의 발언을 소개했다. 정의선 현대자동차그룹 회장 등이 참석했다. 김 실장은 ""현대자동차는 2012년에 브라질 공장에서 첫 번째 차량 생산을 시작한 이후에 10개 계열사가 진출해 브라질 내 4위 자동차 기업으로 성장했다""면서 ""브라질의 탈탄소화 정책과 친환경 정책에 맞춰 브라질과 그린수소 생산과 수소 트럭 도입, SMR(소형모듈원전)등에 대한 기술 협력을 추진할 계획이라고 밝혔다""고 전했다. cjk@fnnews.com 최종근 기자"
DM-001492,raw_details.csv,508,crawler_detail.py,네이버 종목토론방 본문 + CBOX 댓글,board_body,토론방 본문,카카오,2026-08-04T14:35:17,0,427144866,FOMO·상대적박탈감|분노·불신,191,d36f7c8a13d1,개미형님들 어제 제가 개카오버리고 네이버사라고 글 2개나올렸는데 왜 제말을 무시하시고 욕하시고 그럽니까?? ​ 지금이라도 늦지 않았습니다. 주주들 개 똥으로보는 카카오는 빨리 버려야 상책입니다. ​ 카카오는 일하는 직원들 수준이 네이버 엔씨 못가는  폐급들만 모여서 더 커지기 힘듭니다. ​ 일하는사람이 폐급만있는데 기업이 어떻게 성장합니까?
DM-001493,raw_details.csv,509,crawler_detail.py,네이버 종목토론방 본문 + CBOX 댓글,board_comment,토론방 댓글,카카오,2026-08-04T14:37:01+0900,0,427144866,,44,7d745ed81e38,"니 얼굴에 똥자국있다...꺼지라..  그리고 가지고 있는 카카오는 털고 가고,,"
DM-001494,raw_details.csv,510,crawler_detail.py,네이버 종목토론방 본문 + CBOX 댓글,board_body,토론방 본문,카카오,2026-08-04T14:33:32,1,427144700,분노·불신,28,bce8841a8e1b,개미들 매수 하니까 기관이 밀어버린다 오르긴 글렀다
DM-001495,raw_details.csv,511,crawler_detail.py,네이버 종목토론방 본문 + CBOX 댓글,board_comment,토론방 댓글,카카오,2026-08-04T14:39:07+0900,0,427144700,분노·불신,30,e14d0bb50d3f,"알면,,,빨리 너 팔아...개미들이 사준다고 한다..."
DM-001496,raw_details.csv,512,crawler_detail.py,네이버 종목토론방 본문 + CBOX 댓글,board_body,토론방 본문,카카오,2026-08-04T14:32:45,1,427144609,,36,ef11285cb740,"딱  4만원은 가야되는거아니냐.. 참네 너무 혈압오른다 너도.,."
DM-001497,raw_details.csv,513,crawler_detail.py,네이버 종목토론방 본문 + CBOX 댓글,board_body,토론방 본문,카카오,2026-08-04T14:26:25,0,427143965,,99,c8e8aff3627f,"삼전닉스 옛날부터 곳간에서 인심난다 했다 ​ 잘 되는집  종놈들이 잘 먹는법 ㅋㅋㅋㅋㅋㅋ ​ 뉴스1 ​ ""최태원이 하닉 사라고 한 이유""…'배당 2.5%·액분' ​ 지라시가 돈다"
DM-001498,raw_details.csv,514,crawler_detail.py,네이버 종목토론방 본문 + CBOX 댓글,board_comment,토론방 댓글,카카오,2026-08-04T14:32:23+0900,1,427143965,,39,03c9a23e358f,아직 견딜만 한가보다...까부는거 보니...  뒤에서 많이 주워먹었어?
DM-001499,raw_details.csv,515,crawler_detail.py,네이버 종목토론방 본문 + CBOX 댓글,board_body,토론방 본문,카카오,2026-08-04T14:26:20,3,427143959,,35,8aadbe124f26,카카오 주주들 잘못이뭐냐면 네이버랑 카카오를 동급으로 본다는거임
DM-001500,raw_details.csv,516,crawler_detail.py,네이버 종목토론방 본문 + CBOX 댓글,board_comment,토론방 댓글,카카오,2026-08-04T14:33:25+0900,1,427143959,,46,7772f37eac66,"바보인증,,,그냥 네이버방에서만 하면,,,될텐데...왜 돌아다니면서 바보자랑질이냐?"
DM-001501,raw_details.csv,517,crawler_detail.py,네이버 종목토론방 본문 + CBOX 댓글,board_comment,토론방 댓글,카카오,2026-08-04T14:32:18+0900,1,427143959,,24,eafd36ce8307,당연 동급아님 카카오가1등 네이버는 10등쯤
DM-001502,raw_details.csv,518,crawler_detail.py,네이버 종목토론방 본문 + CBOX 댓글,board_body,토론방 본문,카카오,2026-08-04T14:24:28,4,427143767,FOMO·상대적박탈감|후회·손실고통,39,64b3937e7d3a,객관적으로 말해준다 탈출해 장기적인 하향이야.... 지금이라도 도망치자
DM-001503,raw_details.csv,519,crawler_detail.py,네이버 종목토론방 본문 + CBOX 댓글,board_comment,토론방 댓글,카카오,2026-08-04T14:31:09+0900,0,427143767,,46,46a0bee3251e,"너 빨리 팔아라,,,없어? 그럼 공매라도  쳐,,,내일 돌려주께...위에서,,,ㅋㅋ"
DM-001504,raw_details.csv,520,crawler_detail.py,네이버 종목토론방 본문 + CBOX 댓글,board_comment,토론방 댓글,카카오,2026-08-04T14:25:42+0900,0,427143767,후회·손실고통,61,8b6c8fd37778,ㄲㄲㄲ 이런 바닥에 모하러 탈출하니~ 더 사야지~ 외인 기관 1주일만에 300만주 쓸어담은거 안보이니?~ㄲㄲㄲ
DM-001505,raw_details.csv,521,crawler_detail.py,네이버 종목토론방 본문 + CBOX 댓글,board_body,토론방 본문,카카오,2026-08-04T14:19:23,2,427143212,FOMO·상대적박탈감,39,26e782c4118c,만년소외 ~개카리 꿔다놓은 보5리자루내 니미 완전 천년만년 보릿고개야~
DM-001506,raw_details.csv,522,crawler_detail.py,네이버 종목토론방 본문 + CBOX 댓글,board_body,토론방 본문,카카오,2026-08-04T14:08:39,0,427141881,,19,12091b230dc2,오늘따라.. 날씨가 33하네~~~~
DM-001507,raw_details.csv,523,crawler_detail.py,네이버 종목토론방 본문 + CBOX 댓글,board_body,토론방 본문,카카오,2026-08-04T14:07:27,4,427141762,분노·불신,23,ef265ceae4bc,개미만 사네요~~~ 내일도 못가네요~~~~
DM-001508,raw_details.csv,524,crawler_detail.py,네이버 종목토론방 본문 + CBOX 댓글,board_comment,토론방 댓글,카카오,2026-08-04T14:39:59+0900,0,427141762,,38,49c4679c000b,그러게..아직 너 안팔았네...빨리 너 팔아라..내일이라고 가게...
DM-001509,raw_details.csv,525,crawler_detail.py,네이버 종목토론방 본문 + CBOX 댓글,board_body,토론방 본문,카카오,2026-08-04T14:03:53,2,427141414,,108,7c369284c18b,게이버 떠엉 꾸녕만  빨지  말고 ​ 기냥 망해 주셔~~ ​ 골때리는 4ㆍ히 ㆍ네 ㆍ ​ 모든걸 내려놓고 가뿐히  망하면 되잖어  그치? ​ ㅋㅋㅋ ​ 푸헤헤헤 푸히히히 푸헤헤헤 ​ 휘리릭 ~~
DM-001510,raw_details.csv,526,crawler_detail.py,네이버 종목토론방 본문 + CBOX 댓글,board_body,토론방 본문,카카오,2026-08-04T13:53:52,5,427140492,FOMO·상대적박탈감,57,028f8adc0645,반드시 수급은 실적우량 장기소외주로  들어온다 1차목표가 7만원 담주에 돌파한다 거래량 터져야 폭등한다
DM-001511,raw_details.csv,527,crawler_detail.py,네이버 종목토론방 본문 + CBOX 댓글,board_body,토론방 본문,카카오,2026-08-04T13:52:38,3,427140374,,13,c88d60949434,출발이다. 꽉잡으세요~!
DM-001512,raw_details.csv,528,crawler_detail.py,네이버 종목토론방 본문 + CBOX 댓글,board_comment,토론방 댓글,카카오,2026-08-04T13:57:10+0900,0,427140374,,6,09846f251198,하겠니?ㅡㅡ
DM-001513,raw_details.csv,529,crawler_detail.py,네이버 종목토론방 본문 + CBOX 댓글,board_comment,토론방 댓글,카카오,2026-08-04T13:56:20+0900,0,427140374,,4,ac45cb8d6e63,가자!!
DM-001514,raw_details.csv,530,crawler_detail.py,네이버 종목토론방 본문 + CBOX 댓글,board_body,토론방 본문,카카오,2026-08-04T13:50:25,1,427140159,,53,ecc4d92bd061,범수거 나오나? 어디서 꾸역 꾸역 나오나? 범수 지분이 28% 라는데! 범수거 나오는거 아니냐?
DM-001515,raw_details.csv,531,crawler_detail.py,네이버 종목토론방 본문 + CBOX 댓글,board_body,토론방 본문,카카오,2026-08-04T13:48:14,4,427139976,,42,01bcebd71b85,1차목표가 7만원 담주에 돌파한다  상장최대실적 ㅡ대형재료 수주공시 만지작!
DM-001516,raw_details.csv,532,crawler_detail.py,네이버 종목토론방 본문 + CBOX 댓글,board_body,토론방 본문,카카오,2026-08-04T13:47:59,1,427139952,,18,eb98538fd33c,4만원이라도 가라고  아오 속터져
DM-001517,raw_details.csv,533,crawler_detail.py,네이버 종목토론방 본문 + CBOX 댓글,board_body,토론방 본문,카카오,2026-08-04T13:46:44,0,427139838,,34,2a8f9b5daa72,실적발표 언제냐 이거 따상 각인데 블랙독 개가 달려들엇는거보니
DM-001518,raw_details.csv,534,crawler_detail.py,네이버 종목토론방 본문 + CBOX 댓글,board_body,토론방 본문,카카오,2026-08-04T13:42:51,2,427139441,분노·불신,204,cf1b580c3290,"여기도 셀트리온과 비슷.. 악재없이 호재가 나오는데 바닥에서도 반응을 안함.. 차트는 우상향인 듯하지만 증시 안좋으면 바로 다시 내려꽂음.. 거래원에서 신한과 제이피의 장난이 심한것도 공통점.. 또 비슷한 것이 유한양행.. 아무래도 비슷한 공매도 세력의 타겟이 되어 있는 대형주가 셀트, 카카오, 유한양행.. 셀트는 회사가 노력이라도 하니 한번씩 튀는데 카카오는.."
DM-001519,raw_details.csv,535,crawler_detail.py,네이버 종목토론방 본문 + CBOX 댓글,board_body,토론방 본문,카카오,2026-08-04T13:42:23,2,427139400,,46,4a0e36d25a13,거래량보면 하락추세네 9시부터 9시40분까지 100만주 이후 4시간동안 70만주 흐
DM-001520,raw_details.csv,536,crawler_detail.py,네이버 종목토론방 본문 + CBOX 댓글,board_body,토론방 본문,카카오,2026-08-04T13:38:20,4,427139023,,37,fe81e9645c0b,"내일이면 빽도 34  ! 힘도읍고 , 비전도읍고 , 배알도 읍네 !"
DM-001521,raw_details.csv,537,crawler_detail.py,네이버 종목토론방 본문 + CBOX 댓글,board_body,토론방 본문,카카오,2026-08-04T13:36:19,0,427138835,,16,d8a379ffc0fb,챠트는 허벌라게 예쁘제이요 ~
DM-001522,raw_details.csv,538,crawler_detail.py,네이버 종목토론방 본문 + CBOX 댓글,board_body,토론방 본문,카카오,2026-08-04T13:30:01,7,427138279,,20,cb5056ee17ef,얘는 뭣하는짓이지? 걍상폐가답이다ㅉㅉ
DM-001523,raw_details.csv,539,crawler_detail.py,네이버 종목토론방 본문 + CBOX 댓글,board_body,토론방 본문,카카오,2026-08-04T13:25:58,0,427137896,,49,55e1bec16f4e,누가 샀는지 찾아바.... 새인 뒤통수치기 명이이 샀잔아...힌트준다 . 김종필 ㅋㅋㅋㅋ
DM-001524,raw_details.csv,540,crawler_detail.py,네이버 종목토론방 본문 + CBOX 댓글,board_body,토론방 본문,카카오,2026-08-04T13:25:00,3,427137788,분노·불신,124,8c1f8b2c698a,100원 띄기 하니 재밌는갑네 ㅎ 답답혀서 막 움직이는데로 내쫒을 심상인갑네 이르케 맘쓰믄 벌바더 ㅎ ​ 개미들 왜 쫒냐?? 니들만 또 머께?? ㅋㅋ ​ 우리가 남이가??ㅋㅋ ​ 가치묵자 쫌 ㅎ 난 이럴수록 더 안나갈껴 ㅎ
DM-001525,raw_details.csv,541,crawler_detail.py,네이버 종목토론방 본문 + CBOX 댓글,board_body,토론방 본문,카카오,2026-08-04T13:24:19,3,427137722,,57,23afd67d29e3,공매 커버를 아주 더럽게 하네 티안나게 찔끔찔끔?? 하기사 올라갈 이슈가 없으니 공매만 수익극대화...
DM-001526,raw_details.csv,542,crawler_detail.py,네이버 종목토론방 본문 + CBOX 댓글,board_body,토론방 본문,카카오,2026-08-04T13:19:26,4,427137221,,103,fcf84738bfe2,역대급 더러운 회사!! 지들 밥그릇 싸움에 주가는 방치중... 몇년째 주주만 죽어나가는... 주주는 없고 지들 밥그릇 챙기는데만... 본인 밖에 모르는 흙수저 출신 ceo  답다!! ​
DM-001527,raw_details.csv,543,crawler_detail.py,네이버 종목토론방 본문 + CBOX 댓글,board_body,토론방 본문,카카오,2026-08-04T13:14:24,5,427136651,,60,a32a837532f1,이제는 궁상 그만 떨어라 지겹다. 그 동안은 애교로 봐줬지만 앞으로 이 따위로 계속하면 정말 더러워 보인다.
DM-001528,raw_details.csv,544,crawler_detail.py,네이버 종목토론방 본문 + CBOX 댓글,board_body,토론방 본문,카카오,2026-08-04T13:12:48,1,427136463,,24,96b048a7ae26,48000 가자  이번주 48000가자 가자
DM-001529,raw_details.csv,545,crawler_detail.py,네이버 종목토론방 본문 + CBOX 댓글,board_body,토론방 본문,카카오,2026-08-04T13:11:21,3,427136299,FOMO·상대적박탈감|분노·불신,30,251d7af050aa,장기소외주로  세력매집중  폭등임박 ㅡ조용한 폭등 온다
DM-001530,raw_details.csv,546,crawler_detail.py,네이버 종목토론방 본문 + CBOX 댓글,board_body,토론방 본문,카카오,2026-08-04T13:09:46,3,427136133,,52,dbf76cc9af9d,무서워! 카카오 사면 망한다고 소문이났어! 요즘은 한강으로 안가고 피서겸 바다로 간다는 구먼!
DM-001531,raw_details.csv,547,crawler_detail.py,네이버 종목토론방 본문 + CBOX 댓글,board_body,토론방 본문,카카오,2026-08-04T13:08:37,2,427136008,,49,b54bc9bdbc24,여기가 공매 맛집 카카오인가요??? 네이버로 아직도 안갔나요??? 푸하하하하흐흐흐히히히힛
DM-001532,raw_details.csv,548,crawler_detail.py,네이버 종목토론방 본문 + CBOX 댓글,board_body,토론방 본문,카카오,2026-08-04T13:01:01,7,427135270,,114,3027c47eb8e5,"예전에는 옆집 갈때 따라가는 시늉이라도 했는데. 이젠 이것도 안되네 네이버 가는데 이제는 네이버와 다른 방향인거니 ​ 김범수, 정신아는 도대체 모하는 인간들이냐 ​ 주가관리 안하냐? ​ 아오 지긋지긋하다."
DM-001533,raw_details.csv,549,crawler_detail.py,네이버 종목토론방 본문 + CBOX 댓글,board_body,토론방 본문,카카오,2026-08-04T12:58:12,4,427135032,분노·불신,151,a0f63f9e4e1b,현 임원들은.. 주주가치 제고에 관심 없다 회사의 발전?....관심 없다. .. 오로지 쪼개기나 합병으로 뒷돈 왕창 챙기면 된다. 주주가치 제고?... 거지되든...죽든 .. 신경 안쓴다. 암 걸려서 죽을 지경이고.. 주가조작으로 재판 걸려서.. .제 정신이 아니다. ​
DM-001534,raw_details.csv,550,crawler_detail.py,네이버 종목토론방 본문 + CBOX 댓글,board_body,토론방 본문,카카오,2026-08-04T12:54:56,5,427134767,,27,dbed90ecb1d7,2026년 최고의 잡주로 선정됐다는데 사실인가요?
DM-001535,raw_details.csv,551,crawler_detail.py,네이버 종목토론방 본문 + CBOX 댓글,board_body,토론방 본문,카카오,2026-08-04T12:53:26,2,427134633,,49,e69d5f8ccb24,1000원 정도만~~~ 더 빠져따가 출발하자!!! 기가멕히다~~~~ 365 신이 알려줘따
DM-001536,raw_details.csv,552,crawler_detail.py,네이버 종목토론방 본문 + CBOX 댓글,board_body,토론방 본문,카카오,2026-08-04T12:47:14,7,427134070,,33,aef26f06504c,회사 망하게 생겼는데 달리기나 하고 앉았네 ㅋㅋ  음전한다야
DM-001537,raw_details.csv,553,crawler_detail.py,네이버 종목토론방 본문 + CBOX 댓글,board_body,토론방 본문,카카오,2026-08-04T12:47:00,2,427134048,분노·불신,21,d9500d582478,가두리 양식으로 공매도 숏커버링이라 ㅋ
DM-001538,raw_details.csv,554,crawler_detail.py,네이버 종목토론방 본문 + CBOX 댓글,board_body,토론방 본문,카카오,2026-08-04T12:44:08,6,427133769,,57,6aa56abeb054,대한민국과 세계의 모든 악재를 반영한 종목이다.  심지어 호재까지 악재로 반영시킨 종목이.. 카카오다.
DM-001539,raw_details.csv,555,crawler_detail.py,네이버 종목토론방 본문 + CBOX 댓글,board_comment,토론방 댓글,카카오,2026-08-04T12:46:51+0900,0,427133769,,60,c550785682b8,여기에 장단을 맞추듯.... 회사는 주주가치 제고를 위한 액션은.....전무했다....말로만 약속했었다...
DM-001540,raw_details.csv,556,crawler_detail.py,네이버 종목토론방 본문 + CBOX 댓글,board_body,토론방 본문,카카오,2026-08-04T12:42:09,4,427133588,분노·불신,50,3cbabd6010e4,쓰레기가 따로없네 단타꾼이 너무 많다 어떠한 호재가 있어도 오르지못함 외인도 이제 매수안함
DM-001541,raw_details.csv,557,crawler_detail.py,네이버 종목토론방 본문 + CBOX 댓글,board_body,토론방 본문,카카오,2026-08-04T12:41:35,4,427133533,분노·불신,41,99c5de03f996,진짜 형님 제발 나가주세요 ​ 장사의신형님떄메 개미들이 다 죽고있습니다..
DM-001542,raw_details.csv,558,crawler_detail.py,네이버 종목토론방 본문 + CBOX 댓글,board_body,토론방 본문,카카오,2026-08-04T12:41:06,4,427133481,충동·중독시그널,321,92705ef80fc9,이제4층으로 이사좀가야할덴데 저는 아직도 카카오캐슬3층에서 산지  오래됬는데요  층간소음도많고 ㅜㅜ 옆집 아저씨는 파업한다  데모한다 하면서  고함을지르고 낮ㆍ밤가리지않고 ㅜㅜ 그분성함이 범수아저씨  고성방가고고소가들어가 지금재판중입니다 이제 다 잊고 4층으로 이사를가야하는데 ㅜㅜ 이사비용도없고 으흐흐 공기좋은 15층으로 갈수나있을런지  꿈을꿔보는  아주 평범한 가장입니다  20평 방2개 3층에서는그만살고싶습니다 4층은 방3개에 화장실도2개라고하던데 언젠가는 꼭4층으로 이사를가야할덴데 ㅜㅜ 모든분들도17층 고층아파트로 이사하는그날까지 카카오캔슬에서 사이좋게 살아보자구요
DM-001543,raw_details.csv,559,crawler_detail.py,네이버 종목토론방 본문 + CBOX 댓글,board_body,토론방 본문,카카오,2026-08-04T12:39:36,3,427133355,후회·손실고통,28,069083cfae49,뭘 기대해? 오늘 음전이다. 이건 손절하고 네이버로
DM-001544,raw_details.csv,560,crawler_detail.py,네이버 종목토론방 본문 + CBOX 댓글,board_body,토론방 본문,카카오,2026-08-04T12:32:20,4,427132724,,270,ad8cacbb3271,카카오는 비즈니스모델에 대해서 생각이 없는듯 이전에는 카카오게임즈나 카카오뱅크 카카오페이지등 카카오 유저를 이용해서 확장가능하다는 무궁무진한 희망이 있었는데 자회사 분할상장보다도 문제는 카카오 사업구조자체가 문제라고 본다 대한민국 5천만명이 필수적으로 이용하는 어플인데 이정도밖에 못번다는건 ceo의 능력부족임 네이버가 쿠팡 밀어내고 이커머스 장악하면 분명 이것저것 혜택주면서 라인이 카톡 이용자수 빼가려고 할텐데 나라면 이용자수 5백만만 넘어가도 카톡방 버리고 라인으로 갈아탈듯 ​
DM-001545,raw_details.csv,561,crawler_detail.py,네이버 종목토론방 본문 + CBOX 댓글,board_body,토론방 본문,카카오,2026-08-04T12:28:08,3,427132394,분노·불신,36,57f73205d766,와 카카오 진자 스렉이인데 ㅋㅋㅋㅋ 아직도 3만원이 넘네? 개거품
DM-001546,raw_details.csv,562,crawler_detail.py,네이버 종목토론방 본문 + CBOX 댓글,board_comment,토론방 댓글,카카오,2026-08-04T13:10:37+0900,0,427132394,불안·공포,33,013b62187129,코스피 지수 떨어지길래 혹시나 했는데..버텨줘서 고맙군 캬캬
DM-001547,raw_details.csv,563,crawler_detail.py,네이버 종목토론방 본문 + CBOX 댓글,board_comment,토론방 댓글,카카오,2026-08-04T12:31:38+0900,1,427132394,,20,e13a590ea840,못오르게 억지로 누르는게 보이네요😂😂
DM-001548,raw_details.csv,564,crawler_detail.py,네이버 종목토론방 본문 + CBOX 댓글,board_body,토론방 본문,카카오,2026-08-04T12:28:06,2,427132392,,59,070227170f97,모간...빨리  와  사 카카오  구름대  좀  뚫어  봐....?   카카오  구름대  앞에서  안절부절
DM-001549,raw_details.csv,565,crawler_detail.py,네이버 종목토론방 본문 + CBOX 댓글,board_body,토론방 본문,카카오,2026-08-04T12:21:49,1,427131815,분노·불신,20,442d2d264e3d,"공매도 숏커버링중, 급상승 원치 안음"
DM-001550,raw_details.csv,566,crawler_detail.py,네이버 종목토론방 본문 + CBOX 댓글,board_body,토론방 본문,카카오,2026-08-04T12:21:21,1,427131764,,86,c6d4b377dc62,"지수6000, 개카오 4억주 개나소나 다 들고 있는 개카오는 딱 3만원이 적정주가 ​ 욕심을 내려놓고 ​ 삼전닉스의 자비와 은덕을 바라라 ㅋㅋㅋㅋㅋㅋㅋㅋㅋ"
DM-001551,raw_details.csv,567,crawler_detail.py,네이버 종목토론방 본문 + CBOX 댓글,board_body,토론방 본문,카카오,2026-08-04T12:20:26,5,427131662,,30,4b489db8120f,4층 좀 가자.3층은 습하고 덥다.뱀수는 몇층에 사냐?
DM-001552,raw_details.csv,568,crawler_detail.py,네이버 종목토론방 본문 + CBOX 댓글,board_body,토론방 본문,카카오,2026-08-04T12:17:06,3,427131288,,123,88d56b83fee7,대주주 1순위가 오너인 기업은 다 잘되는꼴을 못보는듯 기업 최대주주가 오너인 기업들은 주주생각보다 자기들 돈버는게 먼저인 자기들만의 왕국 느낌이라고 생각한다. 까까오는 실적이고뭐고 기업 이미지부터 회복 쇄신시켜야된다...
DM-001553,raw_details.csv,569,crawler_detail.py,네이버 종목토론방 본문 + CBOX 댓글,board_body,토론방 본문,카카오,2026-08-04T12:16:34,6,427131231,,74,108723e1f4d3,메타 마이크로 네이버 다 올라도 안되는거면 대표 두명 정 신 아 김 범 수 밟자 방법이 없다 저 2마리가 사라지는거 밖에 방법이 없다
DM-001554,raw_details.csv,570,crawler_detail.py,네이버 종목토론방 본문 + CBOX 댓글,board_body,토론방 본문,카카오,2026-08-04T12:14:58,5,427131058,,113,5e9621ef287c,젠장할  네이버 하고 7배 차이네~~  김범수  정말   인간도 이니다 ~  2조원으로  AI  투자 한다더니   뭐한게 있냐?    김범수  너는 닞길도 숨어다녀라~~  악질중에. 최고 악질이라니까 !
DM-001555,raw_details.csv,571,crawler_detail.py,네이버 종목토론방 본문 + CBOX 댓글,board_body,토론방 본문,카카오,2026-08-04T12:14:21,2,427130989,,73,286ef18a9a01,낼 실발인데 노사도 대충 정리됏고 쫌 가보자  외인 기관 쌍으로 밟네 실발 대박인듯한데 개관은 국장 비정상으로 만들지 말고 고마해라
DM-001556,raw_details.csv,572,crawler_detail.py,네이버 종목토론방 본문 + CBOX 댓글,board_body,토론방 본문,카카오,2026-08-04T12:14:02,5,427130960,,62,e6fbca20ad89,전부다 한강에서 정모 한번하자  김범수 정 신 아  주주들 다 방치하고 주주등에 빨대 꼽아가 지 다 처 묵 하네
DM-001557,raw_details.csv,573,crawler_detail.py,네이버 종목토론방 본문 + CBOX 댓글,board_body,토론방 본문,카카오,2026-08-04T12:11:34,3,427130720,,23,9c3092323f4e,4만원도 못가겠네 ㅋㅋㅋ 심하긴하네 이잡주
DM-001558,raw_details.csv,574,crawler_detail.py,네이버 종목토론방 본문 + CBOX 댓글,board_body,토론방 본문,카카오,2026-08-04T11:59:03,4,427129589,,77,4096393162ee,대표가 주가관리에 관심이 없으니 주가도 막 가지고 놀아버리네ㅠㅠ 17만원이 3만원 됐으면 양심이 있으면 뭐라도 하려고 노력이라도 할텐데..
DM-001559,raw_details.csv,575,crawler_detail.py,네이버 종목토론방 본문 + CBOX 댓글,board_body,토론방 본문,카카오,2026-08-04T11:52:46,4,427129009,,74,407bd5c506c9,네이버 가면 그냥 따라가 그것도 못하냐?내릴땐 1등 이면서... 뱀수  감빵가면 오른다.2심 징역 받으면 감빵가라 항소 하지말고...
DM-001560,raw_details.csv,576,crawler_detail.py,네이버 종목토론방 본문 + CBOX 댓글,board_body,토론방 본문,카카오,2026-08-04T11:49:57,7,427128762,,21,ed7832408a05,범수야 깜빵가자 니가 갈곳은 깜빵뿐이다
DM-001561,raw_details.csv,577,crawler_detail.py,네이버 종목토론방 본문 + CBOX 댓글,board_body,토론방 본문,카카오,2026-08-04T11:44:45,11,427128309,,30,0a2135cd920c,"사장이 여자라서 그런가..? 역시 여자는 요리, 빨래만"
DM-001562,raw_details.csv,578,crawler_detail.py,네이버 종목토론방 본문 + CBOX 댓글,board_comment,토론방 댓글,카카오,2026-08-04T13:59:05+0900,0,427128309,,12,b5f2c81a5340,네이버도 여자ㅇ에요..
DM-001563,raw_details.csv,579,crawler_detail.py,네이버 종목토론방 본문 + CBOX 댓글,board_comment,토론방 댓글,카카오,2026-08-04T12:22:37+0900,0,427128309,,16,43bec8223a00,네이버 최수현도.. 여잡니다.
DM-001564,raw_details.csv,580,crawler_detail.py,네이버 종목토론방 본문 + CBOX 댓글,board_body,토론방 본문,카카오,2026-08-04T11:42:52,6,427128145,불안·공포,128,24edd6077f86,그래도 사장이라고 앉혀 놨으면.. 최소한의 면을 좀 살려줘라... IR 할 때는 주주 환원한다고 ... 말하는데... 뒤에서.. 자금줄 잡고 .. 협력을 안해주니... 신아만 욕받이 되는 거 아니겠냐? 연봉이 .. 욕받이 값이냐?
DM-001565,raw_details.csv,581,crawler_detail.py,네이버 종목토론방 본문 + CBOX 댓글,board_body,토론방 본문,카카오,2026-08-04T11:37:30,4,427127673,,49,e0e71686beb1,ㅋㅋㅋㅋㅋㅋㅋㅋㅋㅋㅋㅋ 여그서 머혀냐 ㅋㅋㅋㅋㅋㅋㅋㅋㅋㅋㅋㅋㅋㅋㅋㅋㅋㅋㅋㅋㅋㅋㅋㅋㅋㅋㅋㅋ
DM-001566,raw_details.csv,582,crawler_detail.py,네이버 종목토론방 본문 + CBOX 댓글,board_comment,토론방 댓글,카카오,2026-08-04T12:08:54+0900,1,427127673,,17,d22d2cef0e06,생각보다 카카오가 잘 버티네😂😂
DM-001567,raw_details.csv,583,crawler_detail.py,네이버 종목토론방 본문 + CBOX 댓글,board_comment,토론방 댓글,카카오,2026-08-04T11:44:28+0900,0,427127673,,20,6a20905cd581,너.. 중국사람이지?...국제알바냐?
DM-001568,raw_details.csv,584,crawler_detail.py,네이버 종목토론방 본문 + CBOX 댓글,board_comment,토론방 댓글,카카오,2026-08-04T11:38:17+0900,0,427127673,,49,a801291dc6a0,니는 여ㅅㅓ   머하노  ㅎㅎㅎㅎㅎ ㅎ ㅎ ㅎㅎㅎ ㅆㅆ ㅎ ㅎ ㅎ  ㅎ  ㅎ  ㅎ  ㅎㅎ
DM-001569,raw_details.csv,585,crawler_detail.py,네이버 종목토론방 본문 + CBOX 댓글,board_body,토론방 본문,카카오,2026-08-04T11:36:17,8,427127556,FOMO·상대적박탈감,34,d07d17cf77bd,지금이라도 늦지 않았다 네이버 사고 28만에 팔아라 ㅋㅋㅋㅋㅋ
DM-001570,raw_details.csv,586,crawler_detail.py,네이버 종목토론방 본문 + CBOX 댓글,board_comment,토론방 댓글,카카오,2026-08-04T11:39:02+0900,0,427127556,,33,e00f7c8e636f,니 추레라에  박혀 뒈지는거보고  사려고 ㅎㅎㅎㅎ ㅎㅆㅎ ㅎ
DM-001571,raw_details.csv,587,crawler_detail.py,네이버 종목토론방 본문 + CBOX 댓글,board_body,토론방 본문,카카오,2026-08-04T11:31:45,11,427127161,,110,9dd2ec5823fb,네이버 옆 콩고물이라도 네이버 옆에 딱 붙어서 콩고물이라도 챙겨라 밑에서 뭐하는거야. 참 딱하다 주주를 위해 뭘 해줄수 있는거야 주주들은 속이 숯검댕이다.. 자사주 매입. 소각 이런 뉴스좀 내봐ㅡ.
DM-001572,raw_details.csv,588,crawler_detail.py,네이버 종목토론방 본문 + CBOX 댓글,board_comment,토론방 댓글,카카오,2026-08-04T12:02:29+0900,0,427127161,,41,3e058eff1c90,"범수, 치마사장이 숭인이나 해불까 얼릉 깜방에 다시가야 쥬가가 올라갈듯~~"
DM-001573,raw_details.csv,589,crawler_detail.py,네이버 종목토론방 본문 + CBOX 댓글,board_body,토론방 본문,카카오,2026-08-04T11:30:41,2,427127053,,94,387e035b865f,참 이것도 주가라고 38000.    40000원도 터치 못하냐 참 장투지만 우습다 ㅋ 호가 2퍼안에 ㅇ매도수 보면 웃음밖에 안나온다 그래 이왕 포기니 니들끼리 놀아봐라
DM-001574,raw_details.csv,590,crawler_detail.py,네이버 종목토론방 본문 + CBOX 댓글,board_body,토론방 본문,카카오,2026-08-04T11:27:54,2,427126789,,45,ed83c3022769,손가락 자기손가락을 움직여 사놓곤 뭔 불만이 이리도 많아  싫으면 매도하면 되잖아
DM-001575,raw_details.csv,591,crawler_detail.py,네이버 종목토론방 본문 + CBOX 댓글,board_body,토론방 본문,카카오,2026-08-04T11:27:42,4,427126760,,18,b4970f9c6841,진짜 올리기싫은가베ㅋㅋㅋ 대단하다
DM-001576,raw_details.csv,592,crawler_detail.py,네이버 종목토론방 본문 + CBOX 댓글,board_body,토론방 본문,카카오,2026-08-04T11:26:32,3,427126627,분노·불신,23,21ae63cdd899,매집구간 개미들 진빠지게하고 갈듯 쫄지말길
DM-001577,raw_details.csv,593,crawler_detail.py,네이버 종목토론방 본문 + CBOX 댓글,board_comment,토론방 댓글,카카오,2026-08-04T11:34:22+0900,0,427126627,,4,654b8c0979b2,뭔매집은
DM-001578,raw_details.csv,594,crawler_detail.py,네이버 종목토론방 본문 + CBOX 댓글,board_comment,토론방 댓글,카카오,2026-08-04T11:28:48+0900,0,427126627,,17,20d8b5b8a6b1,매집 시기는 지난 듯 보입니다.
DM-001579,raw_details.csv,595,crawler_detail.py,네이버 종목토론방 본문 + CBOX 댓글,board_body,토론방 본문,카카오,2026-08-04T11:24:10,5,427126377,,291,bb09d4586d0a,"ai빌려써야한다면.. 비용은 점점 늘어날수밖에.. 사용자 요구사항들이 앞으로는 ai맞춤형으로 진행될건데.... 빌려쓰는 카카오입장에서는 대여비용은 점점 늘어날수밖에 없고, 이와 관련하여 매출은? 같이 늘어야하지만 내수용으로만으로 커버치기엔 장기적인 영업이익의 감소가 발생하니... 주가엔 악영향이겠지요. 자체 ai와 데이터센터가 없다는건.. 미래형에게 있어서 대여비 과다로 어찌될지 모른다는... 네이버처럼 세계화로 뭐든해서 신성장 동력과 매출이 일어나야할것임. 이런식이면... 이제 카카오는 우물안 개구리가 될것임. ​"
DM-001580,raw_details.csv,596,crawler_detail.py,네이버 종목토론방 본문 + CBOX 댓글,board_comment,토론방 댓글,카카오,2026-08-04T11:25:21+0900,0,427126377,,36,e101a0d4d7c0,네이버에 카카오 지분이 있고....업스테이지에도 지분이 있습니다.
DM-001581,raw_details.csv,597,crawler_detail.py,네이버 종목토론방 본문 + CBOX 댓글,board_body,토론방 본문,카카오,2026-08-04T11:23:13,4,427126267,,57,ec093e30caf2,코스닥에서도  탈락! 코스피 못쫓아가서 코스닥으로 간다하드만 거기서도 못쫓아가서 탈락하면 어디로 가냐?
DM-001582,raw_details.csv,598,crawler_detail.py,네이버 종목토론방 본문 + CBOX 댓글,board_body,토론방 본문,카카오,2026-08-04T11:21:16,3,427126062,후회·손실고통,194,ad0104a46849,대표만 바꿔도 상승할거 같은데 불어불문학은 너무한 거 아님 it 생태계 ai 대전환에 대한 통찰이 있을까 김범수가 수사 받는다고 될 대로 돼라 인건지 it회사에 파업이 뭔 말이고 카무원이 뭔 말인지 사람들 좋은 아이디어 많던데 젊은 직원들은 그런 생각도 못하나 진심으로 신기한 거 하나 갖고 나오길 기다리면서 손절 안하고 있는데 각성 좀 하시길 ​
DM-001583,raw_details.csv,599,crawler_detail.py,네이버 종목토론방 본문 + CBOX 댓글,board_body,토론방 본문,카카오,2026-08-04T11:21:07,1,427126045,,25,f35594f004a2,샘울트먼 딸결혼때문 연기 9월7일 방한확정 ​
DM-001584,raw_details.csv,600,crawler_detail.py,네이버 종목토론방 본문 + CBOX 댓글,board_body,토론방 본문,카카오,2026-08-04T11:19:02,2,427125781,,60,2c64e5a14541,네이버 폭등..여긴 안타깝네요  주주가치 1도 없나 봅니다. 문제가 심각하네요  네이버 폭등 자주 하는데..
DM-001585,raw_details.csv,601,crawler_detail.py,네이버 종목토론방 본문 + CBOX 댓글,board_body,토론방 본문,카카오,2026-08-04T11:13:41,1,427125119,,29,9f78b9ac3c0a,오픈ai  쌤과  만남확정 샘울트먼 카카오 미팅 확정
DM-001586,raw_details.csv,602,crawler_detail.py,네이버 종목토론방 본문 + CBOX 댓글,board_comment,토론방 댓글,카카오,2026-08-04T11:31:09+0900,1,427125119,,32,8a9e1fe3dd8f,ㅋ 지금 오픈 AI 상황도 안 좋은데 카카오라고 답 있음?
DM-001587,raw_details.csv,603,crawler_detail.py,네이버 종목토론방 본문 + CBOX 댓글,board_comment,토론방 댓글,카카오,2026-08-04T11:19:17+0900,1,427125119,,33,f06f1613dbae,빌려써야하니... 돈 더달라하것지 ㅋㅋㅋㅋㅋㅋㅋㅋㅋㅋㅋㅋㅋㅋ
DM-001588,raw_details.csv,604,crawler_detail.py,네이버 종목토론방 본문 + CBOX 댓글,board_comment,토론방 댓글,카카오,2026-08-04T11:15:28+0900,1,427125119,,45,c079aed11cb5,작년에도 만났는데.... 주가에는 영향이 없었습니다. .. 올해는 좀 다르려나..
DM-001589,raw_details.csv,605,crawler_detail.py,네이버 종목토론방 본문 + CBOX 댓글,board_body,토론방 본문,카카오,2026-08-04T11:12:08,1,427124922,,14,e0146195386c,갘카ㅇ 적당히 좀 하십시옷
DM-001590,raw_details.csv,606,crawler_detail.py,네이버 종목토론방 본문 + CBOX 댓글,board_body,토론방 본문,카카오,2026-08-04T11:11:29,4,427124835,,18,d077378b44c6,네이버 살걸 번지수 잘못찾은거갘다
DM-001591,raw_details.csv,607,crawler_detail.py,네이버 종목토론방 본문 + CBOX 댓글,board_body,토론방 본문,카카오,2026-08-04T11:09:13,7,427124572,,36,c8797a2d501e,누가 적대적 m&a좀 해주세요 콧털이랑 정신아 때문에 병걸리겠어요
DM-001592,raw_details.csv,608,crawler_detail.py,네이버 종목토론방 본문 + CBOX 댓글,board_body,토론방 본문,카카오,2026-08-04T11:09:03,2,427124543,,47,a9b61a80d9cb,오늘부터 조금씩 담아본다 이번주 최종 임금협상끝나니깐 37000밑으로 조금씩 담아본다
DM-001593,raw_details.csv,609,crawler_detail.py,네이버 종목토론방 본문 + CBOX 댓글,board_body,토론방 본문,카카오,2026-08-04T11:08:23,1,427124465,,158,07f1d0d7c5c9,"카카오 바닥 다졌나? 카카오 2분기 실적 컨센서스 및 AI 에이전트 모멘텀, ​ 그리고 주가 전망에 대한 글을 올려드립니다. ​ 아래 글 참고하시어, 현명한 투자 판단에 도움 되시길 바랍니다. ​ https://blog.naver.com/jinwoongkim1/224367583697"
DM-001594,raw_details.csv,610,crawler_detail.py,네이버 종목토론방 본문 + CBOX 댓글,board_body,토론방 본문,카카오,2026-08-04T11:06:13,1,427124175,,24,19b40d63e022,바닥 한번더 찍어야 상승할거니 큰 기대말고~
DM-001595,raw_details.csv,611,crawler_detail.py,네이버 종목토론방 본문 + CBOX 댓글,board_body,토론방 본문,카카오,2026-08-04T11:02:32,6,427123610,,95,ca3b150644e5,지수가이렇게ㅇ폭등해도 지수떨어질때는 알아서 기어가더만 올라가니까 더 꺼꾸로 가고있네 내가 정신병자이지 요딴것도 주시이라고 들고있으니 어서 정신벙자에서 나오자 조가이 개잡주
DM-001596,raw_details.csv,612,crawler_detail.py,네이버 종목토론방 본문 + CBOX 댓글,board_body,토론방 본문,카카오,2026-08-04T11:02:07,3,427123537,,11,bb6a029a2f59,이종목은 버린건가 !
DM-001597,raw_details.csv,613,crawler_detail.py,네이버 종목토론방 본문 + CBOX 댓글,board_body,토론방 본문,카카오,2026-08-04T11:00:09,5,427123274,,13,e0132b04f2c6,진짜 개잡주 그냥 잡주임
DM-001598,raw_details.csv,614,crawler_detail.py,네이버 종목토론방 본문 + CBOX 댓글,board_body,토론방 본문,카카오,2026-08-04T10:57:31,3,427122893,FOMO·상대적박탈감|불안·공포,262,2b1347a783fe,시장 소외주 ㅋㅋㅋㅋ  거래량도 안나옴 관심밖 ​ 이러면 줄줄이 계단식 하락함 ​ 이렇다할 미래 사업 없음 ​ 있어도 분할상장 뒤통수 치기때문에 아무도 안삼 ​ 그와중에 파업도함 ㅋㅋ ​ 오너리스크 상당함 ​ 외국 빅테크에서도 아무 관심을 안갖음 ​ 왜냐 아무런 기술이 없기때문에 ㅋㅋㅋ ​ 여기있는이유는 ​ 그냥 다들 쳐물려있기때문임 ​ 다른곳에서 수익내도 되지만 ​ 자신이 없음 ​ 팔고나면 오를까봐 걱정이 앞섬 ㅋㅋㅋㅋ ​ 그냥 그렇게 쪼그라드는 계좌를 구경함 ​
DM-001599,raw_details.csv,615,crawler_detail.py,네이버 종목토론방 본문 + CBOX 댓글,board_body,토론방 본문,카카오,2026-08-04T10:56:42,1,427122769,,24,698e5a6f496f,김범수는 왜 욕하냐 아파서 치료받는 사람인데
DM-001600,raw_details.csv,616,crawler_detail.py,네이버 종목토론방 본문 + CBOX 댓글,board_comment,토론방 댓글,카카오,2026-08-04T11:09:26+0900,0,427122769,,10,659e5c5bce9f,주가 급등을 안해서
DM-001601,raw_details.csv,617,crawler_detail.py,네이버 종목토론방 본문 + CBOX 댓글,board_body,토론방 본문,카카오,2026-08-04T10:55:37,1,427122595,,1031,bdaa0a4a36be,"카카오   음성생성기술   고도화 카카오가 공개한 테크블로그에 따르면 이용자가 원하는 말투와 감정, 억양까지 자연어 지시만으로 제어할 수 있도록 음성 생성 기술을 고도화했으며, 자체 개발 음성 토크나이저를 통해 생성 속도와 효율도 함께 높였다. 기존 음성 AI가 자연스럽게 텍스트를 읽는 데 초점을 맞췄다면, 새롭게 개선된  Kanana-o는 이용자의 지시에 따라 음성 표현 자체를 제어해 준다. 이용자가 ""아주 빠르게 읽어줘"", ""낮은 목소리로 읽어줘"", ""슬픈 목소리로 읽어줘"", ""경상도 사투리로 읽어줘""와 같이 자연어로 원하는 발화 방식을 말하면 AI가 속도, 음량, 음높이는 물론 감정과 억양, 강도까지 세밀하게 반영해 음성을 생성해 준다. 이밖에도 ""스포츠 중계하듯"", ""아나운서처럼"", ""동화책을 읽어주듯"" 등 역할 기반의 지시는 물론, ""톤을 낮춰서 빠르게 슬픈 목소리로 읽어줘""와 같이 여러 조건을 동시에 담은 복합 지시도 수행할 수 있다. ​ Kanana-o는 발화 지시 이행 능력을 평가하는 'InstructTTSEval' 한국어 벤치마크에서 94.50점을 기록했다. 이는 GPT-4o-mini-tts(91.10점)를 넘어서는 수준으로, 구글 Gemini-2.5-flash-preview-tts(95.38점)와 견줄 만한 성과다. 음성 생성의 품질뿐만 아니라 속도와 효율도 크게 향상됐다. 카카오는 자체 개발한 음성 토크나이저 'LM-SPT(LM-aligned SPeech Tokenizer)'를 새롭게 적용했다. LM-SPT는 AI가 음성을 더 적은 수의 토큰으로 압축해 표현하는 기술로, AI가 처리해야 하는 데이터의 양을 줄여 더 빠르고 효율적으로 음성을 생성할 수 있게 했다. ​ 카카오 노병석 유니파이드 파운데이션 모델 성과리더는 ""Kanana-o 음성 기술 고도화는 사람처럼 자연스러운 음성 생성은 물론, 이용자가 원하는 말투와 감정, 억양까지 자연어 지시에 따라 표현할 수 있는 능력을 갖추는 데 초점을 뒀다""며 ""향후 다양한 서비스에 적용해 더욱 자연스럽고 편리한 AI 음성 경험을 제공할 것""이라고 말했다."
DM-001602,raw_details.csv,618,crawler_detail.py,네이버 종목토론방 본문 + CBOX 댓글,board_body,토론방 본문,카카오,2026-08-04T10:53:46,0,427122258,분노·불신,302,fe65645cb1d1,"그냥 원금오면 파는게 정답 가는주식에 올라 타는게 정답 기껏 기다려서 원금왓다구 팔면 몇몇 주린이들은 이렇게 말하죠.""그러니까 개미는 안돼"" 아니면 ""그러니까 개미가 돈을 못벌어"". 뉴스에서도 사지먈아야 할 주식 4개중 1 로  까카오 ​ 절대물도 타지말고 버티다 원가오면 버리는게 정답 그돈으로 두배간다? ai생태계 쪽이 빠름 버릴주식으로 두배?ㅋㅋ ​ 이종목은  그냥 소상공인이 하는일이나 하는  회사여 네이버처럼 AI생태계에 발을 들여놓고? 글로벌 마겟을 하지않는한, 그냥광고와 숏츠.이모티콘으로 돈버는회사.ㅋ ​ 모 하는게 없어.ㅎㅎ"
DM-001603,raw_details.csv,619,crawler_detail.py,네이버 종목토론방 본문 + CBOX 댓글,board_comment,토론방 댓글,카카오,2026-08-04T10:57:47+0900,0,427122258,,24,21cc6bae8ef3,2백 무슨 애들 장난함???? 가서 적금들어
DM-001604,raw_details.csv,620,crawler_detail.py,네이버 종목토론방 본문 + CBOX 댓글,board_comment,토론방 댓글,카카오,2026-08-04T10:56:52+0900,0,427122258,,34,a037b2083697,이런회사에 보초세워놓고. 물을 왜 안타긋냐. 시긴이 아깝단거지
DM-001605,raw_details.csv,621,crawler_detail.py,네이버 종목토론방 본문 + CBOX 댓글,board_comment,토론방 댓글,카카오,2026-08-04T10:56:11+0900,0,427122258,,28,ae4232429ccd,그려.2백만원  50800원  근데 물도 안타.ㅋㅋ
DM-001606,raw_details.csv,622,crawler_detail.py,네이버 종목토론방 본문 + CBOX 댓글,board_comment,토론방 댓글,카카오,2026-08-04T10:54:49+0900,1,427122258,,49,051470f8568e,너 평단이 높나보네??ㅎㅎㅎㅎㅎㅎㅎㅎㅎㅎㅎㅎㅎㅎㅎㅎ 밑에서 잡았는데~~ 5자까지는 봐야지
DM-001607,raw_details.csv,623,crawler_detail.py,네이버 종목토론방 본문 + CBOX 댓글,board_body,토론방 본문,카카오,2026-08-04T10:52:30,4,427122051,,275,4ff8e11bdbf6,"카카오의 현주소 내수 플랫폼회사다. 광고, 커머스 한계는 내수라는거다. 자체 ai없고, 빌려쓰는데도 돈들어간다. ai데이터 센터도 빌려써야한다. 내수매출만으론 이익깓아먹는구조가 계속된다. 스테브일 코인은 여러업체 다한다. 결국 자체 ai환경과 데이터센터기 없는한 내수한계로 하향길이다. 카카오는 미래형 소프트웨어회사가 아니다. ai전환 못할 시 구시대의 아날로그방식으로 남게될지도... 매각 자금에 대한  구체적 계획이 없다. 수상쩍은 냄세도 ...자금이 들어오는데 움직임이 없다? 이상하다."
DM-001608,raw_details.csv,624,crawler_detail.py,네이버 종목토론방 본문 + CBOX 댓글,board_comment,토론방 댓글,카카오,2026-08-04T10:59:10+0900,0,427122051,,74,68543094c6cb,만들면 초기투자 엄청들고 이자부담 엄청나고 업그레이드 유지 보수에 엄청들고 필요할때 싼것 사서쓰는게 내수 시장업체로서는 현명한 선택!
DM-001609,raw_details.csv,625,crawler_detail.py,네이버 종목토론방 본문 + CBOX 댓글,board_body,토론방 본문,카카오,2026-08-04T10:49:50,1,427121574,,10,01a7641aad17,아 4만원도못가 아
DM-001610,raw_details.csv,626,crawler_detail.py,네이버 종목토론방 본문 + CBOX 댓글,board_body,토론방 본문,카카오,2026-08-04T10:47:07,2,427121151,,56,00fdae563879,카카오 영차 영차 네이버에서 위로 잡아당갑니다 왜냐면 우리는 전우니까요 ​ We go together
DM-001611,raw_details.csv,627,crawler_detail.py,네이버 종목토론방 본문 + CBOX 댓글,board_body,토론방 본문,카카오,2026-08-04T10:46:50,0,427121104,,36,efb9a4c0f13b,요즘장의   최대   악재는 욕심  부리다 반대매매  당하는것이다
DM-001612,raw_details.csv,628,crawler_detail.py,네이버 종목토론방 본문 + CBOX 댓글,board_body,토론방 본문,카카오,2026-08-04T10:46:38,1,427121070,,20,53183b46c176,옆집  강남으로 이사 가써유~~~~~
DM-001613,raw_details.csv,629,crawler_detail.py,네이버 종목토론방 본문 + CBOX 댓글,board_body,토론방 본문,카카오,2026-08-04T10:46:04,2,427120974,,65,0b17650b9fee,"차~~암 얄궂은건 야는 AI하고 거리가 먼거여 왜. 야는 어제, 오늘 좋은 날에도 오르지가 않지? ?  아이러니하다!"
DM-001614,raw_details.csv,630,crawler_detail.py,네이버 종목토론방 본문 + CBOX 댓글,board_body,토론방 본문,카카오,2026-08-04T10:44:50,1,427120677,,32,08bc90f04789,나같아도 네이버사지 구지 이걸 왜?살까 생각이 든다....
DM-001615,raw_details.csv,631,crawler_detail.py,네이버 종목토론방 본문 + CBOX 댓글,board_comment,토론방 댓글,카카오,2026-08-04T10:54:38+0900,0,427120677,,7,638d608a9723,둘다 안삼 ㅋ
DM-001616,raw_details.csv,632,crawler_detail.py,네이버 종목토론방 본문 + CBOX 댓글,board_body,토론방 본문,카카오,2026-08-04T10:43:33,4,427120512,,59,2b97c2983744,네이버만 봐도.. 이제 소프트웨어 쪽으로 섹터 순환 되는데... 개카오는 대체... 정신아 이인간 뭐 함?
DM-001617,raw_details.csv,633,crawler_detail.py,네이버 종목토론방 본문 + CBOX 댓글,board_body,토론방 본문,카카오,2026-08-04T10:40:57,3,427120233,,101,7fa8aeb1227d,네이버 30프로 오르면 카카오 3프로 오르나ㅡㅡ 야이 카카오 주주들아 정신 차려라 화내고 욕해라 이게 말이되나ㅡㅡ 몇년째고 내릴땐 개긑이 내리고 대표들이 무능해서 그러는거 아니가ㅡㅡ
DM-001618,raw_details.csv,634,crawler_detail.py,네이버 종목토론방 본문 + CBOX 댓글,board_body,토론방 본문,카카오,2026-08-04T10:40:10,2,427120145,,39,1e79731829b6,대결구도 뱀수는 혜진이의 발바닥도 못따라가나 와 이렇노  점점 벌어진다
DM-001619,raw_details.csv,635,crawler_detail.py,네이버 종목토론방 본문 + CBOX 댓글,board_body,토론방 본문,카카오,2026-08-04T10:36:48,5,427119737,,271,b0079e0cd0f2,"카카오의 가장 큰 문제점 찾아보니 공대 출신이 없음 문과 출신이 AI 전체를 직접 총괄한다 ㅋ 안 웃김? 네이버는 25년 이해진이 돌아와서 AI 총괄하는 중 ​ CEO : 불어불문학 부사장 : 행정학 CTO : 국어국문학 CPO : 카톡 날려먹고 퇴사 AI 총괄 : 퇴사 AI Q&S 리더 : 퇴사 ​ 특히 카카오는 이달부터 카나나 조직을 ‘AI 스튜디오’ 체제로 전환했습니다. AI 스튜디오는 정신아 대표가 직접 총괄하며, 여러 개의 태스크포스(TF)를 두는 방식으로 운영합니다. ​"
DM-001620,raw_details.csv,636,crawler_detail.py,네이버 종목토론방 본문 + CBOX 댓글,board_comment,토론방 댓글,카카오,2026-08-04T10:56:53+0900,1,427119737,,28,d87da94283ac,지들 배불리면 그만 .애사심도 없는듯ㅈ상폐해야 마땅
DM-001621,raw_details.csv,637,crawler_detail.py,네이버 종목토론방 본문 + CBOX 댓글,board_body,토론방 본문,카카오,2026-08-04T10:35:01,2,427119497,,128,27d4f331b48d,바닥 32000원 대  에서 쌍바닥 쓰리바닥  제대로 잡고 우상향  하는데  뭔 말이 그리 많을까!! 지금 안들어가면  언제 드러가냐..... 2마넌 대  가겄냐! 지금 바닥 다닐때  드가자~~~ 출발하면  최소 50% 는 먹는다
DM-001622,raw_details.csv,638,crawler_detail.py,네이버 종목토론방 본문 + CBOX 댓글,board_body,토론방 본문,카카오,2026-08-04T10:34:30,0,427119416,,55,7a2bd4bb417f,평단7만 지금 챠트보면 수급진공상태 같네요. 다 털려서 나올것도 없는 조만간 트리거가 나올것 같네요
DM-001623,raw_details.csv,639,crawler_detail.py,네이버 종목토론방 본문 + CBOX 댓글,board_comment,토론방 댓글,카카오,2026-08-04T10:34:46+0900,0,427119416,분노·불신,7,60801de5b4fe,개미는 다털림
DM-001624,raw_details.csv,640,crawler_detail.py,네이버 종목토론방 본문 + CBOX 댓글,board_body,토론방 본문,카카오,2026-08-04T10:32:14,1,427119103,,36,0b7b482ecb66,카카오 주주들 네이버처럼 변동성이라도 있던가 차트보면 암 걸리겠다
DM-001625,raw_details.csv,641,crawler_detail.py,네이버 종목토론방 본문 + CBOX 댓글,board_comment,토론방 댓글,카카오,2026-08-04T10:34:12+0900,0,427119103,,11,305e4f6a1705,색칠이나해보지 예쁘게
DM-001626,raw_details.csv,642,crawler_detail.py,네이버 종목토론방 본문 + CBOX 댓글,board_body,토론방 본문,카카오,2026-08-04T10:32:14,0,427119102,,42,cd538ed9dc5d,더운데 고생이많다 어떻하던지 네이버 꼬랑지라도 밟고갈려고얘쓰며 바둥거리는게~
DM-001627,raw_details.csv,643,crawler_detail.py,네이버 종목토론방 본문 + CBOX 댓글,board_body,토론방 본문,NAVER,2026-08-04T14:37:15,0,427145068,,26,b7c6b3b25c66,52주 신저가에서 쓰는 전설의 시작 내년 100
DM-001628,raw_details.csv,644,crawler_detail.py,네이버 종목토론방 본문 + CBOX 댓글,board_body,토론방 본문,NAVER,2026-08-04T14:37:01,0,427145042,,31,bed83b5e745a,역시 삼하닉 장막판에 좋구나 내일 상 다시 치러가나?ㅎㅎ
DM-001629,raw_details.csv,645,crawler_detail.py,네이버 종목토론방 본문 + CBOX 댓글,board_body,토론방 본문,NAVER,2026-08-04T14:36:59,4,427145038,,30,09f0a8e632a9,삼성 하이닉스 불 반등중 반도체 낼 대상승 잇을거 같다
DM-001630,raw_details.csv,646,crawler_detail.py,네이버 종목토론방 본문 + CBOX 댓글,board_body,토론방 본문,NAVER,2026-08-04T14:36:01,1,427144931,,33,600affea7353,팔란티어가 어제 시긴외 초급등  이젠 ai 소프트웨어가 주목
DM-001631,raw_details.csv,647,crawler_detail.py,네이버 종목토론방 본문 + CBOX 댓글,board_body,토론방 본문,NAVER,2026-08-04T14:35:48,0,427144911,분노·불신,42,c8083cd4e670,개미 생각대로 된다면 다 워렌버핏이게  낼 봐라 ㅋㅋㅋㅋ 이건 성지다 ㅋㅋㅋ
DM-001632,raw_details.csv,648,crawler_detail.py,네이버 종목토론방 본문 + CBOX 댓글,board_body,토론방 본문,NAVER,2026-08-04T14:34:57,0,427144837,불안·공포,48,01d8eb9ff6e4,가네..흠 일단 245000원에 비중 좀 덜면 되는거지?..하두 많이 당해서 걱정된다.
DM-001633,raw_details.csv,649,crawler_detail.py,네이버 종목토론방 본문 + CBOX 댓글,board_body,토론방 본문,NAVER,2026-08-04T14:34:35,4,427144812,,87,594b303548f0,8월 벌써 2일 : 키스트론 +5 심텍       +7 ​ 3일 : 광전자 + 8 대웅제약 + 5 ​ 아직 훨씬 많네요. 거짓말 같으면 말고 간절하면 오세요
DM-001634,raw_details.csv,650,crawler_detail.py,네이버 종목토론방 본문 + CBOX 댓글,board_comment,토론방 댓글,NAVER,2026-08-04T14:35:53+0900,0,427144812,,37,8b9747723793,지금까지 님 적중률이8할 이상은 되던데.. 재능기부하러 오신건가요?
DM-001635,raw_details.csv,651,crawler_detail.py,네이버 종목토론방 본문 + CBOX 댓글,board_body,토론방 본문,NAVER,2026-08-04T14:34:13,1,427144775,,19,f86e88b62159,에라 삼전 도망가네 ㅎㅎ 아쉽구만?
DM-001636,raw_details.csv,652,crawler_detail.py,네이버 종목토론방 본문 + CBOX 댓글,board_body,토론방 본문,NAVER,2026-08-04T14:34:08,0,427144766,,171,677534bfe2bf,"몇 안되는 증거금 20퍼 짜리다 6월이전에 20% 짜리 졸라 많았는데 최근 대부분 30%로 변경되고.. ​ 네이버 포함 극히 일부분만 20% 유지임.. 삼닉이도 30퍼 변경된거 좀 의외더라.. ​ 금융 증권주 제외하고... 네이버 카카오 현대모비스 현대 글로비스.,,, 일단 4종목 찾았다.. ​ 또 있냐?"
DM-001637,raw_details.csv,653,crawler_detail.py,네이버 종목토론방 본문 + CBOX 댓글,board_comment,토론방 댓글,NAVER,2026-08-04T14:36:34+0900,0,427144766,,45,65f6ffbaf8a7,어쩌긴 뭘 어쩌..  나처럼 풀미수베팅 하는 사람은 그거이 신경 쓰여 ㅋㅋㅋㅋㅋㅋ
DM-001638,raw_details.csv,654,crawler_detail.py,네이버 종목토론방 본문 + CBOX 댓글,board_comment,토론방 댓글,NAVER,2026-08-04T14:35:27+0900,0,427144766,,5,ce098a932341,어쩌라고?
DM-001639,raw_details.csv,655,crawler_detail.py,네이버 종목토론방 본문 + CBOX 댓글,board_body,토론방 본문,NAVER,2026-08-04T14:33:36,3,427144708,불안·공포,40,bd115230c482,바~~아로 궤폭락 종가는 21층 걱정 ㄴㄴ ㅋㅋㅋㅋㅋㅋㅋㅋㅋㅋㅋㅋㅋㅋㅋㅋ
DM-001640,raw_details.csv,656,crawler_detail.py,네이버 종목토론방 본문 + CBOX 댓글,board_body,토론방 본문,NAVER,2026-08-04T14:33:27,5,427144691,,16,d99e36774144,자 곧 문닫아요 미리 얘기햇다
DM-001641,raw_details.csv,657,crawler_detail.py,네이버 종목토론방 본문 + CBOX 댓글,board_body,토론방 본문,NAVER,2026-08-04T14:33:26,3,427144688,,25,c09391ce3464,수급 반도체로 다시 쏠리는 중 이제 여기도 끝
DM-001642,raw_details.csv,658,crawler_detail.py,네이버 종목토론방 본문 + CBOX 댓글,board_body,토론방 본문,NAVER,2026-08-04T14:33:01,4,427144643,,26,517395a1f917,이번달 40만원 40만원 까지 올려놓으면 퀸수연
DM-001643,raw_details.csv,659,crawler_detail.py,네이버 종목토론방 본문 + CBOX 댓글,board_body,토론방 본문,NAVER,2026-08-04T14:32:18,4,427144565,후회·손실고통|분노·불신,57,d8eda11b66c2,개미야 팔어라 니들은 어차피 못 먹어  본전 왔음 정리 해~~ 니네는 많이 못 먹어 본전 왔음 팔아야지
DM-001644,raw_details.csv,660,crawler_detail.py,네이버 종목토론방 본문 + CBOX 댓글,board_body,토론방 본문,NAVER,2026-08-04T14:31:41,0,427144496,,28,df0bb986bbf4,"207,803 80주 2주 팔자마자 3000원 상승"
DM-001645,raw_details.csv,661,crawler_detail.py,네이버 종목토론방 본문 + CBOX 댓글,board_comment,토론방 댓글,NAVER,2026-08-04T14:33:06+0900,0,427144496,,12,f956d2127d98,79주만 팔아주세요 😍
DM-001646,raw_details.csv,662,crawler_detail.py,네이버 종목토론방 본문 + CBOX 댓글,board_body,토론방 본문,NAVER,2026-08-04T14:30:24,0,427144368,,15,e748109ca3c0,돈있음 네이버사라 부자된다.
DM-001647,raw_details.csv,663,crawler_detail.py,네이버 종목토론방 본문 + CBOX 댓글,board_body,토론방 본문,NAVER,2026-08-04T14:28:53,5,427144203,,34,e9246a445484,인간적으로 브이아이 한번가자 개이버 티내지 말고 VI 한번걸자
DM-001648,raw_details.csv,664,crawler_detail.py,네이버 종목토론방 본문 + CBOX 댓글,board_body,토론방 본문,NAVER,2026-08-04T14:28:29,4,427144164,,33,4c18d0cf1371,자자 팔사람들은 언능 파시고요 자자 팔사람들은 언능 파시고요
DM-001649,raw_details.csv,665,crawler_detail.py,네이버 종목토론방 본문 + CBOX 댓글,board_body,토론방 본문,NAVER,2026-08-04T14:26:59,7,427144021,분노·불신,40,f9072b348bcf,장대양봉ㅅㅅㅅㅅ나로호 발사 직전 개미들아 빨리 팔고 나가라 혼자있고 싶다
DM-001650,raw_details.csv,666,crawler_detail.py,네이버 종목토론방 본문 + CBOX 댓글,board_comment,토론방 댓글,NAVER,2026-08-04T14:27:31+0900,0,427144021,,9,b2d84369cb1e,23까진 홀딩이지
DM-001651,raw_details.csv,667,crawler_detail.py,네이버 종목토론방 본문 + CBOX 댓글,board_body,토론방 본문,NAVER,2026-08-04T14:26:48,8,427144001,,19,a4dc0519a674,반도체에서 넘어왔습니다 꾸뻑!!!!
DM-001652,raw_details.csv,668,crawler_detail.py,네이버 종목토론방 본문 + CBOX 댓글,board_comment,토론방 댓글,NAVER,2026-08-04T14:32:53+0900,0,427144001,,18,037dc0d86b02,쩌~어기 구석에 찌그러져 있어라~
DM-001653,raw_details.csv,669,crawler_detail.py,네이버 종목토론방 본문 + CBOX 댓글,board_comment,토론방 댓글,NAVER,2026-08-04T14:31:22+0900,0,427144001,,7,8c44601f550c,잘하셨습니다.
DM-001654,raw_details.csv,670,crawler_detail.py,네이버 종목토론방 본문 + CBOX 댓글,board_comment,토론방 댓글,NAVER,2026-08-04T14:30:56+0900,0,427144001,,12,46a09a10a887,다시 돌아가주세요 ㅋㅋ
DM-001655,raw_details.csv,671,crawler_detail.py,네이버 종목토론방 본문 + CBOX 댓글,board_comment,토론방 댓글,NAVER,2026-08-04T14:29:52+0900,0,427144001,,5,a7032f7bf0b9,신입받아라
DM-001656,raw_details.csv,672,crawler_detail.py,네이버 종목토론방 본문 + CBOX 댓글,board_comment,토론방 댓글,NAVER,2026-08-04T14:27:46+0900,0,427144001,,4,d7268e80ba41,어서오고
DM-001657,raw_details.csv,673,crawler_detail.py,네이버 종목토론방 본문 + CBOX 댓글,board_body,토론방 본문,NAVER,2026-08-04T14:23:18,5,427143649,,31,762889d00800,오늘 제발 삼전만 넘어서자 힘내라 개이버 윗꼬리 잡아먹자
DM-001658,raw_details.csv,674,crawler_detail.py,네이버 종목토론방 본문 + CBOX 댓글,board_body,토론방 본문,NAVER,2026-08-04T14:22:06,6,427143519,후회·손실고통,72,33c9d5691615,싸워 오늘 주식장에서 싸워 바보같은 행동으로 손절하는 그런거 절대안돼 매 순간 순간 순간마다 싸워 나 오늘 여러분 그거 볼거야 ​
DM-001659,raw_details.csv,675,crawler_detail.py,네이버 종목토론방 본문 + CBOX 댓글,board_comment,토론방 댓글,NAVER,2026-08-04T14:26:14+0900,0,427143519,,2,5b9e7d2fe656,ㅋㅋ
DM-001660,raw_details.csv,676,crawler_detail.py,네이버 종목토론방 본문 + CBOX 댓글,board_body,토론방 본문,NAVER,2026-08-04T14:22:05,6,427143518,분노·불신,46,8ae6debd7bf8,개미분들 적당한가격에파세요 다른.올라갈수있는것들많이있습니다. 부탁합니다. 팔아주세요
DM-001661,raw_details.csv,677,crawler_detail.py,네이버 종목토론방 본문 + CBOX 댓글,board_body,토론방 본문,NAVER,2026-08-04T14:21:53,5,427143498,불안·공포|분노·불신,38,bc0a1bea834f,더 흔들어 주세요...개미들 떨어지게 위..아래...위위...아래아래
DM-001662,raw_details.csv,678,crawler_detail.py,네이버 종목토론방 본문 + CBOX 댓글,board_body,토론방 본문,NAVER,2026-08-04T14:21:21,2,427143437,,68,bf43432bfb13,"제 평단가는요? 224,101원이에유 정찰병 10명만 남겨뒀어유 여기서 더 오르면 정찰병  팔아서 저녁에 치킨 사먹을거에유"
DM-001663,raw_details.csv,679,crawler_detail.py,네이버 종목토론방 본문 + CBOX 댓글,board_body,토론방 본문,NAVER,2026-08-04T14:19:36,6,427143232,분노·불신,65,82eae5f57818,윗꼬리 잡아무러 가즈아... 그럼 애프터도 상승 나온다.. ​ 개미덜 달려 들겨 ㅋㅋㅋㅋ ​ 프매야 쫌만더 사주라..
DM-001664,raw_details.csv,680,crawler_detail.py,네이버 종목토론방 본문 + CBOX 댓글,board_body,토론방 본문,NAVER,2026-08-04T14:19:15,2,427143193,,43,49ffe8a0fff6,네이버도 광주로 이전해라. 그게 지금 정부기조고 삼전닉스가 주가가 오른 이유다
DM-001665,raw_details.csv,681,crawler_detail.py,네이버 종목토론방 본문 + CBOX 댓글,board_body,토론방 본문,NAVER,2026-08-04T14:19:05,3,427143176,,59,5e00b7670b9d,한 이틀이나 삼일 올라서 25.5는 찍음 함 믿어보셈 단 이란이나 트럼프가 또 도라이짓 안한다는 전제 하에
DM-001666,raw_details.csv,682,crawler_detail.py,네이버 종목토론방 본문 + CBOX 댓글,board_comment,토론방 댓글,NAVER,2026-08-04T14:23:51+0900,1,427143176,,23,d2019fbc2d91,요런글나오면 희안하게 20 만다시 깨지드라
DM-001667,raw_details.csv,683,crawler_detail.py,네이버 종목토론방 본문 + CBOX 댓글,board_body,토론방 본문,NAVER,2026-08-04T14:18:15,6,427143074,분노·불신,44,4517079e5686,여따 안티질 글쓰면 개미가 팔아서 올라갈거라는 모지리같은 생각하는게 참 한심하다
DM-001668,raw_details.csv,684,crawler_detail.py,네이버 종목토론방 본문 + CBOX 댓글,board_comment,토론방 댓글,NAVER,2026-08-04T14:28:14+0900,0,427143074,,27,e8baf4c7119a,전 30만원갈 때 안티글보고 팔았는데.... 개꿀
DM-001669,raw_details.csv,685,crawler_detail.py,네이버 종목토론방 본문 + CBOX 댓글,board_comment,토론방 댓글,NAVER,2026-08-04T14:18:55+0900,2,427143074,,35,f963ddb51244,"반대로, 아니라고 부정한다고 변화가잇을거라고 믿는 너도 한심하다"
DM-001670,raw_details.csv,686,crawler_detail.py,네이버 종목토론방 본문 + CBOX 댓글,board_body,토론방 본문,NAVER,2026-08-04T14:15:43,3,427142718,후회·손실고통|분노·불신,207,5629b2987f9d,"얘들아, 내가 오늘 23줄때 전량매도 한 이유 말해줄까 새겨들어라  개미가 25만원대에 바글바글한데 세력이 미쳣다고 다 탈출시켜주겟냐 본전오면 질려서 나갈꺼뻔한데 감질맛나게 23만정도선에서 희망고문하면서 단물 쪽쪽 빨아묵고(개미는 본전이 코앞이라 절대 못팜) 다시 지하실 가는거여,,, 한두번속냐 솔직히 얘들아, 오래된 주주라면 말안해도 속으로 끄덕끄덕 할테지 새겨들어라"
DM-001671,raw_details.csv,687,crawler_detail.py,네이버 종목토론방 본문 + CBOX 댓글,board_comment,토론방 댓글,NAVER,2026-08-04T14:26:25+0900,3,427142718,,27,88a2d91ccef8,그 논리대로라면 삼전이랑 하이닉스는 어떻게 설명함
DM-001672,raw_details.csv,688,crawler_detail.py,네이버 종목토론방 본문 + CBOX 댓글,board_comment,토론방 댓글,NAVER,2026-08-04T14:24:25+0900,3,427142718,,7,21544b00192d,어디 아프냐?
DM-001673,raw_details.csv,689,crawler_detail.py,네이버 종목토론방 본문 + CBOX 댓글,board_comment,토론방 댓글,NAVER,2026-08-04T14:21:17+0900,2,427142718,,41,025ef541d1f3,찬티는 아는데 아는척은 하지 마라 ㅋㅋ 왜이러케 아는척하는 비으응들이 많냐
DM-001674,raw_details.csv,690,crawler_detail.py,네이버 종목토론방 본문 + CBOX 댓글,board_comment,토론방 댓글,NAVER,2026-08-04T14:19:51+0900,1,427142718,후회·손실고통|분노·불신,127,8307b6f5d060,그걸 다 잡아먹고 올리는게 미친 상승인건데욤.. 본전에 팔아줄 개미 많으면 다 흡수하고 30층 위로 올리는게 폭등 시나리오임..  근데 네이버는 사리가 나올 정도로 올렸다 하한가 밀었다가 해놔서 본전 탈출 많이들 할거 같기도 함
DM-001675,raw_details.csv,691,crawler_detail.py,네이버 종목토론방 본문 + CBOX 댓글,board_comment,토론방 댓글,NAVER,2026-08-04T14:19:42+0900,0,427142718,후회·손실고통,23,92ff1bb39711,"14만명이나 탈출시켜주겟냐,, 생각들을 쫌"
DM-001676,raw_details.csv,692,crawler_detail.py,네이버 종목토론방 본문 + CBOX 댓글,board_comment,토론방 댓글,NAVER,2026-08-04T14:18:19+0900,1,427142718,,5,cebc1b8242aa,니 jot
DM-001677,raw_details.csv,693,crawler_detail.py,네이버 종목토론방 본문 + CBOX 댓글,board_comment,토론방 댓글,NAVER,2026-08-04T14:17:10+0900,3,427142718,,20,250f4ca7a03b,아따 말많네 팔았으면 꺼지라 좀 ㅎㅎ
DM-001678,raw_details.csv,694,crawler_detail.py,네이버 종목토론방 본문 + CBOX 댓글,board_comment,토론방 댓글,NAVER,2026-08-04T14:16:55+0900,1,427142718,,2,e12823a8cf9a,❤️
DM-001679,raw_details.csv,695,crawler_detail.py,네이버 종목토론방 본문 + CBOX 댓글,board_comment,토론방 댓글,NAVER,2026-08-04T14:16:12+0900,3,427142718,,2,a7fb94e606bd,애잔
DM-001680,raw_details.csv,696,crawler_detail.py,네이버 종목토론방 본문 + CBOX 댓글,board_comment,토론방 댓글,NAVER,2026-08-04T14:15:48+0900,0,427142718,,5,d40f58ed4e08,새겨들어라
DM-001681,raw_details.csv,697,crawler_detail.py,네이버 종목토론방 본문 + CBOX 댓글,board_body,토론방 본문,NAVER,2026-08-04T14:14:29,1,427142516,,115,0f630b8b7416,거래대금이 너무 안터진다 시원하게 3조 이상 터져주면 저번처럼 단발성이든 우상향이든 간에 30만원 터치 하러 갈텐데 오전10시 전에 거래대금이 4천억이 넘게 터졌는데 2시가 넘어간 지금도 1조가 안터쟜네ㅜㅜ
DM-001682,raw_details.csv,698,crawler_detail.py,네이버 종목토론방 본문 + CBOX 댓글,board_comment,토론방 댓글,NAVER,2026-08-04T14:21:57+0900,0,427142516,후회·손실고통,84,a8b6a56fdc5a,요새는 정규시장 시간에 거래 급등 잘 안시킴. 매도세도 있고 넥스트에 싸게 살수도 있고 결국 가긴 갈겁니다. 30만원은~ 묵은 고점 42만원이 문제지.
DM-001683,raw_details.csv,699,crawler_detail.py,네이버 종목토론방 본문 + CBOX 댓글,board_body,토론방 본문,NAVER,2026-08-04T14:11:54,6,427142201,,52,b21d313cc72b,낼은 반도체가 크게 갑니다 반도체 조정 마무리 국면 네이버는 이미 무리하게 많이 오른거 같네요
DM-001684,raw_details.csv,700,crawler_detail.py,네이버 종목토론방 본문 + CBOX 댓글,board_comment,토론방 댓글,NAVER,2026-08-04T14:23:55+0900,0,427142201,,43,8d6e93ceeb9d,너어는 진짜 너무한다. 10배 오른 또도체랑 이제 15프로 오른 네이버를...
DM-001685,raw_details.csv,701,crawler_detail.py,네이버 종목토론방 본문 + CBOX 댓글,board_comment,토론방 댓글,NAVER,2026-08-04T14:14:35+0900,0,427142201,,10,e16867c4220f,ㅋㅋㅋㅋ 귀여워!!
DM-001686,raw_details.csv,702,crawler_detail.py,네이버 종목토론방 본문 + CBOX 댓글,board_body,토론방 본문,NAVER,2026-08-04T14:11:48,5,427142188,,31,843041975a53,니들 바보냐 올라가는거 구경하는 바보들아 ​ 잘보고있어~
DM-001687,raw_details.csv,703,crawler_detail.py,네이버 종목토론방 본문 + CBOX 댓글,board_body,토론방 본문,NAVER,2026-08-04T14:11:10,8,427142127,,128,20ab924b2315,솔직히 네이버 주주로서 평단 190000원에 물량도 많지도 않지만 20만원 아래서 사서 20만원 위에서 판다는 저런 주린이들 털고 시원하게 쏘길 바라는 마음도 있지만 이왕 자리 잡은거 저딴소리 안나오게 후딱 25만원 위에서 놉시다
DM-001688,raw_details.csv,704,crawler_detail.py,네이버 종목토론방 본문 + CBOX 댓글,board_comment,토론방 댓글,NAVER,2026-08-04T14:15:31+0900,0,427142127,,33,ef2d4392719c,20아래에 주워서 20위에서 팔면 고수지 주린이가 아니라..
DM-001689,raw_details.csv,705,crawler_detail.py,네이버 종목토론방 본문 + CBOX 댓글,board_comment,토론방 댓글,NAVER,2026-08-04T14:14:48+0900,0,427142127,후회·손실고통,22,12ae5326add0,대부분이 평단25다. 너도 탈출하고싶구나
DM-001690,raw_details.csv,706,crawler_detail.py,네이버 종목토론방 본문 + CBOX 댓글,board_body,토론방 본문,NAVER,2026-08-04T14:10:18,8,427142044,FOMO·상대적박탈감|후회·손실고통,31,74b7834f96c4,지금이라도 손절하고 삼전닉스 저점 잡으면 낼 크게 먹는다
DM-001691,raw_details.csv,707,crawler_detail.py,네이버 종목토론방 본문 + CBOX 댓글,board_comment,토론방 댓글,NAVER,2026-08-04T14:19:16+0900,0,427142044,,26,315e25e61609,빨리가셔 주도주 바뀌는거 안보이누 ?? 참 !!
DM-001692,raw_details.csv,708,crawler_detail.py,네이버 종목토론방 본문 + CBOX 댓글,board_comment,토론방 댓글,NAVER,2026-08-04T14:11:11+0900,0,427142044,,17,3bcff75b4c7f,낼은 반도체가 크게 갈꺼 같긴해
DM-001693,raw_details.csv,709,crawler_detail.py,네이버 종목토론방 본문 + CBOX 댓글,board_body,토론방 본문,NAVER,2026-08-04T14:09:33,6,427141970,,100,71c99af15d6d,햐 막판에 치켜 올리네 ㅋㅋ 이정도면 우리 개이버가 달라졌어요 아니냐고.. ㅋㅋㅋㅋ ​ 상승 추세 탄거 같은디...ㅎ ​ 이대로 안꺾이면 애프터도 상승나오고 낼도 급등 나오것다..
DM-001694,raw_details.csv,710,crawler_detail.py,네이버 종목토론방 본문 + CBOX 댓글,board_comment,토론방 댓글,NAVER,2026-08-04T14:14:28+0900,0,427141970,,14,6de2e8d41263,그래도 거대대금 5위여..
DM-001695,raw_details.csv,711,crawler_detail.py,네이버 종목토론방 본문 + CBOX 댓글,board_comment,토론방 댓글,NAVER,2026-08-04T14:12:02+0900,0,427141970,,39,93b9cf157652,움직임이 그 동안이랑 다른건 맞는데 거래대금이 너무 안터져서 의심스럽😢
DM-001696,raw_details.csv,712,crawler_detail.py,네이버 종목토론방 본문 + CBOX 댓글,board_comment,토론방 댓글,NAVER,2026-08-04T14:10:14+0900,0,427141970,,8,f494e325817c,그래봤자 네또속
DM-001697,raw_details.csv,713,crawler_detail.py,네이버 종목토론방 본문 + CBOX 댓글,board_body,토론방 본문,NAVER,2026-08-04T14:09:32,0,427141969,,9,bceb14a6a273,ㅠ ㅠㅠㅠㅠㅠㅠㅠ
DM-001698,raw_details.csv,714,crawler_detail.py,네이버 종목토론방 본문 + CBOX 댓글,board_body,토론방 본문,NAVER,2026-08-04T14:09:03,4,427141922,후회·손실고통|분노·불신,181,d6f20a62bc7f,주포 형님 감사합니다. 민수야~~~ 우리 민수 하이닉스 안 사고 네이버 30만원 고점에 샀어도 크게 손해 안 봤을텐대 민수야 남은 30% 네이버 사 ​ 저가 대비 4배 이상 급등=개잡주 작전주=하이닉스 ​ 삼전닉스는 설거지중.  상한가=개미 꼬시기 ​ 주포형님  오늘 충분합니다. ​ 사실 하루 500원만 올라도 감사합니다.
DM-001699,raw_details.csv,715,crawler_detail.py,네이버 종목토론방 본문 + CBOX 댓글,board_body,토론방 본문,NAVER,2026-08-04T14:08:40,1,427141883,,23,8a248db97500,털린 흑두루미 읎제?? 꽉 붙들고ㅜ있으랑께
DM-001700,raw_details.csv,716,crawler_detail.py,네이버 종목토론방 본문 + CBOX 댓글,board_comment,토론방 댓글,NAVER,2026-08-04T14:19:57+0900,0,427141883,,11,3b0c62bcd2a9,오늘이 몇요일 이여?
DM-001701,raw_details.csv,717,crawler_detail.py,네이버 종목토론방 본문 + CBOX 댓글,board_body,토론방 본문,NAVER,2026-08-04T14:07:50,6,427141794,,47,580e2439257e,"네이버 외국인/기관 1,500억 대량순매수 네이버 외국인/기관 1,500억 대량순매수"
DM-001702,raw_details.csv,718,crawler_detail.py,네이버 종목토론방 본문 + CBOX 댓글,board_comment,토론방 댓글,NAVER,2026-08-04T14:09:00+0900,0,427141794,,9,cbdf7ba83ade,700억 샀습니다
DM-001703,raw_details.csv,719,crawler_detail.py,네이버 종목토론방 본문 + CBOX 댓글,board_body,토론방 본문,NAVER,2026-08-04T14:07:01,2,427141729,,29,827979b666c6,오눌올락르니 내일은 떡락이겟네 개이버 절대 시세안준다
DM-001704,raw_details.csv,720,crawler_detail.py,네이버 종목토론방 본문 + CBOX 댓글,board_comment,토론방 댓글,NAVER,2026-08-04T14:14:20+0900,0,427141729,,10,f81d014ed451,라고 할 때 살껄!
DM-001705,raw_details.csv,721,crawler_detail.py,네이버 종목토론방 본문 + CBOX 댓글,board_body,토론방 본문,NAVER,2026-08-04T14:05:25,6,427141571,,35,d6fd45dd2012,내일은 25갔다가 24.5마무리 갑니다~~~ 싸랑해요 네이버~~
DM-001706,raw_details.csv,722,crawler_detail.py,네이버 종목토론방 본문 + CBOX 댓글,board_body,토론방 본문,NAVER,2026-08-04T14:03:13,4,427141356,,47,e0edc7946b79,걍 한번 시원하게 쏘고 싶다 조루도 아니고 지루도 아니고 간만에 시원하게 쏘곶싶다니까
DM-001707,raw_details.csv,723,crawler_detail.py,네이버 종목토론방 본문 + CBOX 댓글,board_body,토론방 본문,NAVER,2026-08-04T14:00:56,7,427141166,후회·손실고통,50,c7e00be21647,물린 매물이 많던말던 올라갈 주식은 올라간다 쳐 물려 매물이 많던말던 올리면서 털어낸다 ​
DM-001708,raw_details.csv,724,crawler_detail.py,네이버 종목토론방 본문 + CBOX 댓글,board_body,토론방 본문,NAVER,2026-08-04T13:58:43,1,427140948,,142,cb28b5066650,팩트는 원숭이도 돈을 번다는거임 숫자오면 매수하고 ​ 숫자오면 매도하고 ​ 네이버는 그게 돼 ​ 장을 예측하는건 사람이라서 하는게 아니야 ​ 그냥 학습으로 축적된 확률일 뿐이지 ​ 알량한 학습은 ai한테 밀리지만 ​ 그럼에도 월 1000 에는 무리가 없지
DM-001709,raw_details.csv,725,crawler_detail.py,네이버 종목토론방 본문 + CBOX 댓글,board_comment,토론방 댓글,NAVER,2026-08-04T14:04:41+0900,0,427140948,,20,b792e67fc6f6,원숭이 매매법은 내일까지 하는걸로 🐵
DM-001710,raw_details.csv,726,crawler_detail.py,네이버 종목토론방 본문 + CBOX 댓글,board_comment,토론방 댓글,NAVER,2026-08-04T14:00:40+0900,0,427140948,,25,2037229d57c8,그 원숭이 중에 하나가 너라는 말이넹 키햐~!
DM-001711,raw_details.csv,727,crawler_detail.py,네이버 종목토론방 본문 + CBOX 댓글,board_comment,토론방 댓글,NAVER,2026-08-04T13:59:48+0900,0,427140948,,20,50ea0b9ca99e,ㅇㅈ  20아래에 사서 22위로 팔기
DM-001712,raw_details.csv,728,crawler_detail.py,네이버 종목토론방 본문 + CBOX 댓글,board_body,토론방 본문,NAVER,2026-08-04T13:58:36,3,427140932,,35,7f766b78176e,23에 매도폭탄이네 오르면패대기 반복이네ㅋㅋ 데센중에도힘이젤읍네
DM-001713,raw_details.csv,729,crawler_detail.py,네이버 종목토론방 본문 + CBOX 댓글,board_body,토론방 본문,NAVER,2026-08-04T13:58:23,5,427140906,,31,fdda0744e0a3,걍 네이버만 사라고 하닉삼성가서 마음 졸이면서 사고싶냐?
DM-001714,raw_details.csv,730,crawler_detail.py,네이버 종목토론방 본문 + CBOX 댓글,board_body,토론방 본문,NAVER,2026-08-04T13:56:51,3,427140764,불안·공포|분노·불신,125,1ddf735c86f9,쫌팔라고 다팔아 개미가 안파니까 더이상 안가잔아 안티가 주가올라가라고 개미털기 하고있고 찬티기 주가 떨어지라고 개미 꼬시잔아 내일백방 떨어진다고 종가도 어차피 떨어져 내일 떨어질거 같아 개미들 허버 던질거니까 그니 어여팔아라
DM-001715,raw_details.csv,731,crawler_detail.py,네이버 종목토론방 본문 + CBOX 댓글,board_comment,토론방 댓글,NAVER,2026-08-04T14:06:08+0900,0,427140764,분노·불신,17,fde373eba657,지만 스마트개미인척 하네 ㅋㅋㅋ
DM-001716,raw_details.csv,732,crawler_detail.py,네이버 종목토론방 본문 + CBOX 댓글,board_comment,토론방 댓글,NAVER,2026-08-04T13:58:30+0900,0,427140764,,2,00b78c69f8ad,ㄹㅇ
DM-001717,raw_details.csv,733,crawler_detail.py,네이버 종목토론방 본문 + CBOX 댓글,board_body,토론방 본문,NAVER,2026-08-04T13:56:42,1,427140751,,48,70a658e08ea1,주린이들 털리고 맴맵거리네... 분위기 모르겠어? 턴하고 시적이잔아... . 안보이니?
DM-001718,raw_details.csv,734,crawler_detail.py,네이버 종목토론방 본문 + CBOX 댓글,board_body,토론방 본문,NAVER,2026-08-04T13:55:58,0,427140689,,199,79dcd958f02a,슬슬 오후장 준비하자 주가 방향성 타진 구간  다들 맛점들 했냐? 오후장 준비 하자 . 주가가 위로 갈지 아래로 갈지 아님 옆으로 더 길지 방향성 타진구간이다 뭐 여기서 팍 튀고 그런 경우는 아직 아니다 ​ ​ 아직 좀 더 옆으로 더 기어가야 한다. 한 2시 넘어 계단식 우상향으로 갈수잇다 ​ 5분봉 5분틱 다 보면 계단식으로 위로 치고 갈 준비하고 있다
DM-001719,raw_details.csv,735,crawler_detail.py,네이버 종목토론방 본문 + CBOX 댓글,board_comment,토론방 댓글,NAVER,2026-08-04T14:05:52+0900,0,427140689,,33,0b51bcf9f045,이것도 삼전 30만원에샀네 하...왜이러냐 네이버주주들은..
DM-001720,raw_details.csv,736,crawler_detail.py,네이버 종목토론방 본문 + CBOX 댓글,board_body,토론방 본문,NAVER,2026-08-04T13:55:56,5,427140684,,35,085969d2e270,축하드려요~~~ 이번에 다시 30가는 반등이라고 합디다ㅋㅋㅋㅋㅋ
DM-001721,raw_details.csv,737,crawler_detail.py,네이버 종목토론방 본문 + CBOX 댓글,board_body,토론방 본문,NAVER,2026-08-04T13:55:08,1,427140611,,116,b1a9dd32edde,아빠 아빠도 반도체 26년에 샀다하지 않았어요? 근데 우리는 왜 집 없어요? 친구 아빠들은 그때 수익내서 집샀다던데 아들아 아빠는 네이버에 쳐 물려있다가 반도체로 갈아탔는데 아직도 물려있단다 예잇~ 이놈아!!
DM-001722,raw_details.csv,738,crawler_detail.py,네이버 종목토론방 본문 + CBOX 댓글,board_comment,토론방 댓글,NAVER,2026-08-04T13:57:42+0900,0,427140611,,19,0b9161f1a1eb,ㅋㅋㅋㅋㅋㅋㅋㅂㅂㅂㅂㅇㅅㅅㅅㅅㅅㅅㅅ
DM-001723,raw_details.csv,739,crawler_detail.py,네이버 종목토론방 본문 + CBOX 댓글,board_comment,토론방 댓글,NAVER,2026-08-04T13:56:05+0900,1,427140611,,14,bcaf3f21dcc4,유행 지난거~ 창의성 없음
DM-001724,raw_details.csv,740,crawler_detail.py,네이버 종목토론방 본문 + CBOX 댓글,board_comment,토론방 댓글,NAVER,2026-08-04T13:56:00+0900,1,427140611,후회·손실고통,54,86b2194a1b2b,네이버 -30% 손절후 반도체 가서 반토막 ㅋㅋㅋㅋㅋㅋㅋㅋ 진심 아무것도 안남았을듯ㅋㅋㅋㅋㅋㅋㅋㅋ
DM-001725,raw_details.csv,741,crawler_detail.py,네이버 종목토론방 본문 + CBOX 댓글,board_body,토론방 본문,NAVER,2026-08-04T13:54:42,1,427140571,,12,a24c4dfce17f,23 종가23000기대
DM-001726,raw_details.csv,742,crawler_detail.py,네이버 종목토론방 본문 + CBOX 댓글,board_body,토론방 본문,NAVER,2026-08-04T13:53:45,7,427140478,후회·손실고통,92,4fa4cd322da5,네이버 이제 발톱 드러 냈네 ㅋㅋ 지난주 삼전 닉스 상에 팔고 ​ 이제 안오른 종목 키맞추기 한다고 했음... ​ 곧 30만 뚫고 올라갈것... ​ 단기 고점 33만
DM-001727,raw_details.csv,743,crawler_detail.py,네이버 종목토론방 본문 + CBOX 댓글,board_comment,토론방 댓글,NAVER,2026-08-04T14:08:17+0900,0,427140478,,34,9b0135e8b35d,네이버는 주체가 없으니 발톱을 드러냈다 라는 표현은 맞지 않지
DM-001728,raw_details.csv,744,crawler_detail.py,네이버 종목토론방 본문 + CBOX 댓글,board_body,토론방 본문,NAVER,2026-08-04T13:50:04,1,427140130,,17,ff86816c2d67,쭈쭈바네... 쭉쭉 빠라먹네..
DM-001729,raw_details.csv,745,crawler_detail.py,네이버 종목토론방 본문 + CBOX 댓글,board_body,토론방 본문,NAVER,2026-08-04T13:48:12,2,427139971,,22,72b582518615,"225,000원 더 이상 밀리면  out"
DM-001730,raw_details.csv,746,crawler_detail.py,네이버 종목토론방 본문 + CBOX 댓글,board_body,토론방 본문,NAVER,2026-08-04T13:45:37,8,427139726,분노·불신,25,10f8b3b4ca55,개미분들 빨리 팔고 삼전닉스 가세요 부탁합니다
DM-001731,raw_details.csv,747,crawler_detail.py,네이버 종목토론방 본문 + CBOX 댓글,board_comment,토론방 댓글,NAVER,2026-08-04T13:55:27+0900,0,427139726,,25,6fb28804faa9,수익률이 400퍼로줄긴했습니다만 계속사고있어요
DM-001732,raw_details.csv,748,crawler_detail.py,네이버 종목토론방 본문 + CBOX 댓글,board_comment,토론방 댓글,NAVER,2026-08-04T13:50:18+0900,0,427139726,,21,38bfabf38ab2,하닉 129만에 이미 진입해있는데욤..
DM-001733,raw_details.csv,749,crawler_detail.py,네이버 종목토론방 본문 + CBOX 댓글,board_comment,토론방 댓글,NAVER,2026-08-04T13:46:31+0900,0,427139726,후회·손실고통,48,a5a4dee4ab7d,이미 가서 반토막 ㅋㅋㅋㅋㅋㅋ 네이버는 -30% 손절치고 가서 반토막행ㅋㅋㅋㅋㅋㅋㅋㅋㅋ
DM-001734,raw_details.csv,750,crawler_detail.py,네이버 종목토론방 본문 + CBOX 댓글,board_body,토론방 본문,NAVER,2026-08-04T13:44:59,2,427139660,,19,0988893da6de,오늘은 왜 안내려가??? ?????
DM-001735,raw_details.csv,751,crawler_detail.py,네이버 종목토론방 본문 + CBOX 댓글,board_body,토론방 본문,NAVER,2026-08-04T13:44:10,6,427139570,분노·불신,56,fc9886e2e5a3,네이버 팔았나? 팔고 어디로 갈껀데~ 떠돌이 개미 종나 많은거 안다. 추천해줘봐. 1주 사서 지켜볼께
DM-001736,raw_details.csv,752,crawler_detail.py,네이버 종목토론방 본문 + CBOX 댓글,board_comment,토론방 댓글,NAVER,2026-08-04T13:56:29+0900,0,427139570,,3,3d0b1609c7a4,코아스
DM-001737,raw_details.csv,753,crawler_detail.py,네이버 종목토론방 본문 + CBOX 댓글,board_comment,토론방 댓글,NAVER,2026-08-04T13:49:39+0900,0,427139570,,1,40375799c4dc,게
DM-001738,raw_details.csv,754,crawler_detail.py,네이버 종목토론방 본문 + CBOX 댓글,board_comment,토론방 댓글,NAVER,2026-08-04T13:47:11+0900,0,427139570,,30,b67c6552f589,같은 테마면 sk텔레콤이 오늘 움직임은 더 좋은데요??
DM-001739,raw_details.csv,755,crawler_detail.py,네이버 종목토론방 본문 + CBOX 댓글,board_body,토론방 본문,NAVER,2026-08-04T13:42:45,5,427139432,,33,d08e28e3c4f6,"23은 당분간 어렵겠네요, 당분간 : 3년 ㅋㅋㅋㅋㅋㅋㅋㅋㅋ"
DM-001740,raw_details.csv,756,crawler_detail.py,네이버 종목토론방 본문 + CBOX 댓글,board_comment,토론방 댓글,NAVER,2026-08-04T13:43:20+0900,2,427139432,,8,d0da3966ed9a,딸배 배달안하노
DM-001741,raw_details.csv,757,crawler_detail.py,네이버 종목토론방 본문 + CBOX 댓글,board_body,토론방 본문,NAVER,2026-08-04T13:42:35,7,427139420,FOMO·상대적박탈감,96,9929c99c3317,아빠! 우리는 왜 집이 없어요? 2026년에 반도체 불장때 옆집은 수익내서 집 샀다던데 아들아 아버지는 네이버에 쳐 물려있다가 반도체로 갈아탔는데 아직도 물려있단다 이놈아!
DM-001742,raw_details.csv,758,crawler_detail.py,네이버 종목토론방 본문 + CBOX 댓글,board_comment,토론방 댓글,NAVER,2026-08-04T13:51:14+0900,0,427139420,,34,85ec7b169108,ㅂㅂㅂㅂㅂㅂㅂㅂㅂㅂㅂㅇㅇㅇㅇㅇㅇㅇㅇㅇㅇㅇㅇㅅㅅㅅㅅㅅㅅㅅㅅㅅㅅㅅ
DM-001743,raw_details.csv,759,crawler_detail.py,네이버 종목토론방 본문 + CBOX 댓글,board_body,토론방 본문,NAVER,2026-08-04T13:41:57,1,427139358,불안·공포|후회·손실고통,183,81e7acbae9a1,오늘 장초반에 팔았어야 됏나? ​ .. . . .. . . . . . 이슈는 많아서 갈거 같기는한데  그동안 뒤통수 맞은게 많아서 ​ 너무 불안하네요 ​ 그냥 오전장 초반에 먹고 나왔으면 어땠을까 하네요 ​ 다시 눌림오면 그때 진입하면 될거 같은데  이거뭐 알수가 없으니 ​ 그냥 참고 가볼랍니다. ​ 모두 성투하세요~! ​ ​
DM-001744,raw_details.csv,760,crawler_detail.py,네이버 종목토론방 본문 + CBOX 댓글,board_body,토론방 본문,NAVER,2026-08-04T13:41:43,4,427139342,,61,6256c17753ec,내가 아는 네이버는 여기서 내렸음 내렸지 더 오르진 않음 ​ 아마 22만원 근처에서 마감칠거임 내일은 모르겠음
DM-001745,raw_details.csv,761,crawler_detail.py,네이버 종목토론방 본문 + CBOX 댓글,board_comment,토론방 댓글,NAVER,2026-08-04T13:48:14+0900,1,427139342,,18,257923d5b046,남돈벌때 주구장창 잃기만하지?ㅎㅎ
DM-001746,raw_details.csv,762,crawler_detail.py,네이버 종목토론방 본문 + CBOX 댓글,board_comment,토론방 댓글,NAVER,2026-08-04T13:42:31+0900,2,427139342,,31,6785987a76ec,그래서 님은 네이버로 못벌었죠? 잇힝~ ㅋㅋ 난 벌었는데
DM-001747,raw_details.csv,763,crawler_detail.py,네이버 종목토론방 본문 + CBOX 댓글,board_body,토론방 본문,NAVER,2026-08-04T13:39:02,7,427139097,분노·불신,74,d180e3f20a80,외인 기관 금투 연기금 반도체 팔고 네이버로 헤쳐모여!!! 외인 하나 기관 둘 금투 삼 연기금 넷 번호 끝!! 개미는 털리시고~~~~
DM-001748,raw_details.csv,764,crawler_detail.py,네이버 종목토론방 본문 + CBOX 댓글,board_body,토론방 본문,NAVER,2026-08-04T13:37:03,7,427138906,,55,1446c559e7ee,젠슨황이 치킨뼈로 발라먹은 시체들 평단25이상 분리수거 힘들다 오늘 시세면 딱 먹고 나오기 좋다 ​
DM-001749,raw_details.csv,765,crawler_detail.py,네이버 종목토론방 본문 + CBOX 댓글,board_body,토론방 본문,NAVER,2026-08-04T13:35:28,6,427138762,,25,b94b3bd3913c,절세 미인 최수연 언니 덕에 노후 설계 끝 ​
DM-001750,raw_details.csv,766,crawler_detail.py,네이버 종목토론방 본문 + CBOX 댓글,board_body,토론방 본문,NAVER,2026-08-04T13:35:26,3,427138755,,64,c1bdef37000d,앤비디아가 네이버에 직접 돈을 테웠잔아.. 3대주주 이건 전략적 파트너라 이거지... . 장비 누구먼저 주겠니...
DM-001751,raw_details.csv,767,crawler_detail.py,네이버 종목토론방 본문 + CBOX 댓글,board_body,토론방 본문,NAVER,2026-08-04T13:33:37,2,427138606,,18,070964ae62fa,주식소각했나요 공시가왜안뜨죠???
DM-001752,raw_details.csv,768,crawler_detail.py,네이버 종목토론방 본문 + CBOX 댓글,board_body,토론방 본문,NAVER,2026-08-04T13:33:03,0,427138550,불안·공포,122,fbf2f0571200,자자 나 처럼해봐 자자 1억으로 시작 한다  치자 18만원대ㅡ1억 매수 해야해 19만원대ㅡ8천 매수 해야해 더 떨어지면 2천 추가매수 ​ 그리고 기다려 22만이상 오면  70%매도 그리고 23만이상 오면  올 매도! ​
DM-001753,raw_details.csv,769,crawler_detail.py,네이버 종목토론방 본문 + CBOX 댓글,board_comment,토론방 댓글,NAVER,2026-08-04T13:45:55+0900,0,427138550,,34,09d26ceb9a80,적정 주가는 16만원이니 돈 버리고 싶으면 그렇게 하세요 ㅉㅉ
DM-001754,raw_details.csv,770,crawler_detail.py,네이버 종목토론방 본문 + CBOX 댓글,board_comment,토론방 댓글,NAVER,2026-08-04T13:38:40+0900,0,427138550,충동·중독시그널,19,663eab5ba38c,왜 그렇게해 18에 전재산 몰빵치지
DM-001755,raw_details.csv,771,crawler_detail.py,네이버 종목토론방 본문 + CBOX 댓글,board_body,토론방 본문,NAVER,2026-08-04T13:31:40,8,427138418,후회·손실고통,32,c1a8fd3ef229,평단  30은 못갈거 같아서 일부 손절처리 얘는 지독해ㅈ.
DM-001756,raw_details.csv,772,crawler_detail.py,네이버 종목토론방 본문 + CBOX 댓글,board_body,토론방 본문,NAVER,2026-08-04T13:31:12,6,427138381,후회·손실고통,317,4dee77b2e318,"수주공시 나오면 실적 전부 반영함ㅋㅋ 네이버 사업구조 공시에 밝혔지만 신사업 리스크 0에 가까움ㅋㅋㅋ AIDC 수주계약은 산업특성상 장기계약함. 매출에서 브룩필드 자산 이용료 제하고 영익잡힘. ​ 일반 산업에서는 실적 가늠이 안되니까 선반영에 한계가 있음. 잘될지 안될지 알수도 없고 ㅋㅋㅋㅋ 근데 AIDC는 수주계약이 곧 실적으로 그대로 찍히는 확정 구조임. ​ 200메가 수주계약뜨면, 시장은 1기가의 성공까지 반영해버림.ㅋㅋㅋ ​ AIDC 실적이 아직 안나온다는 흑구들은 계속 반도체에서 인생후진기어 넣고 본전 오기만 기다리면 됨 ㅋㅋㅋㅋㅋㅋㅋㅋㅋㅋㅋㅋㅋㅋㅋㅋㅋ"
DM-001757,raw_details.csv,773,crawler_detail.py,네이버 종목토론방 본문 + CBOX 댓글,board_comment,토론방 댓글,NAVER,2026-08-04T13:58:46+0900,0,427138381,,33,819061b79e7b,다른 주식들 기대감만으로도 per80 per8 이상도 주는데
DM-001758,raw_details.csv,774,crawler_detail.py,네이버 종목토론방 본문 + CBOX 댓글,board_comment,토론방 댓글,NAVER,2026-08-04T13:32:52+0900,0,427138381,,57,8ea474641d39,그니까 이제 다음 시선은 과연 어디랑 얼마만큼의 계약인가가 중요한데. 나도 궁금하네  잘되면 좋겟답 ㅋ
DM-001759,raw_details.csv,775,crawler_detail.py,네이버 종목토론방 본문 + CBOX 댓글,board_body,토론방 본문,NAVER,2026-08-04T13:31:01,0,427138363,불안·공포,18,dc9c6b44276f,살려줘~~~~~ 이러다 다 죽어!
DM-001760,raw_details.csv,776,crawler_detail.py,네이버 종목토론방 본문 + CBOX 댓글,board_body,토론방 본문,NAVER,2026-08-04T13:28:08,3,427138117,불안·공포,16,dea2f72a3f23,내일부터 대폭락이다 대폭락ㅅㄱ
DM-001761,raw_details.csv,777,crawler_detail.py,네이버 종목토론방 본문 + CBOX 댓글,board_comment,토론방 댓글,NAVER,2026-08-04T13:49:15+0900,0,427138117,,5,62f6847288a7,응~~꺼져
DM-001762,raw_details.csv,778,crawler_detail.py,네이버 종목토론방 본문 + CBOX 댓글,board_comment,토론방 댓글,NAVER,2026-08-04T13:30:12+0900,0,427138117,,2,2310cb1cb83b,ㅎㅎ
DM-001763,raw_details.csv,779,crawler_detail.py,네이버 종목토론방 본문 + CBOX 댓글,board_body,토론방 본문,NAVER,2026-08-04T13:23:34,3,427137650,,70,1fb463630026,코어위브가 아무리 올라 봐라 네이버가 그만큼 따라가나 ㅋㅋㅋ 뭐라도 실적이 있어야지 ㅋ 기대감으로 대형주가 움직이지는 않는단다
DM-001764,raw_details.csv,780,crawler_detail.py,네이버 종목토론방 본문 + CBOX 댓글,board_comment,토론방 댓글,NAVER,2026-08-04T13:25:57+0900,0,427137650,,64,a9b67a37fca5,그리고 너는 뭐 어디 아프냐? 댓글모음보는데 종토방에 30분마다 글쓰고있네 진짜 그정도면 광기다 제발 현실을 살아라
DM-001765,raw_details.csv,781,crawler_detail.py,네이버 종목토론방 본문 + CBOX 댓글,board_comment,토론방 댓글,NAVER,2026-08-04T13:24:55+0900,1,427137650,,61,747a2b32c9f7,이놈들은 실적잘나오면 기대감과 미래성장 얘기하고 기대감얘기하면 또 실적얘기하고있네 안티 니들끼리 합의좀보고와라
DM-001766,raw_details.csv,782,crawler_detail.py,네이버 종목토론방 본문 + CBOX 댓글,board_body,토론방 본문,NAVER,2026-08-04T13:23:30,6,427137644,,25,488721fd2905,신한창구 조사좀 해봐라 머하는 넘이 재뿌리는지
DM-001767,raw_details.csv,783,crawler_detail.py,네이버 종목토론방 본문 + CBOX 댓글,board_body,토론방 본문,NAVER,2026-08-04T13:22:53,6,427137589,,74,0ecb1d5153b2,개이버에 목메달하지말고 줄때 머거라 ​ 자고로 냄비와 개이버는 줄때먹어야 한다는 고조선 시대부터 내려오는 격언이있다 ​ 안그럼 새된다
DM-001768,raw_details.csv,784,crawler_detail.py,네이버 종목토론방 본문 + CBOX 댓글,board_body,토론방 본문,NAVER,2026-08-04T13:22:38,5,427137561,,47,f16b1a841924,"네이버 외국인/기관 1,400억 대량순매수 네이버 외국인/기관 1,400억 대량순매수"
DM-001769,raw_details.csv,785,crawler_detail.py,네이버 종목토론방 본문 + CBOX 댓글,board_body,토론방 본문,NAVER,2026-08-04T13:21:01,2,427137399,,23,1433af140a90,팁주께 24밑은  막놀아 알제???? ㅎㅎ
DM-001770,raw_details.csv,786,crawler_detail.py,네이버 종목토론방 본문 + CBOX 댓글,board_comment,토론방 댓글,NAVER,2026-08-04T13:24:37+0900,0,427137399,후회·손실고통,10,3d53ffff01dc,24에 처 물렸노ㅋ
DM-001771,raw_details.csv,787,crawler_detail.py,네이버 종목토론방 본문 + CBOX 댓글,board_body,토론방 본문,NAVER,2026-08-04T13:20:53,2,427137388,,27,a6024a032467,많이 오르네요 네이버 이젠...제대로 가나요 ㅋㅋ
DM-001772,raw_details.csv,788,crawler_detail.py,네이버 종목토론방 본문 + CBOX 댓글,board_body,토론방 본문,NAVER,2026-08-04T13:20:40,0,427137364,,45,14c6de220655,"누가 계속 223,000원에  초파리처럼 알을 까놓는거냐 ㅋㅋㅋㅋ그래도 상한ㅅㅅㅅ"
DM-001773,raw_details.csv,789,crawler_detail.py,네이버 종목토론방 본문 + CBOX 댓글,board_body,토론방 본문,NAVER,2026-08-04T13:20:03,0,427137288,,14,c85bb7c339c0,사자마자 발묶인거 실화냐ㅠ
DM-001774,raw_details.csv,790,crawler_detail.py,네이버 종목토론방 본문 + CBOX 댓글,board_comment,토론방 댓글,NAVER,2026-08-04T13:20:50+0900,0,427137288,,36,552029b3f16b,거의 11시부터 2시간째 이가격에서 횡보중인데 발이 묶일수가 있냐
DM-001775,raw_details.csv,791,crawler_detail.py,네이버 종목토론방 본문 + CBOX 댓글,board_body,토론방 본문,NAVER,2026-08-04T13:19:58,3,427137278,불안·공포,48,98809c872c4e,게미분들 이제 다른주식으로 넘어가주세요 이제 후달리잖아요 쫄리시면 참지말고 스위칭하세요
DM-001776,raw_details.csv,792,crawler_detail.py,네이버 종목토론방 본문 + CBOX 댓글,board_body,토론방 본문,NAVER,2026-08-04T13:19:33,1,427137236,,127,7890288cd0ab,오후에 상승하면 네이버 종토방에 더 이상 글 안쓸게요 진심 ㅋㅋ 그럼 내가 알던 네이버가 아닌거니까 근데 종가는 어차피 5%대 상승 마감 할거임 몇개월간 진짜 관찰 열심히 했음 그리고 내일 오늘 상승분 반납하는 음봉 뜰거고 ㅋㅋ
DM-001777,raw_details.csv,793,crawler_detail.py,네이버 종목토론방 본문 + CBOX 댓글,board_comment,토론방 댓글,NAVER,2026-08-04T13:46:59+0900,0,427137236,,38,34bd7cf3ba98,보통다 많이올랐가 종가에 대부분. 빠져 유치하게 가스라이팅좀 하지마라
DM-001778,raw_details.csv,794,crawler_detail.py,네이버 종목토론방 본문 + CBOX 댓글,board_comment,토론방 댓글,NAVER,2026-08-04T13:27:43+0900,0,427137236,,44,830ecb248761,안전하게 상승 흐름 타면 들어가려고 관찰하는 중이지 안티가 아니란 말입니다 ㅋㅋ
DM-001779,raw_details.csv,795,crawler_detail.py,네이버 종목토론방 본문 + CBOX 댓글,board_body,토론방 본문,NAVER,2026-08-04T13:18:24,0,427137131,,16,2e5c50416d00,고만 팔자 이젠   가자 가자
DM-001780,raw_details.csv,796,crawler_detail.py,네이버 종목토론방 본문 + CBOX 댓글,board_body,토론방 본문,NAVER,2026-08-04T13:16:55,2,427136980,,39,7421967fa45d,차트가 이쁘게 다져졌네요~ 상한가 치자!! 제발 상한가로 장마감 제발!
DM-001781,raw_details.csv,797,crawler_detail.py,네이버 종목토론방 본문 + CBOX 댓글,board_body,토론방 본문,NAVER,2026-08-04T13:16:53,1,427136971,분노·불신,26,f3d645137757,오늘 개미 70만주 이상 털리것네 좋아좋아~~~
DM-001782,raw_details.csv,798,crawler_detail.py,네이버 종목토론방 본문 + CBOX 댓글,board_body,토론방 본문,NAVER,2026-08-04T13:15:57,0,427136858,,74,0b6bffd59406,삼닉은 어짜돴든 개투들 기쁨과슬픔을 주는데.. 이친구는 변함없이 꾸준하네... 그간행태가 찍힐만한 행동이었지. 주주기만의 기업이니..
DM-001783,raw_details.csv,799,crawler_detail.py,네이버 종목토론방 본문 + CBOX 댓글,board_body,토론방 본문,NAVER,2026-08-04T13:15:01,3,427136726,분노·불신,43,1fac3eaacc8f,진짜 팔아주는 개미들 너무감사하다 감사합니다 사랑합니다 팔아서 삼전닉스사주세요
DM-001784,raw_details.csv,800,crawler_detail.py,네이버 종목토론방 본문 + CBOX 댓글,board_body,토론방 본문,NAVER,2026-08-04T13:14:42,0,427136692,,72,a293636ebaca,아놔 막판에 고개를 들것인가 꼬로록 잠길것인가 단타로 돈벌었다고 인증 자랑질 하는 사람들 절대 돈 못벌어 패가망신한다 잘 새겨들어
DM-001785,raw_details.csv,801,crawler_detail.py,네이버 종목토론방 본문 + CBOX 댓글,board_body,토론방 본문,NAVER,2026-08-04T13:14:12,13,427136627,,43,978897f6889d,"절대 장투하면 안되는 코스피 대형주  1, 개이버 2. 엘쥐전자 3. 좃트리온"
DM-001786,raw_details.csv,802,crawler_detail.py,네이버 종목토론방 본문 + CBOX 댓글,board_comment,토론방 댓글,NAVER,2026-08-04T13:45:54+0900,0,427136627,,10,39df47edbd80,3.2.1번순 ㅋㅋ
DM-001787,raw_details.csv,803,crawler_detail.py,네이버 종목토론방 본문 + CBOX 댓글,board_comment,토론방 댓글,NAVER,2026-08-04T13:18:09+0900,0,427136627,,5,9755847d3d4e,3번 ㅊㅊ
DM-001788,raw_details.csv,804,crawler_detail.py,네이버 종목토론방 본문 + CBOX 댓글,board_comment,토론방 댓글,NAVER,2026-08-04T13:16:33+0900,0,427136627,,9,52decc551adc,종목변경 헬쥐전자
DM-001789,raw_details.csv,805,crawler_detail.py,네이버 종목토론방 본문 + CBOX 댓글,board_body,토론방 본문,NAVER,2026-08-04T13:13:42,5,427136581,,55,b1731b65a42c,개이버가 점심시간 지나서 오를거라고 1이라도 생각한 머구리가 있다는게 놀랍다 ​ 조짭고 반성해야한다
DM-001790,raw_details.csv,806,crawler_detail.py,네이버 종목토론방 본문 + CBOX 댓글,board_body,토론방 본문,NAVER,2026-08-04T13:13:36,2,427136566,,18,3055df4c77d3,소각공시 완료나 띄워라 어서~~~
DM-001791,raw_details.csv,807,crawler_detail.py,네이버 종목토론방 본문 + CBOX 댓글,board_body,토론방 본문,NAVER,2026-08-04T13:13:22,5,427136531,,28,987e20c9e24d,소각공시 자체를 소각해버리는 클라스 게이버 답다 ​
DM-001792,raw_details.csv,808,crawler_detail.py,네이버 종목토론방 본문 + CBOX 댓글,board_body,토론방 본문,NAVER,2026-08-04T13:11:44,7,427136344,,15,d1a49bdd70a1,오후에 급락각이네요 종가보합
DM-001793,raw_details.csv,809,crawler_detail.py,네이버 종목토론방 본문 + CBOX 댓글,board_comment,토론방 댓글,NAVER,2026-08-04T13:12:15+0900,0,427136344,분노·불신,4,12f73a8e246c,짜증난다
DM-001794,raw_details.csv,810,crawler_detail.py,네이버 종목토론방 본문 + CBOX 댓글,board_body,토론방 본문,NAVER,2026-08-04T13:10:39,5,427136221,,79,737f862cea68,"데이타센터 주도주는 누가뮈래도...네이버가,, 아니다 삼성에스디에스다..수급힘이 쎄다 개이버보다 훨씬.. 개이버는 힘이 없다 비아그라나 먹여라"
DM-001795,raw_details.csv,811,crawler_detail.py,네이버 종목토론방 본문 + CBOX 댓글,board_comment,토론방 댓글,NAVER,2026-08-04T13:47:19+0900,0,427136221,,12,3d9e1eff8fbc,그걸. 인제서야. ㅋㅋ
DM-001796,raw_details.csv,812,crawler_detail.py,네이버 종목토론방 본문 + CBOX 댓글,board_body,토론방 본문,NAVER,2026-08-04T13:10:32,4,427136211,,60,c743c8d9718b,간다 간다 2시 뿅 간다 어제는 예측이 실패했지만 오늘은 약속의 2시 상한가로 간다 간다 뾰옹 가~~~즈아!
DM-001797,raw_details.csv,813,crawler_detail.py,네이버 종목토론방 본문 + CBOX 댓글,board_body,토론방 본문,NAVER,2026-08-04T13:09:57,5,427136149,,26,2f665a1021db,차트 이쁘다. 오랫만에 네이버 가는거 보겠네요.
DM-001798,raw_details.csv,814,crawler_detail.py,네이버 종목토론방 본문 + CBOX 댓글,board_body,토론방 본문,NAVER,2026-08-04T13:08:42,2,427136016,,45,32bd8d9f1085,갭떳다~~~어차피 204500원 유증가 못벗어나 갭뜬거 안보이냐?? 물리려고 쯔쯔
DM-001799,raw_details.csv,815,crawler_detail.py,네이버 종목토론방 본문 + CBOX 댓글,board_body,토론방 본문,에코프로비엠,2026-08-04T14:18:21,1,427143089,분노·불신,35,c486d2c44c8c,진짜 왕 짜증 날씨도 덥은데 이게 뭐하는건지 시원하게 한방 주소
DM-001800,raw_details.csv,816,crawler_detail.py,네이버 종목토론방 본문 + CBOX 댓글,board_body,토론방 본문,에코프로비엠,2026-08-04T14:17:13,3,427142935,분노·불신,87,eb6a0b532839,에코머티도 실적 박살 ㅋㅋㅋㅋ매출도 없는데 무슨 유증 ㅋㅋ 진짜 사기 그자체네 이런 사기를 빨아주는 찬티들땜에 더문제임 그러나 회사가 이렇게 대놓고 사기치지
DM-001801,raw_details.csv,817,crawler_detail.py,네이버 종목토론방 본문 + CBOX 댓글,board_body,토론방 본문,에코프로비엠,2026-08-04T14:15:06,2,427142606,,46,e61a94471f91,비엠이실적이안좋은데 에코프로가실적이좋을리가있냐... 선반영인줄알았드만 또 공매처맞네
DM-001802,raw_details.csv,818,crawler_detail.py,네이버 종목토론방 본문 + CBOX 댓글,board_body,토론방 본문,에코프로비엠,2026-08-04T14:02:31,3,427141290,분노·불신,98,f472d7501bb8,지수가 이틀간 8프로 올랐는데  지수 반도 못 따라 붙는거보면 여기는 답 없음 ㅋㅋㅋㅋㅋ 매물은 14층이 수두룩한데 12층도 못감 ㅋㅋㅋㅋㅋㅋ 동채의 사기라는걸 모두가 아는거지
DM-001803,raw_details.csv,819,crawler_detail.py,네이버 종목토론방 본문 + CBOX 댓글,board_body,토론방 본문,에코프로비엠,2026-08-04T13:56:23,2,427140717,분노·불신,118,7c7bb31a04a2,"8월 3일~~~!!!!!!! 삼성전자~ 공매도 수량 ; 4,581,393주 공매도 비율 ; 8.64 % 공매도 금액 ; 1,110,348,000,000원 간 땡이가 부었네~~~!!!!!!!   ㅋㅋㅋ ㅋㅋ ㅋㅋㅋ"
DM-001804,raw_details.csv,820,crawler_detail.py,네이버 종목토론방 본문 + CBOX 댓글,board_body,토론방 본문,에코프로비엠,2026-08-04T13:55:09,1,427140613,,104,b113948221e2,"매도 리포트 쓰고 졸라 강아지처럼 쳐대잖아? 맨날 해오던 짓 ​ 근데 오르잖아 누구는 25마넌, 20마넌 보는 리포트도 있거든 ​ 광어눈 같은 눈으로 쳐다보지말고 똑바로 한번 쳐다봐라 ​"
DM-001805,raw_details.csv,821,crawler_detail.py,네이버 종목토론방 본문 + CBOX 댓글,board_body,토론방 본문,에코프로비엠,2026-08-04T13:40:51,2,427139251,,105,659bbe676fa5,에코야 영어하는 직원 없냐? 포지션 노출 됫구만 제이피 모건 골드만 메를린치 숏 블랙록 롱~ 블랙록이랑 시티나 좀 찾아가서 영업 좀 해바라 맨날 바쁜 쩌리애들 모아 밥맥이며 하소연하지말고~
DM-001806,raw_details.csv,822,crawler_detail.py,네이버 종목토론방 본문 + CBOX 댓글,board_body,토론방 본문,에코프로비엠,2026-08-04T13:39:51,0,427139160,,15,f28deb14917a,주접들떨지마 오를것도 안올라
DM-001807,raw_details.csv,823,crawler_detail.py,네이버 종목토론방 본문 + CBOX 댓글,board_body,토론방 본문,에코프로비엠,2026-08-04T13:22:22,3,427137538,,31,491b44c21c80,반도체주 오르는동안 하락만했으니 얼마나 떨어진거야? 어휴
DM-001808,raw_details.csv,824,crawler_detail.py,네이버 종목토론방 본문 + CBOX 댓글,board_comment,토론방 댓글,에코프로비엠,2026-08-04T13:27:27+0900,0,427137538,,11,a2482eb2e86f,이제는 이차전지 시간
DM-001809,raw_details.csv,825,crawler_detail.py,네이버 종목토론방 본문 + CBOX 댓글,board_body,토론방 본문,에코프로비엠,2026-08-04T13:14:09,0,427136621,,43,4c02ad27bc40,프로그램이 너무 던지니까 주가가 힘을못쓰네 프매가 매수로돌아서야 좀더 오를텐데
DM-001810,raw_details.csv,826,crawler_detail.py,네이버 종목토론방 본문 + CBOX 댓글,board_body,토론방 본문,에코프로비엠,2026-08-04T13:03:30,2,427135491,,223,ee25f1e37ab7,코스닥에 수급이 들어와/삼전닉스와 달리 움직여/8월부터 코스닥 상승장 예상 코스닥이 처음에는 삼전닉스가 상승하면 동반상승하고 삼전닉스가 빠지면 같이 빠지는 등 삼전닉스와 동조화 현상을 보였는데 이제는 삼전닉스와 별도로 움직이고 있다. 9월 코스닥 활성화 대책을 앞두고 8월부터 기관과 외국인 등이 코스닥예 수급이 들어오고 있다 코스닥 시가총액 상위 종목인 에쿄프로와 에코프로비엠이 수혜를 받을 것이다
DM-001811,raw_details.csv,827,crawler_detail.py,네이버 종목토론방 본문 + CBOX 댓글,board_body,토론방 본문,에코프로비엠,2026-08-04T12:22:51,3,427131916,,18,aee82e1f19a1,엄청나 유증받고 싶어 얘들 줄섰네
DM-001812,raw_details.csv,828,crawler_detail.py,네이버 종목토론방 본문 + CBOX 댓글,board_body,토론방 본문,에코프로비엠,2026-08-04T12:19:24,2,427131559,,20,ec9fd463802d,목표가 10만원 도달했네. 축하한다.
DM-001813,raw_details.csv,829,crawler_detail.py,네이버 종목토론방 본문 + CBOX 댓글,board_comment,토론방 댓글,에코프로비엠,2026-08-04T13:53:27+0900,0,427131559,,67,e29fd87d9216,왜 축하함? 님 나 알아요? 박애주의자세요? 아니잖아요 꼴값 ㄴㄴ 니살길이나 사세요. 남의 인생에 기웃기웃~ 쫌팽이세요?
DM-001814,raw_details.csv,830,crawler_detail.py,네이버 종목토론방 본문 + CBOX 댓글,board_comment,토론방 댓글,에코프로비엠,2026-08-04T13:01:30+0900,0,427131559,불안·공포,16,b964702f12b7,너 집구석 마누라 걱정이나해라
DM-001815,raw_details.csv,831,crawler_detail.py,네이버 종목토론방 본문 + CBOX 댓글,board_body,토론방 본문,에코프로비엠,2026-08-04T11:55:03,4,427129230,후회·손실고통,72,eb4e35bde160,"차트만 보면 팔 자리는 아니다. 그렇다고 오를 자리도 아니고 그래, 물렸으면 갖고 있어라. 근데 나라면 팔고 딴 거 산다. ㅎ ​"
DM-001816,raw_details.csv,832,crawler_detail.py,네이버 종목토론방 본문 + CBOX 댓글,board_comment,토론방 댓글,에코프로비엠,2026-08-04T12:17:55+0900,1,427129230,,41,c8e048960652,삼전 눈치 보지말고 가자. 코스닥 대장주 복귀실적도 앞으로 차차 좋아진다.
DM-001817,raw_details.csv,833,crawler_detail.py,네이버 종목토론방 본문 + CBOX 댓글,board_comment,토론방 댓글,에코프로비엠,2026-08-04T12:04:33+0900,1,427129230,,14,e5e0a1be09cf,차트만 봐도 아직 멀었다.
DM-001818,raw_details.csv,834,crawler_detail.py,네이버 종목토론방 본문 + CBOX 댓글,board_body,토론방 본문,에코프로비엠,2026-08-04T11:51:02,3,427128866,,22,77ec082ea267,엘앤에프하고 합병해라 그래애 중국을이기지
DM-001819,raw_details.csv,835,crawler_detail.py,네이버 종목토론방 본문 + CBOX 댓글,board_comment,토론방 댓글,에코프로비엠,2026-08-04T12:03:09+0900,0,427128866,,12,6c71aef09950,니가 회장 해라 ㅋㅋㅋ
DM-001820,raw_details.csv,836,crawler_detail.py,네이버 종목토론방 본문 + CBOX 댓글,board_body,토론방 본문,에코프로비엠,2026-08-04T11:47:40,6,427128578,FOMO·상대적박탈감,155,d602fa7bb06a,"어제부터 수급이 삼전닉스에서 코스닥쪽으로 순환매 도는거 같다 반도체 섹터보단 그동안 눌려있던 코스닥 바이오, 로봇, 조선, 방산, 화장품, 2차전지, 소외되었던 코스피 종목쪽으로 수급 들어올거 같다. 코스닥 지수는 최소 850~900까지는 반등나올테니 저점에서 물량 털리지 말자"
DM-001821,raw_details.csv,837,crawler_detail.py,네이버 종목토론방 본문 + CBOX 댓글,board_comment,토론방 댓글,에코프로비엠,2026-08-04T12:02:06+0900,0,427128578,불안·공포,61,1247722e8336,게코형제개똥주들은 해당 없어. 폭락 안 하기만을 빌어라. 게코똥주들은 지금 시장이 받쳐 주고 있다고 생각해라.
DM-001822,raw_details.csv,838,crawler_detail.py,네이버 종목토론방 본문 + CBOX 댓글,board_body,토론방 본문,에코프로비엠,2026-08-04T11:37:25,8,427127661,,21,8466e558e8fb,아무도 기대안할때.. 가보자 ~ 비엠아
DM-001823,raw_details.csv,839,crawler_detail.py,네이버 종목토론방 본문 + CBOX 댓글,board_body,토론방 본문,에코프로비엠,2026-08-04T11:06:51,3,427124264,FOMO·상대적박탈감,23,8b25d4f506ba,에코프로 20일선위로올라타고 거래도괜찮은듯
DM-001824,raw_details.csv,840,crawler_detail.py,네이버 종목토론방 본문 + CBOX 댓글,board_comment,토론방 댓글,에코프로비엠,2026-08-04T11:32:32+0900,0,427124264,,5,7cb8e028899b,돔황촤~~
DM-001825,raw_details.csv,841,crawler_detail.py,네이버 종목토론방 본문 + CBOX 댓글,board_comment,토론방 댓글,에코프로비엠,2026-08-04T11:11:44+0900,0,427124264,,90,88d22e7acea5,정상적이면 오늘 같은 날 10퍼 이상은 가야 하지 않겠니? 근데 10마넌을 못 넘어가네. 이러다 장이 빠지면 -10% 가고... 잘 하고 있지. 게코개똥똥주...
DM-001826,raw_details.csv,842,crawler_detail.py,네이버 종목토론방 본문 + CBOX 댓글,board_comment,토론방 댓글,에코프로비엠,2026-08-04T11:08:57+0900,0,427124264,,13,fd8ca3a6beab,에코프로가서 적어라 그건
DM-001827,raw_details.csv,843,crawler_detail.py,네이버 종목토론방 본문 + CBOX 댓글,board_body,토론방 본문,에코프로비엠,2026-08-04T11:04:21,11,427123867,,96,db982fff9259,여름 휴가 쳐가지말고 일해라 영업 안 뛰냐? 계약 안 따 올래? 여름휴가 쳐갈 시간에 일이나 해라 영업 좀 해 주주들 뒷통수 때렸으면 최소한 인간적으로 휴가는 다 반납해야지
DM-001828,raw_details.csv,844,crawler_detail.py,네이버 종목토론방 본문 + CBOX 댓글,board_comment,토론방 댓글,에코프로비엠,2026-08-04T13:55:43+0900,0,427123867,,72,850e4a8d1310,양심 없나? 너 돈벌려고 샀지. 회사보고 샀냐? 물론 회사는 봤겠지. 근대 그거 돈이 된다는 생각에 산거잖아. 양심 존나 없어요.
DM-001829,raw_details.csv,845,crawler_detail.py,네이버 종목토론방 본문 + CBOX 댓글,board_comment,토론방 댓글,에코프로비엠,2026-08-04T11:21:50+0900,0,427123867,,24,ea6fffe0e8ae,이런놈들이 해봐야 100주도 없음 ㅋㅋㅋㅋㅋ
DM-001830,raw_details.csv,846,crawler_detail.py,네이버 종목토론방 본문 + CBOX 댓글,board_body,토론방 본문,에코프로비엠,2026-08-04T11:02:11,3,427123548,,41,c8bf5aed7fec,코스닥지수 5퍼오르는데 비엠4퍼 올랏다고 찬티들 기어나오는거보니 다빠지겟네
DM-001831,raw_details.csv,847,crawler_detail.py,네이버 종목토론방 본문 + CBOX 댓글,board_body,토론방 본문,에코프로비엠,2026-08-04T10:47:37,4,427121229,,82,60b258de8cf6,"에코프로비엠, 오늘 부터 우상향 예상 8월 15만원에서 18만원 사이에서 거래예상 이번주 또는 다음주 금감원 심사결과 나오면 주가는 계속 상승 예상"
DM-001832,raw_details.csv,848,crawler_detail.py,네이버 종목토론방 본문 + CBOX 댓글,board_comment,토론방 댓글,에코프로비엠,2026-08-04T10:49:31+0900,1,427121229,,15,ea732a5f058e,진짜로 그랬으면 좋겠네요 😢
DM-001833,raw_details.csv,849,crawler_detail.py,네이버 종목토론방 본문 + CBOX 댓글,board_comment,토론방 댓글,에코프로비엠,2026-08-04T10:48:51+0900,0,427121229,,46,ea134e928f81,니 생각... 여기 닭대가리들 호도하지 마라. 워낙 머리가 없어 진짜로 믿을라...
DM-001834,raw_details.csv,850,crawler_detail.py,네이버 종목토론방 본문 + CBOX 댓글,board_body,토론방 본문,에코프로비엠,2026-08-04T10:20:46,10,427117585,,48,8926a75cd0a4,"에코프로, 인니 니켈 투자로 실적 양호 예싱 그러면 에코프로비엠 주가 큰 폭 상승 예상"
DM-001835,raw_details.csv,851,crawler_detail.py,네이버 종목토론방 본문 + CBOX 댓글,board_comment,토론방 댓글,에코프로비엠,2026-08-04T10:48:11+0900,0,427117585,,161,9bd09d0fa619,빙//  신// 아  인니 니켈은 니 돈으로 사는 거야. 코 묻은 돈으로 사는 걸로 실적 양호 될까? 양극제 만들면 어디에 팔건데.. 삼스디도 포퓨 양극제 사는 것을 적극 검토하고 있다 던데.... 밖에서는 중궈에 밀려 내부에선 포퓨에 밀려 게코는 결국 사라질 수 밖에 없는 거 아닌가??
DM-001836,raw_details.csv,852,crawler_detail.py,네이버 종목토론방 본문 + CBOX 댓글,board_body,토론방 본문,에코프로비엠,2026-08-04T10:09:33,5,427115741,,44,862dcb7920e7,어차피 하이닉 망하고 순환매돌거면 코스닥 대장주하던 시절로 돌아가자ㆍ에코야 가자
DM-001837,raw_details.csv,853,crawler_detail.py,네이버 종목토론방 본문 + CBOX 댓글,board_comment,토론방 댓글,에코프로비엠,2026-08-04T10:13:45+0900,0,427115741,,52,9b8c64ef83db,대장주는 바이오나 반도체소부장이 될 것이다. 게코형제똥주들은 코스닥 상위에서 사라질 것이다..
DM-001838,raw_details.csv,854,crawler_detail.py,네이버 종목토론방 본문 + CBOX 댓글,board_body,토론방 본문,에코프로비엠,2026-08-04T10:06:15,8,427115121,분노·불신,35,1a811d50341f,계속 악의적 리포트 발행하고 공매도 치고 그러다 피똥싼다 니들!
DM-001839,raw_details.csv,855,crawler_detail.py,네이버 종목토론방 본문 + CBOX 댓글,board_comment,토론방 댓글,에코프로비엠,2026-08-04T10:25:30+0900,0,427115121,FOMO·상대적박탈감,42,980717192f80,회사가 공매세려과 짜고치는 고도리가 아닌가 하는 의심이드는건 나만 그런거야?
DM-001840,raw_details.csv,856,crawler_detail.py,네이버 종목토론방 본문 + CBOX 댓글,board_comment,토론방 댓글,에코프로비엠,2026-08-04T10:12:46+0900,0,427115121,,212,1af75cb73b65,"악의적인 리포트가 아니고 있는 그대로 쓰지 않았나? 실적 부족, 영업능력 부족 및 수주량 없음, 공장 등 투자에 대한 가동 효율성 제로, 뭐가 악의적인가? 똥채한테 코멘트한다. 2차전지를 꼭 전기차나 Ai, 로봇에만 넣는다고 생각하지 말고 전기차 충전소에 전력 저장, 원자력발전소의 전력 저장 등등등 니네 물건 활용 방법을 찾아 봐라. 맨날 전기차 시장 불황 탓만 하지 말고..."
DM-001841,raw_details.csv,857,crawler_detail.py,네이버 종목토론방 본문 + CBOX 댓글,board_body,토론방 본문,에코프로비엠,2026-08-04T10:03:27,3,427114524,,20,71378c593c94,오늘 실적 양호하다. 큰폭 상승한다.
DM-001842,raw_details.csv,858,crawler_detail.py,네이버 종목토론방 본문 + CBOX 댓글,board_body,토론방 본문,에코프로비엠,2026-08-04T09:55:28,1,427112858,,20,3270d0556f4a,우와 내가 젤로 좋아하는 뜩락 나왔다
DM-001843,raw_details.csv,859,crawler_detail.py,네이버 종목토론방 본문 + CBOX 댓글,board_comment,토론방 댓글,에코프로비엠,2026-08-04T10:26:06+0900,0,427112858,,12,72140b3d1d67,너 집구석 처럼 말이지
DM-001844,raw_details.csv,860,crawler_detail.py,네이버 종목토론방 본문 + CBOX 댓글,board_body,토론방 본문,에코프로비엠,2026-08-04T09:53:56,1,427112618,,26,a49ab4e5358d,줄줄줄줄 항상 똑같은 패턴 쳐올리고 줄줄줄줄줄줄
DM-001845,raw_details.csv,861,crawler_detail.py,네이버 종목토론방 본문 + CBOX 댓글,board_body,토론방 본문,에코프로비엠,2026-08-04T09:51:35,1,427112226,,94,6dcb5aa3a713,패드립 전문 샌드야 ㅋㅋㅋ인증좀해라 ㅋㅋㅋ 엉아 어제 서브계좌 인증했잖아 ㅋㅋㅋㅋ ​ 오늘은 정말 메인계좌 인증좀하자 ㅋㅋㅋ ​ 어여 평단 30만원 보여줘 ㅋㅋㅋㅋㅋㅋㅋ
DM-001846,raw_details.csv,862,crawler_detail.py,네이버 종목토론방 본문 + CBOX 댓글,board_comment,토론방 댓글,에코프로비엠,2026-08-04T12:37:16+0900,0,427112226,,82,5ed6c70b055e,너 집구석처럼 말이지? ㅋㅋㅋㅋ   너 집구석 에미 에비한테가서.. 씨브려라 악질 안티 댓글러 3대가 망할것이다 그렇다고 ㅋㅋㅋㅋ ㅋㅋㅋㅋ ㅋㅋㅋㅋ
DM-001847,raw_details.csv,863,crawler_detail.py,네이버 종목토론방 본문 + CBOX 댓글,board_body,토론방 본문,에코프로비엠,2026-08-04T09:49:27,0,427111814,,160,c83f31d3d061,여기가 잡주인이유  코스닥이 코스피에 있는 반도체 가격에 영향을 엄청 받는거 그것도 2차전지 아님 ㅋㅋㅋ 반도체 코스닥 시총 알테8프로 쳐올리는데 ㅋㅋㅋㅋ 여기는 그런거 못함 신용이 반대매매 당하거나 나가는 이유가 여기에 있겠지이 아래위로 4프로씩 왔다갔다 하는데 뉴가 들어오겠노 ㅋㅋㅋ
DM-001848,raw_details.csv,864,crawler_detail.py,네이버 종목토론방 본문 + CBOX 댓글,board_body,토론방 본문,에코프로비엠,2026-08-04T09:49:10,2,427111756,,56,bdeebae64a4d,오늘 에코프로 실적발표/실적좋으면/특히 인니니켈투자/실적  좋으면/비엠 주가큰폭 상승예상 기대가 된다
DM-001849,raw_details.csv,865,crawler_detail.py,네이버 종목토론방 본문 + CBOX 댓글,board_body,토론방 본문,에코프로비엠,2026-08-04T09:45:09,1,427110949,후회·손실고통,55,a21083b6095a,물타기 질문 ???(추매) 전문가님들!!! 질문 있습니다. 오늘 더 오를까요?? 종가에 빠질까요??
DM-001850,raw_details.csv,866,crawler_detail.py,네이버 종목토론방 본문 + CBOX 댓글,board_body,토론방 본문,에코프로비엠,2026-08-04T09:43:09,2,427110488,,95,7836dd799606,엉아가 비엠 적정가 4만원 ㅋㅋ시총 3조대라했다 ㅋㅋㅋ 이것도 후하게 쳐 준거여 ㅋㅋㅋㅋ ​ 금양꼴 안난게 어디여 ㅋㅋㅋ ​ 근데 마진율 3%못벌면서 고per말이되냐 ㅋㅋ
DM-001851,raw_details.csv,867,crawler_detail.py,네이버 종목토론방 본문 + CBOX 댓글,board_body,토론방 본문,에코프로비엠,2026-08-04T09:40:28,3,427109888,분노·불신,166,565a14f7b15f,코스닥 1등 주식이 현재는 완전 잡주가 되어버린 상황 왜 그럴까? 회사도 문제지만 더 큰 문제는 공매도 친 증권사들의 개 장난질 이것을 이기는 방법은 대형 수주가 답 그러나 이 회사는 3년하고도 몇 개월이 지나도 응답이 없다 자기들 회사 가치를 올려 주주 우선보다는 본인들 자리 지키기가 우선인 듯
DM-001852,raw_details.csv,868,crawler_detail.py,네이버 종목토론방 본문 + CBOX 댓글,board_body,토론방 본문,에코프로비엠,2026-08-04T09:37:48,0,427109313,후회·손실고통,141,5ce73b58fb51,10만원 단기 고점이라 했다 ㅋㅋㅋ 이젠 알때도 됐는되 주린이 뿡어덜 ㅋㅋㅋ ​ 어여 튀어 다시 10만원 아래로 간다 ㅋㅋㅋ ​ 2분기 실적 만 어닝쇼크가 아니여 ㅋㅋㅋ ​ 3분기 4분기도 어닝쇼크라 했다 ㅋㅋㅋ ​ 감이 안오니 찬티 뿡어덜아 ㅋㅋㅋㅋㅋ
DM-001853,raw_details.csv,869,crawler_detail.py,네이버 종목토론방 본문 + CBOX 댓글,board_body,토론방 본문,에코프로비엠,2026-08-04T09:25:46,0,427106706,FOMO·상대적박탈감,30,1f66c78b624a,30년차)형이야~ 오늘입성신고 늦었어~♡ ​ 수거~^^
DM-001854,raw_details.csv,870,crawler_detail.py,네이버 종목토론방 본문 + CBOX 댓글,board_comment,토론방 댓글,에코프로비엠,2026-08-04T09:46:42+0900,0,427106706,후회·손실고통,16,146291c83d9b,형 이미손실... 어제 뭐하고
DM-001855,raw_details.csv,871,crawler_detail.py,네이버 종목토론방 본문 + CBOX 댓글,board_comment,토론방 댓글,에코프로비엠,2026-08-04T09:34:17+0900,0,427106706,,20,b6b1addc6d46,빈수레가 요란하구나 그렇다고 ㅋㅋㅋㅋ
DM-001856,raw_details.csv,872,crawler_detail.py,네이버 종목토론방 본문 + CBOX 댓글,board_body,토론방 본문,에코프로비엠,2026-08-04T09:24:39,2,427106448,,430,20ae7366c997,"😎 비엠 목표가 십만대보다 27~30만대 보는 이들이 더 많댄다 십만대 보는 이는 밥이라도 먹고 다니니? 요즘 물가를 모르니?ㅎ 에코프로비엠 목표가 정리일부 증권사는 보수적으로 10만 원대 목표가를 제시하며 단기 실적 부진과 업황 불확실성을 반영.하지만 더 많은 증권사들은 27만~30만 원대 목표가를 제시하며 중장기 회복 가능성을 높게 평가.27만~30만 원대 목표가 근거 전기차 배터리 업황 회복 기대 헝가리 공장 가동 효과 고객사 확대ESS(에너지저장장치) 시장 성장휴머노이드·로봇 등 미래 배터리 수요 확대 기대 수익성 개선 및 실적 회복 가능성 ​ 📌정리 보수 전망 → 10만 원대(일부) 회복·성장 전망 → 27만~30만 원대(다수) 목표가 차이는 단기 실적을 더 크게 보는지, 향후 배터리 업황 회복과 미래 성장성을 더 크게 보는지의 차이.선택된 파일 없음"
DM-001857,raw_details.csv,873,crawler_detail.py,네이버 종목토론방 본문 + CBOX 댓글,board_body,토론방 본문,에코프로비엠,2026-08-04T09:17:38,2,427104841,충동·중독시그널,76,bc31e9f1f1e7,dog잡주 dog폭등중 ㅋㅋㅋㅋ 역시 비엠 ㅋㅋㅋㅋ ​ 실적3분기도 어닝 쇼크 예정 ㅋㅋㅋㅋ ​ 어여사라  신용 미수 몰빵 가즈아 ㅋㅋㅋ
DM-001858,raw_details.csv,874,crawler_detail.py,네이버 종목토론방 본문 + CBOX 댓글,board_comment,토론방 댓글,에코프로비엠,2026-08-04T09:34:45+0900,0,427104841,,22,fdeb383090a5,너 집구석 처럼 말이지 그렇다고 ㅋㅋㅋㅋ
DM-001859,raw_details.csv,875,crawler_detail.py,네이버 종목토론방 본문 + CBOX 댓글,board_body,토론방 본문,에코프로비엠,2026-08-04T09:06:21,5,427102495,,70,fff08303c4c9,실적상관없다 섹터가 다 가면 간다 sdi목표가 두배상향이다 올라가자 국장이 실적으로 간적없다 튀어 오르자 미래가치보고 간다 ​
DM-001860,raw_details.csv,876,crawler_detail.py,네이버 종목토론방 본문 + CBOX 댓글,board_body,토론방 본문,에코프로비엠,2026-08-04T09:05:14,1,427102288,후회·손실고통,66,62f74fb01743,실적 발표전에 튀어 ㅋㅋㅋㅋ 실적 알디 ㅋㅋㅋㅋ ​ 어닝 쇼크 ㅋㅋㅋㅋㅋ ​ 근데 반토막이라 ㅋㅋㅋ손절 의미없디??ㅋㅋ
DM-001861,raw_details.csv,877,crawler_detail.py,네이버 종목토론방 본문 + CBOX 댓글,board_body,토론방 본문,에코프로비엠,2026-08-04T09:03:43,1,427101964,,18,b8ef01dd2721,헐 이게 왜오르지 오를이유가없는데
DM-001862,raw_details.csv,878,crawler_detail.py,네이버 종목토론방 본문 + CBOX 댓글,board_comment,토론방 댓글,에코프로비엠,2026-08-04T09:35:30+0900,0,427101964,,16,bc9ccdf360a8,불쌍한 종자 그렇다고 ㅋㅋㅋㅋ
DM-001863,raw_details.csv,879,crawler_detail.py,네이버 종목토론방 본문 + CBOX 댓글,board_comment,토론방 댓글,에코프로비엠,2026-08-04T09:10:38+0900,0,427101964,,18,9695b03a5f03,니가 리포트에 당한거임  원래그래
DM-001864,raw_details.csv,880,crawler_detail.py,네이버 종목토론방 본문 + CBOX 댓글,board_body,토론방 본문,에코프로비엠,2026-08-04T09:02:44,1,427101671,,34,2972bb43ac30,내가 리포트 개나주라 그랬지?? 리포트 설레발치면  올리는거여
DM-001865,raw_details.csv,881,crawler_detail.py,네이버 종목토론방 본문 + CBOX 댓글,board_body,토론방 본문,에코프로비엠,2026-08-04T09:02:18,1,427101556,,13,e59e0637d096,5% 이상 상승했어요 🎉
DM-001866,raw_details.csv,882,crawler_detail.py,네이버 종목토론방 본문 + CBOX 댓글,board_body,토론방 본문,에코프로비엠,2026-08-04T09:00:18,0,427101093,,27,449dcc3a1a73,에코프로 실적 몇시인가요 몇시에 나오려나 잘나와라
DM-001867,raw_details.csv,883,crawler_detail.py,네이버 종목토론방 본문 + CBOX 댓글,board_comment,토론방 댓글,에코프로비엠,2026-08-04T09:17:28+0900,0,427101093,,24,a303bc33c08b,엊그제 실적 나쁜것으로 맞았잖아 또 맞지않지
DM-001868,raw_details.csv,884,crawler_detail.py,네이버 종목토론방 본문 + CBOX 댓글,board_comment,토론방 댓글,에코프로비엠,2026-08-04T09:05:19+0900,0,427101093,,6,357eb15bd5be,2시전 발표
DM-001869,raw_details.csv,885,crawler_detail.py,네이버 종목토론방 본문 + CBOX 댓글,board_comment,토론방 댓글,에코프로비엠,2026-08-04T09:02:25+0900,0,427101093,,14,2f32f15ad5b4,적자일텐데 뭘 따지냐...
DM-001870,raw_details.csv,886,crawler_detail.py,네이버 종목토론방 본문 + CBOX 댓글,board_body,토론방 본문,에코프로비엠,2026-08-04T08:52:17,3,427100307,,140,e37744065dbf,코스피 꼭 이전 하겠다 ㅋㅋㅋ알디?? 구라 헝거리공장 유럽시장 교두보  구라 ㅋㅋㅋㅋ ​ 거기에 유증 ㅋㅋㅋ돈이 되면 ​ 3자배정 안하고 주주배정 하겠냐 ㅋㅋㅋ ​ sdi 납품도 못해   캐나다 공장 회계처리도 안해 ​ 산넘어 산이다 비엠ㅋㅋㅋㅋㅋ ​
DM-001871,raw_details.csv,887,crawler_detail.py,네이버 종목토론방 본문 + CBOX 댓글,board_comment,토론방 댓글,에코프로비엠,2026-08-04T09:36:09+0900,0,427100307,,27,85def0122e07,너 집구석 에미 에비처럼 말이지 그렇다고 ㅋㅋㅋㅋ
DM-001872,raw_details.csv,888,crawler_detail.py,네이버 종목토론방 본문 + CBOX 댓글,board_comment,토론방 댓글,에코프로비엠,2026-08-04T09:01:48+0900,2,427100307,,194,7ed6d0af5077,캐나다 공장?? 기초공사에 철골만 세워 놓은게 무슨 공장이야. 철골만 세우면 공장 가동 되냐?? 그나마 사업 철수한다메.. 4천억 투자해서 지금 팔믄 1600억 받을 수 있다메... 근데 누가 그 돈에 무용지물인 물건을 구매할까? 공장은 업종에 따라 설계가 달라야 하는데 철골도 모두 철거하고 다시 지어야 하는데 땅값이 어떤지 몰라도 너무 비싸다.
DM-001873,raw_details.csv,889,crawler_detail.py,네이버 종목토론방 본문 + CBOX 댓글,board_body,토론방 본문,에코프로비엠,2026-08-04T08:49:39,3,427100117,,24,1c88ab59dc9f,대머리 저주한다 손 ? 좋아요 꾹 선무당 +
DM-001874,raw_details.csv,890,crawler_detail.py,네이버 종목토론방 본문 + CBOX 댓글,board_comment,토론방 댓글,에코프로비엠,2026-08-04T08:52:20+0900,0,427100117,,12,c28b7837aeba,나는 ㄹㅈㅂ 저주하는데
DM-001875,raw_details.csv,891,crawler_detail.py,네이버 종목토론방 본문 + CBOX 댓글,board_body,토론방 본문,에코프로비엠,2026-08-04T08:46:25,4,427099861,,140,b048948289a2,근데 3년동안 수주안하면 회사 운영비 감당되냐 ㅋㅋㅋㅋ 헝거리 공장 왜 지은거여 ㅋㅋㅋㅋ ​ 포항공장도 못돌리면서 ㅋㅋㅋㅋㅋ ​ 맨날 찌라시 언론 플레이나 하고 ㅋㅋㅋ ​ 회사가 실적으로 말해야지 ㅋㅋㅋ ​ 그리거 이젠 실적으로 증명해야할시기 ㅋㅋㅋㅋ
DM-001876,raw_details.csv,892,crawler_detail.py,네이버 종목토론방 본문 + CBOX 댓글,board_body,토론방 본문,에코프로비엠,2026-08-04T08:45:32,4,427099796,,76,cfe5ad0ff86c,유럽공장 라인 정리 1개 - skon 폭스바겐 ㅡㅡㅡ가동중 1개 - 윤다이 ㅡㅡㅡㅡ가동 가을 ​ 뭐야 sdi bmw catl 구라였어 ​
DM-001877,raw_details.csv,893,crawler_detail.py,네이버 종목토론방 본문 + CBOX 댓글,board_comment,토론방 댓글,에코프로비엠,2026-08-04T08:52:43+0900,1,427099796,충동·중독시그널,282,ee5ae17595d7,"유럽 자동차 업계의 위기: 스텔란티스는 지난해 전기차 올인 전략 실패로 약 40조 원에 달하는 적자를 기록했습니다.르노, 폭스바겐 등 주요 유럽 완성차 업체들도 전기차 판매 부진과 실적 악화로 구조조정을 진행 중입니다  중국차의 급성장: 유럽 시장에서 가성비를 앞세운 중국 전기차(특히 BYD)의 점유율이 매년 급격히 상승하며 유럽 업체들을 위협하고 있습니다  디젤차의 일시적 부활: 전기차 경쟁에서 밀린 유럽 업체들은 중국이 생산하지 못하는 디젤차를 다시 생산하며 자금난을 피하려는 임시방편을 택했습니다"
DM-001878,raw_details.csv,894,crawler_detail.py,네이버 종목토론방 본문 + CBOX 댓글,board_body,토론방 본문,에코프로비엠,2026-08-04T08:42:06,2,427099523,,26,4bf6c13a7148,좋은 주식 많은데 뭐하러 이런데 있냐? ㅍㅎㅎㅎ
DM-001879,raw_details.csv,895,crawler_detail.py,네이버 종목토론방 본문 + CBOX 댓글,board_comment,토론방 댓글,에코프로비엠,2026-08-04T08:42:52+0900,0,427099523,,18,66ee1ebee647,물려있는거랍니다  아실만한분이..
DM-001880,raw_details.csv,896,crawler_detail.py,네이버 종목토론방 본문 + CBOX 댓글,board_body,토론방 본문,에코프로비엠,2026-08-04T08:30:35,4,427098519,,28,92aa5dcda0d3,유증 누가 받아 대가리 총 맞지 않는 이상 그렇다고
DM-001881,raw_details.csv,897,crawler_detail.py,네이버 종목토론방 본문 + CBOX 댓글,board_comment,토론방 댓글,에코프로비엠,2026-08-04T08:38:31+0900,0,427098519,,39,c55c01bde788,에코비 단톡방 돌아보면 널렸음 ㅋㅋㅋㅋㅋ 희망회로 늪에서 못빠져나오는중
DM-001882,raw_details.csv,898,crawler_detail.py,네이버 종목토론방 본문 + CBOX 댓글,board_comment,토론방 댓글,에코프로비엠,2026-08-04T08:32:32+0900,1,427098519,,122,14d68e38cb90,유증을 왜 받아. 굳이 사고 싶으면 시장에서 사면 되는데. 유증 후에 시장가가 유증가의 70% 까지 떨어질텐데... 지금 상화이면 유증가 7마넌. 유증후 시장가 5마넌.... 곡 사고 싶으면 연말에 5마넌에 사면 된다.
DM-001883,raw_details.csv,899,crawler_detail.py,네이버 종목토론방 본문 + CBOX 댓글,board_body,토론방 본문,에코프로비엠,2026-08-04T08:29:35,0,427098442,,78,02a58559d90d,에코프로비엠 현 상황 정리한 기사 http://www.dailyinvest.kr/news/articleView.html?idxno=71666
DM-001884,raw_details.csv,900,crawler_detail.py,네이버 종목토론방 본문 + CBOX 댓글,board_body,토론방 본문,에코프로비엠,2026-08-04T08:29:00,2,427098397,,45,ab58e308ca27,어제는 파랭이 1등~~지금은 빨갱이 꼴찌~~ 오늘도 결국은 파랭이 가겠지 그렇다고
DM-001885,raw_details.csv,901,crawler_detail.py,네이버 종목토론방 본문 + CBOX 댓글,board_body,토론방 본문,에코프로비엠,2026-08-04T08:22:50,6,427097897,,99,9c9770a45464,유럽 생산하면 뭐하나? 수주를 못하는데 가동하면 좋을거 같지? 삼디도 44조도 다 안사주는데 다른데 영업 뛰라니깐 유럽 법 바뀌는것만 기다리고 있잖아! 법 바뀌면 알아서 사준데?
DM-001886,raw_details.csv,902,crawler_detail.py,네이버 종목토론방 본문 + CBOX 댓글,board_comment,토론방 댓글,에코프로비엠,2026-08-04T08:43:27+0900,0,427097897,,34,97b66b5acc1e,28년도쯤  수주 가능할듯함  전고체 삼디가 성공을 한다면..
DM-001887,raw_details.csv,903,crawler_detail.py,네이버 종목토론방 본문 + CBOX 댓글,board_comment,토론방 댓글,에코프로비엠,2026-08-04T08:29:35+0900,0,427097897,분노·불신,246,2bfdec833693,게코를 경영하는 새:: 끼들은 능력 부재의 닭대가리들이다. 실적 부진을 시장 탓만 하고 있자나. 시장이 안 좋으면 방법을 찾아야 하는게 그래서 실적을 맞추고 주가가 빠지지 않게 하는게 경영자들의 기본 마인드 아닌가? 시장이 안 좋으면 사라질 회사야. 영업 능력도 졸라 없는 새:: 끼들. 영업실적이 부진하면 전사적으로 영업을 해서라도 재무제표는 정상적으로 만들어야 하는거 아닌가? 유증이니 뭐니 해서 개미들 호주머니만 털 생각하지 말고...
DM-001888,raw_details.csv,904,crawler_detail.py,네이버 종목토론방 본문 + CBOX 댓글,board_body,토론방 본문,에코프로비엠,2026-08-04T07:44:50,6,427095603,,53,f7995e933ea0,리포트 개나줘라  하닉 12만원 리포트내고  3백까지 오르더라~~~~ 그때 폭등 직전 분위기네.
DM-001889,raw_details.csv,905,crawler_detail.py,네이버 종목토론방 본문 + CBOX 댓글,board_comment,토론방 댓글,에코프로비엠,2026-08-04T08:44:21+0900,2,427095603,후회·손실고통,22,cd380f6c1c1e,존버는 승리합니다 단  현금 매수자만해당
DM-001890,raw_details.csv,906,crawler_detail.py,네이버 종목토론방 본문 + CBOX 댓글,board_comment,토론방 댓글,에코프로비엠,2026-08-04T08:03:56+0900,1,427095603,,130,74cbfca67319,"차라리 이렇게 애기해라. """"그동안 유증이고 실적이고 맞을 만큼 맞았다. 더 맞아 떨어질게 없다. 이제 오를 일만 남았다."""" 라고.... 닭대가리야. 그래도 게코똥주는 절대 못 오른다. 금양처럼 상폐 안 다하면 다행이라고 생각해라."
DM-001891,raw_details.csv,907,crawler_detail.py,네이버 종목토론방 본문 + CBOX 댓글,board_comment,토론방 댓글,에코프로비엠,2026-08-04T08:00:50+0900,1,427095603,,100,c02ab8dc44ba,비교할 것하고 비교해라. 너는 벤츠하고 마티즈가 같다고 하는 거니?? 병:: 신::!!! 아무리 똥주라도 격이 다르고 중량감이 다른 거야. 게코똥주는 금양하고 비교하면 딱이야...
DM-001892,raw_details.csv,908,crawler_detail.py,네이버 종목토론방 본문 + CBOX 댓글,board_body,토론방 본문,에코프로비엠,2026-08-04T06:34:42,6,427094053,,41,3d68221beb6b,속보>테슬라+3.65%리튬아메리카스+4.9%알버말+1.8% 대반등의 아침!
DM-001893,raw_details.csv,909,crawler_detail.py,네이버 종목토론방 본문 + CBOX 댓글,board_comment,토론방 댓글,에코프로비엠,2026-08-04T07:33:34+0900,0,427094053,불안·공포,165,a6ec917da857,여기 닭대가리들 상대로 호도하냐? 게코는 3분기도 실적 컨센서스가 개떡이라자나. 그래서 목표가 일제히 하향하고 주가가 폭락했는데 무슨 테슬라 오르면 오르냐? 니 친구가 돈벌면 너도 덩달아 돈 버네??? 병::  신:: 같은 생각을 가지고 주식하지 마라. 너 같은 놈 때문에 주가가 더 빠진다...
DM-001894,raw_details.csv,910,crawler_detail.py,네이버 종목토론방 본문 + CBOX 댓글,board_body,토론방 본문,에코프로비엠,2026-08-04T05:47:52,1,427093543,,70,af8bf2339ede,가치투자의 대가 벤자민 그레이엄 2가지 투자원칙! 제1원칙 : 절대로 비엠신를 사지 마라 제2원칙 : 제1원칙을 절대 잊지마라
DM-001895,raw_details.csv,911,crawler_detail.py,네이버 종목토론방 본문 + CBOX 댓글,board_comment,토론방 댓글,에코프로비엠,2026-08-04T07:34:35+0900,0,427093543,,20,e0a65a43da00,제3원칙 : 너도 절대 주식하지 마라
DM-001896,raw_details.csv,912,crawler_detail.py,네이버 종목토론방 본문 + CBOX 댓글,board_body,토론방 본문,에코프로비엠,2026-08-04T04:45:50,11,427092882,,161,c020c82384a4,떵채 잣됐다... 8월3일 세제개편안 벌표 되었어 한국형 IRA 신설 되었지 핵심은 반도체와 2차전지 집중 지원인데....ㅋ ​ 이 보다 더 좋은 내용이 있다 주가 누르는 기업은 상속세 30% 할증... 떵채..잣댔지..나쁜넘 주가 졸라게 누르면 그 만큼 세금은 늘어난단다 떵채야... ​
DM-001897,raw_details.csv,913,crawler_detail.py,네이버 종목토론방 본문 + CBOX 댓글,board_comment,토론방 댓글,에코프로비엠,2026-08-04T07:36:38+0900,2,427092882,,91,b80dadab0e3c,똥채는 똥 싸느라고 주가 못 눌러. 헝그리공장에서 똥만 열심히 쌌으니 실적이 개판돼서 적자 났자나. 3분기도 열심히 똥만 싸댈거란다... 언제 오르니? 개똥주가는?
DM-001898,raw_details.csv,914,crawler_detail.py,네이버 종목토론방 본문 + CBOX 댓글,board_body,토론방 본문,에코프로비엠,2026-08-04T02:32:00,20,427091610,후회·손실고통,375,fc32f85572c7,"나이40 다시 재취업한다. 3년전 에코에 7억 부어놓고 반토막 겪고있는 호구다. 배터리 아저씨 덕분에 좋은 기업알게되서 좋았지만, 업황이 나락가버리고 빠재도 정치병 + 반도체 열폭질에...대머리 손절하고 요즘은 그냥 혼자 정보찾아보며 묵묵히 들고가고있다. 원금 7억에서 12억 찍힐때까진 좋았는데...주식은 참 어려운것 같다ㅋ 그나마 여윳돈이니 망정이지... ​ 파이어족할려고 했다가 2차전지 꼬라지보니 몇년은 더 걸릴것 같아서...50살까지는 다시 일해야할것 같다. ​ 다행히 타이밍 맞춰 좋은자리가 하나 생기더라 경력감안해서 연봉 6천중반까지 맞춰준다는데, 돈준만큼 얼마나 굴려먹을지 심란해서 잠도 안온다... ​ 그래 내 팔자에 뭔 리치피플이냐... 일이나 할란다."
DM-001899,raw_details.csv,915,crawler_detail.py,네이버 종목토론방 본문 + CBOX 댓글,board_comment,토론방 댓글,에코프로비엠,2026-08-04T14:09:57+0900,1,427091610,,9,538717393b64,마 ㅡ 잘했어 ㅡ
DM-001900,raw_details.csv,916,crawler_detail.py,네이버 종목토론방 본문 + CBOX 댓글,board_comment,토론방 댓글,에코프로비엠,2026-08-04T13:24:42+0900,2,427091610,,44,24350438c8b5,욕심을 버렸어야지. 파이어족? 야 심심해. 열심히 땀흘리면서 80살까지 일해 마
DM-001901,raw_details.csv,917,crawler_detail.py,네이버 종목토론방 본문 + CBOX 댓글,board_comment,토론방 댓글,에코프로비엠,2026-08-04T08:39:22+0900,1,427091610,후회·손실고통,11,721cd8ad5d1b,반토막 더나버리면..
DM-001902,raw_details.csv,918,crawler_detail.py,네이버 종목토론방 본문 + CBOX 댓글,board_comment,토론방 댓글,에코프로비엠,2026-08-04T08:27:24+0900,3,427091610,충동·중독시그널,206,d0be7651eab5,"시련과 고통은 모두에게 다 평등하게 다가 온다고 본다. 그 형태는 돈, 건강, 이혼, 우울, 불화, 구조조정, 왕따, 중독 등 다양하다. 그러나 좀 더 현명하게 정신적, 육체적 균형을 잘 유지하고 현재의 상황에 충실하고 버티면 반드시 기뻐할 날이 올 것이다. 전기차는 앞으로 누구가 뭐라고 해도 대세가 될 수 밖에 없는 지구 환경적인 요구사항이다. 버터라 쓰러지지 말고"
DM-001903,raw_details.csv,919,crawler_detail.py,네이버 종목토론방 본문 + CBOX 댓글,board_comment,토론방 댓글,에코프로비엠,2026-08-04T08:22:25+0900,2,427091610,,70,324ee5c59822,주식을 단순하게 생각해. 5일선깨면 매도 5일선위로가면 매수. 20일건선 꺽기기 시작하면 단중기 추세변화. 기계적인 매매를해라
DM-001904,raw_details.csv,920,crawler_detail.py,네이버 종목토론방 본문 + CBOX 댓글,board_comment,토론방 댓글,에코프로비엠,2026-08-04T07:39:04+0900,2,427091610,,34,4ddae923edb5,게코똥주 같은 똥 다시는 밟지 말고 열심히 살아라. 응원한다.
DM-001905,raw_details.csv,921,crawler_detail.py,네이버 종목토론방 본문 + CBOX 댓글,board_comment,토론방 댓글,에코프로비엠,2026-08-04T07:02:03+0900,7,427091610,FOMO·상대적박탈감|후회·손실고통,297,1599972ca6fe,그래도 당신이 부럽습니다 내가 봤을때 ~~ 에코프로로 번돈 그리고 퇴직금까지 몽땅 투자 그 기간중에 계속 보유했으면 그나마 반에 반 토막인데 돌 하나 땜에 엔*으로 가서 10분의 1토막 다시 다른 2차전지 매수 또다시 하락 얼마나 하락했는지 계좌를 못멸어보고  있음 작년에 신용대출 내어서 투입 안했기만 했어도 다행일텐데 하고 후회중입니다 50대 중반이되어가는 나~~ 이젠 주식이 두렵습니다 2009년부터 투자하며 2023년 까지 불패였지만 한순간에 모든것이 사라질 수 있다는 걸 ~ 내가 다시 일어 설수 있을지 너무 고통스럽습니다
DM-001906,raw_details.csv,922,crawler_detail.py,네이버 종목토론방 본문 + CBOX 댓글,board_body,토론방 본문,에코프로비엠,2026-08-04T01:20:27,3,427090772,,21,96f8e26177c7,미장 미치도록 오르네 비엠 날개달았나?
DM-001907,raw_details.csv,923,crawler_detail.py,네이버 종목토론방 본문 + CBOX 댓글,board_comment,토론방 댓글,에코프로비엠,2026-08-04T07:41:25+0900,0,427090772,,41,1965510116a0,근데 게코 똥주는 미치도록 빠지네... 게코똥주는 바위를 목에 매달았나??
DM-001908,raw_details.csv,924,crawler_detail.py,네이버 종목토론방 본문 + CBOX 댓글,board_body,토론방 본문,에코프로비엠,2026-08-04T00:24:43,0,427089549,,27,e9086aad27bb,이건 오늘 왜 않올랏지 대한광통신도 올랏는데 ㅠㅠ
DM-001909,raw_details.csv,925,crawler_detail.py,네이버 종목토론방 본문 + CBOX 댓글,board_comment,토론방 댓글,에코프로비엠,2026-08-04T07:42:46+0900,0,427089549,,43,29a9d4f3f43a,이건 오늘도 땅굴 파겠네. 똥채 똥간이 다 차서 땅속을 파서 똥 쌀 거라네..
DM-001910,raw_details.csv,926,crawler_detail.py,네이버 종목토론방 본문 + CBOX 댓글,board_body,토론방 본문,에코프로비엠,2026-08-03T23:56:44,9,427088542,,102,cb8d02de9eb9,비엠은 진짜 무슨생각이냐 2분기 실적 안좋고 3분기도 그렇다며.. 목표주가는 유증가보다 하락제시에 그냥 가만히 있으면 되는게 아니자나 어떻게든 유증가 위로 주가부양할 한방을 가져와 ​
DM-001911,raw_details.csv,927,crawler_detail.py,네이버 종목토론방 본문 + CBOX 댓글,board_comment,토론방 댓글,에코프로비엠,2026-08-04T08:39:41+0900,0,427088542,,36,acafc648b73e,생각은 무슨 생각 ㅋㅋㅋㅋ 전기차시장 개박살나서 실적이 안좋은건데
DM-001912,raw_details.csv,928,crawler_detail.py,네이버 종목토론방 본문 + CBOX 댓글,board_comment,토론방 댓글,에코프로비엠,2026-08-04T01:34:28+0900,2,427088542,,44,dee1b00fb8fe,실적이 개판인건 답이 없다.ㅋㅋㅋㅋ뭘하든.......쇼취급 당하지.ㅋㅋㅋㅋㅋㅋㅋ
DM-001913,raw_details.csv,929,crawler_detail.py,네이버 종목토론방 본문 + CBOX 댓글,board_body,토론방 본문,에코프로비엠,2026-08-03T23:50:58,5,427088225,분노·불신,36,9a38f1ec7954,똥체야욕.오직주주등처묵기위한온갖사기공갈동원 유증불가능주가는7만학실
DM-001914,raw_details.csv,930,crawler_detail.py,네이버 종목토론방 본문 + CBOX 댓글,board_body,토론방 본문,에코프로비엠,2026-08-03T23:32:24,6,427087289,,52,edbeab04cd17,헝가리 생산기지 헝가리 생산기지 막 양산 체제 들어 갔으니 연말쯤이면 뭔가 실적이 나오겠지..
DM-001915,raw_details.csv,931,crawler_detail.py,네이버 종목토론방 본문 + CBOX 댓글,board_comment,토론방 댓글,에코프로비엠,2026-08-04T01:35:41+0900,1,427087289,후회·손실고통,54,60eea60c1d8c,공장 돌려서 적자 확대.ㅋㅋㅋㅋㅋㅋㅋㅋㅋㅋㅋㅋㅋㅋㅋㅋㅋ가동율50프로는 되야 본전일텐데.ㅋㅋㅋㅋㅋㅋ
DM-001916,raw_details.csv,932,crawler_detail.py,네이버 종목토론방 본문 + CBOX 댓글,board_comment,토론방 댓글,에코프로비엠,2026-08-03T23:36:01+0900,1,427087289,,8,949622a439e7,가동율 10%다
DM-001917,raw_details.csv,933,crawler_detail.py,네이버 종목토론방 본문 + CBOX 댓글,board_body,토론방 본문,에코프로비엠,2026-08-03T23:31:52,4,427087255,불안·공포,49,ac6ca8293ea3,야 민주당 유료회원 탈퇴 우찌하냐 갈켜줘라. 팩스 넣는거 말고 이번에 정떨어졌어 폭락 장
DM-001918,raw_details.csv,934,crawler_detail.py,네이버 종목토론방 본문 + CBOX 댓글,board_body,토론방 본문,에코프로비엠,2026-08-03T23:27:07,2,427086991,,55,cdfc0d0e6bfe,●아이오닉3 와 차 나왔따 sdi 배터리 탑재 50만대분 계약했따는 썰 bm양극재 들어가는지는 몰라
DM-001919,raw_details.csv,935,crawler_detail.py,네이버 종목토론방 본문 + CBOX 댓글,board_body,토론방 본문,에코프로비엠,2026-08-03T23:00:51,4,427085476,후회·손실고통,150,313cbe251927,무제 오늘 아침에 반토막까지 가든데.. 이런 막장 주식이 뭐라고  처다보고 기댈 하고 있든지 내 자신이 참... 밥 맛도 없고 살고싶은 생각도 없고 엘지나 에코나 그냥 다 망했으면 좋겠다. 내가 왜 이따우껄 처다봤는지 넘 후회되고 ... 막막하다. ​ 이런 개... ​
DM-001920,raw_details.csv,936,crawler_detail.py,네이버 종목토론방 본문 + CBOX 댓글,board_comment,토론방 댓글,에코프로비엠,2026-08-03T23:23:15+0900,0,427085476,,76,fd3e08f74ffb,안티 작업자들 총 출동 했네.. 너가 지은 죄값이 너 자식에게 갈것이다 착하게살아라 악질 안티 댓글러 3대가 망할것이다 그렇다고 ㅋㅋㅋㅋ
DM-001921,raw_details.csv,937,crawler_detail.py,네이버 종목토론방 본문 + CBOX 댓글,board_body,토론방 본문,에코프로비엠,2026-08-03T22:42:30,4,427083948,,29,b780427add5c,혹시 화장품 사업하는 이유가 딸 때문 아니겠죠. 설마
DM-001922,raw_details.csv,938,crawler_detail.py,네이버 종목토론방 본문 + CBOX 댓글,board_body,토론방 본문,에코프로비엠,2026-08-03T22:37:43,6,427083510,분노·불신,475,d70faaecc0b2,"이동채, 이 놈은, , 몇 천억 정도의 , 재산을 , 가족 명의로,  빼 돌려 놓고, 유증한다고 ? ....ㅎㅎㅎㅎㅎㅎ 그냥, 에코 그룹 에서, 몽땅 , 돈을 빼 내서, 뒤로 빼 돌리고, 부도 내면, ?  ....ㅎㅎㅎㅎㅎ ​ 망하는 것은,  개미 주주들 뿐이라고, 동채는 그냥 , 이 회사를 버리면 되는 거야....ㅎㅎㅎ ​ 그 자는 , 앞으로도, 계속, 준 재벌로 , 그냥,  남아 있게 되고 , 개미들만, 아주, 알 거지로 남게 되지..... ​ 졸지에, 돈 한푼 없는,  거지가 된다는 말이야..., ....ㅎㅎㅎㅎ ​ 한번이라도 , 이런 경우를 ,당해 본  개미들은, 얼마나, 무서운지를 ,알 것이야....ㅎㅎㅎㅎ ​ 그런 일이, 이 바닥에서는 아주 , 흔한 일이라고.....ㅎㅎㅎㅎㅎ ​ 그래서, 자꾸 주의 하라고 하는 거야.....ㅎㅎㅎㅎㅎㅎ ​ 아직도, 무슨 소리지 모르겠다고 ? .....ㅎㅎㅎㅎㅎㅎㅎ ​ ㅎㅎㅎㅎㅎㅎㅎㅎㅎㅎㅎㅎㅎ ​"
DM-001923,raw_details.csv,939,crawler_detail.py,네이버 종목토론방 본문 + CBOX 댓글,board_comment,토론방 댓글,에코프로비엠,2026-08-03T23:02:06+0900,0,427083510,,137,a7d5d246c55a,"돈 빼 돌리기 , 제일  쉬운 방법은, 신 사업을 합네 하고, 정보를 흘리면서, 돈을 뒤로, 빼내지, 제일 쉬운 밥법중에 하나 야....예를 들면, 화장품 회사 인수한다거나, 인도네시아서 광물 단지를, 산다는 것 등....ㅎㅎㅎㅎㅎㅎㅎㅎㅎㅎㅎㅎㅎ"
DM-001924,raw_details.csv,940,crawler_detail.py,네이버 종목토론방 본문 + CBOX 댓글,board_comment,토론방 댓글,에코프로비엠,2026-08-03T22:45:27+0900,1,427083510,,88,3144634952ab,"내가, 자꾸 , 이런 주의를 주는 , 이유는, 이 자는 불법으로 , 감방 안에서도, 주식을 팔아 먹은 자라고, 진짜 무서운 놈이야.!....ㅎㅎㅎㅎㅎㅎㅎㅎㅎㅎ"
DM-001925,raw_details.csv,941,crawler_detail.py,네이버 종목토론방 본문 + CBOX 댓글,board_body,토론방 본문,에코프로비엠,2026-08-03T21:57:13,8,427081090,,43,129643f7b9a5,"나도 목표가 정해준다 per,pbr,eps계산하면  진짜 잘쳐줘서 34164원"
DM-001926,raw_details.csv,942,crawler_detail.py,네이버 종목토론방 본문 + CBOX 댓글,board_body,토론방 본문,에코프로비엠,2026-08-03T20:58:09,8,427079049,,16,374f194160b4,이거상폐인가 주가가ㅋ 말을하네
DM-001927,raw_details.csv,943,crawler_detail.py,네이버 종목토론방 본문 + CBOX 댓글,board_body,토론방 본문,에코프로비엠,2026-08-03T20:48:38,6,427078632,,38,633da267ae1a,관심종목에서 삭제했음 이런것을 23만에 매수하여 25만에 매도했다니.
DM-001928,raw_details.csv,944,crawler_detail.py,네이버 종목토론방 본문 + CBOX 댓글,board_comment,토론방 댓글,에코프로비엠,2026-08-03T20:51:30+0900,1,427078632,,67,f3301c6897a6,"방금 한경와우 TV 에서 ,,,처답보지말라네여,,갚을돈도 어마어마하고(4400억)유상증자에 업황도안좋고 실적도 개판이라며"
DM-001929,raw_details.csv,945,crawler_detail.py,네이버 종목토론방 본문 + CBOX 댓글,board_body,토론방 본문,에코프로비엠,2026-08-03T20:46:51,6,427078573,,89,abfb66799022,"뮈~뭐라고? 에코프로비엠.... 목표가 115,000원 이라고? 완전 미첫구나~ 뒤통수 치는기업 평단가 5만원이면 충분한디.. 어서오거라..형이 매수하마 풉.."
DM-001930,raw_details.csv,946,crawler_detail.py,네이버 종목토론방 본문 + CBOX 댓글,board_body,토론방 본문,에코프로비엠,2026-08-03T20:38:58,10,427078232,후회·손실고통,138,49d8d15cbb06,"회사것들 ev도 폭망, ess도 폭망 다 폭망일거 미리 알고 있으면서 유증을 때린거냐? 주주간담회 영상보면 장미빛 전망에 이번에 수주 자신있다고 꼴깝 떨더니 실적은 폭망. 어떻게 작년동기 대비 마이너스가 될수 있냐? 이건 정말 너무한거 아니냐? ​"
DM-001931,raw_details.csv,947,crawler_detail.py,네이버 종목토론방 본문 + CBOX 댓글,board_body,토론방 본문,에코프로비엠,2026-08-03T20:29:12,1,427077832,불안·공포,51,7d11e73bee4f,잡주 윤성코스모엔켐도 15%가고 오늘도 5%엔켐윤성 또 급등 낼은 104000원  유가폭락.
DM-001932,raw_details.csv,948,crawler_detail.py,네이버 종목토론방 본문 + CBOX 댓글,board_body,토론방 본문,에코프로비엠,2026-08-03T19:55:49,6,427076118,분노·불신,23,04ba50a44037,매출 실적도 없는 거품 적정가 육만원 ~~
DM-001933,raw_details.csv,949,crawler_detail.py,네이버 종목토론방 본문 + CBOX 댓글,board_comment,토론방 댓글,에코프로비엠,2026-08-03T20:06:03+0900,1,427076118,,18,c92dc7b15c05,오~~후하게 쳐주네  난 5만원😂
DM-001934,raw_details.csv,950,crawler_detail.py,네이버 종목토론방 본문 + CBOX 댓글,board_body,토론방 본문,에코프로비엠,2026-08-03T19:51:15,6,427075850,,36,aabdd41cb911,진짜 저뚜 오른것도 없으면서 삼전닉스처럼내리네 ㅋㅋ 8대종목 ㅋㅋ
DM-001935,raw_details.csv,951,crawler_detail.py,네이버 종목토론방 본문 + CBOX 댓글,board_body,토론방 본문,에코프로비엠,2026-08-03T19:41:12,4,427075317,,22,a2944a3074d2,날카롭게 내려 꽂네 잘못하면 손 나간다.
DM-001936,raw_details.csv,952,crawler_detail.py,네이버 종목토론방 본문 + CBOX 댓글,board_comment,토론방 댓글,에코프로비엠,2026-08-03T23:02:48+0900,0,427075317,,26,f5de74de1647,너 집구석 마누라 처럼 말이지 그렇다고 ㅋㅋㅋㅋ
DM-001937,raw_details.csv,953,crawler_detail.py,네이버 종목토론방 본문 + CBOX 댓글,board_body,토론방 본문,에코프로비엠,2026-08-03T19:31:02,8,427074670,,28,e5d09ea8f117,백만원 백만원 찍을때까지 안팔고 있다가 거지되어있다
DM-001938,raw_details.csv,954,crawler_detail.py,네이버 종목토론방 본문 + CBOX 댓글,board_body,토론방 본문,에코프로비엠,2026-08-03T19:24:50,5,427074207,,20,4184e3dcbd85,그놈에 5만원 제발 와라 물 좀 타자
DM-001939,raw_details.csv,955,crawler_detail.py,네이버 종목토론방 본문 + CBOX 댓글,board_body,토론방 본문,에코프로비엠,2026-08-03T19:19:31,5,427073841,,12,57e82a251ae2,5만원대 오면 물탈거임
DM-001940,raw_details.csv,956,crawler_detail.py,네이버 종목토론방 본문 + CBOX 댓글,board_body,토론방 본문,에코프로비엠,2026-08-03T19:07:02,5,427073110,,13,60199584acd3,ㅋ 로봇보다 못한 잡주넹
DM-001941,raw_details.csv,957,crawler_detail.py,네이버 종목토론방 본문 + CBOX 댓글,board_body,토론방 본문,에코프로비엠,2026-08-03T18:50:42,8,427072386,분노·불신,78,8843554df2f8,이런 11주연속 dog같은 주식이 내계좌에 있다니 쓰레기통에 쳐박아 버려야지 이런 주식이 코스닥 시총 상위 ?? 개별잡주도 이거보다 나아 ​
DM-001942,raw_details.csv,958,crawler_detail.py,네이버 종목토론방 본문 + CBOX 댓글,board_body,토론방 본문,에코프로비엠,2026-08-03T18:45:00,4,427072143,,108,8252d13ae508,전 분기 전년 동기 대비 양극제 수출량 증가했다. 글로벌 전기차 판매량을 봐라! 수출 통계 봐라! (https://moneyrecipe.blog/export-statistics/cathode/)
DM-001943,raw_details.csv,959,crawler_detail.py,네이버 종목토론방 본문 + CBOX 댓글,board_comment,토론방 댓글,에코프로비엠,2026-08-03T19:00:15+0900,0,427072143,,14,d17a08054258,야 s ekya 스팸이자나
DM-001944,raw_details.csv,960,crawler_detail.py,네이버 종목토론방 본문 + CBOX 댓글,board_body,토론방 본문,에코프로비엠,2026-08-03T18:44:58,5,427072142,불안·공포,13,d9fe2f3582be,5만원 금방이다 조심해라
DM-001945,raw_details.csv,961,crawler_detail.py,네이버 종목토론방 본문 + CBOX 댓글,board_comment,토론방 댓글,에코프로비엠,2026-08-03T19:40:43+0900,0,427072142,,32,464b0370af6a,"5만원은 예전 주가로 250,000원으로 이것도 비싸다.."
DM-001946,raw_details.csv,962,crawler_detail.py,네이버 종목토론방 본문 + CBOX 댓글,board_body,토론방 본문,에코프로비엠,2026-08-03T18:32:36,5,427071613,,79,6bdaf0de8b86,그지같은 회사 ㅋ 9만원은 죽어라 버티는구만.. 주가 폭망으로 5만원 부탁한다.. 5만원 정도면 아무리 뒤통수 전문 회사라도 형이 사준다..~
DM-001947,raw_details.csv,963,crawler_detail.py,네이버 종목토론방 본문 + CBOX 댓글,board_body,토론방 본문,에코프로비엠,2026-08-03T18:04:59,6,427070347,,96,3c760c2626c7,말이안되는게 에코프로비엠+포스코퓨처엠(배터리부문)+lg화학(배터리부문)+코스모신소재 4사 매출 합친게 =엘앤에프 한 회사매출인데 ㅋㅋ 시총이 3-4배 이상씩들 이게 국장;;
DM-001948,raw_details.csv,964,crawler_detail.py,네이버 종목토론방 본문 + CBOX 댓글,board_comment,토론방 댓글,에코프로비엠,2026-08-03T18:41:34+0900,2,427070347,,12,b4cb7461fb0b,야  엘앤 부채를 봐라
DM-001949,raw_details.csv,965,crawler_detail.py,네이버 종목토론방 본문 + CBOX 댓글,board_body,토론방 본문,에코프로비엠,2026-08-03T17:49:44,5,427069563,,86,b70c1186f33b,난 찬티 뿡어덜 정말 이해불가 ㅋㅋㅋ 3년동안 수주도 못해 ㅋㅋㅋ ​ 돈더 못벌어 거기에 유증 ㅋㅋㅋㅋㅋ ​ 이런 잡주 사놓거 물타는 이유기 뭐여 ㅋㅋㅋㅋ
DM-001950,raw_details.csv,966,crawler_detail.py,네이버 종목토론방 본문 + CBOX 댓글,board_body,토론방 본문,에코프로비엠,2026-08-03T17:47:06,5,427069421,,67,1479f5688d3e,여자들이 전기차 타는남자 싫어한다는 뉴스보고.. ​ 전기차를 자동차로 안보고 ​ 이동식 화장터로 본다는 말이 많터라. ​
DM-001951,raw_details.csv,967,crawler_detail.py,네이버 종목토론방 본문 + CBOX 댓글,board_body,토론방 본문,에코프로비엠,2026-08-03T17:37:42,2,427068895,,84,d804f0cc4bc4,메인계좌도 인증허고 싶다 ㅋㅋㅋ 오늘도 서브 계좌만인증 ㅋㅋㅋ ​ 패드립 전문 샌드야 계좌인증좀해라 ㅋㅋㅋ ​ 엉아 메인계좌 좀 인증하자 ㅋㅋㅋ ​ ​
DM-001952,raw_details.csv,968,crawler_detail.py,네이버 종목토론방 본문 + CBOX 댓글,board_comment,토론방 댓글,에코프로비엠,2026-08-03T23:21:01+0900,0,427068895,,15,808cc7beb932,빈수레가 요란하구나 그렇다고
DM-001953,raw_details.csv,969,crawler_detail.py,네이버 종목토론방 본문 + CBOX 댓글,board_body,토론방 본문,에코프로비엠,2026-08-03T17:34:26,20,427068676,,164,faa8db945ca8,"IR자료가 중학교 수준이네 영업이익 200억이 10조 평가 받고 있으면, 현재 문제가 뭐고 미래에 대한 구체적인 비전을 제시해야 투자자들이 이해를 하지. 이건 뭐 북미시장 감소, 헝가리 공장가동 이미 다 알고 있는 뻔한 얘기로 또 퉁치고 있네 ㅋㅋㅋㅋㅋㅋ 진짜 이런 회사 투자한 내손을 잘라야지"
DM-001954,raw_details.csv,970,crawler_detail.py,네이버 종목토론방 본문 + CBOX 댓글,board_comment,토론방 댓글,에코프로비엠,2026-08-03T18:13:06+0900,0,427068676,,197,f857b5aea0f4,사업한다는 놈들이 시장 탓을 하고 있는 게 정말 한심한 회사다. 시장 변화에 대한 대처도 할 줄 모르는 놈들이 1.2조 유증을 한다고? 유증 금액도 대충 때려 잡아 넣었겠지. 개 호로 새::  끼:: 들... 저런 것들이 코스닥 시총 상위 종목이니 코스닥이 대판 되지... 한심한 조성 주식 시장이다... 상폐되도 좋으니 이번 유증은 불발 되어야 한다.
DM-001955,raw_details.csv,971,crawler_detail.py,네이버 종목토론방 본문 + CBOX 댓글,board_body,토론방 본문,에코프로비엠,2026-08-03T17:30:43,5,427068423,,96,6ae5fc4196d4,평단 20만원 넘은 뿡어덜은 ㅌㅌㅌㅌ 주식 접어 ㅋㅋㅌㅌ돈버는 길이다 ㅋㅋㅋ ​ 그 실력으로 주식 계속허면 한강 간다 ㅋㅋㅋ ​ 이런 잡주 살 실력이면 월급 저축이나해라ㅋㅋ
DM-001956,raw_details.csv,972,crawler_detail.py,네이버 종목토론방 본문 + CBOX 댓글,board_comment,토론방 댓글,에코프로비엠,2026-08-03T18:51:31+0900,0,427068423,,7,30eeab4a2155,Ni 엄2부터
DM-001957,raw_details.csv,973,crawler_detail.py,네이버 종목토론방 본문 + CBOX 댓글,board_body,토론방 본문,에코프로비엠,2026-08-03T17:22:46,7,427067924,,118,d35a3d8bf1ec,어떤곳에서는 맨날 줍줍 찬스라고 ㅋㅋㅋ그것은 바로 유튭 우공이산 ​ 머머리 아재 신도들 ㅋㅋㅋ ​ 20만 깨질때도 줍줍찬스 유증하고 꼬라박해도 줍줍찬스 10만 깨져도 줍줍찬스 ㅋㅋㅋ ​ 댓글보면 가관임 ㅋㅋㅋ ​
DM-001958,raw_details.csv,974,crawler_detail.py,네이버 종목토론방 본문 + CBOX 댓글,board_comment,토론방 댓글,에코프로비엠,2026-08-03T22:54:12+0900,0,427067924,,39,b870c091bcc7,퇴근하고 투잡하고 대리뛰고. 돈받아서. 물탈걸? 바떼리 아저씨 말 듣고
DM-001959,raw_details.csv,975,crawler_detail.py,네이버 종목토론방 본문 + CBOX 댓글,board_comment,토론방 댓글,에코프로비엠,2026-08-03T18:43:46+0900,0,427067924,,6,9a59e5236510,사이비 종교
DM-001960,raw_details.csv,976,crawler_detail.py,네이버 종목토론방 본문 + CBOX 댓글,board_comment,토론방 댓글,에코프로비엠,2026-08-03T18:17:02+0900,0,427067924,분노·불신,97,f1b7f5ba5623,그러니 게코가 주주들을 닭대가리로 보고 말도 안되는 유증을 한다고 설레발 떨지. 이번 유증은 절대로 불발돼야 한다. 그래야 게코 쓰레기들한테 더 당하는 닭대가리들이 없어진다.
DM-001961,raw_details.csv,977,crawler_detail.py,네이버 종목토론방 본문 + CBOX 댓글,board_body,토론방 본문,에코프로비엠,2026-08-03T17:21:37,1,427067853,,52,0535b7661900,쩜상속보서울·경기남부‘폭염중대경보 쩜상속보 서울경기 남부 폭염중대경보  역사상 첫발령 외출금지
DM-001962,raw_details.csv,978,crawler_detail.py,네이버 종목토론방 본문 + CBOX 댓글,board_body,토론방 본문,에코프로비엠,2026-08-03T16:56:31,17,427066294,불안·공포|후회·손실고통|분노·불신,191,d215ccfb0371,최고점대비 70퍼 전고점대비 50퍼 빠졌는데 더 빠진다고 국내 증권사 전체가 일제히 매도하라고 쏟아내네 하루아침에 쓰레기 회사됨~ 에코야 기술력 좋다고 해주니 뭐 된거처럼 건방떨지 말고 발품 팔아다니며 원수진놈들이랑 좀 풀고 사업해라~ 이정도로 패는건 싫은정도가 아니라 겁나 싫다는거잔아~ 자꾸 바쁜애들 불러다 밥한끼 맥이며 하소연하지 말고~
DM-001963,raw_details.csv,979,crawler_detail.py,네이버 종목토론방 본문 + CBOX 댓글,board_comment,토론방 댓글,에코프로비엠,2026-08-03T18:20:30+0900,2,427066294,,101,4e708a953382,모간이 목표가 6.5마넌으로 책정했다. 이런 수치를 보고도 치욕을 못느끼는 놈들이 게코 똥주 경영진 새::  끼:: 들이다. 챙피한 놈들... 무슨 낮짝으로 IR은 계속 해대노...
DM-001964,raw_details.csv,980,crawler_detail.py,네이버 종목토론방 본문 + CBOX 댓글,board_body,토론방 본문,에코프로비엠,2026-08-03T16:47:59,13,427065744,,39,823321b6fd3f,실적도 개판오분전에 유상증자까지하드만 아주 꼴갑을떨어요 글럿다 갈아탄다
DM-001965,raw_details.csv,981,crawler_detail.py,네이버 종목토론방 본문 + CBOX 댓글,board_body,토론방 본문,에코프로비엠,2026-08-03T16:43:13,24,427065460,,54,a02537d79398,박이사  선대인이는 요즘 뭐하노? 저 두놈들 요즘 뭐하면서 사는지 아시는분? 궁금하다 갑자기 ㅋㅋ
DM-001966,raw_details.csv,982,crawler_detail.py,네이버 종목토론방 본문 + CBOX 댓글,board_comment,토론방 댓글,에코프로비엠,2026-08-04T08:28:45+0900,0,427065460,,25,80b94239562c,너 에미 에비 는  뭐하냐? 그렇다고 ㅋㅋㅋㅋ
DM-001967,raw_details.csv,983,crawler_detail.py,네이버 종목토론방 본문 + CBOX 댓글,board_comment,토론방 댓글,에코프로비엠,2026-08-03T17:13:48+0900,0,427065460,,25,a660b58a7c21,박작가님 유료멤버십회원 데리고 유튜브 방송하심
DM-001968,raw_details.csv,984,crawler_detail.py,네이버 종목토론방 본문 + CBOX 댓글,board_comment,토론방 댓글,에코프로비엠,2026-08-03T17:02:29+0900,1,427065460,,28,bea7b4521922,선대인은 신도들과 함께 삼천당 앞으로 돌격중!!!!
DM-001969,raw_details.csv,985,crawler_detail.py,네이버 종목토론방 본문 + CBOX 댓글,board_comment,토론방 댓글,에코프로비엠,2026-08-03T16:54:50+0900,0,427065460,,34,c5207636c453,잘먹고 잘싸고 잘자고  해피타임 잘하고 있지 광신도들과 함께😂
DM-001970,raw_details.csv,986,crawler_detail.py,네이버 종목토론방 본문 + CBOX 댓글,board_body,토론방 본문,에코프로비엠,2026-08-03T16:39:30,5,427065240,,39,c6e7a4085666,미리빼라 이번주내내빠진다 낼미장안좋고 에코프로실적 박앗는데 그게내일이다
DM-001971,raw_details.csv,987,crawler_detail.py,네이버 종목토론방 본문 + CBOX 댓글,board_comment,토론방 댓글,에코프로비엠,2026-08-03T16:44:18+0900,0,427065240,,76,874eaedaf524,참 거지같은 주식이다... 3년간 주주들 고생을 시키더니 뜬금없이 주식장 안 좋을 때 유증까지 발표해 이게 무슨 꼴인지 주주를 다 죽여라
DM-001972,raw_details.csv,988,crawler_detail.py,네이버 종목토론방 본문 + CBOX 댓글,board_body,토론방 본문,에코프로비엠,2026-08-03T16:38:51,4,427065195,불안·공포,89,2059c0d7a667,내일은 오를거야 라는 꿈을 꾸겠지만 꿈은  현실에서  이룰수 없기에 꿈인거다 이번달안에 7자 안보면 다행이다 내일 프로 실적발표 후 다시 폭락 열차 출발한다 ​
DM-001973,raw_details.csv,989,crawler_detail.py,네이버 종목토론방 본문 + CBOX 댓글,board_body,토론방 본문,에코프로비엠,2026-08-03T16:37:57,11,427065149,분노·불신,43,a838f6049bdd,여기ceo공매도짜고치는거 냄새개남 유증도 본인지분까지유증하려했던적이있음 ㅋㅋㅋ
DM-001974,raw_details.csv,990,crawler_detail.py,네이버 종목토론방 본문 + CBOX 댓글,board_body,토론방 본문,에코프로,2026-08-04T14:34:17,13,427144778,후회·손실고통,78,9e105d328dab,주가가 고점에서 60프로가 떨어졌는데 실적 따지는것들은 머리에 생각이란게 든거냐? 수급때문에 떨어졌건 뭐든 주가 조정 받을거 다 받았는데 ​
DM-001975,raw_details.csv,991,crawler_detail.py,네이버 종목토론방 본문 + CBOX 댓글,board_comment,토론방 댓글,에코프로,2026-08-04T14:41:05+0900,0,427144778,,22,d574a25f347f,실적이 안좋으니 -60% 하락한거지 돌아
DM-001976,raw_details.csv,992,crawler_detail.py,네이버 종목토론방 본문 + CBOX 댓글,board_comment,토론방 댓글,에코프로,2026-08-04T14:38:45+0900,0,427144778,,24,7148eac3eeab,매출이 늘어야 한다 영익은 줄어도 된다 돌아
DM-001977,raw_details.csv,993,crawler_detail.py,네이버 종목토론방 본문 + CBOX 댓글,board_comment,토론방 댓글,에코프로,2026-08-04T14:37:06+0900,1,427144778,,34,3306ad86fa3d,매출은 조금줄고 영업이익은 대폭 늘었다  ᆢ장사를 잘한거지 ᆢ
DM-001978,raw_details.csv,994,crawler_detail.py,네이버 종목토론방 본문 + CBOX 댓글,board_body,토론방 본문,에코프로,2026-08-04T14:33:25,12,427144687,,29,5059c9accc0d,실적선방  하반기 실적대박 터진다  목표주가 20만원
DM-001979,raw_details.csv,995,crawler_detail.py,네이버 종목토론방 본문 + CBOX 댓글,board_comment,토론방 댓글,에코프로,2026-08-04T14:40:57+0900,0,427144687,,7,a9df46f00a8a,꿈도 야무지다
DM-001980,raw_details.csv,996,crawler_detail.py,네이버 종목토론방 본문 + CBOX 댓글,board_comment,토론방 댓글,에코프로,2026-08-04T14:34:27+0900,0,427144687,,20,732fe67da3fc,추매금지  ᆢ지수가 살렸다  ᆢㅋㅋㅋ
DM-001981,raw_details.csv,997,crawler_detail.py,네이버 종목토론방 본문 + CBOX 댓글,board_body,토론방 본문,에코프로,2026-08-04T14:32:48,5,427144619,,54,c6bc078e8ca9,"83층 구조대 오냐 실적 발표도 끝났고, 나름 선방한 분위기에 3분기는 더 좋아질 것 같은데..."
DM-001982,raw_details.csv,998,crawler_detail.py,네이버 종목토론방 본문 + CBOX 댓글,board_body,토론방 본문,에코프로,2026-08-04T14:32:45,1,427144610,분노·불신,50,6007587d9f49,분기 300억 영업이익 순이익은 ? ​ 그러면서 1조2천억 넙쭉 손벌려 ​ 사기꾼 들아 ~
DM-001983,raw_details.csv,999,crawler_detail.py,네이버 종목토론방 본문 + CBOX 댓글,board_body,토론방 본문,에코프로,2026-08-04T14:32:27,5,427144576,,84,70e08db35b61,쫄지마셈 안티하는 애들 ​ 더 떨어져서 싸게 사고 싶은데 ​ 생각보다 안떨어져서 저러는거임. ​ 서프라이즈였어도 떨어졌을거임 ​ 난 떨어질때 샀지롱 ㅋ
DM-001984,raw_details.csv,1000,crawler_detail.py,네이버 종목토론방 본문 + CBOX 댓글,board_body,토론방 본문,에코프로,2026-08-04T14:31:48,2,427144507,불안·공포|후회·손실고통,67,a8492b377606,내일은 마이너스 10퍼 빠진다  충돌에 대비하라 어여들 난파선에서 탈출하라 어여들 ....시간외에서 겁나게 뺄 예정입니다
DM-001985,raw_details.csv,1001,crawler_detail.py,네이버 종목토론방 본문 + CBOX 댓글,board_body,토론방 본문,에코프로,2026-08-04T14:31:43,4,427144500,분노·불신,31,4d26ba9cd560,개미 좀  떨고 가려고 겁주었구만 실적이 나쁜것도 아닌데
DM-001986,raw_details.csv,1002,crawler_detail.py,네이버 종목토론방 본문 + CBOX 댓글,board_body,토론방 본문,에코프로,2026-08-04T14:31:11,1,427144447,,26,0e84b6eba17e,81800 뚫고 함 날라가주면 안되겠니? ㅋㅋㅋ
DM-001987,raw_details.csv,1003,crawler_detail.py,네이버 종목토론방 본문 + CBOX 댓글,board_body,토론방 본문,에코프로,2026-08-04T14:30:59,3,427144423,,124,926868036587,안티하는 얘들도.. 어디 맨날 중국인같은 얘들만 쓰니 복붙만 하고 자빠졋네 ㅋㅋ 안먹힌다.. 이제는 차례로 호재가 나올 차례인거 짬 있으면 다 아는걸.  오늘도 열심히 반도체로 꼬시네. ㅋㅋ  반도체 더 빠진다 정신차려 ㅋ
DM-001988,raw_details.csv,1004,crawler_detail.py,네이버 종목토론방 본문 + CBOX 댓글,board_body,토론방 본문,에코프로,2026-08-04T14:29:49,8,427144311,,30,65201f03db59,근데 매출줄고 순영익 늘었음 좋은거아니야 장사 잘함건데
DM-001989,raw_details.csv,1005,crawler_detail.py,네이버 종목토론방 본문 + CBOX 댓글,board_comment,토론방 댓글,에코프로,2026-08-04T14:30:54+0900,0,427144311,,13,2f137d9575af,생각보다  잘 나왔어 ᆢ
DM-001990,raw_details.csv,1006,crawler_detail.py,네이버 종목토론방 본문 + CBOX 댓글,board_body,토론방 본문,에코프로,2026-08-04T14:29:44,7,427144296,,71,2659e406e932,실적 선방했구만  안티만 있나? ㅎ 작년보다 102프로 올랐네 굿!! 다음분기 더기대되고  후반기부터 내년까지 쭉 잘가보자 ^^
DM-001991,raw_details.csv,1007,crawler_detail.py,네이버 종목토론방 본문 + CBOX 댓글,board_body,토론방 본문,에코프로,2026-08-04T14:29:22,1,427144256,,63,43e86ac51b3c,젓 퉁수 불어도 나는 간다 한톨도 뺏기지 마라  주가는  실적으로 가는게 아니다  주가는 테마    테마로  간다
DM-001992,raw_details.csv,1008,crawler_detail.py,네이버 종목토론방 본문 + CBOX 댓글,board_comment,토론방 댓글,에코프로,2026-08-04T14:29:32+0900,0,427144256,후회·손실고통,5,4b8ab951f6a9,존버 삼십
DM-001993,raw_details.csv,1009,crawler_detail.py,네이버 종목토론방 본문 + CBOX 댓글,board_body,토론방 본문,에코프로,2026-08-04T14:27:18,7,427144045,,81,0524b4071780,에코 실적 그닥인데도 반등 이유 간결 정리 어라 적자인 줄 알았는데 흑자네?! ​ 그럼 올려야지! ​ 턴어라운드 기업은 당근 오르는 게 정석이다!
DM-001994,raw_details.csv,1010,crawler_detail.py,네이버 종목토론방 본문 + CBOX 댓글,board_comment,토론방 댓글,에코프로,2026-08-04T14:29:00+0900,0,427144045,불안·공포,22,297cbf75e9f0,그냥 ㅡ적자라서 대폭락 한 거 아녔나??
DM-001995,raw_details.csv,1011,crawler_detail.py,네이버 종목토론방 본문 + CBOX 댓글,board_comment,토론방 댓글,에코프로,2026-08-04T14:27:58+0900,0,427144045,,23,ccd7791b5189,적자? ㅋㅋㅋㅋ 개판인데 뭐가 적자가 낫다
DM-001996,raw_details.csv,1012,crawler_detail.py,네이버 종목토론방 본문 + CBOX 댓글,board_body,토론방 본문,에코프로,2026-08-04T14:25:36,12,427143887,,47,32efccd39629,어려운 시기에 실적 잘 나왔구만 바퀴벌레 안티들은 뭔 실적이 바닥쳤다고 생난리들이냐?
DM-001997,raw_details.csv,1013,crawler_detail.py,네이버 종목토론방 본문 + CBOX 댓글,board_comment,토론방 댓글,에코프로,2026-08-04T14:27:55+0900,0,427143887,,10,3a3cc9893c73,실적 똥꼬프로 상승
DM-001998,raw_details.csv,1014,crawler_detail.py,네이버 종목토론방 본문 + CBOX 댓글,board_comment,토론방 댓글,에코프로,2026-08-04T14:26:59+0900,0,427143887,,26,accce1cf0d28,단타 신용들 오늘다정리하고 내일부터 수직상승하자
DM-001999,raw_details.csv,1015,crawler_detail.py,네이버 종목토론방 본문 + CBOX 댓글,board_comment,토론방 댓글,에코프로,2026-08-04T14:26:30+0900,0,427143887,,10,c1f9c493668f,바퀴들 뇌속이 바닥
DM-002000,raw_details.csv,1016,crawler_detail.py,네이버 종목토론방 본문 + CBOX 댓글,board_body,토론방 본문,에코프로,2026-08-04T14:25:10,3,427143844,,14,eced0808b086,"지금이니.."" 물타도 돼?"
DM-002001,raw_details.csv,1017,crawler_detail.py,네이버 종목토론방 본문 + CBOX 댓글,board_comment,토론방 댓글,에코프로,2026-08-04T14:32:06+0900,0,427143844,,41,9fd46f692409,웅 괴추물 봉지에 담어서 물타ㅡ 초보구나 물타지 말고 다른계좌 만들어 사라
DM-002002,raw_details.csv,1018,crawler_detail.py,네이버 종목토론방 본문 + CBOX 댓글,board_body,토론방 본문,에코프로,2026-08-04T14:24:56,3,427143825,분노·불신,25,cdedab65949c,진짜 개국장 이건 뭐 대놓고 주가 조작이네 ​
DM-002003,raw_details.csv,1019,crawler_detail.py,네이버 종목토론방 본문 + CBOX 댓글,board_body,토론방 본문,에코프로,2026-08-04T14:24:51,8,427143814,,57,5e6f9bc9b677,실발만 아니였으면 오늘 10% 상승인데 이 종목은 하나부터 열까지 다 좋깥네 ​ 이죄명 이동채 최악이다
DM-002004,raw_details.csv,1020,crawler_detail.py,네이버 종목토론방 본문 + CBOX 댓글,board_body,토론방 본문,에코프로,2026-08-04T14:22:24,4,427143565,,20,0fcfc93414ff,실적 망했다 아직 전기차 때가 아니네
DM-002005,raw_details.csv,1021,crawler_detail.py,네이버 종목토론방 본문 + CBOX 댓글,board_comment,토론방 댓글,에코프로,2026-08-04T14:24:49+0900,1,427143565,,35,2134a475799a,인도네시아 공장 침수로 가동중단되서 실적하락했는데 복구 다했단다
DM-002006,raw_details.csv,1022,crawler_detail.py,네이버 종목토론방 본문 + CBOX 댓글,board_comment,토론방 댓글,에코프로,2026-08-04T14:24:06+0900,2,427143565,,22,4aab3d468590,전기차 문제가 아니고 이건 회사가 문제야
DM-002007,raw_details.csv,1023,crawler_detail.py,네이버 종목토론방 본문 + CBOX 댓글,board_body,토론방 본문,에코프로,2026-08-04T14:22:09,5,427143528,,44,f7d70b087890,실적 개박았다며???? ㅋㅋㅋㅋㅋ SDI로 와라 에코프로는 ​ 노답이야 ㅋㅋㅋㅋ
DM-002008,raw_details.csv,1024,crawler_detail.py,네이버 종목토론방 본문 + CBOX 댓글,board_body,토론방 본문,에코프로,2026-08-04T14:21:41,2,427143479,,39,ac7516899abf,실적 뭐냐 으휴 개판인거 예상은했지만 기분은 개드럽네 개코프로답다 증말
DM-002009,raw_details.csv,1025,crawler_detail.py,네이버 종목토론방 본문 + CBOX 댓글,board_body,토론방 본문,에코프로,2026-08-04T14:21:25,11,427143443,,1637,11832c403449,"에코프로 2분기 실적발표회 내용에 대한 개인 의견 형님 누님들 안녕하심까 투자의 귀재, 주식 차트의 지배자, 발끝에서 사서 머리 꼭대기에서 판다. 호재인가요? 아니 화재입니다. 한강물 수온 체크는 필요 없다. 왜? 안 들어갈테니까. 월스트리트가 벌벌 떠는 회귀한 재벌집 서자 망나니 바로 저 빠른매매독수리 입니다. 오늘은 에코프로 2분기 IR 핵심 정리를 해보겠습니다. ​ ​ 에코프로 2026년 2분기 IR 핵심 정리 (개인 의견) 2분기 실적은 시장 기대에는 다소 못 미쳤지만, IR 자료를 끝까지 보면 하반기 회복에 대한 근거를 꽤 구체적으로 제시했습니다. ​ ■ 연결 실적 매출 : 8,208억원 (1분기 8,183억원 → +0.3%) 영업이익 : 329억원 (1분기 564억원 → -41.7%) 영업이익률 : 4.0% (1분기 6.9%) 당기순이익 : 492억원 상반기 누적 영업이익 : 893억원 (전년 상반기 176억원 대비 +407%) ​ ■ 영업이익 감소 원인 양극재 영업이익 감소 전구체 영업이익 감소 인도네시아 니켈 제련소 자연재해 영향으로 일시적 가동률 하락 회사는 복구 완료 및 생산 재개, 가동률 회복 중 이라고 설명 ​ ■ 에코프로머티리얼즈 매출 : 1,788억원 (1분기 1,665억원 → +7.4%) 영업이익 : 106억원 (1분기 157억원 → 감소) 영업이익률 : 5.9% 외부 고객사 전구체 판매량 증가 GEN 지역 폭우 및 토사 붕괴 영향으로 수익성 둔화 현재 복구 완료, 생산 재개 중 하반기 북미 신규 고객사 출하 예정 중국 메탈 할인 정책 폐지로 중국산 전구체 가격 경쟁력 약화 → 유럽 시장에서 국내 전구체 점유율 확대 기대 ​ ■ 에코프로HN 매출 : 515억원 (1분기 347억원 → +48.4%) 영업이익 : 58억원 (1분기 50억원 → +16%) 영업이익률 : 11.3% 반도체 시장 호황으로 수주 확대 해외 LNG 발전소 공급 확대 신규 고객 확보 및 환경플랜트 매출 확대 전망 제품 믹스 개선으로 수익성 향상 기대 ​ ■ 리튬 사업 리튬 고객사의 선주문 기저효과로 판매량은 감소 하지만 판가 상승 효과 로 영업이익 증가 회사는 하반기에도 안정적인 매출과 수익성 유지 를 전망 ​ ■ 재무 현금성 자산 : 9,259억원 → 13,364억원 (+44%) 자산총계 : 11조 727억원 → 11조 3,745억원 부채총계 : 6조 391억원 → 6조 2,692억원 자본총계 : 5조 336억원 → 5조 1,053억원 연결 부채비율 : 120.0% → 122.8% 차입금은 자회사 운영자금 및 투자 영향으로 증가 ​ ■ 아쉬운 점 이번 IR에서 가장 아쉬웠던 부분은 에코프로비엠에 대한 구체적인 설명이 부족했다는 점 입니다. 양극재 영업이익 감소는 언급했지만, 출하량 회복, 신규 수주, 고객사 확대 등 시장이 가장 궁금해하는 내용은 자세히 설명되지 않았습니다. ​ ■ 개인적인 종합 의견 2분기 숫자만 보면 기대에는 다소 못 미쳤습니다. 하지만 회사는 하반기 핵심 키워드로 인도네시아 니켈 제련소 가동률 회복 북미 신규 고객 확보 환경사업 성장 리튬 수익성 유지 전구체 판매 확대 를 반복적으로 제시했습니다. 결국 올해 주가의 핵심은 2분기 실적보다 3~4분기 실적이 실제로 개선되는지 가 될 것으로 보입니다. ※ 개인적인 IR 분석이며, 투자 판단은 각자의 책임입니다. ​"
DM-002010,raw_details.csv,1026,crawler_detail.py,네이버 종목토론방 본문 + CBOX 댓글,board_comment,토론방 댓글,에코프로,2026-08-04T14:26:07+0900,1,427143443,,29,cc29a4904dc8,에코머티 2분기 영업익 100억이 아니라 -100억임
DM-002011,raw_details.csv,1027,crawler_detail.py,네이버 종목토론방 본문 + CBOX 댓글,board_comment,토론방 댓글,에코프로,2026-08-04T14:25:09+0900,0,427143443,,5,8311e7f7e1ed,감사합니다
DM-002012,raw_details.csv,1028,crawler_detail.py,네이버 종목토론방 본문 + CBOX 댓글,board_comment,토론방 댓글,에코프로,2026-08-04T14:25:08+0900,1,427143443,,27,cb786c820acf,이런글은 찬티 안티를 떠나 추천 하고 봐야지...
DM-002013,raw_details.csv,1029,crawler_detail.py,네이버 종목토론방 본문 + CBOX 댓글,board_body,토론방 본문,에코프로,2026-08-04T14:20:52,3,427143393,분노·불신,98,fb91e9c78040,실적발표하면  존나빠진다고난리던데 조금 조정받네 ㅎㅎ  그간 빠질만큼빠져서 주가도 무덤덤 ㅋㅋ 이미 기관 외인들 다알고있었다 발표하자 개미만 투매 오도방정 떨면 주식 접어야~지
DM-002014,raw_details.csv,1030,crawler_detail.py,네이버 종목토론방 본문 + CBOX 댓글,board_body,토론방 본문,에코프로,2026-08-04T14:20:13,7,427143309,,21,f37f1494ee03,그려 평생 수주는 협의 중이라고만 하길
DM-002015,raw_details.csv,1031,crawler_detail.py,네이버 종목토론방 본문 + CBOX 댓글,board_body,토론방 본문,에코프로,2026-08-04T14:20:10,9,427143305,,39,5734a6646643,찬물뿌리기전문이냐 ​ 뭐좀오르려고만하면 찬물뿌리냐 진짜 악마가 따로없네
DM-002016,raw_details.csv,1032,crawler_detail.py,네이버 종목토론방 본문 + CBOX 댓글,board_body,토론방 본문,에코프로,2026-08-04T14:20:07,6,427143299,,75,80557ebca63d,실적 개판이네 이러니깐 ir을 한달에 한번씩 하지 실적이 개판이니 리포트 개판으로 쓸까봐 기관들 데려다가 밥 사주고 구라까고 그랬던거네
DM-002017,raw_details.csv,1033,crawler_detail.py,네이버 종목토론방 본문 + CBOX 댓글,board_body,토론방 본문,에코프로,2026-08-04T14:19:33,3,427143226,,30,14702834a96e,찡찡 금지  오빠 안그러기로 했잖아 왜그래 쫌생이 처럼
DM-002018,raw_details.csv,1034,crawler_detail.py,네이버 종목토론방 본문 + CBOX 댓글,board_body,토론방 본문,에코프로,2026-08-04T14:19:25,8,427143213,,56,7fe1ed1c9454,희안타 매출소폭줄고 영업이익 대폭 늘었으면 장사잘한거 아이가? 원가절감 밸류체인 잘되고있는거 아이가?
DM-002019,raw_details.csv,1035,crawler_detail.py,네이버 종목토론방 본문 + CBOX 댓글,board_body,토론방 본문,에코프로,2026-08-04T14:19:20,4,427143208,,25,fac72934f5b2,컨콜 요약  협의중 협의중 협의중 ㅋㅋㅋㅋㅋㅋ
DM-002020,raw_details.csv,1036,crawler_detail.py,네이버 종목토론방 본문 + CBOX 댓글,board_body,토론방 본문,에코프로,2026-08-04T14:18:41,5,427143128,충동·중독시그널,95,9633e201446c,버티는거 보니 추세 전환인가 보다...풀매수 대응하자.. 머티도 밀렸다가 반등중이다... 프로는 잘 버티고 있는거 보니... 매수 찬스구만.... 풀매수 들어갑시다....
DM-002021,raw_details.csv,1037,crawler_detail.py,네이버 종목토론방 본문 + CBOX 댓글,board_comment,토론방 댓글,에코프로,2026-08-04T14:24:04+0900,0,427143128,,56,f266806c540e,긴~터널을 이제 지나왓자나~~ 실적은 그 터널이고 ㅋㅋ 이럴때 파는 얘들이 지금 삼전닉스 사러간다..
DM-002022,raw_details.csv,1038,crawler_detail.py,네이버 종목토론방 본문 + CBOX 댓글,board_body,토론방 본문,에코프로,2026-08-04T14:18:03,8,427143056,,40,bcab3e7aa986,난 1조5천억쯤 할줄알았다 너무기대이하다 이걸 어떻게 기다리고 투자하냐.
DM-002023,raw_details.csv,1039,crawler_detail.py,네이버 종목토론방 본문 + CBOX 댓글,board_comment,토론방 댓글,에코프로,2026-08-04T14:19:24+0900,0,427143056,,20,0e0a77eff60a,이거 회사맞냐???? 이걸 실적이라고
DM-002024,raw_details.csv,1040,crawler_detail.py,네이버 종목토론방 본문 + CBOX 댓글,board_body,토론방 본문,에코프로,2026-08-04T14:17:59,3,427143045,,75,0d3abc41a8f1,2분기 실적은 보름전에 ai에 물어보면 전년도 대비2분기 잠정실적 안좋다고 나오는데 그것도. 모르고 주절거리는 인간들은 주식 접어라 ​
DM-002025,raw_details.csv,1041,crawler_detail.py,네이버 종목토론방 본문 + CBOX 댓글,board_body,토론방 본문,에코프로,2026-08-04T14:17:05,2,427142923,,19,078895f8f625,난 왠지 넥장에서 쳐 올려놓을거같냐
DM-002026,raw_details.csv,1042,crawler_detail.py,네이버 종목토론방 본문 + CBOX 댓글,board_body,토론방 본문,에코프로,2026-08-04T14:16:48,3,427142892,,17,aa925e43b20a,실적 게판이라 빼냐!!!!!!!
DM-002027,raw_details.csv,1043,crawler_detail.py,네이버 종목토론방 본문 + CBOX 댓글,board_comment,토론방 댓글,에코프로,2026-08-04T14:17:40+0900,0,427142892,,15,cb4b89a7ece3,주가보면  알잖아  ᆢㅋㅋㅋ
DM-002028,raw_details.csv,1044,crawler_detail.py,네이버 종목토론방 본문 + CBOX 댓글,board_body,토론방 본문,에코프로,2026-08-04T14:16:47,3,427142888,불안·공포,64,8622fdcf79cd,아니 에코 2분기 실적 그닥인거 이미 다 알고 에코 매수한 거 아니었나? ​ 가장 많이 폭락한 게 가장 큰 빅호재다
DM-002029,raw_details.csv,1045,crawler_detail.py,네이버 종목토론방 본문 + CBOX 댓글,board_body,토론방 본문,에코프로,2026-08-04T14:16:24,2,427142847,,33,4a42ac298b42,머티 개급락했는데 니는 왜 버티노 나락 가즈아ㅋㅋㅋㅋㅋㅋㅋㅋ
DM-002030,raw_details.csv,1046,crawler_detail.py,네이버 종목토론방 본문 + CBOX 댓글,board_comment,토론방 댓글,에코프로,2026-08-04T14:17:10+0900,0,427142847,,39,960779197eb2,코스닥 대장이잖아 얘 급락하면 코스닥이 급락이야 누군가 그게 싫은거겠지
DM-002031,raw_details.csv,1047,crawler_detail.py,네이버 종목토론방 본문 + CBOX 댓글,board_body,토론방 본문,에코프로,2026-08-04T14:16:23,2,427142841,불안·공포,106,c807bdd54517,"예정된 수순이다. 폭락한다고 했짠니.  고고싱 하락... -20% ​ 이 회사는 아닌듯 하다. 삼디나 엔솔이 맞다. ​ 여긴 진짜 망필인 회사인듯 하다 ​ 다 구리고, 주주들 뒤통수 치고.."
DM-002032,raw_details.csv,1048,crawler_detail.py,네이버 종목토론방 본문 + CBOX 댓글,board_body,토론방 본문,에코프로,2026-08-04T14:16:17,1,427142820,FOMO·상대적박탈감,105,78ed3bfc5c15,놀랍지도 않다ㅋㅋㅋㅋㅋㅋㅋㅋ 코스닥 대장주?  이제 코스닥 소외주다ㅋㅋㅋㅋ 지지리 복도 없지 이제 코스피에서 코스닥으로 자금이동 중?인데 코스닥 소외주로 등극하는구나 하필 유상증자... ​
DM-002033,raw_details.csv,1049,crawler_detail.py,네이버 종목토론방 본문 + CBOX 댓글,board_body,토론방 본문,에코프로,2026-08-04T14:16:09,3,427142795,분노·불신,71,ce75211356a6,진짜 못된게 전 분기 대비 실적 개 박살인데 언론엔 전년도 대비로  자료 뿌렸나보네 ㅋㅋ 어디 눈 먼 개미 꼬시려고 참 대단하다
DM-002034,raw_details.csv,1050,crawler_detail.py,네이버 종목토론방 본문 + CBOX 댓글,board_body,토론방 본문,에코프로,2026-08-04T14:15:44,1,427142722,,36,2fb2a0f868cb,멀 내리거 그러냐 인기더 없는 주식 내려 바야 ​ 누가 받아준다고
DM-002035,raw_details.csv,1051,crawler_detail.py,네이버 종목토론방 본문 + CBOX 댓글,board_body,토론방 본문,에코프로,2026-08-04T14:15:38,1,427142708,,24,f79b5d0920c2,하 어렵다 넥장에 뒤통수치러 어디로 갈려나?
DM-002036,raw_details.csv,1052,crawler_detail.py,네이버 종목토론방 본문 + CBOX 댓글,board_body,토론방 본문,에코프로,2026-08-04T14:15:16,2,427142654,,33,697a1b1f7461,수주공시 수주 이야기가 절실하다. 잘좀 하자 IR깽판치지말고
DM-002037,raw_details.csv,1053,crawler_detail.py,네이버 종목토론방 본문 + CBOX 댓글,board_body,토론방 본문,에코프로,2026-08-04T14:15:12,2,427142639,,27,b5812e4ac37c,매출 감소 수익 둔화 당분간 조정 불가피해 보인다
DM-002038,raw_details.csv,1054,crawler_detail.py,네이버 종목토론방 본문 + CBOX 댓글,board_body,토론방 본문,에코프로,2026-08-04T14:15:08,7,427142624,,55,65828a52c3d9,이딴 매출류 1조넘는 금액 유증을 하려하는게 제정신임?주주돈 다 꿀꺽하시게? ㅋㅋㅋㅋㅋ진짜 말이되니
DM-002039,raw_details.csv,1055,crawler_detail.py,네이버 종목토론방 본문 + CBOX 댓글,board_body,토론방 본문,에코프로,2026-08-04T14:14:57,1,427142579,,19,5552c008a091,빨리 10만 에코 가자~ 어서 가자
DM-002040,raw_details.csv,1056,crawler_detail.py,네이버 종목토론방 본문 + CBOX 댓글,board_body,토론방 본문,에코프로,2026-08-04T14:14:51,5,427142565,,31,aedfc470558d,실적보소 처참하네 이런게 10조  에고프로비엠 더블카운팅
DM-002041,raw_details.csv,1057,crawler_detail.py,네이버 종목토론방 본문 + CBOX 댓글,board_body,토론방 본문,에코프로,2026-08-04T14:14:28,3,427142513,,16,c2888a78313d,역시 지옥 이제 아무도 못나가
DM-002042,raw_details.csv,1058,crawler_detail.py,네이버 종목토론방 본문 + CBOX 댓글,board_body,토론방 본문,에코프로,2026-08-04T14:14:27,4,427142511,,16,7e950a0f0dc1,컨콜좀똑바로해라 무능함의끝;;
DM-002043,raw_details.csv,1059,crawler_detail.py,네이버 종목토론방 본문 + CBOX 댓글,board_body,토론방 본문,에코프로,2026-08-04T14:14:27,5,427142507,,37,e33f119318ef,내일은 6만원대 볼예정이드 다들 대비하고 장투는 6만원에 대비하시오
DM-002044,raw_details.csv,1060,crawler_detail.py,네이버 종목토론방 본문 + CBOX 댓글,board_body,토론방 본문,에코프로,2026-08-04T14:14:11,2,427142476,,29,47f8c360dd98,"조짓다, 실적이 너무 않좋네, 기대치에 훨 못미치네,"
DM-002045,raw_details.csv,1061,crawler_detail.py,네이버 종목토론방 본문 + CBOX 댓글,board_body,토론방 본문,에코프로,2026-08-04T14:14:10,2,427142470,,32,b5a79018a8fc,아이러니 하게도 국내주식은 실적 좋으면 하락 이해가 안되네
DM-002046,raw_details.csv,1062,crawler_detail.py,네이버 종목토론방 본문 + CBOX 댓글,board_body,토론방 본문,에코프로,2026-08-04T14:13:59,0,427142448,,26,ffa688722186,제발  컨콜  잘마무리하자🙏 기대감은 없지만..
DM-002047,raw_details.csv,1063,crawler_detail.py,네이버 종목토론방 본문 + CBOX 댓글,board_body,토론방 본문,에코프로,2026-08-04T14:13:08,3,427142353,,17,bc9ca763f10b,이럴줄알았다 그 버릇 어디가나?
DM-002048,raw_details.csv,1064,crawler_detail.py,네이버 종목토론방 본문 + CBOX 댓글,board_body,토론방 본문,에코프로,2026-08-04T14:12:51,4,427142308,,43,2a72b1b5b891,난진짜다팔고 삼전감 영업이익300억짜리에 물리느니 ​ 영업이익90조에 물리겠다
DM-002049,raw_details.csv,1065,crawler_detail.py,네이버 종목토론방 본문 + CBOX 댓글,board_body,토론방 본문,에코프로,2026-08-04T14:12:44,0,427142295,,31,b7a784406d90,에코프로 머티는 급락이다!! 에코프로 머티는 급락이다!!
DM-002050,raw_details.csv,1066,crawler_detail.py,네이버 종목토론방 본문 + CBOX 댓글,board_body,토론방 본문,에코프로,2026-08-04T14:12:34,6,427142270,,107,d58533c0906b,실적이 이따구에 유증?? 것도 대규모로 유증을 감행한거냐 회사로 한탕 해먹으려고 작정했네 이동채는 회사 매각시키고 물러나라 어차피 승계는 어려워보인다 그리고 주가 누르기 벌금이나 맞을 생각해라
DM-002051,raw_details.csv,1067,crawler_detail.py,네이버 종목토론방 본문 + CBOX 댓글,board_body,토론방 본문,에코프로,2026-08-04T14:12:00,3,427142212,,34,aa21958f8889,실적 괜찮음 컨콜만 잘하면 됨 그냥 예상대로임 ㅇㅇ 쫄지들말어
DM-002052,raw_details.csv,1068,crawler_detail.py,네이버 종목토론방 본문 + CBOX 댓글,board_body,토론방 본문,에코프로,2026-08-04T14:11:48,3,427142189,,96,765a2cb9a237,에코 실적 턴어라운드 기대감 실적 엄청 잘 나오면 꼭지 부담감으로. 주가는 급락 ​ ​ 적자 기업 실적 흑자전환이면 턴어라운드 기대감으로 서서히 상승 ​ 요즘 장세가 이렇다
DM-002053,raw_details.csv,1069,crawler_detail.py,네이버 종목토론방 본문 + CBOX 댓글,board_body,토론방 본문,에코프로,2026-08-04T14:11:32,4,427142163,,153,8fe61a946633,실적  나쁜것도 아니다 예코프로의 예상실적은 100~300억원으로 예상한 가격으로 주가가 이제까지 흘러내렸던거다 예상실작보다 상회다 그래서 주가가 잘 빠지지 않는거지 300억원을 초과했으니 악재선반영.. 내일부터 코스닥대장주 위엄을 보여줘야지 가~즈~~아~~!!!!!!!!!
DM-002054,raw_details.csv,1070,crawler_detail.py,네이버 종목토론방 본문 + CBOX 댓글,board_body,토론방 본문,에코프로,2026-08-04T14:11:02,6,427142114,,24,65ac7d58459b,IR... 오늘 IR때 잘 대답해야할터인데?
DM-002055,raw_details.csv,1071,crawler_detail.py,네이버 종목토론방 본문 + CBOX 댓글,board_comment,토론방 댓글,에코프로,2026-08-04T14:13:46+0900,0,427142114,,23,6f4c750e6e64,비엠에서 다 얘기함  3분기 기대말아라하고
DM-002056,raw_details.csv,1072,crawler_detail.py,네이버 종목토론방 본문 + CBOX 댓글,board_comment,토론방 댓글,에코프로,2026-08-04T14:13:23+0900,0,427142114,분노·불신,51,98165df5a7b6,Ir 때 오르는 것 못 봄.  지수 상승으로 8만대서 개미 오지게 꼬시고 넘긴거면 끝인 듯.
DM-002057,raw_details.csv,1073,crawler_detail.py,네이버 종목토론방 본문 + CBOX 댓글,board_body,토론방 본문,에코프로,2026-08-04T14:10:51,3,427142097,,27,25af87d243fe,실적 괜춘한거 아닝? 과연.. 나는 8월까진 홀딩
DM-002058,raw_details.csv,1074,crawler_detail.py,네이버 종목토론방 본문 + CBOX 댓글,board_body,토론방 본문,에코프로,2026-08-04T14:10:47,2,427142091,,14,d7834474daf2,실적 예상보다 하회 망했다
DM-002059,raw_details.csv,1075,crawler_detail.py,네이버 종목토론방 본문 + CBOX 댓글,board_body,토론방 본문,에코프로,2026-08-04T14:10:11,2,427142036,,8,8fd584de1bf7,가자 겹악재소멸
DM-002060,raw_details.csv,1076,crawler_detail.py,네이버 종목토론방 본문 + CBOX 댓글,board_body,토론방 본문,에코프로,2026-08-04T14:10:09,1,427142030,,61,452bffeb6272,정말 너무하네 니가 삼전닉스냐구? 몇번을 말해야 되냐? 코스닥 지수보다도 덜 오르는게 말이되냐? 증말 짱나네.
DM-002061,raw_details.csv,1077,crawler_detail.py,네이버 종목토론방 본문 + CBOX 댓글,board_body,토론방 본문,에코프로,2026-08-04T14:10:01,5,427142021,,177,6c65272119cf,실적이 개판인데. 뭔 유증이냐.  실적 좋을때 다시 한다고 해라. ​ 쪽팔린다. 에효. ​ 전부 적자냐. 셀 업체는 다 서프라이즈인데. ​ 주가 하락이유가 있었는데. 유증도 유증인데. 실적이 개판이네. 실적이 개판인데. 주가가 오르겠냐 ​ 헝가리. 쇼질 그만해라. 좋같은 이동채야. ​ 이죄명한데 쇼하는것만 배워서..
DM-002062,raw_details.csv,1078,crawler_detail.py,네이버 종목토론방 본문 + CBOX 댓글,board_comment,토론방 댓글,에코프로,2026-08-04T14:12:54+0900,1,427142021,,51,c354d64dd3fb,금감원에서 유증 허가보류됐다 운영비도 못버니까 유증한거지 헝가리공장 가동비에쓸려고 핑계댄거지
DM-002063,raw_details.csv,1079,crawler_detail.py,네이버 종목토론방 본문 + CBOX 댓글,board_body,토론방 본문,에코프로,2026-08-04T14:09:45,1,427141996,분노·불신,40,57fe5b6e0544,와 이 개잡주를 받쳐  주는 세력이 있네 와  이거 주가 조작 아니냐 ​
DM-002064,raw_details.csv,1080,crawler_detail.py,네이버 종목토론방 본문 + CBOX 댓글,board_body,토론방 본문,에코프로,2026-08-04T14:09:30,2,427141966,,48,b1dc9e5744e1,지금주가에서내려봤자임 주가는 상승으로 방향이 바뀌어짐 여기서 내리면 얼마나 내린다고 ​
DM-002065,raw_details.csv,1081,crawler_detail.py,네이버 종목토론방 본문 + CBOX 댓글,board_body,토론방 본문,에코프로,2026-08-04T14:09:09,2,427141934,분노·불신,55,203f04a77f2d,에코프로 주가조작 ㅋㅋ 영익 300억짜리 ​ 잡주가 ​ 시총이 10조?ㅋㅋ ​ ㅋㅋㅋㅋㅋㅋ 상폐가답
DM-002066,raw_details.csv,1082,crawler_detail.py,네이버 종목토론방 본문 + CBOX 댓글,board_comment,토론방 댓글,에코프로,2026-08-04T14:12:45+0900,0,427141934,,43,e1127a5da3be,주성은 영업이익 -70억인데 시총 6조다 알텐은 영업이익 400억에 시총18조
DM-002067,raw_details.csv,1083,crawler_detail.py,네이버 종목토론방 본문 + CBOX 댓글,board_body,토론방 본문,에코프로,2026-08-04T14:08:17,3,427141838,,28,412c7b21d214,..... 이래서 제3자 유증이 안됬구나 ㅁㅊㅋㅋㅋ
DM-002068,raw_details.csv,1084,crawler_detail.py,네이버 종목토론방 본문 + CBOX 댓글,board_body,토론방 본문,에코프로,2026-08-04T14:08:08,8,427141820,불안·공포,24,b674cf09d31c,걱정했던거보다 좋네 시장은 어찌 볼것인지..
DM-002069,raw_details.csv,1085,crawler_detail.py,네이버 종목토론방 본문 + CBOX 댓글,board_comment,토론방 댓글,에코프로,2026-08-04T14:09:13+0900,0,427141820,,46,d94d32f0c5ca,걍 분기만 봤을때는 예상치 이상인데 전체적으로는 노답이라 수주 없으면 내리 박을듯요
DM-002070,raw_details.csv,1086,crawler_detail.py,네이버 종목토론방 본문 + CBOX 댓글,board_body,토론방 본문,에코프로,2026-08-04T14:08:01,5,427141810,,50,79fc799b2580,악재소멸!  흑자전환!!! 순이익 흑자전환 컨센서스상회 !!! 생각보다 잘나왔네 가즈아~~
DM-002071,raw_details.csv,1087,crawler_detail.py,네이버 종목토론방 본문 + CBOX 댓글,board_body,토론방 본문,에코프로,2026-08-04T14:07:28,3,427141765,,54,b4b988b2471c,ㅋㅋ 실발만을 기다린것처렁 실적 오르면 선반영되었다고 내리면 실적 저조로 내리고 뻔한 레파토리 ​
DM-002072,raw_details.csv,1088,crawler_detail.py,네이버 종목토론방 본문 + CBOX 댓글,board_body,토론방 본문,에코프로,2026-08-04T14:07:14,3,427141747,,29,045b43403a3b,ㅋㅋㅋ이딴실적으로 10만원이 말이되냐 2만원이 적당함
DM-002073,raw_details.csv,1089,crawler_detail.py,네이버 종목토론방 본문 + CBOX 댓글,board_body,토론방 본문,에코프로,2026-08-04T14:06:39,6,427141689,,29,cf0ac30c455d,에코들 1분기보다 2분기 다 폭망이네 누가 유증하겠냐
DM-002074,raw_details.csv,1090,crawler_detail.py,네이버 종목토론방 본문 + CBOX 댓글,board_body,토론방 본문,에코프로,2026-08-04T14:06:24,8,427141664,,80,982f19bca846,2분기 영익 329억이네 순이익은 훨씬 쪼그라들꺼고 무슨 생각으로 1.2조 주주배정 유증이냐 총부채 2.5조원 어떻게 갚을라고? 그냥 사업접어~
DM-002075,raw_details.csv,1091,crawler_detail.py,네이버 종목토론방 본문 + CBOX 댓글,board_body,토론방 본문,에코프로,2026-08-04T14:06:00,6,427141631,,73,6f45626ceb01,분기 300억 ㅋㅋㅋㅋ 심지어 비엠이익 2중계상임 ㅋㅋㅋㅋㅋㅋㅋㅋ300억 벌고 시총 20조로 봐야함 ㅋㅋㅋㅋㅋㅋㅋㅋㅋㅋ코미디 그자체
DM-002076,raw_details.csv,1092,crawler_detail.py,네이버 종목토론방 본문 + CBOX 댓글,board_body,토론방 본문,에코프로,2026-08-04T14:05:34,7,427141588,,83,852e0c9ee8eb,수주 공시 이런거 없나요? 버티고 버티던 사람들에겐 날벼락같은 실적이네... 진짜 이제는 좋은말이 나올래야 나올수가 없네. 에코프로 수주공시좀 내자!
DM-002077,raw_details.csv,1093,crawler_detail.py,네이버 종목토론방 본문 + CBOX 댓글,board_comment,토론방 댓글,에코프로,2026-08-04T14:06:09+0900,0,427141588,,32,d25ee00403af,"뭐가 날벼락 영익, 당기순이익 늘고 메출 소폭 감소한건데?"
DM-002078,raw_details.csv,1094,crawler_detail.py,네이버 종목토론방 본문 + CBOX 댓글,board_body,토론방 본문,에코프로,2026-08-04T14:05:34,4,427141586,,23,5623bba7685a,이미 두 달간 조올라게 떨어짐 오르자 이제
DM-002079,raw_details.csv,1095,crawler_detail.py,네이버 종목토론방 본문 + CBOX 댓글,board_body,토론방 본문,에코프로,2026-08-04T14:05:17,2,427141558,,19,8c30178e9c81,흑자전환 로켓발사대 카운트다운 시작
DM-002080,raw_details.csv,1096,crawler_detail.py,네이버 종목토론방 본문 + CBOX 댓글,board_body,토론방 본문,에코프로,2026-08-04T14:05:11,1,427141548,,14,0f825144e96f,gr 웃기시네 ㅎㅎㅎㅎㅎㅎ
DM-002081,raw_details.csv,1097,crawler_detail.py,네이버 종목토론방 본문 + CBOX 댓글,board_body,토론방 본문,에코프로,2026-08-04T14:04:50,3,427141509,,23,a4f80fe56f96,머티는 실발하고 하방vi 적자전환 이라 함
DM-002082,raw_details.csv,1098,crawler_detail.py,네이버 종목토론방 본문 + CBOX 댓글,board_body,토론방 본문,에코프로,2026-08-04T14:04:47,0,427141501,후회·손실고통|분노·불신,43,1f7f9eb082f9,나갈 개미들은 나가라 손절도 옳다 쌀때나가는게 개미들이지 그러니 돈 못버는거다
DM-002083,raw_details.csv,1099,crawler_detail.py,네이버 종목토론방 본문 + CBOX 댓글,board_body,토론방 본문,에코프로,2026-08-04T14:04:40,1,427141491,,27,0ab5ba2143dc,실적이 좋아도 내리고 나빠도 내린다 매수기회입니다
DM-002084,raw_details.csv,1100,crawler_detail.py,네이버 종목토론방 본문 + CBOX 댓글,board_body,토론방 본문,에코프로,2026-08-04T14:04:39,0,427141489,,39,9fee1b4052e7,반도체 소부장보다 돈을못버네.. 분기 300억벌고 시총 10조가 맞냐?
DM-002085,raw_details.csv,1101,crawler_detail.py,네이버 종목토론방 본문 + CBOX 댓글,board_comment,토론방 댓글,에코프로,2026-08-04T14:06:13+0900,0,427141489,,13,5b73969db244,주식은 미래가 중요한거야
DM-002086,raw_details.csv,1102,crawler_detail.py,네이버 종목토론방 본문 + CBOX 댓글,board_comment,토론방 댓글,에코프로,2026-08-04T14:04:41+0900,0,427141489,,1,df57595309d1,😂
DM-002087,raw_details.csv,1103,crawler_detail.py,네이버 종목토론방 본문 + CBOX 댓글,board_body,토론방 본문,에코프로,2026-08-04T14:04:36,1,427141484,,22,e78991f4c1dd,머티는 하한가 가는데 ~ 너는 뭐하냐 ~
DM-002088,raw_details.csv,1104,crawler_detail.py,네이버 종목토론방 본문 + CBOX 댓글,board_body,토론방 본문,에코프로,2026-08-04T14:04:29,2,427141473,,105,a26f92395260,"머티대규모적자, 에이치엔적자, 비엠 하회 , 프로 하회  그나마 실적하나 믿었는데 역시  기대감 상승한거 다 반납하긋네 올해 고유가에 잘나올줄 알앗는데 엉망이네.. 실적도 안좋은데 유증까지"
DM-002089,raw_details.csv,1105,crawler_detail.py,네이버 종목토론방 본문 + CBOX 댓글,board_body,토론방 본문,에코프로,2026-08-04T14:04:23,1,427141465,불안·공포,38,b6dcde819450,돌들 폭락 한다고 해도 말 안듣더니 돌아 무조건 폭락이다 내일도 폭락
DM-002090,raw_details.csv,1106,crawler_detail.py,네이버 종목토론방 본문 + CBOX 댓글,board_body,토론방 본문,에코프로,2026-08-04T14:04:18,7,427141457,,57,f035b11a0be0,악재소멸  이제부터  진상승 시작이다 순이익  흑자전환 컨센서스상회 !!! 생각보다 잘나왔네 가즈아~~
DM-002091,raw_details.csv,1107,crawler_detail.py,네이버 종목토론방 본문 + CBOX 댓글,board_body,토론방 본문,에코프로,2026-08-04T14:04:07,1,427141441,,29,8c6aa6569992,분기영익 300억인데 시총 11조요….? ㅅㄱㅇ~ ㅋ
DM-002092,raw_details.csv,1108,crawler_detail.py,네이버 종목토론방 본문 + CBOX 댓글,board_comment,토론방 댓글,에코프로,2026-08-04T14:05:11+0900,0,427141441,,22,a170c945137c,영익 700억정도 예상하더니 ㅠㅠ 망이네
DM-002093,raw_details.csv,1109,crawler_detail.py,네이버 종목토론방 본문 + CBOX 댓글,board_body,토론방 본문,에코프로,2026-08-04T14:04:00,1,427141426,,24,1b05939bb04c,일 적게 하고 돈은 벌음 상승 해야지?ㅋㅋㅋ
DM-002094,raw_details.csv,1110,crawler_detail.py,네이버 종목토론방 본문 + CBOX 댓글,board_body,토론방 본문,에코프로,2026-08-04T14:03:56,2,427141420,후회·손실고통,116,4d15e37991db,이거 산 사람 거의 다 물렸을 텐데 흔든다고 나가겠냐? 이 등심 쩝쩝아. 주포 머리가 어떻게 된 거 아니냐? 날 더운데 꿀값을 떨고 있어 어차피 단타만 돈 빼주는 꼴이야. 항상 그러니까 탄타를 잘 쳐야 돼.ㅋ
DM-002095,raw_details.csv,1111,crawler_detail.py,네이버 종목토론방 본문 + CBOX 댓글,board_body,토론방 본문,에코프로,2026-08-04T14:03:16,4,427141366,,24,e98c31019114,프로그램  매도  물량 폭포수 같이 쏟아져라
DM-002096,raw_details.csv,1112,crawler_detail.py,네이버 종목토론방 본문 + CBOX 댓글,board_body,토론방 본문,에코프로,2026-08-04T14:03:16,2,427141365,,20,2249e5314ccf,ㅋㅋㅋㅋㅋ 뭐했노 일안하고 저게 뭐고
DM-002097,raw_details.csv,1113,crawler_detail.py,네이버 종목토론방 본문 + CBOX 댓글,board_body,토론방 본문,에코프로,2026-08-04T14:03:13,2,427141357,,17,ca2795dd5682,신저가간다니까ㅋㅋㅋ 빠이짜이찌엔
DM-002098,raw_details.csv,1114,crawler_detail.py,네이버 종목토론방 본문 + CBOX 댓글,board_body,토론방 본문,에코프로,2026-08-04T14:03:09,2,427141353,,92,2c88f491378f,자자 약속의 2시입니다... 실적은 역시나 예상대로 개판?이고 주가도 흘러내리내요 종가 최저가 아니길 바래봅니다 ... 오늘 코스닥 폭등덕분에 생명유지 다행입니다ㅠㅠ
DM-002099,raw_details.csv,1115,crawler_detail.py,네이버 종목토론방 본문 + CBOX 댓글,board_body,토론방 본문,에코프로,2026-08-04T14:02:57,3,427141329,불안·공포,87,91fe5be2e4af,이동채가 운영을 못하는듯 고집 겁나 쎄서 회사 망치는 주범인듯 다른 애들은 다 흑자인데 에코만 적자인것은 윗선에 문제가 많다는거다 주가누르기로 벌금이나 내라
DM-002100,raw_details.csv,1116,crawler_detail.py,네이버 종목토론방 본문 + CBOX 댓글,board_body,토론방 본문,에코프로,2026-08-04T14:02:49,3,427141319,,49,dfa73300669a,영익 겨우 329억으로 시총이 11조!!ㅋㅋ 영익 겨우 329억으로 시총이 11조!!ㅋㅋ
DM-002101,raw_details.csv,1117,crawler_detail.py,네이버 종목토론방 본문 + CBOX 댓글,board_comment,토론방 댓글,에코프로,2026-08-04T14:03:47+0900,1,427141319,,11,1172e9329142,비젼보는거지 OOO야
DM-002102,raw_details.csv,1118,crawler_detail.py,네이버 종목토론방 본문 + CBOX 댓글,board_body,토론방 본문,에코프로,2026-08-04T14:01:40,4,427141227,충동·중독시그널,34,6309bc0bc7a0,걍 다팔고 삼전에 물리자 영업이익300억은못참는다 난간당ㅇㅇㅇ
DM-002103,raw_details.csv,1119,crawler_detail.py,네이버 종목토론방 본문 + CBOX 댓글,board_body,토론방 본문,에코프로,2026-08-04T14:01:00,5,427141168,,28,0830b4999e64,실적 개망 화장품 기업 인수? ㅋㅋ 종가는 최저가다
DM-002104,raw_details.csv,1120,crawler_detail.py,네이버 종목토론방 본문 + CBOX 댓글,board_body,토론방 본문,에코프로,2026-08-04T14:00:50,3,427141158,,36,bee3e1b710d4,매출도 적어 영익도 적어 시총 4조도 비싸다 주가 2만원 적정가.
DM-002105,raw_details.csv,1121,crawler_detail.py,네이버 종목토론방 본문 + CBOX 댓글,board_body,토론방 본문,에코프로,2026-08-04T14:00:25,4,427141122,,36,6a7ead564f55,시장좋은거에 ㅈㄴ감사해라 비엠도 오늘 정정요구안나오면 유증통과다;
DM-002106,raw_details.csv,1122,crawler_detail.py,네이버 종목토론방 본문 + CBOX 댓글,board_body,토론방 본문,알테오젠,2026-08-04T14:34:07,0,427144763,,35,6306b8f328ae,오늘 머크 실적 발표 한다  이거 보고 내일 팔던가 말던가 해라
DM-002107,raw_details.csv,1123,crawler_detail.py,네이버 종목토론방 본문 + CBOX 댓글,board_body,토론방 본문,알테오젠,2026-08-04T14:32:37,2,427144594,,46,05cf2ea788ed,10배 갈 수 있는 텐배거 유력 종목 정리했습니다!!! 3자리남음 ㅋㅋ 밑에 적어둠
DM-002108,raw_details.csv,1124,crawler_detail.py,네이버 종목토론방 본문 + CBOX 댓글,board_comment,토론방 댓글,알테오젠,2026-08-04T14:40:50+0900,0,427144594,,8,a8d5571e9fe3,싱거운 놈...
DM-002109,raw_details.csv,1125,crawler_detail.py,네이버 종목토론방 본문 + CBOX 댓글,board_body,토론방 본문,알테오젠,2026-08-04T14:29:19,10,427144253,,16,32328ace0e67,무증 안받구 갑니다 성투하세요
DM-002110,raw_details.csv,1126,crawler_detail.py,네이버 종목토론방 본문 + CBOX 댓글,board_body,토론방 본문,알테오젠,2026-08-04T14:21:28,7,427143449,,26,b0578d956e85,권리락 이후에는 또 팔기 바쁘겠네 개잡주의 숙명
DM-002111,raw_details.csv,1127,crawler_detail.py,네이버 종목토론방 본문 + CBOX 댓글,board_body,토론방 본문,알테오젠,2026-08-04T14:20:46,5,427143379,,57,ab02445eee24,지금 분위기면 권리락 회복도 빠른 속도로 이뤄질것  갈넘은 어째도 갈테니 느긋한  마음으로 지켜 보시길
DM-002112,raw_details.csv,1128,crawler_detail.py,네이버 종목토론방 본문 + CBOX 댓글,board_body,토론방 본문,알테오젠,2026-08-04T14:18:33,1,427143111,,72,19797c4309fd,"참고요. 펀글입닏ᆢ 최근 8개 분기 중 MRK는 매출을 7번 컨센서스 상회했으며, EPS는 매 분기 모두 컨센서스를 상회했습니다."
DM-002113,raw_details.csv,1129,crawler_detail.py,네이버 종목토론방 본문 + CBOX 댓글,board_body,토론방 본문,알테오젠,2026-08-04T14:16:39,2,427142875,,96,aa04b9cb39a1,"얘는 오히려 무증 때문에 못 감 다른 애들 섹터상승기류 타고 날아갈 때 오늘 오히려 무증 때문에 못 간 거임 다들 머릿속에 명확한 숫자가 있으니, 거기서 벗어나려 들질 않음"
DM-002114,raw_details.csv,1130,crawler_detail.py,네이버 종목토론방 본문 + CBOX 댓글,board_comment,토론방 댓글,알테오젠,2026-08-04T14:32:51+0900,0,427142875,불안·공포,55,9ad8ff60b6fd,"낼부터 크게 가건데,..^*^ 걱정은 안해도 됩니다.. 주식 갖고 있는 자가 들고 가겠다는 데,.."
DM-002115,raw_details.csv,1131,crawler_detail.py,네이버 종목토론방 본문 + CBOX 댓글,board_body,토론방 본문,알테오젠,2026-08-04T14:14:35,3,427142529,,91,d518f5c6cfea,오늘  상승이유  바이오섹타  오르니까  동반편승해서  그리고  무증보고  단타성으로  들어와서 종가에는  크게  빠질듯 ​ 내일은  장대음봉 ​ 저점서  매수타점
DM-002116,raw_details.csv,1132,crawler_detail.py,네이버 종목토론방 본문 + CBOX 댓글,board_comment,토론방 댓글,알테오젠,2026-08-04T14:31:09+0900,0,427142529,,104,4b5d8f01330d,"낼부터 알테가 독보적 대장으로 앞장섭니다.. 알테 덕에 다른 바이오들 앞서간 줄 아시고, 감사하시길.. 대장은 천천히,.. 뒤에서 가다가 앞으로 툭 튀어오르는 법!!! 낼,...기대^*^"
DM-002117,raw_details.csv,1133,crawler_detail.py,네이버 종목토론방 본문 + CBOX 댓글,board_comment,토론방 댓글,알테오젠,2026-08-04T14:21:55+0900,0,427142529,,6,446bc007bc6e,넹...ㅠㅠ
DM-002118,raw_details.csv,1134,crawler_detail.py,네이버 종목토론방 본문 + CBOX 댓글,board_comment,토론방 댓글,알테오젠,2026-08-04T14:16:16+0900,0,427142529,,17,de3fa125e992,멍청한게 꼴값을 떠는구나 😂😂😂
DM-002119,raw_details.csv,1135,crawler_detail.py,네이버 종목토론방 본문 + CBOX 댓글,board_body,토론방 본문,알테오젠,2026-08-04T14:14:34,9,427142524,,56,72d9a782e249,내일 공시 단군이래 최대 계약 ​ 또는 ​ 박순재 자사주 취득 ​ 이 둘중에 하나는 나올꺼라 믿습니다
DM-002120,raw_details.csv,1136,crawler_detail.py,네이버 종목토론방 본문 + CBOX 댓글,board_comment,토론방 댓글,알테오젠,2026-08-04T14:33:35+0900,0,427142524,,35,88fa91459eb4,박순대가 자사주를 매입?  지나가는 똥개가 순대보고 웃겠다...
DM-002121,raw_details.csv,1137,crawler_detail.py,네이버 종목토론방 본문 + CBOX 댓글,board_comment,토론방 댓글,알테오젠,2026-08-04T14:32:52+0900,0,427142524,,13,4f4738cb73cb,순대 자사주 매입 ㅋㅋㅋ
DM-002122,raw_details.csv,1138,crawler_detail.py,네이버 종목토론방 본문 + CBOX 댓글,board_comment,토론방 댓글,알테오젠,2026-08-04T14:16:55+0900,0,427142524,,7,77e859a1dc5e,둘다아님 ㅋㅋ
DM-002123,raw_details.csv,1139,crawler_detail.py,네이버 종목토론방 본문 + CBOX 댓글,board_body,토론방 본문,알테오젠,2026-08-04T14:14:29,1,427142514,,55,c19d2bb74a75,좋은 주식이었으면  자기들 주변 지인한테만 알려주지 ​ 생판 모르는 남들한테 사라고 추천할까요..?
DM-002124,raw_details.csv,1140,crawler_detail.py,네이버 종목토론방 본문 + CBOX 댓글,board_body,토론방 본문,알테오젠,2026-08-04T14:13:10,5,427142356,후회·손실고통,425,848a7e69bc8c,32만 원~ 그 가격을 넘었다~ 내가 어제 우연히 만든 신호.. ((삶은 우연이자 사실은 필연의 나날들..)) ((의사 할아버지가 오늘까지는 운동 하지 말라고.. 그래서 등산을 포기하고 그냥 차트를 봤다..)) ((그러다가 우연이자 기연을 봤다..)) ((제발.. 언제나 통하는 수식이기를..)) ((오늘부터는 드디어 등산을 해도 된다.. 기쁘다.. 얼마나 기쁘면 여기 게시판 세상에서 이러고 있을까.. ㅎㅎㅎㅎㅎㅎㅎㅎㅎㅎㅎㅎㅎㅎㅎㅎㅎㅎ)) ​ 32만 원의 화살표 신호를 넘었다.. ​ 한고비 넘었다.. ​ 하.. 갈 수 있다!!~~ 손실률 팍팍 줄었다.. 후.. ​ 어제라도 추매를 했으면 지금 본전일 수도.. 근데 돈이 별로 없다.. ​ 파동이 꺽이고 있다.. 갈 수 있다.. ​ #아~ 그리고 주봉에서도 추세전환 신호가 나온다!!~~ 좋은 징조!!~~ ​
DM-002125,raw_details.csv,1141,crawler_detail.py,네이버 종목토론방 본문 + CBOX 댓글,board_body,토론방 본문,알테오젠,2026-08-04T14:09:11,1,427141938,후회·손실고통,56,bf108f799fec,와우 겨우 본전왔다. 반도체가 계속 찌그러져 있어야 바이오가 갈랑갑다. 그럼 계속 찌그러져 있어주라.
DM-002126,raw_details.csv,1142,crawler_detail.py,네이버 종목토론방 본문 + CBOX 댓글,board_body,토론방 본문,알테오젠,2026-08-04T14:06:43,0,427141694,,26,aea46a704a6c,무증26.5에 사라  기존주주만이 즐거워하게 ​
DM-002127,raw_details.csv,1143,crawler_detail.py,네이버 종목토론방 본문 + CBOX 댓글,board_comment,토론방 댓글,알테오젠,2026-08-04T14:23:48+0900,0,427141694,,16,d94768e61e15,낼.. 갭상승 출발~~~!!!
DM-002128,raw_details.csv,1144,crawler_detail.py,네이버 종목토론방 본문 + CBOX 댓글,board_body,토론방 본문,알테오젠,2026-08-04T14:06:32,1,427141676,분노·불신,15,f0d051b8f246,지금은? 공매도의 시간~~~
DM-002129,raw_details.csv,1145,crawler_detail.py,네이버 종목토론방 본문 + CBOX 댓글,board_body,토론방 본문,알테오젠,2026-08-04T14:00:10,0,427141087,후회·손실고통,29,e60c0ac06e44,그냥 가만히 있어. 매수하려면 26때 샀어야지.. ​
DM-002130,raw_details.csv,1146,crawler_detail.py,네이버 종목토론방 본문 + CBOX 댓글,board_body,토론방 본문,알테오젠,2026-08-04T13:58:35,3,427140929,,84,0cca83d5452f,글 올린 사람 중에 주주가 없네. 거의 보이는 목록 글 20개에 주주가 많아야 1-2명 정도. 남의 종목에 왜 그리 관심이 많나 내리던 오르던.....
DM-002131,raw_details.csv,1147,crawler_detail.py,네이버 종목토론방 본문 + CBOX 댓글,board_comment,토론방 댓글,알테오젠,2026-08-04T14:14:08+0900,0,427140929,,38,41a297d9b273,알테주주는 부끄러워서 인증못하는거다. 개잡주 주주라는거 티내고 싶겠냐
DM-002132,raw_details.csv,1148,crawler_detail.py,네이버 종목토론방 본문 + CBOX 댓글,board_comment,토론방 댓글,알테오젠,2026-08-04T14:10:01+0900,0,427140929,,61,efdc3979ba15,나 500개 주주인데? 저번에 인증하래서 이증 했더만 얼마전 업댓한다고 초기화 시키길래 귀찮아서 그냥 쓰고있어
DM-002133,raw_details.csv,1149,crawler_detail.py,네이버 종목토론방 본문 + CBOX 댓글,board_comment,토론방 댓글,알테오젠,2026-08-04T14:03:48+0900,1,427140929,,50,d2641ab823b3,설마 주주라고 써 있는 사람만 주주라고 생각하는 건 아니지? 그렇게 단순한 사람은 아닐거야
DM-002134,raw_details.csv,1150,crawler_detail.py,네이버 종목토론방 본문 + CBOX 댓글,board_body,토론방 본문,알테오젠,2026-08-04T13:52:13,4,427140336,,35,a6d3d0bed71a,성의있는상승장왕 얘도  차단들  하시죠  왜 여기서 지를이신지?
DM-002135,raw_details.csv,1151,crawler_detail.py,네이버 종목토론방 본문 + CBOX 댓글,board_body,토론방 본문,알테오젠,2026-08-04T13:51:41,1,427140283,후회·손실고통,16,f72f01898b57,오늘이고점 낼권리락 저점에매수
DM-002136,raw_details.csv,1152,crawler_detail.py,네이버 종목토론방 본문 + CBOX 댓글,board_body,토론방 본문,알테오젠,2026-08-04T13:49:10,3,427140056,,31,d0ba45ff8510,햄왔다 10월까지 56만원 보내줄테니까 전닉은 그때 사라
DM-002137,raw_details.csv,1153,crawler_detail.py,네이버 종목토론방 본문 + CBOX 댓글,board_body,토론방 본문,알테오젠,2026-08-04T13:47:33,0,427139900,,80,40a4a7a37355,아까는 34-34.5 지금은 34.5-35 그래 이 정도만 올라줘도 큰절하고 감사하다 너한테 ​ 그치만 평소에 오르지도 않으니까 좀만 더 올라줘
DM-002138,raw_details.csv,1154,crawler_detail.py,네이버 종목토론방 본문 + CBOX 댓글,board_body,토론방 본문,알테오젠,2026-08-04T13:45:08,2,427139678,충동·중독시그널,79,7aa9d98ee730,3월부터 35만원에서 맴돌았는데 25까지 떨어졌다가 올라오니 많이 오른거같네 이래서 주식에 중독되고 돈 잃고도 계속하는거다 꼭 번것같거든 ㅋㅋ
DM-002139,raw_details.csv,1155,crawler_detail.py,네이버 종목토론방 본문 + CBOX 댓글,board_body,토론방 본문,알테오젠,2026-08-04T13:43:48,3,427139534,,37,05f51f9daf8e,와 내일 아침되면 파란불이겠군 이거 조금씩 오르고 내릴떄는 팍내리고
DM-002140,raw_details.csv,1156,crawler_detail.py,네이버 종목토론방 본문 + CBOX 댓글,board_body,토론방 본문,알테오젠,2026-08-04T13:39:35,1,427139142,,42,6234c9b7816a,마니 사세요 8월 6일날 무상 증좌 주잖아. 그러면 돈 벌어요 빨리 사세요.
DM-002141,raw_details.csv,1157,crawler_detail.py,네이버 종목토론방 본문 + CBOX 댓글,board_body,토론방 본문,알테오젠,2026-08-04T13:39:22,6,427139123,,660,db57c0bc0d20,"반도체와의 관계 0 반도체가 피크를 찍고 내려오고 있다. 이에 반해 바이오는 이제 반등하고 있다. . 반도체를 분석하는 것이 곧 바이오를 분석하는 것일 수 있다. . 역의 상관관계를 보여주기 때문이다. ​ 0 반도체는 크게 2가지 논리로 본다. . 이번에는 다르다. AI 혁명은 다르다는 것이고, 미중 패권 전쟁의 정점에 있기 때문이다. . 반면, 반도체는 여전히 싸이클 산업이라는 것이다. ​ 0 필자의 경우 아직은 반반이라 생각하나, 싸이클 산업이라는 논리는 다음과 같다. . 메모리 수요는 선형으로 계속 증가하여 왔다. . 지금은 메모리 가격의 이상 급등에 따른 일시적인 현상이다. . 즉, 70~80%의 마진을 지속할 수는 없기 때문에, 정점을 찍고 내려올 일만 남은 것으로 보는 관점이다. ​ 0 반도체가 피크를 찍고 내려오는 것이라면, 수급은 급하게 바이오로 쏠릴 것이다. ​ 0 영업이익율 70~80%, 이것은 알테에게는 정상적이고, 지속가능한 숫치로 본다면, . 알테의 중장기 매력도는 높아만 간다. ​ 0 더불어, 반도체의 Q라고 할 수 있는 것은, 알테에게는 고객사이고, . 이것은 LO로 나타난다. . 10여개 이상의 LO가 기대되는 만큼, 그 누구도 알테의 성장의 끝을 쉽게 예단할 수 없을 것이다. ​ 0 모두의 성투를 기원, 투자는 각자의 판단에 의해서."
DM-002142,raw_details.csv,1158,crawler_detail.py,네이버 종목토론방 본문 + CBOX 댓글,board_body,토론방 본문,알테오젠,2026-08-04T13:38:15,0,427139013,,60,234b9f8bfdce,3주 가지고 있음 무증은 어떻게 되나요? 지금 3주 가지고 있는데 무증하면 어떻게 되는건가요? 문의드립니다.
DM-002143,raw_details.csv,1159,crawler_detail.py,네이버 종목토론방 본문 + CBOX 댓글,board_comment,토론방 댓글,알테오젠,2026-08-04T13:49:04+0900,1,427139013,,46,59375de5885c,한주도 받는거 없고 차액 현금으로 26일날 입금됩니다. 권리락으로 떨어진돈 입금해줌
DM-002144,raw_details.csv,1160,crawler_detail.py,네이버 종목토론방 본문 + CBOX 댓글,board_comment,토론방 댓글,알테오젠,2026-08-04T13:39:18+0900,0,427139013,,17,0753c78b1ecd,없써 거팔아서 소고기나 사묵어라
DM-002145,raw_details.csv,1161,crawler_detail.py,네이버 종목토론방 본문 + CBOX 댓글,board_comment,토론방 댓글,알테오젠,2026-08-04T13:38:40+0900,1,427139013,,7,33b72cd68829,돈으로 받아요
DM-002146,raw_details.csv,1162,crawler_detail.py,네이버 종목토론방 본문 + CBOX 댓글,board_body,토론방 본문,알테오젠,2026-08-04T13:36:43,2,427138877,,20,46e1771cc53c,354000원 마감하겠군 괜찮군...
DM-002147,raw_details.csv,1163,crawler_detail.py,네이버 종목토론방 본문 + CBOX 댓글,board_comment,토론방 댓글,알테오젠,2026-08-04T13:56:31+0900,0,427138877,,117,be0938c8e387,"379000원정도는 가야.. 공매물량 좀 수거할 듯 한데요.. 낼 수거는 부담스러울 것이고,.. 오늘 최대한 수거해야 하는 상황일 듯,... 안팔면 낼부턴,.. 숏커버 아주 강하게,.. 숏스퀴즈는 아니더라도,,"
DM-002148,raw_details.csv,1164,crawler_detail.py,네이버 종목토론방 본문 + CBOX 댓글,board_comment,토론방 댓글,알테오젠,2026-08-04T13:39:56+0900,0,427138877,,15,fb0575d82b9d,354? 어디서 나온 숫자야
DM-002149,raw_details.csv,1165,crawler_detail.py,네이버 종목토론방 본문 + CBOX 댓글,board_body,토론방 본문,알테오젠,2026-08-04T13:33:19,1,427138581,,32,fea4848433dd,엘씨도 20%다 웃전좀잘해라. 음주운전하고 있니 주포!!!
DM-002150,raw_details.csv,1166,crawler_detail.py,네이버 종목토론방 본문 + CBOX 댓글,board_body,토론방 본문,알테오젠,2026-08-04T13:28:49,8,427138176,후회·손실고통|분노·불신,453,452854c44a0e,"^*^ 공매도 물량 10만주 정도 매집했을려나?? 안팔면,... 공매도 물량 갚던지 말던지,.. 그건 그대들이 알아서 할 일,.. 진성주주들은 아마도 권리락 전 주가로 45만원 선 정도... 권리락후 주가로 346000원 정도.. 이정도까진 갈 수 밖에 없고,.. 이후 공시내용에 따라 최고가 갱신도 가능하다고 보는 입장.. ​ 오늘,.. 매집 제대로 했어도 10만주 언더일 듯,.. 언제 매집하는 게 더 싼지는 그대들이 더 잘 알고 있을 듯 하고,.. ​ 내일 머크,,, 컨콜에,.. 나온다는 LO!!! 기대감,,, 1건일지 다수일지.. 요것도 관심사고,.. ​ 자신없는 분들은 지금이 고점일 수도 있으니 파시고,.. 낼 권리락 이후 다시 들어오시던지.. 삼전 하닉으로 가시던 지... 거기도 많이 떨어졌으니,.. ​ 믿으면 고~~~~우!!! 못 믿으면 하~~~아~~~차!!! ​ 난 언제나 고~~~~우!!!"
DM-002151,raw_details.csv,1167,crawler_detail.py,네이버 종목토론방 본문 + CBOX 댓글,board_comment,토론방 댓글,알테오젠,2026-08-04T14:02:43+0900,0,427138176,,46,9680808ace6e,"고가대비 5호가 단위로 1주씩 내려올 때마다 삽시다.. 저도 사고 있습니다,,^*^"
DM-002152,raw_details.csv,1168,crawler_detail.py,네이버 종목토론방 본문 + CBOX 댓글,board_comment,토론방 댓글,알테오젠,2026-08-04T13:42:14+0900,0,427138176,,35,dd5f9308ed7b,타용아 숏을 왜치니그러니까 계좌 녹자나 ㅋㅋㅋㅋㅋㅋㅋㅋㅋㅋㅋㅋㅋ
DM-002153,raw_details.csv,1169,crawler_detail.py,네이버 종목토론방 본문 + CBOX 댓글,board_comment,토론방 댓글,알테오젠,2026-08-04T13:35:15+0900,0,427138176,,35,64d99bcf1252,저것들 어제도  십민주넘게 대차한거 같던데 간이 튀어나온놈들이여
DM-002154,raw_details.csv,1170,crawler_detail.py,네이버 종목토론방 본문 + CBOX 댓글,board_comment,토론방 댓글,알테오젠,2026-08-04T13:31:49+0900,0,427138176,불안·공포|후회·손실고통|분노·불신,162,940a3a3b416e,"여기서 공매도 친 돈으로 삼전 하닉들어가서 물렸나???  낮은 가격에 대차 많이 하던 데,.. 이걸로라도 일단 상환하면서 버텨보려고?? 삼전 하닉,.. 나도 들고 있지만, 당분간 조정 더 올수도 있을 듯 불안한 데,.. 거기 손절하고 여기꺼 사서 갚으슈,, 여기저기서 더 손실 보지말고,,,"
DM-002155,raw_details.csv,1171,crawler_detail.py,네이버 종목토론방 본문 + CBOX 댓글,board_body,토론방 본문,알테오젠,2026-08-04T13:27:22,1,427138035,,29,8d08405dc442,빨리 합병 추진해라 순대야.   최적의 시기다 지금.
DM-002156,raw_details.csv,1172,crawler_detail.py,네이버 종목토론방 본문 + CBOX 댓글,board_comment,토론방 댓글,알테오젠,2026-08-04T13:28:56+0900,0,427138035,,21,2cfcb6b7e40d,주식 앵간치도 못한다 너돜ㅋㅋ 안쓰럽다
DM-002157,raw_details.csv,1173,crawler_detail.py,네이버 종목토론방 본문 + CBOX 댓글,board_comment,토론방 댓글,알테오젠,2026-08-04T13:28:25+0900,0,427138035,,22,61f87f70c68b,오 얘왔다 다시 매수타이밍 ㄱㄱㄱㄱㄱㄱ😂
DM-002158,raw_details.csv,1174,crawler_detail.py,네이버 종목토론방 본문 + CBOX 댓글,board_body,토론방 본문,알테오젠,2026-08-04T13:24:00,4,427137695,,76,7c60f68c29d9,35에 무증들어가믄 더땡큐지 징징이 느므들은 더징징되그라 계산해보믄 35/1.3  269200이 권리락 이구만  5일날 2만냥만 올라가자
DM-002159,raw_details.csv,1175,crawler_detail.py,네이버 종목토론방 본문 + CBOX 댓글,board_comment,토론방 댓글,알테오젠,2026-08-04T13:25:39+0900,4,427137695,,40,046446a045d5,장 마감후 대표가 리가켐처럼 자사주 매입 뉴스 내주면 쉽게 갈텐데....
DM-002160,raw_details.csv,1176,crawler_detail.py,네이버 종목토론방 본문 + CBOX 댓글,board_body,토론방 본문,알테오젠,2026-08-04T13:23:37,5,427137655,,25,e476faf6ab3b,성투하세요 무증까지는 못버티겠네요. 성투하세요
DM-002161,raw_details.csv,1177,crawler_detail.py,네이버 종목토론방 본문 + CBOX 댓글,board_comment,토론방 댓글,알테오젠,2026-08-04T13:42:16+0900,0,427137655,,20,d168e1e135b6,아쉽다  여적 기다렸느넫  좀더 있지
DM-002162,raw_details.csv,1178,crawler_detail.py,네이버 종목토론방 본문 + CBOX 댓글,board_body,토론방 본문,알테오젠,2026-08-04T13:23:15,3,427137628,불안·공포,25,a1e8d49cee52,개잡주가 난리났네 개잡주 주제에. ​ 폭락가자
DM-002163,raw_details.csv,1179,crawler_detail.py,네이버 종목토론방 본문 + CBOX 댓글,board_comment,토론방 댓글,알테오젠,2026-08-04T14:17:09+0900,0,427137628,,38,49f878effe44,그런 인성으로 주식하고 인생 살아봐 …어떤 일이 펼쳐지나 ..기대해라
DM-002164,raw_details.csv,1180,crawler_detail.py,네이버 종목토론방 본문 + CBOX 댓글,board_comment,토론방 댓글,알테오젠,2026-08-04T13:50:07+0900,0,427137628,,24,4d08b1a2f447,쯧쯧~~   그럴 시간에  뭔 일이라도 해라
DM-002165,raw_details.csv,1181,crawler_detail.py,네이버 종목토론방 본문 + CBOX 댓글,board_comment,토론방 댓글,알테오젠,2026-08-04T13:26:02+0900,0,427137628,,8,e8adfec890d3,너도 난리났네?
DM-002166,raw_details.csv,1182,crawler_detail.py,네이버 종목토론방 본문 + CBOX 댓글,board_body,토론방 본문,알테오젠,2026-08-04T13:23:05,3,427137614,후회·손실고통,20,0451921ce485,내일오르냐? 냉정하게..지금 본전이다
DM-002167,raw_details.csv,1183,crawler_detail.py,네이버 종목토론방 본문 + CBOX 댓글,board_comment,토론방 댓글,알테오젠,2026-08-04T13:35:13+0900,0,427137614,,3,b47d5bdcbfbf,오른다
DM-002168,raw_details.csv,1184,crawler_detail.py,네이버 종목토론방 본문 + CBOX 댓글,board_body,토론방 본문,알테오젠,2026-08-04T13:21:54,1,427137486,후회·손실고통,58,797436330222,상승 VI 두번 포착! 올해 전고점까지 간다! 역대급 규모의 빅딜 기술이전 계약 큰거 한방 남아있다! ​
DM-002169,raw_details.csv,1185,crawler_detail.py,네이버 종목토론방 본문 + CBOX 댓글,board_comment,토론방 댓글,알테오젠,2026-08-04T13:31:35+0900,0,427137486,,22,f3a01f394771,8월 2분기 매출 실적 엄청 기대됩니다.
DM-002170,raw_details.csv,1186,crawler_detail.py,네이버 종목토론방 본문 + CBOX 댓글,board_body,토론방 본문,알테오젠,2026-08-04T13:21:01,1,427137400,,28,e4a7c14afa2e,괴뢰군 38고지를 뚫어야 진짜 상승시작임 ​ 멸공!
DM-002171,raw_details.csv,1187,crawler_detail.py,네이버 종목토론방 본문 + CBOX 댓글,board_body,토론방 본문,알테오젠,2026-08-04T13:17:31,3,427137045,,30,5bd8feea91ff,상승 VI 발동! 돈 복사 제대로 하고 있다ㅋㅋㅋㅋ ​
DM-002172,raw_details.csv,1188,crawler_detail.py,네이버 종목토론방 본문 + CBOX 댓글,board_body,토론방 본문,알테오젠,2026-08-04T13:16:54,6,427136976,,27,d726a960f770,슬슬 수급 들어오네요... 큰손들 들어오겠죠...
DM-002173,raw_details.csv,1189,crawler_detail.py,네이버 종목토론방 본문 + CBOX 댓글,board_body,토론방 본문,알테오젠,2026-08-04T13:16:16,0,427136896,,27,8e921184739f,알텡ㅈ이가 Vi 도 발동 하고 원일이니 이ssgi
DM-002174,raw_details.csv,1190,crawler_detail.py,네이버 종목토론방 본문 + CBOX 댓글,board_body,토론방 본문,알테오젠,2026-08-04T13:15:54,0,427136848,,81,bf18b588a72f,아까 말해줘도 안사노 빙기들 말해줬자나..분봉 쏠거같다고...에휴 바보야..파는거 잘하면서 왜 사라할땐 안사노 아까 정리한애들 이제 다신 오지마러
DM-002175,raw_details.csv,1191,crawler_detail.py,네이버 종목토론방 본문 + CBOX 댓글,board_body,토론방 본문,알테오젠,2026-08-04T13:15:19,4,427136780,,41,51cb244a5c27,35만에 아예 잠궈 놨네.. 이거 뚫어줄 수급만 있다면 오늘 40만인데..
DM-002176,raw_details.csv,1192,crawler_detail.py,네이버 종목토론방 본문 + CBOX 댓글,board_comment,토론방 댓글,알테오젠,2026-08-04T13:16:43+0900,0,427136780,,26,08dc74e11c47,40만 갈테이  좀 기다려봐라 내가 올려둘터이니
DM-002177,raw_details.csv,1193,crawler_detail.py,네이버 종목토론방 본문 + CBOX 댓글,board_body,토론방 본문,알테오젠,2026-08-04T13:14:55,6,427136716,,27,119cfa06677e,상한가 가자~~~~~~~~~ ~~~~~~~~~~~
DM-002178,raw_details.csv,1194,crawler_detail.py,네이버 종목토론방 본문 + CBOX 댓글,board_body,토론방 본문,알테오젠,2026-08-04T13:14:55,0,427136715,후회·손실고통,111,91e90d45caa2,주식 선배 형님들 주린인데요 본전에 나가는게 나을까요? 내일 30% 권리락 무증받는게 나을까요?  8월 26일가지의 주식방향을 알수가 없으니..... 솔직히 무증에 대한 영향이 너무 없는것 같아요 ​
DM-002179,raw_details.csv,1195,crawler_detail.py,네이버 종목토론방 본문 + CBOX 댓글,board_comment,토론방 댓글,알테오젠,2026-08-04T13:36:38+0900,0,427136715,,8,a21f65fea769,아저씨 꼴린대로
DM-002180,raw_details.csv,1196,crawler_detail.py,네이버 종목토론방 본문 + CBOX 댓글,board_comment,토론방 댓글,알테오젠,2026-08-04T13:25:48+0900,0,427136715,,40,fa526c5a2f2a,니평단을 적어봐 계산해서 이익이라 생각됨 받는거구 아니면 안받음 되는기다
DM-002181,raw_details.csv,1197,crawler_detail.py,네이버 종목토론방 본문 + CBOX 댓글,board_body,토론방 본문,알테오젠,2026-08-04T13:14:31,2,427136666,충동·중독시그널,45,6dd14e4d31a0,신용미수전재산몰빵 집산다 상가자 패는보여졌다  패는보여졌다 바닥찍고 상승만 남았다
DM-002182,raw_details.csv,1198,crawler_detail.py,네이버 종목토론방 본문 + CBOX 댓글,board_body,토론방 본문,알테오젠,2026-08-04T13:04:42,1,427135608,,57,f1ba41f4f7be,투대이 이즈 상.안.가   리얼리 ??    새력 슨상님덜  날 도 더븐대  문다짜용 ~~    어여여
DM-002183,raw_details.csv,1199,crawler_detail.py,네이버 종목토론방 본문 + CBOX 댓글,board_body,토론방 본문,알테오젠,2026-08-04T13:04:34,4,427135596,,44,08d923712bda,아직도 -11% 어처구니가 없네 뭐하자는거냐? 이게 무슨 애들 장난도 아니고 ​
DM-002184,raw_details.csv,1200,crawler_detail.py,네이버 종목토론방 본문 + CBOX 댓글,board_comment,토론방 댓글,알테오젠,2026-08-04T13:43:07+0900,0,427135596,,15,c5bc815dc290,니가 하는게 애들 장난이지;
DM-002185,raw_details.csv,1201,crawler_detail.py,네이버 종목토론방 본문 + CBOX 댓글,board_body,토론방 본문,알테오젠,2026-08-04T13:03:59,2,427135538,,20,125d1f8ed46f,권리락 오늘 권리락이라서 오르는건가?
DM-002186,raw_details.csv,1202,crawler_detail.py,네이버 종목토론방 본문 + CBOX 댓글,board_comment,토론방 댓글,알테오젠,2026-08-04T13:26:27+0900,0,427135538,,20,fcfdaef3c767,ㅋㅋ 이런 소대갈 누믄 주식을 왜허나
DM-002187,raw_details.csv,1203,crawler_detail.py,네이버 종목토론방 본문 + CBOX 댓글,board_body,토론방 본문,알테오젠,2026-08-04T13:00:20,10,427135201,,185,02be24549649,오늘밤  MSD  키트루다 큐렉스 전환율... point ​ MSD 목표 : 2027년 말 목표 (출시 후 18~24개월 내): 30% ~ 40%  중장기 최대 목표: 특허 만료 시점 전까지 최대 50% 내외 전환 유도 ​ ​ 미국 출시 9개월 만에 약 9%전환중 ​ 이미 UBS브랜든서 예측은 나가리 되었고  입꾹닫 시전중 ㅎ ​
DM-002188,raw_details.csv,1204,crawler_detail.py,네이버 종목토론방 본문 + CBOX 댓글,board_comment,토론방 댓글,알테오젠,2026-08-04T13:08:32+0900,1,427135201,,95,8afb67980425,3월까지 2~3%이하로 머물다가 4월 J-Code 적용후 9%대로 급증했다는 것은 MSD가 목표로한 2년내 30~40%는 훨씬 빨리 더 높게 달성될 가능성이 높다는 것이죠
DM-002189,raw_details.csv,1205,crawler_detail.py,네이버 종목토론방 본문 + CBOX 댓글,board_body,토론방 본문,알테오젠,2026-08-04T12:56:30,6,427134879,FOMO·상대적박탈감,115,24deb62b3a0e,"부럽네요 리가캠바이오 김용주 회장, 15억원 규모 회사 주식 장내 매수 공시 ㅡㅡㅡㅡㅡㅡㅡㅡㅡㅡㅡㅡㅡㅡㅡㅡㅡㅡㅡ 알테오젠 이사회 의장과 대표이사는 타사 경영진의 모범적인 책임경영 사례를 본받으세요. 너무하네"
DM-002190,raw_details.csv,1206,crawler_detail.py,네이버 종목토론방 본문 + CBOX 댓글,board_comment,토론방 댓글,알테오젠,2026-08-04T13:06:02+0900,2,427134879,,21,6f75d4336ce3,내일 발표하면 죽이는 타이밍인데....
DM-002191,raw_details.csv,1207,crawler_detail.py,네이버 종목토론방 본문 + CBOX 댓글,board_body,토론방 본문,알테오젠,2026-08-04T12:31:10,1,427132647,,29,68f6f264cc91,분 차트보면 맛있게 올라갈거같은데^^ 같이벌자 형아들
DM-002192,raw_details.csv,1208,crawler_detail.py,네이버 종목토론방 본문 + CBOX 댓글,board_body,토론방 본문,알테오젠,2026-08-04T12:30:31,3,427132595,,22,0a8b97100152,거지들만 기어나와서 글쓰네 ㅋ 꼴려? ㅋ
DM-002193,raw_details.csv,1209,crawler_detail.py,네이버 종목토론방 본문 + CBOX 댓글,board_body,토론방 본문,알테오젠,2026-08-04T12:21:28,3,427131772,불안·공포,14,d869690792e3,빨리 폭락가야지 개잡주답게
DM-002194,raw_details.csv,1210,crawler_detail.py,네이버 종목토론방 본문 + CBOX 댓글,board_body,토론방 본문,알테오젠,2026-08-04T12:19:50,2,427131605,,20,b4895f5786fe,단일종목알테오젠 레버리지가 시급하다다
DM-002195,raw_details.csv,1211,crawler_detail.py,네이버 종목토론방 본문 + CBOX 댓글,board_body,토론방 본문,알테오젠,2026-08-04T12:15:57,12,427131154,,52,6d096d39e452,무증한다해도 이 꼬라지네 다른 바이오는 날아가는데 이 변신은 ​ 오늘도 혼자 꼴깝떨고 자빠졌네
DM-002196,raw_details.csv,1212,crawler_detail.py,네이버 종목토론방 본문 + CBOX 댓글,board_comment,토론방 댓글,알테오젠,2026-08-04T13:12:20+0900,0,427131154,,17,e33ec252ba21,무식한게 꼴값을 떠는구나 😂😂😂
DM-002197,raw_details.csv,1213,crawler_detail.py,네이버 종목토론방 본문 + CBOX 댓글,board_comment,토론방 댓글,알테오젠,2026-08-04T12:28:01+0900,1,427131154,,8,17c1ad309cdb,화날만 하네요.
DM-002198,raw_details.csv,1214,crawler_detail.py,네이버 종목토론방 본문 + CBOX 댓글,board_comment,토론방 댓글,알테오젠,2026-08-04T12:27:56+0900,0,427131154,,13,1dc0cd95119b,다른 무슨 바이오????
DM-002199,raw_details.csv,1215,crawler_detail.py,네이버 종목토론방 본문 + CBOX 댓글,board_comment,토론방 댓글,알테오젠,2026-08-04T12:19:15+0900,1,427131154,,45,2050a7974dfd,그만 자라~ 이 좋은 주식을 왜 변신이라 하니?그러니깐 니 마누라가 변심하는거다.
DM-002200,raw_details.csv,1216,crawler_detail.py,네이버 종목토론방 본문 + CBOX 댓글,board_body,토론방 본문,알테오젠,2026-08-04T12:13:09,18,427130877,불안·공포|후회·손실고통,186,8ff807e0d40c,두고봐라 회사가 충청도 꼰대끼가 있어도 병s은 아님 호재없는 무증은 계단식하락임. 회사입장에서도 돈써가며 무증을 괜히 한게아님. 권리락이후 분명 lo나온다. 알테오젠이 단타쟁이에 가혹할정도로 단기로 보면 힘든종목인데 장기보유자한테는 확실히 수익은 안겨줬다. 빠르면 오늘 장마감후 늦어도 이번주에는 계약하나 던져줄꺼니깐 너무 걱정들말길
DM-002201,raw_details.csv,1217,crawler_detail.py,네이버 종목토론방 본문 + CBOX 댓글,board_comment,토론방 댓글,알테오젠,2026-08-04T12:17:42+0900,0,427130877,,23,fcc7796573de,글쎄 나와도 26일 근처에 나올 것 같은데
DM-002202,raw_details.csv,1218,crawler_detail.py,네이버 종목토론방 본문 + CBOX 댓글,board_comment,토론방 댓글,알테오젠,2026-08-04T12:15:09+0900,1,427130877,,12,e60e35dbbfdd,무증에 돈 들지 않아요
DM-002203,raw_details.csv,1219,crawler_detail.py,네이버 종목토론방 본문 + CBOX 댓글,board_body,토론방 본문,알테오젠,2026-08-04T12:12:51,3,427130845,,41,3681be36fdb7,진짜 잡주 맞네요 오늘 바이오 급등장에 뭐 대장이라는게 겨우 7% 한심허다
DM-002204,raw_details.csv,1220,crawler_detail.py,네이버 종목토론방 본문 + CBOX 댓글,board_body,토론방 본문,알테오젠,2026-08-04T12:00:35,4,427129722,분노·불신,16,8674d52101e1,쓰레기 쓰레기 혼자 뭐하는거지
DM-002205,raw_details.csv,1221,crawler_detail.py,네이버 종목토론방 본문 + CBOX 댓글,board_comment,토론방 댓글,알테오젠,2026-08-04T12:12:13+0900,0,427129722,분노·불신,25,0652a6dc6c43,"넌 올라도 짜증, 내려도 짜증, 왕 짜증이구나"
DM-002206,raw_details.csv,1222,crawler_detail.py,네이버 종목토론방 본문 + CBOX 댓글,board_comment,토론방 댓글,알테오젠,2026-08-04T12:06:23+0900,0,427129722,,78,c34fdb545323,제약 바이오 급등장에 이게 오르는거냐~~~ 제약 바이오 오르니 따라 오르는거징~~ 알테가 주도해서 가야 하는댕 걍 덩달아 가는게 문제징~~~
DM-002207,raw_details.csv,1223,crawler_detail.py,네이버 종목토론방 본문 + CBOX 댓글,board_comment,토론방 댓글,알테오젠,2026-08-04T12:03:05+0900,0,427129722,,24,00fbd03ee46f,"오르는 중인대, 모가, 불만인대 닭대갈 누마"
DM-002208,raw_details.csv,1224,crawler_detail.py,네이버 종목토론방 본문 + CBOX 댓글,board_body,토론방 본문,알테오젠,2026-08-04T11:56:39,5,427129387,,89,9bb589020134,무증이고 나발이고 그냥 바이오 올리니까 덩달아 올린거 뿐이다 기관섹들이 반도체 약세니까 바이오로 단타들어온거 뿐이다 며칠만 지나면 어느새 제자리로 내려가있을거야
DM-002209,raw_details.csv,1225,crawler_detail.py,네이버 종목토론방 본문 + CBOX 댓글,board_comment,토론방 댓글,알테오젠,2026-08-04T12:14:11+0900,0,427129387,,9,f8df13ef3054,🦀 소리하고 있네
DM-002210,raw_details.csv,1226,crawler_detail.py,네이버 종목토론방 본문 + CBOX 댓글,board_comment,토론방 댓글,알테오젠,2026-08-04T11:57:59+0900,0,427129387,,5,c773b9b3f98e,응 꺼져.
DM-002211,raw_details.csv,1227,crawler_detail.py,네이버 종목토론방 본문 + CBOX 댓글,board_body,토론방 본문,알테오젠,2026-08-04T11:48:45,5,427128668,,33,80a2dd1eb2fb,변신 증말 삽질한다 이거 내일이 무증락 맞아?? 더럽네 진짜
DM-002212,raw_details.csv,1228,crawler_detail.py,네이버 종목토론방 본문 + CBOX 댓글,board_body,토론방 본문,알테오젠,2026-08-04T11:45:34,5,427128391,,45,972a0e5a57e5,한 번 개잡주는 영원히 개잡주 ​ 사람이 쉽게 안바뀌듯 ​ 회사도 대주주가 안바뀜
DM-002213,raw_details.csv,1229,crawler_detail.py,네이버 종목토론방 본문 + CBOX 댓글,board_comment,토론방 댓글,알테오젠,2026-08-04T13:44:55+0900,0,427128391,,14,5786cc1324b5,견  눈에는  견만보이지.
DM-002214,raw_details.csv,1230,crawler_detail.py,네이버 종목토론방 본문 + CBOX 댓글,board_comment,토론방 댓글,알테오젠,2026-08-04T12:12:51+0900,0,427128391,,35,45c356a7af77,너와 니 인생이 개잡주구나~~~ 무식한게 꼴값을 떠는구나 😂😂😂
DM-002215,raw_details.csv,1231,crawler_detail.py,네이버 종목토론방 본문 + CBOX 댓글,board_comment,토론방 댓글,알테오젠,2026-08-04T11:56:13+0900,0,427128391,,8,57eeca9a13d0,입벌구는 안변해
DM-002216,raw_details.csv,1232,crawler_detail.py,네이버 종목토론방 본문 + CBOX 댓글,board_body,토론방 본문,알테오젠,2026-08-04T11:42:26,13,427128109,,100,e7305f646e61,개잡주 증말~~~ 오늘 제약 바이오 기본 10퍼 넘게 다 오르는댕 시총 1위 기업이 주가가 이게 모냐 증말~~ 최소 37만은 오늘 가 있어야 하는거 아니냐~~~ 심각하다 증말~~~
DM-002217,raw_details.csv,1233,crawler_detail.py,네이버 종목토론방 본문 + CBOX 댓글,board_comment,토론방 댓글,알테오젠,2026-08-04T11:47:52+0900,0,427128109,후회·손실고통,23,8c9fc0873cbe,37만에 물렸구나...기다리면 갈꺼야 😂😂
DM-002218,raw_details.csv,1234,crawler_detail.py,네이버 종목토론방 본문 + CBOX 댓글,board_body,토론방 본문,알테오젠,2026-08-04T11:41:13,8,427127990,,50,011cd663cfa2,매수 마지막날! 오늘 매수하면 주당 0.3주 무증. 알테오젠 주식수늘릴 마지막 기회인가요.
DM-002219,raw_details.csv,1235,crawler_detail.py,네이버 종목토론방 본문 + CBOX 댓글,board_body,토론방 본문,알테오젠,2026-08-04T11:35:22,10,427127473,,36,bc09c28d921b,내일까지 보유하면 30%주식 들어오나요  10주보유면 3주   ?
DM-002220,raw_details.csv,1236,crawler_detail.py,네이버 종목토론방 본문 + CBOX 댓글,board_comment,토론방 댓글,알테오젠,2026-08-04T12:17:34+0900,0,427127473,,6,8befe752eed6,오늘입니다.
DM-002221,raw_details.csv,1237,crawler_detail.py,네이버 종목토론방 본문 + CBOX 댓글,board_comment,토론방 댓글,알테오젠,2026-08-04T11:39:02+0900,4,427127473,,49,3eca245e51c9,단기로 보고 들어오신거면 내일 팔아도 됩니다. 가능하면 연말까지 들고 가시는 걸 추천요.
DM-002222,raw_details.csv,1238,crawler_detail.py,네이버 종목토론방 본문 + CBOX 댓글,board_comment,토론방 댓글,알테오젠,2026-08-04T11:37:45+0900,1,427127473,,17,4f124adc84c8,오늘!! 알면서 그러는거길...
DM-002223,raw_details.csv,1239,crawler_detail.py,네이버 종목토론방 본문 + CBOX 댓글,board_body,토론방 본문,알테오젠,2026-08-04T11:29:24,3,427126913,,28,8b2cef8137c0,"알텡이는 여전히 반푼이군 동종 다른 종보다 ,,,,"
DM-002224,raw_details.csv,1240,crawler_detail.py,네이버 종목토론방 본문 + CBOX 댓글,board_comment,토론방 댓글,알테오젠,2026-08-04T11:30:27+0900,1,427126913,,27,1dc71eb2ff96,오늘 장 마감전에 15%이상 말아올릴 예정입니다.
DM-002225,raw_details.csv,1241,crawler_detail.py,네이버 종목토론방 본문 + CBOX 댓글,board_body,토론방 본문,알테오젠,2026-08-04T11:27:25,3,427126727,,16,f01136f43fe2,개잡주 뭐하냐 시세 끝났으면서
DM-002226,raw_details.csv,1242,crawler_detail.py,네이버 종목토론방 본문 + CBOX 댓글,board_body,토론방 본문,알테오젠,2026-08-04T11:26:10,4,427126592,,61,8084387f734a,오늘 35찍고  낼종가는 30 목푠데 계획대로 가자~ 나갈 호구들도 내일까진 좀 버텨라~ 같이 먹고 살자 쫌~
DM-002227,raw_details.csv,1243,crawler_detail.py,네이버 종목토론방 본문 + CBOX 댓글,board_comment,토론방 댓글,알테오젠,2026-08-04T11:43:12+0900,0,427126592,,5,24069635b14c,찍고 40
DM-002228,raw_details.csv,1244,crawler_detail.py,네이버 종목토론방 본문 + CBOX 댓글,board_body,토론방 본문,알테오젠,2026-08-04T11:22:42,1,427126214,,42,682c34262f1c,지투지봐라  거래량없이  쳐올린다 고농축  sc가  맞는가보네 ​ ㅎㅎㅎㅎㅎ
DM-002229,raw_details.csv,1245,crawler_detail.py,네이버 종목토론방 본문 + CBOX 댓글,board_comment,토론방 댓글,알테오젠,2026-08-04T11:35:33+0900,0,427126214,,43,ea0f8cec5e19,거기로 가소.. 쪽집게 무당처럼 벌써 저점에 샀겠지요?? 축하드립니다..^*^
DM-002230,raw_details.csv,1246,crawler_detail.py,네이버 종목토론방 본문 + CBOX 댓글,board_comment,토론방 댓글,알테오젠,2026-08-04T11:32:28+0900,0,427126214,,44,8162e89cfc6b,D CAT B 일 가능성 / R B의 신뢰도는 거래량인데 ~없다는 얘기는 뭐다?
DM-002231,raw_details.csv,1247,crawler_detail.py,네이버 종목토론방 본문 + CBOX 댓글,board_body,토론방 본문,알테오젠,2026-08-04T11:17:50,2,427125644,,20,1799ad9fe316,이제 본색을 드러내라. 개잡주 본색.
DM-002232,raw_details.csv,1248,crawler_detail.py,네이버 종목토론방 본문 + CBOX 댓글,board_body,토론방 본문,알테오젠,2026-08-04T11:16:40,9,427125490,분노·불신,48,9c70ab224249,외국인 투신 연기금 트리플 매수 중 키움(개미)증권 35000주 순매도 탈탈 털리는 중
DM-002233,raw_details.csv,1249,crawler_detail.py,네이버 종목토론방 본문 + CBOX 댓글,board_body,토론방 본문,알테오젠,2026-08-04T11:13:16,8,427125064,,81,c36ad3c9d953,1억이상 매수체결 1위 ....어휴 이 개투 호구들 증말~ 호가 아래로 던지지말고 위로 걸어놓고 팔리면 짜지라고 더 갈것도 못가는겨 니들 때문에~
DM-002234,raw_details.csv,1250,crawler_detail.py,네이버 종목토론방 본문 + CBOX 댓글,board_body,토론방 본문,알테오젠,2026-08-04T11:12:44,1,427124999,,28,9db01a5d0f36,와이리 좋노 수익 전환에 무증까지 받고 노났네 ㅎㅎ
DM-002235,raw_details.csv,1251,crawler_detail.py,네이버 종목토론방 본문 + CBOX 댓글,board_body,토론방 본문,알테오젠,2026-08-04T11:12:22,3,427124951,,29,a1767c5ec236,종가예상  +3.5% 낼  권리락후  사도  안늦는다
DM-002236,raw_details.csv,1252,crawler_detail.py,네이버 종목토론방 본문 + CBOX 댓글,board_comment,토론방 댓글,알테오젠,2026-08-04T11:39:54+0900,0,427124951,,40,2445bac5be13,똥싸는 소리 하지말고 쳐 자라 응~~응~~~응 ㅋㅋㅋㅋ ㅋㅋㅋㅋ ㅋㅋㅋㅋ
DM-002237,raw_details.csv,1253,crawler_detail.py,네이버 종목토론방 본문 + CBOX 댓글,board_comment,토론방 댓글,알테오젠,2026-08-04T11:17:23+0900,0,427124951,,22,a0bacfd5c86f,"난,, 20프로 이상 보는 데,..^*^"
DM-002238,raw_details.csv,1254,crawler_detail.py,네이버 종목토론방 본문 + CBOX 댓글,board_comment,토론방 댓글,알테오젠,2026-08-04T11:16:04+0900,0,427124951,,43,cba77018a86e,응원합니다.  가능하면 왜 그런지 근거를 달아주면 더 설득력 있을 듯 합니다.
DM-002239,raw_details.csv,1255,crawler_detail.py,네이버 종목토론방 본문 + CBOX 댓글,board_body,토론방 본문,알테오젠,2026-08-04T11:10:15,2,427124696,불안·공포,114,353af7cc83fa,최악이다 반도체는 내리고 바이오 특히 알테가 오르다니.... 이러면 놀려먹을 수가 없잖아 그동안 알테주주들 놀려먹는게 유일한 낙이었는데.... 빨리 제자리로 돌아오길 기도해본다 알테 폭락~ 기승전 반도체~
DM-002240,raw_details.csv,1256,crawler_detail.py,네이버 종목토론방 본문 + CBOX 댓글,board_comment,토론방 댓글,알테오젠,2026-08-04T11:38:29+0900,0,427124696,,76,f3f7b9946ef4,아직도 암 안걸렸냐? 검진 받아봐라 암이 무럭무럭 자라고 있을듯~~~ 평생 iv 맞으면서 살어~~~물론 그거 맞을 돈도 없겠지만 ㅋㅋㅋㅋ
DM-002241,raw_details.csv,1257,crawler_detail.py,네이버 종목토론방 본문 + CBOX 댓글,board_comment,토론방 댓글,알테오젠,2026-08-04T11:12:53+0900,0,427124696,,12,f285142f0a25,밥은 먹고 댕기냐~~~
DM-002242,raw_details.csv,1258,crawler_detail.py,네이버 종목토론방 본문 + CBOX 댓글,board_comment,토론방 댓글,알테오젠,2026-08-04T11:10:48+0900,2,427124696,,7,3b1962ab14cc,인생이 불쌍타
DM-002243,raw_details.csv,1259,crawler_detail.py,네이버 종목토론방 본문 + CBOX 댓글,board_body,토론방 본문,알테오젠,2026-08-04T11:07:43,6,427124369,,13,03698cdd302e,숏커버 들어와서 상한가각
DM-002244,raw_details.csv,1260,crawler_detail.py,네이버 종목토론방 본문 + CBOX 댓글,board_body,토론방 본문,알테오젠,2026-08-04T11:05:54,0,427124123,,45,1c1f3b14b9f5,충청도라 그런가 합병 수면위로 올라 올 때 된 것 같은데 ​ 졸라 밍기적 거리네.
DM-002245,raw_details.csv,1261,crawler_detail.py,네이버 종목토론방 본문 + CBOX 댓글,board_comment,토론방 댓글,알테오젠,2026-08-04T13:10:57+0900,0,427124123,,4,396d1c1d58f2,신병인가
DM-002246,raw_details.csv,1262,crawler_detail.py,네이버 종목토론방 본문 + CBOX 댓글,board_comment,토론방 댓글,알테오젠,2026-08-04T11:42:45+0900,0,427124123,,87,d995e2470cbf,그런 머리로 알바 뛰면 사장님이 호구네~~~얼마나 불쌍해 보였으면~~ㅋㅋㅋㅋ ㅋㅋㅋㅋ ㅋㅋㅋㅋ 좀 더 참신한거 좀 생각해봐라~ 흐르는강물이 보다 못하노~~~
DM-002247,raw_details.csv,1263,crawler_detail.py,네이버 종목토론방 본문 + CBOX 댓글,board_body,토론방 본문,알테오젠,2026-08-04T11:05:40,8,427124080,후회·손실고통,557,b94fc322ffeb,"^*^ 꾹 움켜쥐고 있길,,,,이번주 박스권 탈출!!! 가능 박스권 상단,.. 420000원 선,..권리락 후 323000원 선.. 지난 연초 LO 이곳... 이번에 새로 나올 LO는 어디??? ​ 머크 큐렉스 매출 증가와 전환율 증가,..끝나가는 특허이슈!!! 유럽권으로의 판매 확대 시점,.. ​ 사노피 임상 1상 완료, 9월 3상 시작,.. 28년이면 끝나고,.. 제품 출시예상 사노피는 4프로 이상일 것으로 판단... ​ SC, 고농축!!!  아무나 하는 것 아님,.. 찌라시에 속지말고,.. SC와 고농축은 차원이 다름,.. 농축 농도도 다르고,.. 부작용도... SC가 현저하게 우수함.. ​ SC제형이 대세라는 방증!!! 모두가 하려하지만, 못하는,.. 머크도, 사노피도, AZ도,다이이치산쿄도, BMS도, 시밀러의 대마왕 산도즈도,.. 등등 ​ 아무나 할 수 있는 거 아님,.. 국내 기사 찌라시에 놀아나지 말길....^*^ ​ 그냥 넘어야하는 숫자,..420000원,, 오늘?? ㅋㅋ 못가죠. 상한가 위라서, 내일부터는 323000원,... ​ 성투하세요... 안팔면 올라요,,,"
DM-002248,raw_details.csv,1264,crawler_detail.py,네이버 종목토론방 본문 + CBOX 댓글,board_comment,토론방 댓글,알테오젠,2026-08-04T11:41:45+0900,0,427124080,,42,b4720c2a428a,흘러내릴 때 5호가당 1주씩만 담지요...340500에 1주 주문이욤..하하
DM-002249,raw_details.csv,1265,crawler_detail.py,네이버 종목토론방 본문 + CBOX 댓글,board_comment,토론방 댓글,알테오젠,2026-08-04T11:27:07+0900,0,427124080,,47,0df243c4f3a9,오늘.. VI 두번정도 구경하면 좋겠네요^*^ 오늘보다는 내일이 더 기대되는 날!!!
DM-002250,raw_details.csv,1266,crawler_detail.py,네이버 종목토론방 본문 + CBOX 댓글,board_comment,토론방 댓글,알테오젠,2026-08-04T11:10:17+0900,2,427124080,,50,36c437658134,아무리 그래도 팔사람들은 다 팝니다. 전 큐렉스 첫 로얄티 들어올때까지 가지고 가볼랍니다.
DM-002251,raw_details.csv,1267,crawler_detail.py,네이버 종목토론방 본문 + CBOX 댓글,board_comment,토론방 댓글,알테오젠,2026-08-04T11:06:16+0900,1,427124080,,22,13bb11515f6e,43만원 넘어야 안정빵인듯요 ㅠㅡ 롸이팅
DM-002252,raw_details.csv,1268,crawler_detail.py,네이버 종목토론방 본문 + CBOX 댓글,board_body,토론방 본문,알테오젠,2026-08-04T11:02:29,7,427123596,,16,5c4339744a60,무증후 LO 공시 나오는거같다
DM-002253,raw_details.csv,1269,crawler_detail.py,네이버 종목토론방 본문 + CBOX 댓글,board_comment,토론방 댓글,알테오젠,2026-08-04T11:44:26+0900,0,427123596,,24,be26f87bce2f,대표 표현으론 여름휴가 즈음에 나온다했는데~
DM-002254,raw_details.csv,1270,crawler_detail.py,네이버 종목토론방 본문 + CBOX 댓글,board_comment,토론방 댓글,알테오젠,2026-08-04T11:39:51+0900,1,427123596,,9,a5bf66475b0f,개소리는 하지말고
DM-002255,raw_details.csv,1271,crawler_detail.py,네이버 종목토론방 본문 + CBOX 댓글,board_comment,토론방 댓글,알테오젠,2026-08-04T11:28:30+0900,0,427123596,,60,349038adb3be,"이번주중에 나오긴 할 것 같습니다..^*^ 기사이후 45일정도 지나는 시점이니,.. 마루리될 수도...^*^"
DM-002256,raw_details.csv,1272,crawler_detail.py,네이버 종목토론방 본문 + CBOX 댓글,board_comment,토론방 댓글,알테오젠,2026-08-04T11:12:53+0900,1,427123596,,37,d16879a22e7e,근거없는 이야기 퍼뜨리지는 말아주세요. 안나오면 실망매물 나옵니다.
DM-002257,raw_details.csv,1273,crawler_detail.py,네이버 종목토론방 본문 + CBOX 댓글,board_body,토론방 본문,알테오젠,2026-08-04T11:01:51,2,427123485,,21,5fa60f466501,개잡주 힘이 떨어졌다 살 사람 다 샀냐
DM-002258,raw_details.csv,1274,crawler_detail.py,네이버 종목토론방 본문 + CBOX 댓글,board_body,토론방 본문,알테오젠,2026-08-04T11:00:27,3,427123311,,51,54a217d50260,작년 8월4일 43만원이다 올랐지만 9만원 떨어졌네 1년이상 장투자는 주식접어라~ㅋㅋㅋㅋㅋㅋ
DM-002259,raw_details.csv,1275,crawler_detail.py,네이버 종목토론방 본문 + CBOX 댓글,board_comment,토론방 댓글,알테오젠,2026-08-04T11:09:38+0900,0,427123311,,20,a161a8dfb5ce,네이버 주톡방 초록강아지 같은 넘이냐
DM-002260,raw_details.csv,1276,crawler_detail.py,네이버 종목토론방 본문 + CBOX 댓글,board_comment,토론방 댓글,알테오젠,2026-08-04T11:08:39+0900,0,427123311,,24,003bdc8c76ac,내가 산 가격을 어찌 아시고 떡 맞추심 ㅜㅜ
DM-002261,raw_details.csv,1277,crawler_detail.py,네이버 종목토론방 본문 + CBOX 댓글,board_comment,토론방 댓글,알테오젠,2026-08-04T11:08:35+0900,0,427123311,,58,c3af2e3c5d11,1년이상 장투자는 주식 접어요? 왜요? 저는 7년차라 이렇게 떨어져도 수익율이 4000% 이상인데 ㅋㅋㅋ
DM-002262,raw_details.csv,1278,crawler_detail.py,네이버 종목토론방 본문 + CBOX 댓글,board_body,토론방 본문,알테오젠,2026-08-04T10:57:09,7,427122842,,14,cec4869f7532,오늘 5만넌 상승 할꺼가따
DM-002263,raw_details.csv,1279,crawler_detail.py,네이버 종목토론방 본문 + CBOX 댓글,board_body,토론방 본문,알테오젠,2026-08-04T10:54:29,0,427122376,,17,9337a66d02db,전자 닉스 양전 코스닥 끝난거?
DM-002264,raw_details.csv,1280,crawler_detail.py,네이버 종목토론방 본문 + CBOX 댓글,board_body,토론방 본문,알테오젠,2026-08-04T10:53:37,2,427122232,,78,b54c00141bfd,이제  실실  매도타이밍 무증  받아봐야  영양가없다 ​ 권리락후  재매수가  현명하다 ​ 내일  공매성님들이  무쟈게  때릴겨 ​ ㅎㅎㅎㅎ
DM-002265,raw_details.csv,1281,crawler_detail.py,네이버 종목토론방 본문 + CBOX 댓글,board_comment,토론방 댓글,알테오젠,2026-08-04T11:18:15+0900,1,427122232,,64,3af08b092b71,오늘 장 막판에 크게 감아올릴 것 같은데 오늘 공매성님들은 활동 안하나요? 측근이면 잘 아실텐데 좀 알려주면 감사.
DM-002266,raw_details.csv,1282,crawler_detail.py,네이버 종목토론방 본문 + CBOX 댓글,board_comment,토론방 댓글,알테오젠,2026-08-04T10:58:08+0900,2,427122232,FOMO·상대적박탈감,204,1c620f54439e,"이번주 420000원 박스권 상단,(권리락 후 323000원) 넘는다... 쫑알 되지말고.. 살거면 지금이라도 사라...연초 2건 LO가 42만우너 선이다. 이번 새로운  LO는 이것보다 더 가야하지 않겠니?? 머크 큐렉스 전환율과 매출이 급격하게 증가하고 있는 데,... 특허이슈 긑나가고 있고,.. SC제형 누구나 할 수 있는 것 아니다.. 찌라시에 속지마라.."
DM-002267,raw_details.csv,1283,crawler_detail.py,네이버 종목토론방 본문 + CBOX 댓글,board_body,토론방 본문,알테오젠,2026-08-04T10:50:14,6,427121653,,34,4b68fd6568f0,형님들 36만원 올까요?? 36만원에 오랜기간동안 물려있어서요
DM-002268,raw_details.csv,1284,crawler_detail.py,네이버 종목토론방 본문 + CBOX 댓글,board_comment,토론방 댓글,알테오젠,2026-08-04T11:45:53+0900,0,427121653,,5,5e65eade8d1f,당근 요~
DM-002269,raw_details.csv,1285,crawler_detail.py,네이버 종목토론방 본문 + CBOX 댓글,board_comment,토론방 댓글,알테오젠,2026-08-04T10:52:16+0900,0,427121653,,26,5a5251248b78,저는 40만원입니다. 50만원까지 가면 좋겠네요
DM-002270,raw_details.csv,1286,crawler_detail.py,네이버 종목토론방 본문 + CBOX 댓글,board_body,토론방 본문,알테오젠,2026-08-04T10:48:07,2,427121312,,16,a1556d6bdee9,개잡주 알테오젠 개잡주일수밖에
DM-002271,raw_details.csv,1287,crawler_detail.py,네이버 종목토론방 본문 + CBOX 댓글,board_comment,토론방 댓글,알테오젠,2026-08-04T10:51:44+0900,0,427121312,,8,40137c29d845,응원 감사합니다
DM-002272,raw_details.csv,1288,crawler_detail.py,네이버 종목토론방 본문 + CBOX 댓글,board_body,토론방 본문,알테오젠,2026-08-04T10:47:22,2,427121188,,23,208026df6dee,무증하나요? 2쥬인데 3주면 1주 주나요?
DM-002273,raw_details.csv,1289,crawler_detail.py,네이버 종목토론방 본문 + CBOX 댓글,board_comment,토론방 댓글,알테오젠,2026-08-04T11:07:16+0900,0,427121188,,2,2d383719f8a5,4주
DM-002274,raw_details.csv,1290,crawler_detail.py,네이버 종목토론방 본문 + CBOX 댓글,board_body,토론방 본문,알테오젠,2026-08-04T10:45:23,5,427120857,,47,1df343e6750c,34.5 매물대 못뚫는게 아니고 안뚫는거다 형들 저런 허매도벽은 사라질예정~ 잘보소~
DM-002275,raw_details.csv,1291,crawler_detail.py,네이버 종목토론방 본문 + CBOX 댓글,board_comment,토론방 댓글,알테오젠,2026-08-04T10:49:37+0900,0,427120857,,22,e204773d068a,vi가서 항방에 올리면 되는 물량들...
DM-002276,raw_details.csv,1292,crawler_detail.py,네이버 종목토론방 본문 + CBOX 댓글,board_body,토론방 본문,알테오젠,2026-08-04T10:43:20,1,427120490,,19,2757cc71d194,신한창구 폭탄 매물 언제 쏟아내냐?
DM-002277,raw_details.csv,1293,crawler_detail.py,네이버 종목토론방 본문 + CBOX 댓글,board_body,토론방 본문,알테오젠,2026-08-04T10:41:15,6,427120257,,27,118adb8d8e45,3주만에  30%상승 ㅅㅅㅅㅅ ​ 50만원 가냐?
DM-002278,raw_details.csv,1294,crawler_detail.py,네이버 종목토론방 본문 + CBOX 댓글,board_body,토론방 본문,알테오젠,2026-08-04T10:40:27,2,427120181,,44,b469d84b1fc3,오늘 오르길래 개잡주 아닌줄 알았더니 다른종목 상승률 보니까 다시 개잡주 맞다.
DM-002279,raw_details.csv,1295,crawler_detail.py,네이버 종목토론방 본문 + CBOX 댓글,board_comment,토론방 댓글,알테오젠,2026-08-04T10:53:06+0900,0,427120181,,11,5e43b94b4877,언제나 응원 감사해요
DM-002280,raw_details.csv,1296,crawler_detail.py,네이버 종목토론방 본문 + CBOX 댓글,board_comment,토론방 댓글,알테오젠,2026-08-04T10:46:26+0900,1,427120181,,20,39360c768a91,개잡주 종토방에 꼬이는 너는 개잡것?
DM-002281,raw_details.csv,1297,crawler_detail.py,네이버 종목토론방 본문 + CBOX 댓글,board_comment,토론방 댓글,알테오젠,2026-08-04T10:41:44+0900,1,427120181,,22,e5de28524553,알테 개잡주니까 다른 방에 가서 노세욤.
DM-002282,raw_details.csv,1298,crawler_detail.py,네이버 종목토론방 본문 + CBOX 댓글,board_body,토론방 본문,알테오젠,2026-08-04T10:40:08,4,427120137,,42,0893351fc726,신기하군 344를 가는 게 이렇게 힘들다고? 알테오젠이 잡회사였나. 흠...
DM-002283,raw_details.csv,1299,crawler_detail.py,네이버 종목토론방 본문 + CBOX 댓글,board_body,토론방 본문,알테오젠,2026-08-04T10:38:08,6,427119912,FOMO·상대적박탈감,76,27e71afdb64e,코스닥의 정상화 알테가 이끈다. 키트루다 하나만으로도 벌써 40위에서 놀아야 하거늘.. 정상화로 가자! ​ 듀피젠트... 추가 LO는 덤
DM-002284,raw_details.csv,1300,crawler_detail.py,네이버 종목토론방 본문 + CBOX 댓글,board_comment,토론방 댓글,알테오젠,2026-08-04T10:39:23+0900,1,427119912,,21,3ca389dd11db,40이 아니라 50위에서 놀아야징~~~
DM-002285,raw_details.csv,1301,crawler_detail.py,네이버 종목토론방 본문 + CBOX 댓글,board_body,토론방 본문,알테오젠,2026-08-04T10:37:25,30,427119802,불안·공포,482,b84733a63c93,"★★★무상증자 내용 정리 해줄게★★★ 무증 참여 대상: 8월 4일(화) 장 마감 때까지 주식을 보유하고 있던 주주 (이것 때문에 오늘 15% 이상 무조건 간다. 살 사람 지금 사라..) ​ 오늘(8월 4일) 마감되는 장후 시간외 거래(넥장, 오후 4:00 ~ 6:00)까지 모두 포함 ​ 권리락일: 8월 5일(수) (이날부터는 주가가 30% 낮아진 가격으로 시작하며, 주식을 팔아도 무증 받음) ​ 신주배정 기준일 : 8월 6일(목) ​ 신주 상장(입고)일: 8월 26일(수) ​ 1주당 0.3주 비율로 지급 ​ 즉, 100주 가지고 있으면 33주 주고, 0.3주는 현금으로 들어옴 ​ 1주 미만으로 떨어지는 단수주는 8월 26일 상장 첫날 종가를 기준으로 계산하여 현금으로 계좌에 입금 (이런 것도 알려줘야 함 ㅡㅡ?) ​ 신청 할 필요 없음. 8월 26일 아침에 알아서 들어옴 ​ 핑프들아 제발 좀 찾아보고 사라 좀 ​ 뭔 무당도 아니고 주식을 감으로 쳐하냐"
DM-002286,raw_details.csv,1302,crawler_detail.py,네이버 종목토론방 본문 + CBOX 댓글,board_comment,토론방 댓글,알테오젠,2026-08-04T13:42:03+0900,1,427119802,,15,659c34a8280a,넥장은 20시까지인거 맞죠?
DM-002287,raw_details.csv,1303,crawler_detail.py,네이버 종목토론방 본문 + CBOX 댓글,board_comment,토론방 댓글,알테오젠,2026-08-04T13:36:28+0900,0,427119802,,76,0c103f5cdbc6,"더 쉽게 말하면, 액분은 그냥 만원짜리를 천원짜리로 10조각 만드는거고, 무증은 만원이 있는데, 주주들한테 공짜로 3천원을 더 주는거지."
DM-002288,raw_details.csv,1304,crawler_detail.py,네이버 종목토론방 본문 + CBOX 댓글,board_comment,토론방 댓글,알테오젠,2026-08-04T13:32:51+0900,0,427119802,,238,4efea3184b88,"반응 좋네? 더 알려줄게. ""그럼 무증이랑 액분이랑 뭔 차인데요!!! 다른 주식도 액분하는데 그건 악재라잖아요!!"" 야이.. 의도가 다르잖아. 액분은 매수 가격을 낮춰서 유동성, 즉 신규 유입을 목적으로 하는거고, 무증은 회사가 가지고 있는 현금을 주식으로 바꿔서(이러면 회사 돈 묶임) 주주님들.. 우리 회사 건강하고 튼튼해요.. 제발 빼지 말고 장기투자 해주세요.. 라고 말하는거임. 액분같은 짓거리랑은 성격 자체가 달라."
DM-002289,raw_details.csv,1305,crawler_detail.py,네이버 종목토론방 본문 + CBOX 댓글,board_comment,토론방 댓글,알테오젠,2026-08-04T13:20:34+0900,1,427119802,불안·공포,80,1bbf5f79ce8e,내일 왜 30퍼가 떨어지죠?? 무증30퍼 준다고 30퍼 떨오진다 생각한건 아니죠?? 오늘 종가÷1.3 이렇게 계산해야지  이런것도 알려줘야함??
DM-002290,raw_details.csv,1306,crawler_detail.py,네이버 종목토론방 본문 + CBOX 댓글,board_comment,토론방 댓글,알테오젠,2026-08-04T12:54:12+0900,0,427119802,,66,5d7fc9005878,"야, 내일이 권리락인데 오늘 4시 5시 에 장이 열리냐? 3시30분에  마감이지? 미련 밥통아! 얘들한테 똑봐루 알려줘"
DM-002291,raw_details.csv,1307,crawler_detail.py,네이버 종목토론방 본문 + CBOX 댓글,board_comment,토론방 댓글,알테오젠,2026-08-04T11:48:28+0900,10,427119802,,36,c2fa97dd2547,100주 들고 있으면 33주가 아니고 30주 들어오는거 아닌가요?
DM-002292,raw_details.csv,1308,crawler_detail.py,네이버 종목토론방 본문 + CBOX 댓글,board_comment,토론방 댓글,알테오젠,2026-08-04T10:46:27+0900,4,427119802,불안·공포|분노·불신,147,76e341c03c51,"여기서 주의할 점. 무상증자 하는줄도 모르고, 주가 떨어지니까 패닉셀 하는 개미들이 많아서 잠깐 하락할 가능성 있음. 이때가 또 저점 매수 하기 좋은 타이밍이지. 이때 기관,외인들이 많이 들어옴. 그니까 내일 가격 좀 떨어졌다고 바로 팔지 말고 좀 찾아보란 말이야"
DM-002293,raw_details.csv,1309,crawler_detail.py,네이버 종목토론방 본문 + CBOX 댓글,board_comment,토론방 댓글,알테오젠,2026-08-04T10:44:27+0900,2,427119802,,182,8276e1937c00,"그리고 너네 하이닉스 주식 10주씩 살 수 있음? 못사지? 왜? 150만원 200만원 하는거 어떻게 사냐 비트코인처럼 0.01주 살 수 있는 것도 아니고.  근데 무증해서 가격이 낮아지면, '통장에 남는 돈'으로 투자하는 사람들이 유입하기 쉬워짐. 현금이 없어서 40만원 1주 못사는 애들이 25만원되면 살 수 있다는 말이야."
DM-002294,raw_details.csv,1310,crawler_detail.py,네이버 종목토론방 본문 + CBOX 댓글,board_comment,토론방 댓글,알테오젠,2026-08-04T10:43:21+0900,3,427119802,,11,335ce8bc7d5d,간단하게정리 똑똑씨다
DM-002295,raw_details.csv,1311,crawler_detail.py,네이버 종목토론방 본문 + CBOX 댓글,board_comment,토론방 댓글,알테오젠,2026-08-04T10:42:53+0900,12,427119802,불안·공포,267,8b4d8f5bc51b,"그리고 십 무상증자가 뭔지 모르는 애들 위해서 쓴다.   ??? : 어차피 무증 이후 가격 형성이 30% 떨어지는데, 이득은 아니지 않나요?  입을 확 ㅋㅋ  무증은 아무회사나 못한다. 회사 장부(이익잉여금 등)에 공짜 주식을 발행해 줄 만큼 현금성 자산이 엄청나게 많이 쌓여 있다는 것을 시장에 증명하는거다. 회사에서 ""나 돈 많아요!"" 하는거임   그리고 착시 효과도 있다. 어 이거 얼마전까지 40만원 하던 주식인데 왜 25만원임? ㅋㅋ 바닥에서 산다 하는 애들이 많아짐."
DM-002296,raw_details.csv,1312,crawler_detail.py,네이버 종목토론방 본문 + CBOX 댓글,board_body,토론방 본문,알테오젠,2026-08-04T10:34:52,1,427119474,,31,204a090ed64c,신기한용자야 또 매수타점 알려조!!!!!!!!!! 사랑해
DM-002297,raw_details.csv,1313,crawler_detail.py,네이버 종목토론방 본문 + CBOX 댓글,board_comment,토론방 댓글,알테오젠,2026-08-04T10:38:50+0900,0,427119474,,10,ffc731caa4f1,지금들어가 소대가라
DM-002298,raw_details.csv,1314,crawler_detail.py,네이버 종목토론방 본문 + CBOX 댓글,board_body,토론방 본문,알테오젠,2026-08-04T10:32:55,13,427119209,FOMO·상대적박탈감,54,31c186835c72,싸도 너무 싸다 이 가격에 줍고 무증까지 받는 사람 너무 부럽다 2년보유했는데 지금 단가보다 높다
DM-002299,raw_details.csv,1315,crawler_detail.py,네이버 종목토론방 본문 + CBOX 댓글,board_comment,토론방 댓글,알테오젠,2026-08-04T10:45:12+0900,1,427119209,,23,695ea30a19f4,30밑으로 400개 주웠네요 알테 믿으세요
DM-002300,raw_details.csv,1316,crawler_detail.py,네이버 종목토론방 본문 + CBOX 댓글,board_body,토론방 본문,알테오젠,2026-08-04T10:31:06,8,427118937,,27,e63d1df0061b,외것 개관 다들왔다 오늘 크게 갈거 같다. 간만에
DM-002301,raw_details.csv,1317,crawler_detail.py,네이버 종목토론방 본문 + CBOX 댓글,board_comment,토론방 댓글,알테오젠,2026-08-04T10:44:23+0900,0,427118937,,147,ccd34a61151f,미국 보험청구 환경 쪽에서 한 단계 진전된 자료가 확인됩니다. 미국 보험사 의료정책 문서에서 KEYTRUDA QLEX에 기존 임시코드(J3590/C9399) 대신 전용 영구 J-code J9277을 반영하고 QLEX SC를 보험정책 대상으로 명시하고 있습니다. 즉
DM-002302,raw_details.csv,1318,crawler_detail.py,네이버 종목토론방 본문 + CBOX 댓글,board_comment,토론방 댓글,알테오젠,2026-08-04T10:31:53+0900,1,427118937,,12,f5d2d5e6f594,이제 축제 분여기 나네
DM-002303,raw_details.csv,1319,crawler_detail.py,네이버 종목토론방 본문 + CBOX 댓글,board_body,토론방 본문,알테오젠,2026-08-04T10:30:27,10,427118856,후회·손실고통,38,fba892a25ffa,오늘 상한가 가도 마이너스네요 따뜻한 덕담한마디씩만 해주고 가세요..
DM-002304,raw_details.csv,1320,crawler_detail.py,네이버 종목토론방 본문 + CBOX 댓글,board_comment,토론방 댓글,알테오젠,2026-08-04T10:58:51+0900,1,427118856,,32,2e74bc239261,저도 비슷해요 워낙 높은가격에 사서 계속 흘러내려서..ㅠㅠ
DM-002305,raw_details.csv,1321,crawler_detail.py,네이버 종목토론방 본문 + CBOX 댓글,board_comment,토론방 댓글,알테오젠,2026-08-04T10:33:07+0900,1,427118856,,30,c23691a3f772,머크 가이던스 높게 나오고 lo 열개 하면 천당갑니다.
DM-002306,raw_details.csv,1322,crawler_detail.py,네이버 종목토론방 본문 + CBOX 댓글,board_body,토론방 본문,알테오젠,2026-08-04T10:10:38,7,427115966,,30,1166077c506b,신기한타이밍고아가 지낄때마다 매수타이밍이네 ㅋㅋㅋㅋㅋㅋ
DM-002307,raw_details.csv,1323,crawler_detail.py,네이버 종목토론방 본문 + CBOX 댓글,board_body,토론방 본문,알테오젠,2026-08-04T10:05:01,10,427114861,,58,63d8cad7b24b,코오롱티슈도 10% 이상가는데 넌 뭐냐?  참 답도 없고 약도 없고 백약이 무효하네 ​ 욕할 기운도 없다
DM-002308,raw_details.csv,1324,crawler_detail.py,네이버 종목토론방 본문 + CBOX 댓글,board_comment,토론방 댓글,알테오젠,2026-08-04T10:36:54+0900,0,427114861,분노·불신,16,8894754743d8,티슈가 아니라 쓰레기라 그렇지
DM-002309,raw_details.csv,1325,crawler_detail.py,네이버 종목토론방 본문 + CBOX 댓글,board_comment,토론방 댓글,알테오젠,2026-08-04T10:22:18+0900,0,427114861,,3,8c75ef7e192c,기운내
DM-002310,raw_details.csv,1326,crawler_detail.py,네이버 종목토론방 본문 + CBOX 댓글,board_comment,토론방 댓글,알테오젠,2026-08-04T10:09:44+0900,3,427114861,,23,2728d37b54b6,코티가 하한가 3방 맞은 건 모르냐? ㅋㅋ
DM-002311,raw_details.csv,1327,crawler_detail.py,네이버 종목토론방 본문 + CBOX 댓글,board_body,토론방 본문,알테오젠,2026-08-04T10:03:24,6,427114512,,16,a5c961444089,신기한숏고아 엄마가 ㅌ찾는다~
DM-002312,raw_details.csv,1328,crawler_detail.py,네이버 종목토론방 본문 + CBOX 댓글,board_body,토론방 본문,알테오젠,2026-08-04T10:02:18,7,427114255,,27,83d169618668,신기한타이밍유기견 이제 곧 돚 물고 D 질때 됐네
DM-002313,raw_details.csv,1329,crawler_detail.py,네이버 종목토론방 본문 + CBOX 댓글,board_body,토론방 본문,알테오젠,2026-08-04T10:01:39,4,427114110,충동·중독시그널,23,717eaa887bfb,미국45개주 식중독확산 식중독 관련주 사자
DM-002314,raw_details.csv,1330,crawler_detail.py,네이버 종목토론방 본문 + CBOX 댓글,board_body,토론방 본문,한미반도체,2026-08-04T14:36:52,3,427145020,,41,fc2836a4dfb7,보합까지 일단 가보자 가즈아 ~~~~~ 공견 매도 물량 꾹꾹 담았다 아래서
DM-002315,raw_details.csv,1331,crawler_detail.py,네이버 종목토론방 본문 + CBOX 댓글,board_body,토론방 본문,한미반도체,2026-08-04T14:36:40,0,427144997,후회·손실고통,87,6d92e3d47c43,"2026년 2조 매출???? ㅋㅋㅋㅋㅋㅋㅋㅋ 3,4분기 8000억 이상씩??? ​ 곽회장 입꾹닫하는 이유가 괜히잇는게 아니엿구마 ​ ㅋㅋㅋㅋㅋㅋㅋㅋㅋㅋㅋㅋㅋ"
DM-002316,raw_details.csv,1332,crawler_detail.py,네이버 종목토론방 본문 + CBOX 댓글,board_body,토론방 본문,한미반도체,2026-08-04T14:32:54,1,427144632,,3321,1374f2273ee3,"영업이익률 51.9%에도 주가는 하락한 한미반도체 관련 뉴스 창사 최대 매출에도 실적 발표 전보다 주가 낮아 목표주가 10만~50만원…'매출 2조' 현실성도 도마 ​ 곽동신 회장이 이끄는 한미반도체는 2분기 최대 실적에도 불구하고 주가 고전을 겪고 있다. /한미반도체 ​ ​ [더팩트｜윤정원 기자] 한미반도체가 2분기 창사 이래 최대 실적을 냈지만 주가는 실적 발표 이전 수준으로 되돌아갔다. 영업이익률 51.9%에도 분기별 실적 변동성과 기존 성장 목표의 현실성을 둘러싼 의문이 커지면서 적정 기업가치 논쟁이 다시 불붙고 있다. ​ ◆ 상한가 보름 만에 원점…최대 실적도 못 지킨 주가 ​ 4일 한국거래소에 따르면 한미반도체는 전날 20만2500원에 거래를 마쳤다. 전 거래일보다 5.59% 내린 가격으로, 2분기 실적 발표 직전인 지난달 14일 종가 20만7500원보다도 2.4% 낮다. ​ 한미반도체는 지난달 14일 올해 2분기 연결 기준 매출 2511억원, 영업이익 1303억원을 기록했다고 발표했다. 전년 동기 대비 각각 39.5%, 51.0% 증가했다. 매출은 창사 이래 분기 최대치를 기록했고 영업이익률은 51.9%에 달했다. ​ 주가는 실적 발표 직후 급등했다. 발표 다음 날인 지난달 15일 가격제한폭인 29.88% 오른 26만9500원에 거래를 마쳤다. 하지만 이튿날 곧바로 10.02% 하락했고, 29일에는 장중 14만8900원까지 밀렸다. 상한가를 기록한 종가와 비교하면 장중 낙폭은 44.7%에 이른다. ​ 지난달 31일에는 27.98% 반등했지만 상승세는 이어지지 못했다. 이달 3일 다시 5% 넘게 하락하면서 실적 발표 직후의 상승분을 모두 반납했다. 지난달 15일 상한가 종가와 비교해도 24.9% 낮은 수준이다. ​ 같은 기간 반도체주와 국내 증시 전반의 변동성도 커졌다. 핵심 고객사인 SK하이닉스 주가는 지난달 15일 208만2000원에서 이달 3일 156만7000원으로 24.7% 떨어졌다. 이달 3일 하루 동안 SK하이닉스는 8.79%, 코스피는 5.12% 하락했다. ​ 다만 한미반도체는 실적 발표 직후 상한가를 기록할 정도로 기대가 집중됐던 만큼 주가 반락 폭도 컸다. 사상 최대 실적이 확인된 이후에도 향후 이익 전망에 대한 시장의 평가가 빠르게 달라지고 있는 모습이다. ​ 한미반도체는 기존 매출 목표의 유지 여부에 대해서 답변을 내놓지 않았다. /한미반도체 ​ ​ ◆ 1분기 17%·2분기 52%…고객사 투자에 출렁인 수익성 ​ 한미반도체의 올해 1분기 매출은 509억원, 영업이익은 85억원이었다. 전년 동기 대비 각각 65.5%, 87.9% 감소했고 영업이익률은 16.6%에 머물렀다. 2분기 영업이익률과의 격차는 35.3%포인트다. 매출은 전 분기보다 약 5배, 영업이익은 15배 이상 증가했다. 한 분기 사이에 수익성이 크게 달라지면서 향후 실적 추정의 불확실성도 커졌다. ​ 반도체 장비업체는 고객사의 발주뿐 아니라 장비 생산과 납품, 검수 시점에 따라 매출 인식 시기가 달라진다. 고마진 TC본더의 출하와 검수가 특정 분기에 집중되면 매출과 영업이익률이 동시에 높아질 수 있지만, 고객사의 투자 일정이 늦어질 경우 실적 인식도 뒤로 밀릴 수 있다. ​ 증권가에서는 마이크론을 비롯한 해외 고객사의 발주 확대가 2분기 실적 개선을 이끈 것으로 보고 있다. 메릴린치는 국내 고객사의 투자 둔화를 마이크론과 중국 수요가 상쇄했으며, 신규 TC본더 수출이 국내 판매를 넘어선 것으로 추정했다. ​ 해외 발주가 늘었지만 고객 구조가 충분히 다변화됐다고 판단하기는 이르다. HBM 투자를 주도하는 글로벌 메모리업체가 제한적인 데다 주요 고객사의 설비투자 일정에 따라 분기 실적이 크게 달라지는 구조도 이어지고 있다. ​ 향후에는 마이크론의 발주가 하반기 이후에도 이어지는지, SK하이닉스 등 국내 고객사의 투자가 다시 확대되는지가 관건이다. 여러 고객사의 발주와 납품 일정이 분산되지 않으면 분기별 실적 편차가 반복될 수 있다는 우려도 제기된다. ​ 증권가의 적정가치 평가도 크게 엇갈린다. 집계 기관에 따라 한미반도체의 12개월 목표주가는 최저 10만원에서 최고 50만원까지 벌어져 있다. 투자의견 역시 매수 4건, 매도 3건, 보유 1건으로 팽팽하게 갈린다. ​ TC본더 수요가 수년간 이어지고 해외 고객 매출이 확대될 것으로 보는 증권사는 높은 성장률을 적용하고 있다. 반면 고객사의 설비투자 조정과 분기별 실적 변동성, 장비업체 간 경쟁을 우려하는 곳은 보수적인 평가를 내놓는 모습이다. ​ ◆ 사라진 '매출 2조' 목표…투자계획만 있고 실적 청사진은 없다 ​ 한미반도체가 최근 발표한 기업가치 제고 계획은 적정 기업가치를 둘러싼 의문을 해소하기보다 새로운 논쟁거리를 남겼다. 생산시설과 신제품 투자계획은 구체적으로 제시했지만 앞서 내걸었던 매출 목표의 유효성에 대해서는 별다른 설명을 내놓지 않았기 때문이다. ​ 한미반도체는 앞선 기업가치 제고 계획에서 2025년 매출 1조2000억원과 2026년 매출 2조원을 목표로 제시했다. 그러나 지난해 실제 매출은 5767억원으로 목표의 절반에도 미치지 못했다. ​ 올해 상반기 누적 매출은 3021억원이다. 기존 매출 2조원 목표를 달성하려면 하반기에만 약 1조7000억원의 매출을 올려야 한다. 3분기와 4분기에 각각 평균 8490억원가량이 필요한 셈으로, 창사 이래 최대였던 올해 2분기 매출의 약 3.4배에 해당한다. ​ 그러나 한미반도체가 지난달 20일 내놓은 새 기업가치 제고 계획에는 매출 2조원 목표의 유지 여부가 담기지 않았다. 5000평 이상 규모의 8공장 매입과 미국 법인 설립, 차세대 장비 개발 등 투자계획을 제시하면서도 이를 통해 달성할 매출과 수익성 목표는 공개하지 않았다. ​ 대규모 시설투자가 어떤 수주 전망을 토대로 마련됐는지, 기존 매출 목표를 폐기하거나 수정한 것인지도 확인되지 않는다. 기업가치 제고를 내세우면서 정작 투자자가 성과를 판단할 기준은 불분명해졌다는 지적이 나오는 대목이다. ​ 차세대 성장동력으로 제시한 하이브리드 본더 역시 아직은 개발 로드맵 단계에 머물러 있다. 회사는 올해 말 2세대 하이브리드 본더 시제품을 공개하고 2027년 상반기 전용 공장을 가동할 계획이다. ​ 시제품 공개 이후에는 고객사의 성능 평가와 장비 인증, 공급계약, 양산 적용 절차를 거쳐야 한다. 고객사와 공급 시점이 확인되지 않은 상황에서 공장 가동 계획만으로 향후 매출 기여도를 가늠하기는 어렵다. ​ 한미반도체는 기존 매출 목표의 유지 여부와 최근 계획에서 재무 목표를 제외한 배경, 하반기 수주·납품 전망, 하이브리드 본더의 고객사 평가 일정 등에 관한 질의에 별도의 답변을 내놓지 않았다. 시장의 평가가 극단적으로 갈리는 상황에서도 기업가치 산정에 필요한 핵심 정보는 여전히 공백으로 남게 됐다."
DM-002317,raw_details.csv,1333,crawler_detail.py,네이버 종목토론방 본문 + CBOX 댓글,board_body,토론방 본문,한미반도체,2026-08-04T14:31:14,0,427144452,,21,96b0287329f0,아직도 희망회로 돌리고 있는 BS찬티들
DM-002318,raw_details.csv,1334,crawler_detail.py,네이버 종목토론방 본문 + CBOX 댓글,board_comment,토론방 댓글,한미반도체,2026-08-04T14:38:33+0900,0,427144452,,23,8d3ad681a55f,봤냐? 오르는거? 니들은 모르면 주식접아라
DM-002319,raw_details.csv,1335,crawler_detail.py,네이버 종목토론방 본문 + CBOX 댓글,board_comment,토론방 댓글,한미반도체,2026-08-04T14:35:35+0900,0,427144452,,105,ab8444ea84b5,찬티들한테 궁금하긴 함. 도대체 뭘 보고 그렇게 오른다고 하는지 ㅋㅋㅋㅋㅋ 아니 이틀 연속 하락장인데 뭘 믿고 있는건지 좀 알려주십쇼 설마 실체도 없는 허상을 보고 믿는 건 아니게ㅛ지 ㅋㅋ
DM-002320,raw_details.csv,1336,crawler_detail.py,네이버 종목토론방 본문 + CBOX 댓글,board_comment,토론방 댓글,한미반도체,2026-08-04T14:33:18+0900,0,427144452,,34,33c4d677c0d9,"약속의 2시30분이다 미장 마크롱,샌디 양전했다 이제 올라간다"
DM-002321,raw_details.csv,1337,crawler_detail.py,네이버 종목토론방 본문 + CBOX 댓글,board_body,토론방 본문,한미반도체,2026-08-04T14:18:23,0,427143094,,40,008beced944a,며칠전 삼전닉스 마지막 불꽃쑈 나왔었잖오~ 근데 아직 반도체주 들고있냐ㅋ
DM-002322,raw_details.csv,1338,crawler_detail.py,네이버 종목토론방 본문 + CBOX 댓글,board_comment,토론방 댓글,한미반도체,2026-08-04T14:24:00+0900,0,427143094,,25,f9b2cb133983,아맞다 다방에서 돔황차 마실 시간인거 깜빡했네
DM-002323,raw_details.csv,1339,crawler_detail.py,네이버 종목토론방 본문 + CBOX 댓글,board_comment,토론방 댓글,한미반도체,2026-08-04T14:19:52+0900,0,427143094,,16,e3f7fce8bd9f,약속의 2시30분이 다가오는군
DM-002324,raw_details.csv,1340,crawler_detail.py,네이버 종목토론방 본문 + CBOX 댓글,board_body,토론방 본문,한미반도체,2026-08-04T14:15:47,4,427142725,분노·불신,19,bfd454ae82a4,공매도 중단해라. 공매도 중단해라.
DM-002325,raw_details.csv,1341,crawler_detail.py,네이버 종목토론방 본문 + CBOX 댓글,board_body,토론방 본문,한미반도체,2026-08-04T14:14:39,1,427142538,,15,3f7dca6fea9d,ㅋㅋㅋ 진짜 욕도 아깝다^^
DM-002326,raw_details.csv,1342,crawler_detail.py,네이버 종목토론방 본문 + CBOX 댓글,board_body,토론방 본문,한미반도체,2026-08-04T14:14:27,1,427142510,,117,05a1f2cfbce2,"한미 하여간 여기도  남탓깨나 해되는 인간들,집합소가맞네.  니가남돈낼름먹어보겠다고 니손가락으로눌러투자햐놓고선 이제와서 와 니탓 너탓 나빼고 모두의탓으로 돌리는데~~뭐가빠져도 많이빠졌나벼.^!^^!^^!^~~"""
DM-002327,raw_details.csv,1343,crawler_detail.py,네이버 종목토론방 본문 + CBOX 댓글,board_body,토론방 본문,한미반도체,2026-08-04T14:08:30,4,427141868,,51,07604ed0a3c7,자~~~  또다시~~ 추매구간 들어 왔네요~~~ 우리 한번 잘~~~ 해봅시다~~^^♡♡♡♡♡
DM-002328,raw_details.csv,1344,crawler_detail.py,네이버 종목토론방 본문 + CBOX 댓글,board_comment,토론방 댓글,한미반도체,2026-08-04T14:25:22+0900,0,427141868,,27,1c1e0abed829,넵..아제님.. 오전에 좀 담았지요.. 감사요..
DM-002329,raw_details.csv,1345,crawler_detail.py,네이버 종목토론방 본문 + CBOX 댓글,board_body,토론방 본문,한미반도체,2026-08-04T14:05:26,0,427141575,후회·손실고통,31,5d540d7d5111,영차영차 15만원이 보인다 ... 빨리 탈출하세요 형님들
DM-002330,raw_details.csv,1346,crawler_detail.py,네이버 종목토론방 본문 + CBOX 댓글,board_body,토론방 본문,한미반도체,2026-08-04T14:03:39,0,427141398,,98,9f67b22870e4,돈이 반도체 몰림에서 사방으로 풀어진거야. 한미가 문제인게 아니고. 이번 녹는 여름 겪으면서 반도체가 이제 기대감 반영 다 된 구간아냐? 라는 생각에 다른 종목으로 퍼진거라고.
DM-002331,raw_details.csv,1347,crawler_detail.py,네이버 종목토론방 본문 + CBOX 댓글,board_comment,토론방 댓글,한미반도체,2026-08-04T14:07:10+0900,1,427141398,,26,525edf417a6c,ㅋㅋㅋ 소설은 니 읽기장에 적어 여기다 적지말고
DM-002332,raw_details.csv,1348,crawler_detail.py,네이버 종목토론방 본문 + CBOX 댓글,board_comment,토론방 댓글,한미반도체,2026-08-04T14:05:04+0900,1,427141398,,8,075bfe73bd65,알았어 추매할께
DM-002333,raw_details.csv,1349,crawler_detail.py,네이버 종목토론방 본문 + CBOX 댓글,board_body,토론방 본문,한미반도체,2026-08-04T14:00:31,2,427141131,,22,bafb49aacf89,누르는 쉐이 누구냐? 고만 눌러!!!!!
DM-002334,raw_details.csv,1350,crawler_detail.py,네이버 종목토론방 본문 + CBOX 댓글,board_body,토론방 본문,한미반도체,2026-08-04T13:55:16,4,427140629,,22,1c0a3b2a01f8,2시 반등 주냐 ㅎ 분위기가 요상하네 ㅋ
DM-002335,raw_details.csv,1351,crawler_detail.py,네이버 종목토론방 본문 + CBOX 댓글,board_comment,토론방 댓글,한미반도체,2026-08-04T14:07:19+0900,0,427140629,,14,15f6bf50146a,반등은 개뿔...하락임..
DM-002336,raw_details.csv,1352,crawler_detail.py,네이버 종목토론방 본문 + CBOX 댓글,board_body,토론방 본문,한미반도체,2026-08-04T13:51:42,0,427140286,,18,5804b010acc7,인스타댓글막아놨노 하도욕처먹으니까
DM-002337,raw_details.csv,1353,crawler_detail.py,네이버 종목토론방 본문 + CBOX 댓글,board_comment,토론방 댓글,한미반도체,2026-08-04T14:00:18+0900,0,427140286,,14,7e592426bc83,댓글애들이 정상이 아니긴해
DM-002338,raw_details.csv,1354,crawler_detail.py,네이버 종목토론방 본문 + CBOX 댓글,board_body,토론방 본문,한미반도체,2026-08-04T13:48:10,2,427139966,,25,bd2cbc8ef651,정치쟁이 광고쟁이 많네 ㅋ ㅋㅋㅋㅋㅋ 차단 ㅋ
DM-002339,raw_details.csv,1355,crawler_detail.py,네이버 종목토론방 본문 + CBOX 댓글,board_body,토론방 본문,한미반도체,2026-08-04T13:47:40,2,427139909,,35,ebbc5173642c,꾸준히  모아라   어느정도  안정되면  반도체만  우상향 한다
DM-002340,raw_details.csv,1356,crawler_detail.py,네이버 종목토론방 본문 + CBOX 댓글,board_body,토론방 본문,한미반도체,2026-08-04T13:45:26,1,427139714,,208,a2c16ed26d87,"이 대통령 제20대 대선 후보 시절 부동산 공약""부동산 세금 확 줄이고, 공급은 늘리겠다""대출 규제 완화, 재건축 신속 추진 약속제21대  이 대통령 제20대 대선 후보 시절 부동산 공약""부동산 세금 확 줄이고, 공급은 늘리겠다""대출 규제 완화, 재건축 신속 추진 약속제21대 대통령 취임 후 정반대 노선  그니깐 왜 공약과 반대로 자꾸 가냐구ㅋㅋㅋㅋㅋ 설명 부탁한다!!!"
DM-002341,raw_details.csv,1357,crawler_detail.py,네이버 종목토론방 본문 + CBOX 댓글,board_body,토론방 본문,한미반도체,2026-08-04T13:40:56,0,427139262,분노·불신,151,598672f0d886,"한미    개잡주 상장폐기 가자 기초가 없는 모래성 종목  한미 거품주 ​ 동일업종  평균ㆍPER  15배 한미개잡주ㆍ     PER 104배 ㅡ600% 고평가 ​ 한미  PBR 29배  고평가 1분기영익  84억   ㅡ쥐꼬리실적  개잡주 반기매출 3,020억ㅡ고평가 ​"
DM-002342,raw_details.csv,1358,crawler_detail.py,네이버 종목토론방 본문 + CBOX 댓글,board_body,토론방 본문,한미반도체,2026-08-04T13:35:21,3,427138751,충동·중독시그널,58,efe587c9fce0,옆집 짱꿰 이사왔는데 담배피고 밤늦게 까지 소리지르고 ㅈ겠음 ㅠㅠ 1찍들아 제발 무비자 좀 없애주라 ㅠㅠ
DM-002343,raw_details.csv,1359,crawler_detail.py,네이버 종목토론방 본문 + CBOX 댓글,board_comment,토론방 댓글,한미반도체,2026-08-04T13:59:18+0900,0,427138751,,13,4629511b67e3,그 동네 원래 그랬자나요
DM-002344,raw_details.csv,1360,crawler_detail.py,네이버 종목토론방 본문 + CBOX 댓글,board_comment,토론방 댓글,한미반도체,2026-08-04T13:50:19+0900,0,427138751,,30,4631431d7bfe,넌 중궈한테 타살당해서 한강에서 변사체로 발견될것같다ㅋ
DM-002345,raw_details.csv,1361,crawler_detail.py,네이버 종목토론방 본문 + CBOX 댓글,board_comment,토론방 댓글,한미반도체,2026-08-04T13:41:47+0900,0,427138751,,22,da31489361b8,병진이 육갑떠는모습이 훤하다 훤해 ㅋㅋㅋ
DM-002346,raw_details.csv,1362,crawler_detail.py,네이버 종목토론방 본문 + CBOX 댓글,board_body,토론방 본문,한미반도체,2026-08-04T13:34:46,0,427138694,,16,26ebd2e3a39f,장대음봉 한번 부탁드려용ㅡㅡㅎ
DM-002347,raw_details.csv,1363,crawler_detail.py,네이버 종목토론방 본문 + CBOX 댓글,board_body,토론방 본문,한미반도체,2026-08-04T13:26:39,3,427137956,,124,3d2458eb3e22,기사나온걸보면 기업가치실현이고 주주가치제고고 하는것들은 순전히 립써비스고 믿을만한 실체가 없다는거잖아. 그걸 지금주가가 반영하는거고.. 그러니까 수주공시 없으면 암것두 아니란거지 당사자간 약정때문에 공시못한다고????...
DM-002348,raw_details.csv,1364,crawler_detail.py,네이버 종목토론방 본문 + CBOX 댓글,board_comment,토론방 댓글,한미반도체,2026-08-04T14:02:41+0900,0,427137956,,36,8c62950d96b7,팩트는 현 KOSPI 반도체 장비사중 매출이 제일 잘 나온다는 것
DM-002349,raw_details.csv,1365,crawler_detail.py,네이버 종목토론방 본문 + CBOX 댓글,board_comment,토론방 댓글,한미반도체,2026-08-04T13:44:28+0900,2,427137956,후회·손실고통,69,57152db80d42,더 팩트라는 언론사는 어떤데에요? 처음 듣는데?  영업이익률 좋고도 주가 반토막 난거 한미만 그런가  삼성은 ? 하이닉스는?
DM-002350,raw_details.csv,1366,crawler_detail.py,네이버 종목토론방 본문 + CBOX 댓글,board_body,토론방 본문,한미반도체,2026-08-04T13:22:30,0,427137553,,18,35150f23f0c3,갭메우러가자 ㅎㅎㅎㅎㅎ 야는못간다
DM-002351,raw_details.csv,1367,crawler_detail.py,네이버 종목토론방 본문 + CBOX 댓글,board_comment,토론방 댓글,한미반도체,2026-08-04T14:30:54+0900,0,427137553,,13,2908e221df0f,갈 때가 되면   기겠지
DM-002352,raw_details.csv,1368,crawler_detail.py,네이버 종목토론방 본문 + CBOX 댓글,board_body,토론방 본문,한미반도체,2026-08-04T13:16:13,2,427136889,,21,10cb78932926,호가창   이리 가벼운데도  못올라가네
DM-002353,raw_details.csv,1369,crawler_detail.py,네이버 종목토론방 본문 + CBOX 댓글,board_body,토론방 본문,한미반도체,2026-08-04T13:13:41,3,427136577,,69,8799f1d777b6,"근데 느그 대통령은 지가 약속한 대선공약에서 정확히 반대로만 하는 이유가 뭐밍??, 진짜 먼 생각임??? 궁금해서 그럼ㅋㅋㅋ"
DM-002354,raw_details.csv,1370,crawler_detail.py,네이버 종목토론방 본문 + CBOX 댓글,board_comment,토론방 댓글,한미반도체,2026-08-04T13:29:02+0900,0,427136577,,31,08fc84108418,외국인이 왜 여기서 정치질하고 난리야.  너 모스탄이야?
DM-002355,raw_details.csv,1371,crawler_detail.py,네이버 종목토론방 본문 + CBOX 댓글,board_comment,토론방 댓글,한미반도체,2026-08-04T13:16:30+0900,1,427136577,불안·공포,61,d8615db8cba9,이넘 짱꿰였구만 어쩐지 자꾸 떨어지길 기도하더라니 넌 대한민국의 국민이 아닌가봐 너거 대통령이라고 하는거 보니
DM-002356,raw_details.csv,1372,crawler_detail.py,네이버 종목토론방 본문 + CBOX 댓글,board_body,토론방 본문,한미반도체,2026-08-04T13:11:36,5,427136327,,34,47f2e0a548a2,나닥 선물 살아나는데  외놈들 숏포지션에 국장 전체가 하방이네
DM-002357,raw_details.csv,1373,crawler_detail.py,네이버 종목토론방 본문 + CBOX 댓글,board_comment,토론방 댓글,한미반도체,2026-08-04T13:14:38+0900,1,427136327,후회·손실고통,45,f31ca14ed27e,좀 있으면 살아나서 탈출할수있게 양전할것같다 탈출할수있게 탈출아 기도해서 탈출하자
DM-002358,raw_details.csv,1374,crawler_detail.py,네이버 종목토론방 본문 + CBOX 댓글,board_body,토론방 본문,한미반도체,2026-08-04T13:08:07,2,427135948,,68,6b7fb74e5dc8,아싸!!!! 좋아!!! 좋아!!!좋아!!!! 하한가!!!!!ㅋㅋㅋㅋ 이젠 지하실 뚫고 맨틀 뚫고 내핵까지 가보자!!!ㅋㅋㅋ
DM-002359,raw_details.csv,1375,crawler_detail.py,네이버 종목토론방 본문 + CBOX 댓글,board_comment,토론방 댓글,한미반도체,2026-08-04T13:35:28+0900,0,427135948,,6,fbcdc1f22d5e,정신병자쉐리
DM-002360,raw_details.csv,1376,crawler_detail.py,네이버 종목토론방 본문 + CBOX 댓글,board_comment,토론방 댓글,한미반도체,2026-08-04T13:17:12+0900,2,427135948,,8,7779b963d6dd,니 삶이 하한가
DM-002361,raw_details.csv,1377,crawler_detail.py,네이버 종목토론방 본문 + CBOX 댓글,board_comment,토론방 댓글,한미반도체,2026-08-04T13:10:13+0900,3,427135948,,25,aebe121d6f5d,왜 사냐? ㅋ 그냥 나가 ㄷㅈ*** ~~~^^
DM-002362,raw_details.csv,1378,crawler_detail.py,네이버 종목토론방 본문 + CBOX 댓글,board_body,토론방 본문,한미반도체,2026-08-04T13:02:50,3,427135429,불안·공포,7,3e3e736139c8,쫌 살려주십쇼
DM-002363,raw_details.csv,1379,crawler_detail.py,네이버 종목토론방 본문 + CBOX 댓글,board_body,토론방 본문,한미반도체,2026-08-04T13:02:42,1,427135413,,29,c4eaa1d69296,",아직도   고평가라는거야  ... 설거지  설거지~"
DM-002364,raw_details.csv,1380,crawler_detail.py,네이버 종목토론방 본문 + CBOX 댓글,board_comment,토론방 댓글,한미반도체,2026-08-04T13:06:59+0900,2,427135413,불안·공포|후회·손실고통,63,6e7c787ef40c,동신이경영도 문제지만. 이건 레버리지 상장이후 모든종목이 반토막 이게 더 큰거다 이런기사때문에 떨어지는건 아니다.
DM-002365,raw_details.csv,1381,crawler_detail.py,네이버 종목토론방 본문 + CBOX 댓글,board_body,토론방 본문,한미반도체,2026-08-04T13:01:41,4,427135328,분노·불신,60,fa89ba3ac165,어제 오늘 금요일 올린거 뺏으니 내일이나 모레 쳐올리것지 공매도 친게 얼마인데  넥장 오늘도 어떤지 보자 ㅎ
DM-002366,raw_details.csv,1382,crawler_detail.py,네이버 종목토론방 본문 + CBOX 댓글,board_comment,토론방 댓글,한미반도체,2026-08-04T13:03:32+0900,1,427135328,,25,c4d587d4fc50,왠지 넥장은 올릴것 같은 느낌아닌 느낌이 드네
DM-002367,raw_details.csv,1383,crawler_detail.py,네이버 종목토론방 본문 + CBOX 댓글,board_body,토론방 본문,한미반도체,2026-08-04T12:54:56,6,427134765,,28,f4ee24536067,거래량이 확줄어서 ㅎ 위에 매물텅텅 비워 있는듯 ㅎ
DM-002368,raw_details.csv,1384,crawler_detail.py,네이버 종목토론방 본문 + CBOX 댓글,board_body,토론방 본문,한미반도체,2026-08-04T12:51:59,2,427134505,,41,8b32ae6e4988,아싸!!!! 기관 외인 다 던지넼ㅋㅋㅋㅋㅋ 오늘 종가 -8%예상함ㅋㅋㅋㅋㅋ
DM-002369,raw_details.csv,1385,crawler_detail.py,네이버 종목토론방 본문 + CBOX 댓글,board_comment,토론방 댓글,한미반도체,2026-08-04T12:53:37+0900,2,427134505,,12,97c79f5096cf,이놈 왜이리 좋아하냐?
DM-002370,raw_details.csv,1386,crawler_detail.py,네이버 종목토론방 본문 + CBOX 댓글,board_body,토론방 본문,한미반도체,2026-08-04T12:44:24,1,427133797,분노·불신,155,75097ea7b967,"1분기 영익 84억   ㆍ 상폐가답이다 기초가 없는 모래성 종목  한미 거품주 ​ 동일업종  평균ㆍPER  15배 한미개잡주ㆍ     PER 104배 ㅡ600% 고평가 ​ 한미  PBR 29배  고평가 1분기영익  84억   ㅡ쥐꼬리실적  개잡주 반기매출 3,020억ㅡ고평가 ​"
DM-002371,raw_details.csv,1387,crawler_detail.py,네이버 종목토론방 본문 + CBOX 댓글,board_body,토론방 본문,한미반도체,2026-08-04T12:35:40,5,427133024,,19,652bddff4d74,100원 따먹기 하냐 ㅋ ㅋㅋㅋㅋㅋ
DM-002372,raw_details.csv,1388,crawler_detail.py,네이버 종목토론방 본문 + CBOX 댓글,board_body,토론방 본문,한미반도체,2026-08-04T12:34:02,7,427132880,,67,4a7299d97edb,외인은 그렇다치고  개 기관 이쎄리들이 꼴통짓거리하네 미쵸 뭐하자는겨  기관 죄다 매도치면 우짜라는겨  증시를개판 만드네
DM-002373,raw_details.csv,1389,crawler_detail.py,네이버 종목토론방 본문 + CBOX 댓글,board_comment,토론방 댓글,한미반도체,2026-08-04T12:35:05+0900,0,427132880,,25,370e19a6d947,당신 같으면 개잡주 계속 가지고 가고 싶으세요
DM-002374,raw_details.csv,1390,crawler_detail.py,네이버 종목토론방 본문 + CBOX 댓글,board_body,토론방 본문,한미반도체,2026-08-04T12:33:14,1,427132802,분노·불신,156,6cfeb2545650,"한미 실적 개판ㆍ기초가 없는 모래성 종목 기초가 없는 모래성 종목  한미 거품주 ​ 동일업종  평균ㆍPER  15배 한미개잡주ㆍ     PER 104배 ㅡ600% 고평가 ​ 한미  PBR 29배  고평가 1분기영익  84억   ㅡ쥐꼬리실적  개잡주 반기매출 3,020억ㅡ고평가 ​"
DM-002375,raw_details.csv,1391,crawler_detail.py,네이버 종목토론방 본문 + CBOX 댓글,board_comment,토론방 댓글,한미반도체,2026-08-04T12:43:03+0900,0,427132802,,15,da97deceade0,애들은 다른데 가서 놀아라ㅡ
DM-002376,raw_details.csv,1392,crawler_detail.py,네이버 종목토론방 본문 + CBOX 댓글,board_comment,토론방 댓글,한미반도체,2026-08-04T12:35:32+0900,1,427132802,,17,99fbe02daff3,그리 잘아는넘께서 왜 기웃거릴까
DM-002377,raw_details.csv,1393,crawler_detail.py,네이버 종목토론방 본문 + CBOX 댓글,board_body,토론방 본문,한미반도체,2026-08-04T12:30:45,6,427132616,,94,6ec0a7f5cd14,"반도체 끝물이라는 찌라시 2G폰 쓰던 시대를 곱씹어 보아라 아직두 쓰는 사람 존재 하겠지만 지금은 5-6,7~무궁무진 발전중. 반도체가 뒷받침이 안되면 그게 가능 할까?"
DM-002378,raw_details.csv,1394,crawler_detail.py,네이버 종목토론방 본문 + CBOX 댓글,board_body,토론방 본문,한미반도체,2026-08-04T12:30:36,5,427132599,,29,206a05000841,곽똥신아 주주홧병 주주 환원  하라 주주가치제고 투쟁
DM-002379,raw_details.csv,1395,crawler_detail.py,네이버 종목토론방 본문 + CBOX 댓글,board_body,토론방 본문,한미반도체,2026-08-04T12:30:07,3,427132563,,189,42e63865f192,한미반도체는 기존 매출 목표의 유지 여부에 대해서 답변을 내놓지 않았단다. ◆ 사라진 '매출 2조' 목표…투자계획만 있고 실적 청사진은 없다 https://n.news.naver.com/mnews/article/629/0000521534 ​ ​ 구라 아닌거 보이던 구라치더라도 주주환원 잘하던 둘중하나해라. 주가 개박살났는데 대안이 없니?
DM-002380,raw_details.csv,1396,crawler_detail.py,네이버 종목토론방 본문 + CBOX 댓글,board_body,토론방 본문,한미반도체,2026-08-04T12:29:50,5,427132539,,24,a4bfebf719fd,오후에 지수 반등하면 차트가 참 이쁘겠네~~
DM-002381,raw_details.csv,1397,crawler_detail.py,네이버 종목토론방 본문 + CBOX 댓글,board_comment,토론방 댓글,한미반도체,2026-08-04T12:33:13+0900,0,427132539,,12,069c0f1b5712,"6,500만 찍어다오."
DM-002382,raw_details.csv,1398,crawler_detail.py,네이버 종목토론방 본문 + CBOX 댓글,board_body,토론방 본문,한미반도체,2026-08-04T12:21:29,4,427131774,불안·공포|분노·불신,20,16dce349c4a3,주가세력 공매도 힘이 이렇게 무섭네요
DM-002383,raw_details.csv,1399,crawler_detail.py,네이버 종목토론방 본문 + CBOX 댓글,board_body,토론방 본문,한미반도체,2026-08-04T12:17:14,2,427131312,FOMO·상대적박탈감|후회·손실고통|분노·불신,203,fffdb46bdf1c,주식쟁이들 원투데이냐? 9천피갈동안 한미 고점36만원찍을땐 시장이 불장이여서 멍멍이도 돈벌던시절인데 지가잘난줄알았지 그리고 조정받으니 나라탓 정부탓 대통령탓 ㅋㅋ 물론 레버리지는 만프로 잘못맞음 그로인해 피해입은것도맞고 근데 레버리지하나때문에 이렇게 흐르는건 말이안되지 기관 외인들은 이익실현한거고 수급이 안되는거고 개미들만 죽자사자 사팔사팔하니 가격이오르니? ​
DM-002384,raw_details.csv,1400,crawler_detail.py,네이버 종목토론방 본문 + CBOX 댓글,board_comment,토론방 댓글,한미반도체,2026-08-04T13:12:59+0900,0,427131312,,16,0bcf4ef3a321,주성이나 한미나 도찐개찐 ㅋㅋ
DM-002385,raw_details.csv,1401,crawler_detail.py,네이버 종목토론방 본문 + CBOX 댓글,board_comment,토론방 댓글,한미반도체,2026-08-04T12:20:44+0900,0,427131312,후회·손실고통,99,46d3480a202a,뭔개소리야 레버리지상장이후 전부반토막 난거 해외에서도 레버리지는 잘못이라는데. 당연히정부에서레버리즈를 급하게 상장시킬 이유가 있었냐 그걸 뭐라 하는건데 넌 무슨개소리를 하고다니냐
DM-002386,raw_details.csv,1402,crawler_detail.py,네이버 종목토론방 본문 + CBOX 댓글,board_body,토론방 본문,한미반도체,2026-08-04T12:04:19,5,427130076,,48,9aa09b80aa52,한가지 확실한건 절대 공매는 못이긴다는게 정답인것 같으다 도적놈들이긴하나 어쩔수가 없다
DM-002387,raw_details.csv,1403,crawler_detail.py,네이버 종목토론방 본문 + CBOX 댓글,board_body,토론방 본문,한미반도체,2026-08-04T11:48:53,3,427128675,,77,b0989ac2595a,18-20박스피에갇힌 이름예쁜종목 이름은 잘지었어 한미반도체~ 이름만예뻐 ㅋㅋㅋㅋㅋㅋㅋㅋㅋㅋㅋㅋ 가격은 떨어졌어도 사악해 PER 107배!
DM-002388,raw_details.csv,1404,crawler_detail.py,네이버 종목토론방 본문 + CBOX 댓글,board_comment,토론방 댓글,한미반도체,2026-08-04T11:51:19+0900,1,427128675,,25,26c90587b563,네이버기사에 동신이형 얼굴 대문짝만하게 나왔네
DM-002389,raw_details.csv,1405,crawler_detail.py,네이버 종목토론방 본문 + CBOX 댓글,board_body,토론방 본문,한미반도체,2026-08-04T11:46:19,1,427128461,,38,77cb168493d6,제반 찌라시 보고 가자 한미보다 탄력있다 요즘 코스닥이 한도만 상승장
DM-002390,raw_details.csv,1406,crawler_detail.py,네이버 종목토론방 본문 + CBOX 댓글,board_body,토론방 본문,한미반도체,2026-08-04T11:37:28,2,427127667,FOMO·상대적박탈감|불안·공포|후회·손실고통|분노·불신,916,b5a9311a527d,챙길수있을때 챙겨야지요. 주식은 매도해도 바로 돈을 쓸수가 없습니다. 3일뒤에 인출할수있지요. ​ 늦었다고 생각했을때가 가장 빠른시점이라고 하지요. 중앙일보에서는 반도체 끝물이라고 기사 내보내지요. 결국은 전기도 매출이 줄어드는겁니다. 수익이 있을때 챙기지 못하면 결국은 내돈이안되는거지요. ​ 이제 매도하고 챙겨야할때라고 10일간 알려드렸죠 그리고 이제는 이동을 해야할곳이 생겼다고 알려드렸구요. ​ 일단은 말씀드린 종목이 신용비율이 현저히 줄어들었네요. ​ 갤럭시아 머니트리 네이버에 게재된 매출과 영업이익과 영업이익율 찾아봤죠 2025년 1분기 매출 312억 영업이익 46억 영업이익율 14.63% 상당히 좋은영업이익율입니다. ​ 2분기 매출 323억 영업이익 50억 영업이익율 15.36% ​ 3분기 매출 329억 영업이익 48억 영업이익율 14.62% ​ 4분기 매출 333억 영업이익 41억 영업이익율 12.18% ​ 2026년 1분기 매출 351억 영업이익 46억 영업이익율 13.18% 전부 10% 대이상의 영업이익율을 보이고있고 정말 건실하고 탄탄한실적의 기업입니다. ​ 안티들이 적자다 특히 절대로 안간다넘이 2분기 폭망이다 그러는데 2분기 폭망아니면 잡주라느니 상폐가 맞다는둥의 글의 쓰는 절대로 안간다넘은 사기질 사과하고 게시판 떠나야할겁니다. 아니면 정말 양심없는사기꾼넘이니 고소 고발해야합니다. 안티들 자금은 10억은 넘지 않는것 같습니다. 이정도 자금과 싸울수있는 사람이면 여기서 주가를 움직일수있는 세력이 될것입니다. ​ 투자에 있어서 아니 투기라도 영업이익율 10%대 이상의 흑자기업은 절대로 상폐된다느니 하는 절대로안간다같은 사기꾼넘의 글처럼 되지 않는다는것이니 무조건 안심하고 투자해도 된다는겁니다. 현재같이 폭락상태에서는 물타기매수로 신규매수로 매집 반등시 수익을 극대화하는것이 주식투자의 정석입니다.
DM-002391,raw_details.csv,1407,crawler_detail.py,네이버 종목토론방 본문 + CBOX 댓글,board_comment,토론방 댓글,한미반도체,2026-08-04T12:22:22+0900,0,427127667,,11,dbece6c31341,그럼  거가서 놀기라
DM-002392,raw_details.csv,1408,crawler_detail.py,네이버 종목토론방 본문 + CBOX 댓글,board_comment,토론방 댓글,한미반도체,2026-08-04T11:45:23+0900,1,427127667,,27,d07287c94df6,니 계좌도 끝났네? 찌라시 주제에 말이 많네 ㅋㅋ
DM-002393,raw_details.csv,1409,crawler_detail.py,네이버 종목토론방 본문 + CBOX 댓글,board_body,토론방 본문,한미반도체,2026-08-04T11:36:28,2,427127577,,36,4e9b1dc0034e,광고쟁이 거지 안티들 뭐이리 많어 ㅋ 역시 한미가 인기가 좋네 ㅎ
DM-002394,raw_details.csv,1410,crawler_detail.py,네이버 종목토론방 본문 + CBOX 댓글,board_body,토론방 본문,한미반도체,2026-08-04T11:32:50,4,427127266,,32,2ec870e9d156,캬 외인 기관 쌍끌이 매도 ㅋㅋㅋㅋㅋㅋㅋㅋ 곽과곽 ㅋㅋㅋㅋ
DM-002395,raw_details.csv,1411,crawler_detail.py,네이버 종목토론방 본문 + CBOX 댓글,board_body,토론방 본문,한미반도체,2026-08-04T11:29:53,4,427126960,,51,ebd3e9529bb1,발바닥주식 삼전 못가면 못가는 주식 챠트가 똑같네 ㅠㅠ 답답하다 이거 밖에 안되는 건가...
DM-002396,raw_details.csv,1412,crawler_detail.py,네이버 종목토론방 본문 + CBOX 댓글,board_body,토론방 본문,한미반도체,2026-08-04T11:27:50,7,427126779,,121,b527a87c5bca,내가 지지하고 찍었던 이재명 이놈이 날 배신하고 내 계좌를 박살내 버렸다. 돈 앞에 의리고 나발이고 없다. 내 이놈을 디지게 패주고싶다. 사과 한마디 없는 뻔뻔함에 경멸하고 저주한다. 다시는 자빨놈들 궁물도 없다. ​
DM-002397,raw_details.csv,1413,crawler_detail.py,네이버 종목토론방 본문 + CBOX 댓글,board_body,토론방 본문,한미반도체,2026-08-04T11:23:45,0,427126324,,50,18196c4ec380,이제는 소형주 시대  이제는 소형주 시대 반도체  죽쑤고 있을때 소형주 가서 수익 챙겨야지
DM-002398,raw_details.csv,1414,crawler_detail.py,네이버 종목토론방 본문 + CBOX 댓글,board_body,토론방 본문,한미반도체,2026-08-04T11:20:21,1,427125930,,32,3152452f47c2,아~정말 희망 없는 놈 앞으로 이놈은 희망이 없는놈이다 ​
DM-002399,raw_details.csv,1415,crawler_detail.py,네이버 종목토론방 본문 + CBOX 댓글,board_body,토론방 본문,한미반도체,2026-08-04T11:19:17,2,427125818,,34,fec92030fae0,평단 20밑으로만  만들어놓아도 기회가 훨씬 많아 보이네유 ㅎ
DM-002400,raw_details.csv,1416,crawler_detail.py,네이버 종목토론방 본문 + CBOX 댓글,board_body,토론방 본문,한미반도체,2026-08-04T11:12:24,5,427124959,,24,0f6c929d81ac,레버리지 원수놈 재명이가 죽어야 우리가 산다
DM-002401,raw_details.csv,1417,crawler_detail.py,네이버 종목토론방 본문 + CBOX 댓글,board_body,토론방 본문,한미반도체,2026-08-04T11:08:14,3,427124445,,36,c8c91156350c,거래량 없으니 살짝 올리고 다시 쳐내리네 196000원 대기중이다
DM-002402,raw_details.csv,1418,crawler_detail.py,네이버 종목토론방 본문 + CBOX 댓글,board_body,토론방 본문,한미반도체,2026-08-04T11:07:20,7,427124328,FOMO·상대적박탈감,37,bedc4098c9a3,곽 동신아  이제 떠난다  주주가치제고 주주 환원해라! 나만 떠난다
DM-002403,raw_details.csv,1419,crawler_detail.py,네이버 종목토론방 본문 + CBOX 댓글,board_body,토론방 본문,한미반도체,2026-08-04T11:02:09,2,427123542,,31,dbb828825908,신용 잔뜩인디 갈수가 있겠니ㅋ 계단식으로 계속 빼겠지^^
DM-002404,raw_details.csv,1420,crawler_detail.py,네이버 종목토론방 본문 + CBOX 댓글,board_comment,토론방 댓글,한미반도체,2026-08-04T11:21:26+0900,0,427123542,,19,39e14606cca0,신용 1.2퍼 인데  그냥 자라 자
DM-002405,raw_details.csv,1421,crawler_detail.py,네이버 종목토론방 본문 + CBOX 댓글,board_body,토론방 본문,한미반도체,2026-08-04T11:01:24,2,427123436,후회·손실고통,347,00c5aeb9824c,"여러분 제발~~~!! 20만원 중반 이상 물린 분들은 어쩔 수 없지만...신규 진입이나 애매한 분들은 제발 단타 치세요! ​ 반도체가 조정 받았다 해도 그동안 너무 올랐기에 쉽게 가지 못해요...지금처럼 변동성도 크고 널뛰기 할때는 욕심을 버리시고 단타치면서 수익을 올리는 것도 하나의 방법입니다! ​ 약 2주간 한미에서 천만원으로 3백만원 수익 보고 있는데, 분단위까진 아니지만 적당히 내리면 사고 적당히 오르면 파는게 수익이 좋아요ㅋ ​ 제가 글 올리면 누군 푼돈 벌어 머하냐고 조롱 열라 하지만 2주전 첫 진입 금액이 22만원인데 지금까지 뒀으면 3백 수익은 커녕 -10%로 백만원 손해입니다ㅋ ​ 다들 홧팅입니다ㅋ"
DM-002406,raw_details.csv,1422,crawler_detail.py,네이버 종목토론방 본문 + CBOX 댓글,board_comment,토론방 댓글,한미반도체,2026-08-04T12:12:39+0900,0,427123436,,3,336cb36ffdda,기생충
DM-002407,raw_details.csv,1423,crawler_detail.py,네이버 종목토론방 본문 + CBOX 댓글,board_body,토론방 본문,한미반도체,2026-08-04T10:57:44,2,427122932,,15,d5ec5a4a564e,반등 꼬락서니 글렀다. 에효
DM-002408,raw_details.csv,1424,crawler_detail.py,네이버 종목토론방 본문 + CBOX 댓글,board_body,토론방 본문,한미반도체,2026-08-04T10:57:23,1,427122872,,24,44c3013c6698,솔브레인으로 간다 삼전하닉 Q싸이클 최대수혜
DM-002409,raw_details.csv,1425,crawler_detail.py,네이버 종목토론방 본문 + CBOX 댓글,board_body,토론방 본문,한미반도체,2026-08-04T10:55:49,1,427122623,,25,e4357d4aeba7,원익 이수 다갈때 못가면 개잡주맞제 ㅋㅋㅋㅋㅋ
DM-002410,raw_details.csv,1426,crawler_detail.py,네이버 종목토론방 본문 + CBOX 댓글,board_body,토론방 본문,한미반도체,2026-08-04T10:55:35,1,427122586,,30,e1b193203b20,"사다보니 1000개가 넘었네 평단 197,000원 ㅎㅎ"
DM-002411,raw_details.csv,1427,crawler_detail.py,네이버 종목토론방 본문 + CBOX 댓글,board_body,토론방 본문,한미반도체,2026-08-04T10:54:15,3,427122339,,27,6f72d8926c67,오늘 종가 217500원 오늘 종가 217500원
DM-002412,raw_details.csv,1428,crawler_detail.py,네이버 종목토론방 본문 + CBOX 댓글,board_body,토론방 본문,한미반도체,2026-08-04T10:53:56,4,427122293,,22,ea0ba0cd17c9,이거뜨라 못눌러  한미는 나아갈거다 ❤️
DM-002413,raw_details.csv,1429,crawler_detail.py,네이버 종목토론방 본문 + CBOX 댓글,board_body,토론방 본문,한미반도체,2026-08-04T10:52:27,1,427122046,,69,c0b6d383fe3f,이제 이공에. 올라왔으니~~~ 각자 그릇 크기에 맞는 시점까지 들고 가셔도 되고 팔아서 수익 챙기셔도 되겠죠~~^^♡♡♡♡♡
DM-002414,raw_details.csv,1430,crawler_detail.py,네이버 종목토론방 본문 + CBOX 댓글,board_body,토론방 본문,한미반도체,2026-08-04T10:49:48,5,427121570,,58,c6bdfbd238d9,늘. 말하지만 ~~ 아제만 따라오세요~~~ 쩐 쫌. 법니다~~~~^^♡♡♡♡♡ 성성투투!!!^^♡♡♡♡♡
DM-002415,raw_details.csv,1431,crawler_detail.py,네이버 종목토론방 본문 + CBOX 댓글,board_body,토론방 본문,한미반도체,2026-08-04T10:41:43,3,427120306,불안·공포|충동·중독시그널,175,318bc7367be3,불안정한. 장세에  어쨌든 지금현재 아제는 그래도 수익 내고 있습니다~~~~ 아제는 언제나 여러분 편 입니다~~~~ 어제 먹고 오늘 먹고 있고~~~~ 대박은 천천히 기다리며 소소하게 기백 무거면서 버티는. 겁니다~~ 절~~~때. 안 꼴습니다~~  아제는!!!!! 내돈 내산 보닌 채김 빚투금지 !!!!^^♡♡♡♡♡
DM-002416,raw_details.csv,1432,crawler_detail.py,네이버 종목토론방 본문 + CBOX 댓글,board_comment,토론방 댓글,한미반도체,2026-08-04T14:28:25+0900,0,427120306,,41,e2a942f053b8,아제 따라 어제도 먹고 오늘도 먹고...다시 매수 행어요. 196에....
DM-002417,raw_details.csv,1433,crawler_detail.py,네이버 종목토론방 본문 + CBOX 댓글,board_body,토론방 본문,한미반도체,2026-08-04T10:37:22,9,427119797,,17,75d80cab933f,🩷🩷🩷 오늘23간다_메롱~😝😝😝
DM-002418,raw_details.csv,1434,crawler_detail.py,네이버 종목토론방 본문 + CBOX 댓글,board_comment,토론방 댓글,한미반도체,2026-08-04T10:58:04+0900,1,427119797,,6,107998da3f07,182300
DM-002419,raw_details.csv,1435,crawler_detail.py,네이버 종목토론방 본문 + CBOX 댓글,board_comment,토론방 댓글,한미반도체,2026-08-04T10:47:59+0900,0,427119797,,104,a8f7bf183f52,"장전 210,000원 50개 매도, 푼도 50만원 수익! 195,000원 50개 재매수! 에라이~~ 이래도 너처럼 묵히는 것만이 정답이니?ㅋㅋㅋㅋㅋ 210,000원 50개 매도 걸어놓음ㅋ"
DM-002420,raw_details.csv,1436,crawler_detail.py,네이버 종목토론방 본문 + CBOX 댓글,board_comment,토론방 댓글,한미반도체,2026-08-04T10:43:25+0900,3,427119797,,14,4142180847fe,ㅋㅋㅋㅋ 😆 😆 😆 😆 😆
DM-002421,raw_details.csv,1437,crawler_detail.py,네이버 종목토론방 본문 + CBOX 댓글,board_comment,토론방 댓글,한미반도체,2026-08-04T10:40:55+0900,3,427119797,,3,f581e416ba4e,👏👏👏
DM-002422,raw_details.csv,1438,crawler_detail.py,네이버 종목토론방 본문 + CBOX 댓글,board_comment,토론방 댓글,한미반도체,2026-08-04T10:39:49+0900,1,427119797,,4,1c21730a17da,🩷🩷🩷🩷
DM-002423,raw_details.csv,1439,crawler_detail.py,네이버 종목토론방 본문 + CBOX 댓글,board_comment,토론방 댓글,한미반도체,2026-08-04T10:39:11+0900,3,427119797,,8,c9b0164f9ab5,❤️❤️❤️❤️
DM-002424,raw_details.csv,1440,crawler_detail.py,네이버 종목토론방 본문 + CBOX 댓글,board_body,토론방 본문,한미반도체,2026-08-04T10:36:50,1,427119741,,98,fc341987abf3,"어차피 갑니다. 짜릿하게 즐겨라 스프라잇! 한미반도체 042700 코스피 198,500원 4,000원 -1.98% 2026.08.04. 10:36 KRX 실시간 기준 레스고레아"
DM-002425,raw_details.csv,1441,crawler_detail.py,네이버 종목토론방 본문 + CBOX 댓글,board_body,토론방 본문,한미반도체,2026-08-04T10:34:38,2,427119430,,100,fed8418c2f71,PER 36배 초 고평가주 전문가들도 반도체  투자할거면 삼전닉스 추천함 어찌됐든 지금 가격은 매출대비 초저평가라 근데 한미는 반도체중 PER가 36배 초고평가주라고 투자주의하라함
DM-002426,raw_details.csv,1442,crawler_detail.py,네이버 종목토론방 본문 + CBOX 댓글,board_comment,토론방 댓글,한미반도체,2026-08-04T14:03:22+0900,0,427119430,,1,29cf1751fa36,ㅋ
DM-002427,raw_details.csv,1443,crawler_detail.py,네이버 종목토론방 본문 + CBOX 댓글,board_body,토론방 본문,한미반도체,2026-08-04T10:34:05,2,427119370,,42,c5dc223341b1,씨잘때기 없는 소리 다 필요없고 삼전 하닉이 치고 올라와야 한미반도체도 ⬆️
DM-002428,raw_details.csv,1444,crawler_detail.py,네이버 종목토론방 본문 + CBOX 댓글,board_body,토론방 본문,한미반도체,2026-08-04T10:32:39,11,427119171,,17,26162766b00d,시원시원 올라가버리자 ❤️❤️🥰
DM-002429,raw_details.csv,1445,crawler_detail.py,네이버 종목토론방 본문 + CBOX 댓글,board_comment,토론방 댓글,한미반도체,2026-08-04T10:34:33+0900,0,427119171,,3,bebfd9099c0f,앗❤️
DM-002430,raw_details.csv,1446,crawler_detail.py,네이버 종목토론방 본문 + CBOX 댓글,board_comment,토론방 댓글,한미반도체,2026-08-04T10:34:10+0900,0,427119171,,22,7a14416ad34f,레드하트가 없자노요==&gt;&gt;❤️
DM-002431,raw_details.csv,1447,crawler_detail.py,네이버 종목토론방 본문 + CBOX 댓글,board_body,토론방 본문,한미반도체,2026-08-04T10:32:25,7,427119126,,30,0598ca8a4fda,슬슬~~~~ 대반전의 기운이 감돈다!!~~^^♡♡♡♡♡
DM-002432,raw_details.csv,1448,crawler_detail.py,네이버 종목토론방 본문 + CBOX 댓글,board_body,토론방 본문,한미반도체,2026-08-04T10:30:32,3,427118866,,20,53942471fd07,반등 이냐 꼬시기냐 ㅎ 뭐라도하자 ㅋ
DM-002433,raw_details.csv,1449,crawler_detail.py,네이버 종목토론방 본문 + CBOX 댓글,board_body,토론방 본문,한미반도체,2026-08-04T10:28:23,4,427118589,,49,91c79753e398,그리 알려줘도 적정가 3만원  소중한 돈을 휴지로 바꾸지 마라 천번하고 만번 말해 주었다
DM-002434,raw_details.csv,1450,crawler_detail.py,네이버 종목토론방 본문 + CBOX 댓글,board_comment,토론방 댓글,한미반도체,2026-08-04T10:33:10+0900,0,427118589,,26,687f7a3462b7,그놈의 적정가타령 ㅋㅋ 니 계좌 녹는거나 신경써
DM-002435,raw_details.csv,1451,crawler_detail.py,네이버 종목토론방 본문 + CBOX 댓글,board_body,토론방 본문,한미반도체,2026-08-04T10:27:47,3,427118516,,21,38449cd324fc,좀가자 좀 가자 그럴거면 코스닥으로 가
DM-002436,raw_details.csv,1452,crawler_detail.py,네이버 종목토론방 본문 + CBOX 댓글,board_body,토론방 본문,한미반도체,2026-08-04T10:26:46,4,427118384,후회·손실고통,43,94d0938b6f0a,"모간의 놀이개감으로 전락? 곽회장, 소각, 무증, 수주공시로 탈출 좀 하시죠~"
DM-002437,raw_details.csv,1453,crawler_detail.py,네이버 종목토론방 본문 + CBOX 댓글,board_body,토론방 본문,한미반도체,2026-08-04T10:26:44,2,427118381,,15,cff5b80198d9,하이닉스 따라쟁이 우후훗~~
DM-002438,raw_details.csv,1454,crawler_detail.py,네이버 종목토론방 본문 + CBOX 댓글,board_body,토론방 본문,한미반도체,2026-08-04T10:26:37,3,427118361,,28,427746806d1c,오후!!!  대반전 기대해 봅시다~~~^^♡♡♡♡♡
DM-002439,raw_details.csv,1455,crawler_detail.py,네이버 종목토론방 본문 + CBOX 댓글,board_body,토론방 본문,한미반도체,2026-08-04T10:22:20,2,427117815,,17,0cab82c29fae,오늘도 퍼담~~^^ ㆍㆍㆍㆍㆍㆍ
DM-002440,raw_details.csv,1456,crawler_detail.py,네이버 종목토론방 본문 + CBOX 댓글,board_body,토론방 본문,한미반도체,2026-08-04T10:22:13,4,427117795,,29,101a7c516e36,193300에. 추매 200쭈 매수~~~^^♡♡♡♡♡
DM-002441,raw_details.csv,1457,crawler_detail.py,네이버 종목토론방 본문 + CBOX 댓글,board_body,토론방 본문,한미반도체,2026-08-04T10:21:55,0,427117756,,51,e04ba41219f9,소부장 동전주보다 못하냐 언제부터 한미 개잡주로 전락했다냐. 너무 고평가라 올라가질 못하네.
DM-002442,raw_details.csv,1458,crawler_detail.py,네이버 종목토론방 본문 + CBOX 댓글,board_body,토론방 본문,한미반도체,2026-08-04T10:20:40,2,427117568,,33,bf73366f14aa,씰떼엄는 글 쓸시간에~~ 매수 타점 잡으세요~~^^♡♡♡♡♡
DM-002443,raw_details.csv,1459,crawler_detail.py,네이버 종목토론방 본문 + CBOX 댓글,board_body,토론방 본문,한미반도체,2026-08-04T10:20:40,1,427117567,,44,ac436c2ba7fe,ㅋ.. 한미반도체 진짜 잡주 다됬네... ㅋ 어케 반등 제대로 함 없나??  ㅋ
DM-002444,raw_details.csv,1460,crawler_detail.py,네이버 종목토론방 본문 + CBOX 댓글,board_body,토론방 본문,한미반도체,2026-08-04T10:19:12,0,427117352,불안·공포,64,91d1ea5e60b9,반도체 올라갈땐 요지부동 내려갈땐 앞장서서 떨어지는 주식이 잇다?? ​ 그거슨 바로 ​ 한뮈반도췌에네 개잡주우우우우
DM-002445,raw_details.csv,1461,crawler_detail.py,네이버 종목토론방 본문 + CBOX 댓글,board_body,토론방 본문,한미반도체,2026-08-04T10:18:10,1,427117215,,45,84f7e5b16b00,어차피 레버러지 자연사 할때까지는  많이 흔들듯 분할매수 하고 비중조절 해야함 ​
DM-002446,raw_details.csv,1462,crawler_detail.py,네이버 종목토론방 본문 + CBOX 댓글,board_comment,토론방 댓글,한미반도체,2026-08-04T10:21:11+0900,0,427117215,,9,720cffacd268,자연사 - 고독사
DM-002447,raw_details.csv,1463,crawler_detail.py,네이버 종목토론방 본문 + CBOX 댓글,board_body,토론방 본문,한미반도체,2026-08-04T10:16:01,6,427116875,불안·공포,179,f1e1ccd9b851,이러고 재난지원금 10만원주면  역시 우리 대통령!!  이러고 좋다고 꼬리 흔들겠지 ㅋ 그럴려고 증시 일부러 박살낸건데 그건 알고있나?> 아파트 규제로 집팔게하고  삼전 하닉스 억지로 띄워서 주식에 박게한다음 레버리지만들어서 폭락! ​ 대출규제로 다시 집도 못사게함 ㅋㅋ 국민이 거지가되야  푼돈으로 다루기 쉬워지거든 ​
DM-002448,raw_details.csv,1464,crawler_detail.py,네이버 종목토론방 본문 + CBOX 댓글,board_comment,토론방 댓글,한미반도체,2026-08-04T10:24:53+0900,0,427116875,,140,00830a486045,"시골에서 비닐하우스  3동 운영하고 잘살고 있습니다....공기맑고, 유정란 삶아서 까먹고, 정치 무관심하고, 지인들과 파크볼도 하고,,질좋은 농작물 먹고, 애완견 편하게 키우고,,, 욕심안부리고 , 이티에플킬라 모르고...적게 벌어도 몸이 건강합니다."
DM-002449,raw_details.csv,1465,crawler_detail.py,네이버 종목토론방 본문 + CBOX 댓글,board_comment,토론방 댓글,한미반도체,2026-08-04T10:17:11+0900,1,427116875,,22,0f27e386161f,에휴 답도 읍는 우파.. 김세의~~같은넘
DM-002450,raw_details.csv,1466,crawler_detail.py,네이버 종목토론방 본문 + CBOX 댓글,board_body,토론방 본문,한미반도체,2026-08-04T10:15:50,0,427116845,,36,40cffb62231c,커플링 지금 현재 한미반도체 삼전 하닉과 커플링일뿐 !!!!! ​
DM-002451,raw_details.csv,1467,crawler_detail.py,네이버 종목토론방 본문 + CBOX 댓글,board_body,토론방 본문,한미반도체,2026-08-04T10:15:02,1,427116715,분노·불신,35,bea0e7284dcb,개미님들아 여긴 얼씬거리지마라 님들이 먹을수있는 곳이 절대아니다
DM-002452,raw_details.csv,1468,crawler_detail.py,네이버 종목토론방 본문 + CBOX 댓글,board_comment,토론방 댓글,한미반도체,2026-08-04T10:15:58+0900,0,427116715,,23,8c4bdabce815,지금 사야 저녁때 10% 먹을수 있어 냠냠
DM-002453,raw_details.csv,1469,crawler_detail.py,네이버 종목토론방 본문 + CBOX 댓글,board_body,토론방 본문,한미반도체,2026-08-04T10:13:28,3,427116446,,24,0f1de36ef76d,한미반도체 진짜 살만한데.. 슬슬 매집해볼까
DM-002454,raw_details.csv,1470,crawler_detail.py,네이버 종목토론방 본문 + CBOX 댓글,board_body,토론방 본문,한미반도체,2026-08-04T10:11:54,5,427116196,,43,cf5c3be96c0a,거지 안티들 주식도 없으면서 뭔말이 많어 시끄러우니 묵념좀 해라 정신사납다 ㅋ
DM-002455,raw_details.csv,1471,crawler_detail.py,네이버 종목토론방 본문 + CBOX 댓글,board_comment,토론방 댓글,한미반도체,2026-08-04T10:16:19+0900,0,427116196,,11,9dd8a2e31c41,현실도피하지마라 ㅋㅋ
DM-002456,raw_details.csv,1472,crawler_detail.py,네이버 종목토론방 본문 + CBOX 댓글,board_comment,토론방 댓글,한미반도체,2026-08-04T10:16:00+0900,2,427116196,,17,bde60227be7b,거지들 지들도 거지인줄아네 ㅋㅋ
DM-002457,raw_details.csv,1473,crawler_detail.py,네이버 종목토론방 본문 + CBOX 댓글,board_comment,토론방 댓글,한미반도체,2026-08-04T10:14:51+0900,0,427116196,불안·공포,27,f51229601c15,너도 좀 현실좀 직시해라  누가 떨어지길 바라겠냐
DM-002458,raw_details.csv,1474,crawler_detail.py,네이버 종목토론방 본문 + CBOX 댓글,board_comment,토론방 댓글,한미반도체,2026-08-04T10:14:33+0900,2,427116196,,16,da3803589450,안티가 댓글도 달고 많이컸네요
DM-002459,raw_details.csv,1475,crawler_detail.py,네이버 종목토론방 본문 + CBOX 댓글,board_comment,토론방 댓글,한미반도체,2026-08-04T10:12:55+0900,1,427116196,,71,f8a0fcd831f9,지들은 뭐 말 없는 줄 아네 ㅋㅋㅋㅋㅋㅋㅋㅋㅋㅋㅋㅋㅋㅋㅋㅋㅋㅋㅋ 분탕질이나 하지말고 관망이나 해 딸랑 한 주 사놓고 유세는 ㅋㅋ
DM-002460,raw_details.csv,1476,crawler_detail.py,네이버 종목토론방 본문 + CBOX 댓글,board_body,토론방 본문,한미반도체,2026-08-04T10:11:28,0,427116118,,29,e682f17c4730,내려갈댄따라가거 오를댄 안따라가기만해 적당히 따라가라
DM-002461,raw_details.csv,1477,crawler_detail.py,네이버 종목토론방 본문 + CBOX 댓글,board_body,토론방 본문,한미반도체,2026-08-04T10:11:07,1,427116048,후회·손실고통|분노·불신,152,aa84431b6c3a,"아무 근거없이 오른다는 똥글에 추천수가 수십개씩 박히는데 오르겠냐? 그만큼 쳐물린 개미들이 바글바글하다는 거오. ​ 이런 상황에서 외인 , 기관들이 미쳤다고 올리겠소? ​ 게시판이 잠잠해진다는건 털고 나간 개미들이 많다는거. ​ 그때쯤 오를것이외다. ​ 동무들 말해보라우!"
DM-002462,raw_details.csv,1478,crawler_detail.py,네이버 종목토론방 본문 + CBOX 댓글,board_body,토론방 본문,한미반도체,2026-08-04T10:10:20,0,427115904,,34,f3f3dee6bb71,제주반도체 상한가 3방 짜리 뉴스(속보) 대단합니다. 경축!!
DM-002463,raw_details.csv,1479,crawler_detail.py,네이버 종목토론방 본문 + CBOX 댓글,board_comment,토론방 댓글,한미반도체,2026-08-04T10:12:38+0900,0,427115904,,26,df37039a89ac,현재 제반 주가 보면 딱히 호재 기사는 아닌듯요
DM-002464,raw_details.csv,1480,crawler_detail.py,네이버 종목토론방 본문 + CBOX 댓글,board_body,토론방 본문,한미반도체,2026-08-04T10:09:28,4,427115725,,32,c4e6a8b33284,좌파 니들이 만든 나라다 ㅋ 달게  받아라  너희의 업보를
DM-002465,raw_details.csv,1481,crawler_detail.py,네이버 종목토론방 본문 + CBOX 댓글,board_body,토론방 본문,한미반도체,2026-08-04T10:08:41,5,427115584,분노·불신,313,b674124a89da,개미들 죽어 나갈때 잠시 숨고르기 하고 계속 하한 방향 이리고 그리 말해도  그냥 미장으로 당분가 가는걸 추천 해요 이미 기관이랑 외국인인랑 짜고 치는 고스톱 판 임 여기서 마음 고생 하지 말고 자기 자산이니 신중을 하시기 바랍니다 일브러 레버러지 만들어서 유지 하는 정부나 문제가 이리 많아도 손볼생각 없음 으로 대응하는데 개미들 다 잡아 죽이는 살충제 도포 한거랑 마찬가지 입니다 예들은 실적도 없고 거래처도 없으니 투자에 신중학시고 공매도 많은 건 진짜 주의 해야 합니다 지들 마음대로 주식은 가지고 오는데 그럼 아마도 오늘 지옥가는 사람들 많을듯 합니다
DM-002466,raw_details.csv,1482,crawler_detail.py,네이버 종목토론방 본문 + CBOX 댓글,board_body,토론방 본문,한미반도체,2026-08-04T10:08:16,0,427115506,,23,90ed249f2e7b,국내 증시 강세전환 국내 증시 강세전환 ​
DM-002467,raw_details.csv,1483,crawler_detail.py,네이버 종목토론방 본문 + CBOX 댓글,board_body,토론방 본문,한미반도체,2026-08-04T10:06:23,4,427115141,불안·공포|후회·손실고통,507,7f73aa215eea,"지금 하락 추세 이유 [결론 = 정부의 무능] 투자 부적합 국가 전락 블룸버그는 정부 정책 실패의 가장 큰 피해자로 개인 투자자들을 꼽았다. 이들은 이른바 ‘코리아 디스카운트(한국 증시 저평가)’ 해소를 내건 이재명 대통령의 주식 개혁을 믿고 투자에 나섰다고 블룸버그는 짚었다. 그러나 외국인들이 시장을 빠져나가는 동안 코스피를 사들였던 개인들은 엄청난 손실을 안게 됐다. 가장 인기 있는 SK하이닉스 레버리지 ETF는 6월 고점 대비 84%나 폭락했다. 36만 개에 달하는 증권 계좌는 강제 청산당했다. 특히 강제 청산 계좌 가운데 62%는 35세 이하 젊은 층에 집중된 것으로 나타났다.국민연금의 일관성 없는 행보도 비판의 도마 위에 올랐다. 칼럼은 국민연금이 코스피 보유 물량 매도를 피하기 위해 국내 주식 투자 목표치를 임의로 상향 조정하면서, 시장 과열을 식히는 연기금 본연의 역할을 저버렸다고 지적했다. 과거 규정에 따라 행동하지 않음으로써 코스피 열풍을 부추기는 데 일조했다는 의미로 풀이된다."
DM-002468,raw_details.csv,1484,crawler_detail.py,네이버 종목토론방 본문 + CBOX 댓글,board_comment,토론방 댓글,한미반도체,2026-08-04T10:15:12+0900,2,427115141,,29,63e038672838,정신병자들인거지  이래도 지지하면  지능 문제인거지뭐
DM-002469,raw_details.csv,1485,crawler_detail.py,네이버 종목토론방 본문 + CBOX 댓글,board_comment,토론방 댓글,한미반도체,2026-08-04T10:06:36+0900,3,427115141,,25,4457ba89d9ed,이래도 지지하는거면 진짜 멍청한건지 모지란건지
DM-002470,raw_details.csv,1486,crawler_detail.py,네이버 종목토론방 본문 + CBOX 댓글,board_body,토론방 본문,한미반도체,2026-08-04T10:02:14,1,427114240,,87,4348a0d7782c,수직 적층 한미장비내 말해뭐 마이크론 빠지는척 양전이다 속지마 추매찬스 https://n.news.naver.com/article/016/0002679129
DM-002471,raw_details.csv,1487,crawler_detail.py,네이버 종목토론방 본문 + CBOX 댓글,board_body,토론방 본문,한미반도체,2026-08-04T09:58:46,1,427113450,,71,719a3efec6ca,주주환원효과 9등 상법개정 후 자사주누적600억 이제소각 무증 남음 배당도 고배당 https://naver.me/FEgPt65W
DM-002472,raw_details.csv,1488,crawler_detail.py,네이버 종목토론방 본문 + CBOX 댓글,board_body,토론방 본문,한미반도체,2026-08-04T09:58:22,5,427113362,FOMO·상대적박탈감,93,41b7fb2c41f2,이재명씨!  공매 어찌된건가요>? 이정부는 증시 올릴생각 절대 없다 지금이라도 튀는게 상책 일부러 떨구는거다~ 그래야 돈 몇푼으로 국민들 개돼지마냥 다루기가 쉬워지거든
DM-002473,raw_news.csv,2,crawler_news3.py,네이버 금융 메인뉴스 + 구글뉴스 RSS,naver_main_news,네이버 금융 메인뉴스,금융메인,,,,분노·불신,60,1b2473f76566,"[단독] 삼전 주가부진에 뿔난 개미들, 임시주총 소집 채비…“성과급 재심의하고 45조5천억 자사주 매입하라”"
DM-002474,raw_news.csv,3,crawler_news3.py,네이버 금융 메인뉴스 + 구글뉴스 RSS,naver_main_news,네이버 금융 메인뉴스,금융메인,,,,,29,749cc9c9c89e,"코스피 상승 반납, 1%대 하락…코스닥은 5%대 강세"
DM-002475,raw_news.csv,4,crawler_news3.py,네이버 금융 메인뉴스 + 구글뉴스 RSS,naver_main_news,네이버 금융 메인뉴스,금융메인,,,,,29,8737082bef2f,美·日 엔화 방어 나섰다…28년 만의 공동 개입 확대
DM-002476,raw_news.csv,5,crawler_news3.py,네이버 금융 메인뉴스 + 구글뉴스 RSS,naver_main_news,네이버 금융 메인뉴스,금융메인,,,,,28,e0edf2774e00,"코스피, 삼성·SK 급락에도 “9000 간다” 전망"
DM-002477,raw_news.csv,6,crawler_news3.py,네이버 금융 메인뉴스 + 구글뉴스 RSS,naver_main_news,네이버 금융 메인뉴스,금융메인,,,,,32,aa5d299d4fa5,"""내 계좌에 무슨 일이""...이달말 '판도라 상자' 열린다"
DM-002478,raw_news.csv,7,crawler_news3.py,네이버 금융 메인뉴스 + 구글뉴스 RSS,naver_main_news,네이버 금융 메인뉴스,금융메인,,,,,32,8a18d971a2e2,단일종목 레버리지 '빗장'…코스피 vs 코스닥 수혜 시장은
DM-002479,raw_news.csv,8,crawler_news3.py,네이버 금융 메인뉴스 + 구글뉴스 RSS,naver_main_news,네이버 금융 메인뉴스,금융메인,,,,,42,68a0c271ddfd,“한국산이라면 믿고 산다” 미국서도 난리나더니…코스피 떨어질 때 홀로 웃었다
DM-002480,raw_news.csv,9,crawler_news3.py,네이버 금융 메인뉴스 + 구글뉴스 RSS,naver_main_news,네이버 금융 메인뉴스,금융메인,,,,분노·불신,37,95d0ddb0b514,AI 거품론에 요동치는 글로벌 시총…삼성전자 10위→13위로 ‘뚝’
DM-002481,raw_news.csv,10,crawler_news3.py,네이버 금융 메인뉴스 + 구글뉴스 RSS,naver_main_news,네이버 금융 메인뉴스,금융메인,,,,,35,8f66423eb95b,"코스닥, 온기 되찾나…코스피 제치고 사흘 연속 '매수 사이드카'"
DM-002482,raw_news.csv,11,crawler_news3.py,네이버 금융 메인뉴스 + 구글뉴스 RSS,naver_main_news,네이버 금융 메인뉴스,금융메인,,,,,42,39c8927a243a,"상위 1% 초고수, 두산에너빌리티 사고 삼성전자 팔았다[주식 초고수는 지금]"
DM-002483,raw_news.csv,12,crawler_news3.py,네이버 금융 메인뉴스 + 구글뉴스 RSS,naver_main_news,네이버 금융 메인뉴스,금융메인,,,,,33,91909c0d2104,흑자 내는 기업은 코스닥 상폐 예외 [H-EXCLUSIVE]
DM-002484,raw_news.csv,13,crawler_news3.py,네이버 금융 메인뉴스 + 구글뉴스 RSS,naver_main_news,네이버 금융 메인뉴스,금융메인,,,,,40,d22c8f61536f,블룸버그 “한국도 투자 부적합 국가 돼가”…레버리지 상품·정책 실패 직격
DM-002485,raw_news.csv,14,crawler_news3.py,네이버 금융 메인뉴스 + 구글뉴스 RSS,naver_main_news,네이버 금융 메인뉴스,금융메인,,,,,44,0dcf8af6cf78,"팔란티어 뜨고, 코스피 간다...반도체 넘어 소프트웨어까지[MUST KNOW5]"
DM-002486,raw_news.csv,15,crawler_news3.py,네이버 금융 메인뉴스 + 구글뉴스 RSS,naver_main_news,네이버 금융 메인뉴스,금융메인,,,,,32,b1d529f61936,코스닥 상폐 위기 기업 ‘속출’…“정상 기업 퇴출 막아야”
DM-002487,raw_news.csv,16,crawler_news3.py,네이버 금융 메인뉴스 + 구글뉴스 RSS,naver_main_news,네이버 금융 메인뉴스,금융메인,,,,충동·중독시그널,22,4b0b253b6129,시들해진 국장…빚투 한달새 8.4조 급감
DM-002488,raw_news.csv,17,crawler_news3.py,네이버 금융 메인뉴스 + 구글뉴스 RSS,naver_main_news,네이버 금융 메인뉴스,금융메인,,,,,40,409ee0aa23e0,"“이번 달엔 만회 가능할까요”…‘엔비디아 성적표’ 앞둔 8월, 투자전략은"
DM-002489,raw_news.csv,18,crawler_news3.py,네이버 금융 메인뉴스 + 구글뉴스 RSS,naver_main_news,네이버 금융 메인뉴스,금융메인,,,,,36,9be6785facff,영업이익률 52%에도 주가는 원점…한미반도체 '몸값 논쟁' 재점화
DM-002490,raw_news.csv,19,crawler_news3.py,네이버 금융 메인뉴스 + 구글뉴스 RSS,naver_main_news,네이버 금융 메인뉴스,금융메인,,,,,37,e2d6a1c76ee6,"""내년부터 코인 세금 낸다""…정부는 강행, 투자자는 '형평성' 반발"
DM-002491,raw_news.csv,20,crawler_news3.py,네이버 금융 메인뉴스 + 구글뉴스 RSS,naver_main_news,네이버 금융 메인뉴스,금융메인,,,,후회·손실고통,34,e42f42bfec73,한달 간 20% 내린 코스닥…'마이너스' 성적표 받아든 ETF
DM-002492,raw_news.csv,21,crawler_news3.py,네이버 금융 메인뉴스 + 구글뉴스 RSS,naver_main_news,네이버 금융 메인뉴스,금융메인,,,,,46,743d7af8bebf,"'공시하라' vs '공시 못해'…가비아 공개매수, 법리전으로 번졌다 [fn마켓워치]"
DM-002493,raw_news.csv,22,crawler_news3.py,네이버 금융 메인뉴스 + 구글뉴스 RSS,naver_main_desc,네이버 금융 메인뉴스 요약,금융메인,,,,,104,c56f6fb163cb,"액트, 임시주총 소집 위한 지분 결집 채비 주주 반발 부른 ‘성과급 제도’ 변경 안건에 “45조5000억원 자사주 매입하라” 요구도 담.. 매일경제 | 2026-08-04 14:02:10"
DM-002494,raw_news.csv,23,crawler_news3.py,네이버 금융 메인뉴스 + 구글뉴스 RSS,naver_main_desc,네이버 금융 메인뉴스 요약,금융메인,,,,,104,ad9844637cb2,"코스피가 장 초반 상승세를 반납하며 약세로 돌아선 반면, 코스닥은 올해 17번째 매수 사이드카가 발동한 이후 5% 넘게 오르며 강세를 .. 이데일리 | 2026-08-04 13:59:09"
DM-002495,raw_news.csv,24,crawler_news3.py,네이버 금융 메인뉴스 + 구글뉴스 RSS,naver_main_desc,네이버 금융 메인뉴스 요약,금융메인,,,,,104,aff2c35508a7,▲ AI 프리즘* 맞춤형 경제 브리핑 * 편집자 주: ‘AI PRISM’(Personalized Report & Insight Summ.. 서울경제 | 2026-08-04 13:40:13
DM-002496,raw_news.csv,25,crawler_news3.py,네이버 금융 메인뉴스 + 구글뉴스 RSS,naver_main_desc,네이버 금융 메인뉴스 요약,금융메인,,,,,104,28e39572e22f,▲ AI 프리즘* 맞춤형 경제 브리핑 * 편집자 주: ‘AI PRISM’(Personalized Report & Insight Summ.. 서울경제 | 2026-08-04 13:40:09
DM-002497,raw_news.csv,26,crawler_news3.py,네이버 금융 메인뉴스 + 구글뉴스 RSS,naver_main_desc,네이버 금융 메인뉴스 요약,금융메인,,,,,106,67cf0b53e62b,올해 상반기 퇴직연금 투자자들의 선택은 단연 반도체였다. 미래에셋증권에 따르면 올해 상반기 확정기여(DC)형·개인형퇴직연금(IRP) 계.. 한국경제TV | 2026-08-04 13:39:58
DM-002498,raw_news.csv,27,crawler_news3.py,네이버 금융 메인뉴스 + 구글뉴스 RSS,naver_main_desc,네이버 금융 메인뉴스 요약,금융메인,,,,,103,1e6f4ce264d7,예탁금 3000만원 시행 이틀째 거래대금 1조2477억원 '뚝' 대형주 쏠림 완화 여부 관심…코스피 순환매 확대 의견도 금융당국이 삼성.. 더팩트 | 2026-08-04 13:18:11
DM-002499,raw_news.csv,28,crawler_news3.py,네이버 금융 메인뉴스 + 구글뉴스 RSS,naver_main_desc,네이버 금융 메인뉴스 요약,금융메인,,,,,104,b4d2c8b8a7fc,반도체주 약세 속에 화장품 업종 순환매가 나타나고 있다. 특히 대표적인 K뷰티 기업 에이피알(APR)의 투자심리가 회복되며 상승세가 이.. 서울경제 | 2026-08-04 12:14:08
DM-002500,raw_news.csv,29,crawler_news3.py,네이버 금융 메인뉴스 + 구글뉴스 RSS,naver_main_desc,네이버 금융 메인뉴스 요약,금융메인,,,,,104,8e3654f181a6,"엔비디아도 1년 1개월만에 1위 반납 스페이스X 상장 이후 시총 8~9위 인공지능(AI) 순환금융 우려가 불거진 7월, 글로벌 시가총액.. 조선비즈 | 2026-08-04 12:06:16"
DM-002501,raw_news.csv,30,crawler_news3.py,네이버 금융 메인뉴스 + 구글뉴스 RSS,naver_main_desc,네이버 금융 메인뉴스 요약,금융메인,,,,,105,5f89b05078a1,코스닥 시장이 사흘 연속 장중 급등세를 이어가며 지수 800선 회복 기대감을 키우고 있다. 지난달 말 대반등 이후 추가 상승이 제한된 .. 머니투데이 | 2026-08-04 11:53:40
DM-002502,raw_news.csv,31,crawler_news3.py,네이버 금융 메인뉴스 + 구글뉴스 RSS,naver_main_desc,네이버 금융 메인뉴스 요약,금융메인,,,,,104,290e2340e76b,"미래에셋증권에서 거래하는 고수익 투자자들이 4일 오전 가장 많이 순매수한 종목은 두산에너빌리티, HD건설기계, 테스 순으로 집계됐다. .. 서울경제 | 2026-08-04 11:53:08"
DM-002503,raw_news.csv,32,crawler_news3.py,네이버 금융 메인뉴스 + 구글뉴스 RSS,naver_main_desc,네이버 금융 메인뉴스 요약,금융메인,,,,,105,6b3964782dc7,시가총액 200억원 기준에 미달하더라도 이익을 내는 코스닥 기업은 상장폐지 대상에서 제외된다. 코스닥 시장 전반에 걸친 투자 위축 여파.. 헤럴드경제 | 2026-08-04 11:36:11
DM-002504,raw_news.csv,33,crawler_news3.py,네이버 금융 메인뉴스 + 구글뉴스 RSS,naver_main_desc,네이버 금융 메인뉴스 요약,금융메인,,,,,104,440d32b5c48e,“AI 호황 믿어도 코스피는 멀리할 수 있어…젊은 투자자 보호했는지 자성해야” 극심한 변동성과 미숙한 정책 대응으로 한국 증시가 글로벌.. 조선일보 | 2026-08-04 11:35:11
DM-002505,raw_news.csv,34,crawler_news3.py,네이버 금융 메인뉴스 + 구글뉴스 RSS,naver_main_desc,네이버 금융 메인뉴스 요약,금융메인,,,,,104,176775db04d3,"엔비디아, 빅테크 호실적에도 박스권…8월 실적이 분수령 엔비디아 주가가 장중 반등했지만 최근 3개월간 1% 남짓 오르는 데 그치며 박스.. 이데일리 | 2026-08-04 11:34:17"
DM-002506,raw_news.csv,35,crawler_news3.py,네이버 금융 메인뉴스 + 구글뉴스 RSS,naver_main_desc,네이버 금융 메인뉴스 요약,금융메인,,,,,105,f6d4d8fd1a8e,코스닥 상장사인 첨단소재 부품업체 웹스는 3일 기준 시가총액이 178억원이다. 시총 200억원 미만이기 때문에 상장폐지 요건에 해당된다.. 헤럴드경제 | 2026-08-04 11:33:10
DM-002507,raw_news.csv,36,crawler_news3.py,네이버 금융 메인뉴스 + 구글뉴스 RSS,naver_main_desc,네이버 금융 메인뉴스 요약,금융메인,,,,충동·중독시그널,105,336f8769d9a0,소위 ‘빚투(빚내서 투자)’ 규모가 ‘잔인한 7월’을 8조원 넘게 지나면서 급감하는 등 공격적인 투자 열풍이 진정 국면에 접어들고 있다.. 헤럴드경제 | 2026-08-04 11:19:07
DM-002508,raw_news.csv,37,crawler_news3.py,네이버 금융 메인뉴스 + 구글뉴스 RSS,naver_main_desc,네이버 금융 메인뉴스 요약,금융메인,,,,,104,dd43e215fb15,"엔비디아 실적·美 고용·물가…빅이벤트 줄줄이 AI 투자, 이제는 현금흐름·수익성 검증 국면 “실질금리까지 봐야”…AI주 향방 가를 한 .. 매일경제 | 2026-08-04 11:18:10"
DM-002509,raw_news.csv,38,crawler_news3.py,네이버 금융 메인뉴스 + 구글뉴스 RSS,naver_main_desc,네이버 금융 메인뉴스 요약,금융메인,,,,,103,c06f0d839421,창사 최대 매출에도 실적 발표 전보다 주가 낮아 목표주가 10만~50만원…'매출 2조' 현실성도 도마 한미반도체가 2분기 창사 이래 최.. 더팩트 | 2026-08-04 11:17:07
DM-002510,raw_news.csv,39,crawler_news3.py,네이버 금융 메인뉴스 + 구글뉴스 RSS,naver_main_desc,네이버 금융 메인뉴스 요약,금융메인,,,,,103,269ab0fb026a,정부가 유예했던 가상자산 과세를 내년부터 시행할 방침을 재확인하면서 투자자들의 관심이 커지고 있다. 정부는 예정대로 제도를 시행한 뒤 .. 뉴시스 | 2026-08-04 11:15:05
DM-002511,raw_news.csv,40,crawler_news3.py,네이버 금융 메인뉴스 + 구글뉴스 RSS,naver_main_desc,네이버 금융 메인뉴스 요약,금융메인,,,,,103,684c35af6da7,"코스닥 지수가 한 달 사이에 20% 이상 하락하며 700선 초반까지 밀려나자, 코스닥 종목들과 연계된 상장지수펀드(ETF)의 수익률이 .. 뉴시스 | 2026-08-04 11:14:18"
DM-002512,raw_news.csv,41,crawler_news3.py,네이버 금융 메인뉴스 + 구글뉴스 RSS,naver_main_desc,네이버 금융 메인뉴스 요약,금융메인,,,,,106,878cd1f5ec3e,가비아 공개매수를 추진 중인 맥쿼리자산운용그룹이 얼라인파트너스의 금융감독원 진정에 대해 정면 반박하고 나섰다. 법적으로 기재해야 할 중.. 파이낸셜뉴스 | 2026-08-04 11:12:16
DM-002513,raw_news.csv,42,crawler_news3.py,네이버 금융 메인뉴스 + 구글뉴스 RSS,naver_main_news,네이버 금융 메인뉴스,금융메인,,,,,38,57005d24be2c,[단독] 흑자내는 코스닥 기업은 시총 200억 미달해도 상폐에서 제외
DM-002514,raw_news.csv,43,crawler_news3.py,네이버 금융 메인뉴스 + 구글뉴스 RSS,naver_main_news,네이버 금융 메인뉴스,금융메인,,,,,34,0355e10c9a3b,가비아 공개매수 두고 공방…얼라인-맥쿼리 주장 쟁점은[마켓인]
DM-002515,raw_news.csv,44,crawler_news3.py,네이버 금융 메인뉴스 + 구글뉴스 RSS,naver_main_news,네이버 금융 메인뉴스,금융메인,,,,,33,b8237dd952b9,"코스닥, 5% 급등해 매수 사이드카 발동…알테오젠 8.3%↑"
DM-002516,raw_news.csv,45,crawler_news3.py,네이버 금융 메인뉴스 + 구글뉴스 RSS,naver_main_news,네이버 금융 메인뉴스,금융메인,,,,,58,4faa277074a5,"LG이노텍, 美 중국 로봇 견제 반사이익…""S-Oil, 윤활유 마진 3배, 주가도 뛰어야죠"" [株토피아]"
DM-002517,raw_news.csv,46,crawler_news3.py,네이버 금융 메인뉴스 + 구글뉴스 RSS,naver_main_news,네이버 금융 메인뉴스,금융메인,,,,불안·공포,40,07ab82251eae,"레버리지 ETF 거래량 폭락에…증권가 ""정상화"" 업계 ""착시"" 의견 분분"
DM-002518,raw_news.csv,47,crawler_news3.py,네이버 금융 메인뉴스 + 구글뉴스 RSS,naver_main_news,네이버 금융 메인뉴스,금융메인,,,,,43,19765edf9091,"레버리지 ETF 불똥, 일반 ETF까지 번졌다…거래 급감·신규 상장도 '제동'"
DM-002519,raw_news.csv,48,crawler_news3.py,네이버 금융 메인뉴스 + 구글뉴스 RSS,naver_main_news,네이버 금융 메인뉴스,금융메인,,,,,36,4d864d3cf305,블룸버그 “한국 투자 부적격 국가 되나”...코스피 변동성 맹비난
DM-002520,raw_news.csv,49,crawler_news3.py,네이버 금융 메인뉴스 + 구글뉴스 RSS,naver_main_news,네이버 금융 메인뉴스,금융메인,,,,분노·불신|충동·중독시그널,32,2e8ef8b3b617,무더기 반대매매에 '빚투개미' 백기…신용융자 10조 줄었다
DM-002521,raw_news.csv,50,crawler_news3.py,네이버 금융 메인뉴스 + 구글뉴스 RSS,naver_main_news,네이버 금융 메인뉴스,금융메인,,,,,43,a0a0df0992a1,"한은, 13년 만에 금 매입 재개…마음 바꾼 결정적인 이유는[Why&Next]"
DM-002522,raw_news.csv,51,crawler_news3.py,네이버 금융 메인뉴스 + 구글뉴스 RSS,naver_main_news,네이버 금융 메인뉴스,금융메인,,,,분노·불신,41,fd4e8840850d,"외신 “한국, 中처럼 ‘투자부적합 국가’ 되고있다…정부 믿은 개미만 박살”"
DM-002523,raw_news.csv,52,crawler_news3.py,네이버 금융 메인뉴스 + 구글뉴스 RSS,naver_main_news,네이버 금융 메인뉴스,금융메인,,,,,29,2c66f9a90c80,"힘 빠진 코스피, 2% 상승분 반납…6300선 밑으로"
DM-002524,raw_news.csv,53,crawler_news3.py,네이버 금융 메인뉴스 + 구글뉴스 RSS,naver_main_news,네이버 금융 메인뉴스,금융메인,,,,후회·손실고통|분노·불신,32,2a819d796d9c,"""원금만 나오면 탈출""…개미 이탈에 코스피 거래대금 '뚝'"
DM-002525,raw_news.csv,54,crawler_news3.py,네이버 금융 메인뉴스 + 구글뉴스 RSS,naver_main_news,네이버 금융 메인뉴스,금융메인,,,,분노·불신,25,c17a23fa18bc,세금 물고 떠난 서학개미…RIA 인기 '시들'
DM-002526,raw_news.csv,55,crawler_news3.py,네이버 금융 메인뉴스 + 구글뉴스 RSS,naver_main_news,네이버 금융 메인뉴스,금융메인,,,,,34,1e92b7f5f3c4,흔들리는 MSTR...비트코인 1638개 또 매각 [매일코인]
DM-002527,raw_news.csv,56,crawler_news3.py,네이버 금융 메인뉴스 + 구글뉴스 RSS,naver_main_news,네이버 금융 메인뉴스,금융메인,,,,,31,e031573da09f,SK하이닉스·샌디스크 함께 담은 채권혼합형 ETF 나왔다
DM-002528,raw_news.csv,57,crawler_news3.py,네이버 금융 메인뉴스 + 구글뉴스 RSS,naver_main_news,네이버 금융 메인뉴스,금융메인,,,,,29,6d3183b1d078,[속보]다시역주행 코스피 2.8%급락…삼전닉스 -5%
DM-002529,raw_news.csv,58,crawler_news3.py,네이버 금융 메인뉴스 + 구글뉴스 RSS,naver_main_news,네이버 금융 메인뉴스,금융메인,,,,,36,f23406e17cbd,"거래소, 주식선물·옵션 18종목 9월 추가상장…10종목은 거래종료"
DM-002530,raw_news.csv,59,crawler_news3.py,네이버 금융 메인뉴스 + 구글뉴스 RSS,naver_main_news,네이버 금융 메인뉴스,금융메인,,,,,44,a7864ad94265,미 증시 훈풍에도 갈피 못잡는 코스피…삼전·닉스 3%대 동반 약세 [투자360]
DM-002531,raw_news.csv,60,crawler_news3.py,네이버 금융 메인뉴스 + 구글뉴스 RSS,naver_main_news,네이버 금융 메인뉴스,금융메인,,,,,34,a9c9adab4905,코스피 1%대 약세 전환...삼전·닉스 3%대 하락 [코주부]
DM-002532,raw_news.csv,61,crawler_news3.py,네이버 금융 메인뉴스 + 구글뉴스 RSS,naver_main_news,네이버 금융 메인뉴스,금융메인,,,,,44,8e632c315613,KODEX '미국CPU반도체TOP10' 상장…ARM·AMD·인텔에 25%씩 투자
DM-002533,raw_news.csv,62,crawler_news3.py,네이버 금융 메인뉴스 + 구글뉴스 RSS,naver_main_desc,네이버 금융 메인뉴스 요약,금융메인,,,,,105,9fe2f914adb7,시가총액 200억원 기준에 미달하더라도 이익을 내는 코스닥 기업은 상장폐지 대상에서 제외된다. 코스닥 시장 전반에 걸친 투자 위축 여파.. 헤럴드경제 | 2026-08-04 11:11:07
DM-002534,raw_news.csv,63,crawler_news3.py,네이버 금융 메인뉴스 + 구글뉴스 RSS,naver_main_desc,네이버 금융 메인뉴스 요약,금융메인,,,,,104,5b362fd12d2e,정보기술(IT) 인프라 기업 가비아(079940)의 경영권 인수를 추진 중인 맥쿼리자산운용과 기존 가비아 3대 주주인 행동주의 펀드 얼.. 이데일리 | 2026-08-04 11:11:07
DM-002535,raw_news.csv,64,crawler_news3.py,네이버 금융 메인뉴스 + 구글뉴스 RSS,naver_main_desc,네이버 금융 메인뉴스 요약,금융메인,,,,,106,0c43c9a33cbd,코스닥지수가 4일 기관의 강한 매수세에 힘입어 5% 넘게 급등했다. 지수 변동성이 커지면서 장중 프로그램 매수호가의 효력을 일시 정지하.. 디지털데일리 | 2026-08-04 11:06:11
DM-002536,raw_news.csv,65,crawler_news3.py,네이버 금융 메인뉴스 + 구글뉴스 RSS,naver_main_desc,네이버 금융 메인뉴스 요약,금융메인,,,,,106,358c5c1f6c1f,"8월 4일 오전, 주요 증권사 리포트를 정리해드립니다. LG이노텍은 미국이 중국산 로봇 수입 규제에 나서면서 북미 로봇 공급망 재편의 .. 파이낸셜뉴스 | 2026-08-04 11:01:09"
DM-002537,raw_news.csv,66,crawler_news3.py,네이버 금융 메인뉴스 + 구글뉴스 RSS,naver_main_desc,네이버 금융 메인뉴스 요약,금융메인,,,,,103,8b73fdce12fd,"예탁금 규제 후 총 거래대금 10분의 1 토막 줄어 당국, 추가 규제 '만지작'…이억원 위원장 ""무거운 책임 통감"" 국내 증시 변동성 .. 더팩트 | 2026-08-04 11:01:07"
DM-002538,raw_news.csv,67,crawler_news3.py,네이버 금융 메인뉴스 + 구글뉴스 RSS,naver_main_desc,네이버 금융 메인뉴스 요약,금융메인,,,,,103,f2381df56ec0,ETF 순자산 한 달 새 135조 증발…400조원 밑으로 추락 거래소 심사 적체에 신규 ETF 출시 줄줄이 연기 단일종목 레버리지 상장.. 더팩트 | 2026-08-04 11:00:09
DM-002539,raw_news.csv,68,crawler_news3.py,네이버 금융 메인뉴스 + 구글뉴스 RSS,naver_main_desc,네이버 금융 메인뉴스 요약,금융메인,,,,,106,2e448c1e92ac,한국 증시가 역대급 변동성을 나타낸 보인 가운데 블룸버그가 “한국이 투자 부적합 국가가 되고 있다”고 직격했다. 글로벌 인공지능(AI).. 디지털타임스 | 2026-08-04 10:57:50
DM-002540,raw_news.csv,69,crawler_news3.py,네이버 금융 메인뉴스 + 구글뉴스 RSS,naver_main_desc,네이버 금융 메인뉴스 요약,금융메인,,,,후회·손실고통|충동·중독시그널,103,f56e71d5e1ab,코스피가 한 달 만에 고점 대비 40% 급락하면서 '빚투(빚내서 투자)'에 나섰던 개인투자자들이 대거 시장을 떠나고 있다. 반대매매가 .. 뉴시스 | 2026-08-04 10:50:34
DM-002541,raw_news.csv,70,crawler_news3.py,네이버 금융 메인뉴스 + 구글뉴스 RSS,naver_main_desc,네이버 금융 메인뉴스 요약,금융메인,,,,,105,1c95ca136b63,한국은행이 13년 만에 금을 다시 사들인다. 국내시장에서 원화로 실물 금을 살 길을 터 이를 활용한다. 금 상장지수펀드(ETF)는 올해.. 아시아경제 | 2026-08-04 10:50:00
DM-002542,raw_news.csv,71,crawler_news3.py,네이버 금융 메인뉴스 + 구글뉴스 RSS,naver_main_desc,네이버 금융 메인뉴스 요약,금융메인,,,,불안·공포|분노·불신,104,5bae27ceda87,"블룸버그, 증시변동성·개미 피해 지적 “27일만에 40% 폭락…中 수준 추락 극심한 변동성에 외국인들 韓 외면해” 미국 경제 전문 매체.. 매일경제 | 2026-08-04 10:49:12"
DM-002543,raw_news.csv,72,crawler_news3.py,네이버 금융 메인뉴스 + 구글뉴스 RSS,naver_main_desc,네이버 금융 메인뉴스 요약,금융메인,,,,,104,0ff4e30ff222,개장 30분 만에 하락 전환 코스닥은 5% 상승 4일 상승 출발한 코스피가 개장 30분도 지나지 않아 하락 전환하며 6300선 아래로 .. 조선비즈 | 2026-08-04 10:49:09
DM-002544,raw_news.csv,73,crawler_news3.py,네이버 금융 메인뉴스 + 구글뉴스 RSS,naver_main_desc,네이버 금융 메인뉴스 요약,금융메인,,,,불안·공포|분노·불신,103,176dac171fad,국내 증시의 극심한 변동성 속에 개인 투자자들의 투자심리가 급격히 냉각되면서 개미들이 빠르게 코스피 시장을 떠나고 있다. 지수가 폭락 .. 뉴시스 | 2026-08-04 10:35:21
DM-002545,raw_news.csv,74,crawler_news3.py,네이버 금융 메인뉴스 + 구글뉴스 RSS,naver_main_desc,네이버 금융 메인뉴스 요약,금융메인,,,,,106,b6cc19fa3be1,정부가 해외 주식 투자자금을 국내 증시로 유도하기 위해 도입한 '국내시장복귀계좌(RIA)'가 출시 이후 처음으로 월간 잔고가 감소했다... 한국경제TV | 2026-08-04 10:25:16
DM-002546,raw_news.csv,75,crawler_news3.py,네이버 금융 메인뉴스 + 구글뉴스 RSS,naver_main_desc,네이버 금융 메인뉴스 요약,금융메인,,,,,104,02a9bee78cce,세계 최대 비트코인 보유기업 스트래티지가 또 다시 비트코인을 대량 매각했다. 배당금을 지급하기 위함이다. 스트래티지는 지난 6월 이후 .. 매일경제 | 2026-08-04 10:24:08
DM-002547,raw_news.csv,76,crawler_news3.py,네이버 금융 메인뉴스 + 구글뉴스 RSS,naver_main_desc,네이버 금융 메인뉴스 요약,금융메인,,,,,104,e0d84363a33a,한화자산운용이 SK하이닉스와 미국 메모리반도체 기업 샌디스크에 절반을 투자하고 나머지를 국고채로 채우는 채권혼합형 상장지수펀드(ETF).. 비즈워치 | 2026-08-04 10:20:08
DM-002548,raw_news.csv,77,crawler_news3.py,네이버 금융 메인뉴스 + 구글뉴스 RSS,naver_main_desc,네이버 금융 메인뉴스 요약,금융메인,,,,,104,eac527938246,4일 오전 상승 출발한 코스피 지수가 장중 2.8% 넘게 급락했다. 삼성전자와 SK하이닉스가 5% 수준 하락하면서 하락을 주도하고 있다.. 문화일보 | 2026-08-04 10:10:14
DM-002549,raw_news.csv,78,crawler_news3.py,네이버 금융 메인뉴스 + 구글뉴스 RSS,naver_main_desc,네이버 금융 메인뉴스 요약,금융메인,,,,,106,11496b12afe2,한국거래소는 주식선물 18종목과 주식옵션 2종목을 다음 달 14일 추가로 상장한다고 4일 밝혔다. 이와 함께 기존 주식선물 10종목은 .. 한국경제TV | 2026-08-04 10:07:13
DM-002550,raw_news.csv,79,crawler_news3.py,네이버 금융 메인뉴스 + 구글뉴스 RSS,naver_main_desc,네이버 금융 메인뉴스 요약,금융메인,,,,,105,f59906525477,코스피가 4일 간밤 미국 증시 강세에 힘입어 상승 출발했지만 반도체 대형주의 약세에 상승 폭을 반납하며 혼조세를 나타내고 있다. 외국인.. 헤럴드경제 | 2026-08-04 10:07:06
DM-002551,raw_news.csv,80,crawler_news3.py,네이버 금융 메인뉴스 + 구글뉴스 RSS,naver_main_desc,네이버 금융 메인뉴스 요약,금융메인,,,,,104,acc8f82b1d6d,1% 넘게 상승 출발했던 코스피가 개장 30여 분 만에 하락 전환했다. 장 초반 미국 증시 훈풍에 힘입어 6300선을 회복했지만 삼성전.. 서울경제 | 2026-08-04 10:06:09
DM-002552,raw_news.csv,81,crawler_news3.py,네이버 금융 메인뉴스 + 구글뉴스 RSS,naver_main_desc,네이버 금융 메인뉴스 요약,금융메인,,,,,106,ae753e71b057,글로벌 AI산업의 흐름이 챗봇에서 스스로 작업을 수행하는 AI 에이전트로 옮겨가면서 연산의 핵심 부품인 CPU(중앙처리장치)에 대한 관.. 한국경제TV | 2026-08-04 10:04:54
DM-002553,raw_news.csv,82,crawler_news3.py,네이버 금융 메인뉴스 + 구글뉴스 RSS,naver_main_news,네이버 금융 메인뉴스,금융메인,,,,,31,2f87c71a1ce9,'깜짝 실적' 퍼스트솔라 급등에…한국 신재생株도 '들썩'
DM-002554,raw_news.csv,83,crawler_news3.py,네이버 금융 메인뉴스 + 구글뉴스 RSS,naver_main_news,네이버 금융 메인뉴스,금융메인,,,,분노·불신,42,3e884ab60f9f,'420만→280만원' 줄줄이 내리더니…개미들 비명 쏟아졌는데 '깜짝 결과'
DM-002555,raw_news.csv,84,crawler_news3.py,네이버 금융 메인뉴스 + 구글뉴스 RSS,naver_main_news,네이버 금융 메인뉴스,금융메인,,,,,38,f93d6c327b16,"RISE 200고배당커버드콜, 하락장 뚫은 '쾌속질주'[월간 ETF]"
DM-002556,raw_news.csv,85,crawler_news3.py,네이버 금융 메인뉴스 + 구글뉴스 RSS,naver_main_news,네이버 금융 메인뉴스,금융메인,,,,,31,980d629d9974,뉴욕증시 훈풍에 코스피 1%대 상승 출발…반도체주 오름세
DM-002557,raw_news.csv,86,crawler_news3.py,네이버 금융 메인뉴스 + 구글뉴스 RSS,naver_main_news,네이버 금융 메인뉴스,금융메인,,,,,37,649056dc8e6b,"“8월 통과 물 건너가나”…美 클래리티법, 상원 본회의 안건서 빠져"
DM-002558,raw_news.csv,87,crawler_news3.py,네이버 금융 메인뉴스 + 구글뉴스 RSS,naver_main_news,네이버 금융 메인뉴스,금융메인,,,,,39,e7483d91bdb8,"외국인 투자자 매수세에…전날 급락 코스피, 오늘은 6300선 상승 출발"
DM-002559,raw_news.csv,88,crawler_news3.py,네이버 금융 메인뉴스 + 구글뉴스 RSS,naver_main_news,네이버 금융 메인뉴스,금융메인,,,,분노·불신,34,d5f2f320c2ef,코스피 6300선 회복...미국 훈풍에 개미·외인 함께 담는다
DM-002560,raw_news.csv,89,crawler_news3.py,네이버 금융 메인뉴스 + 구글뉴스 RSS,naver_main_news,네이버 금융 메인뉴스,금융메인,,,,,48,237e13935d1e,"""파인엠텍, 삼성·북미 폴더블 동시 수혜…'폴더블 뉴노멀' 최대 수혜주""[클릭 e종목]"
DM-002561,raw_news.csv,90,crawler_news3.py,네이버 금융 메인뉴스 + 구글뉴스 RSS,naver_main_news,네이버 금융 메인뉴스,금융메인,,,,불안·공포|후회·손실고통,40,7d0d434d3ef7,주가 95% 폭락에 눈덩이 손실에도…트럼프家 “비트코인 채굴 사상 최대”
DM-002562,raw_news.csv,91,crawler_news3.py,네이버 금융 메인뉴스 + 구글뉴스 RSS,naver_main_news,네이버 금융 메인뉴스,금융메인,,,,,34,ae525dd00f06,"코스피, 1.5% 상승 출발…삼전·하닉 반등에 6350선 회복"
DM-002563,raw_news.csv,92,crawler_news3.py,네이버 금융 메인뉴스 + 구글뉴스 RSS,naver_main_news,네이버 금융 메인뉴스,금융메인,,,,,32,1562f4917fbe,"한화운용, SK하이닉스·샌디스크 담은 채권혼합 ETF 출시"
DM-002564,raw_news.csv,93,crawler_news3.py,네이버 금융 메인뉴스 + 구글뉴스 RSS,naver_main_news,네이버 금융 메인뉴스,금융메인,,,,,36,bef1bf58281c,"반도체주 조정, AI 투자 부담 탓...D램 병목은 여전 -유진證"
DM-002565,raw_news.csv,94,crawler_news3.py,네이버 금융 메인뉴스 + 구글뉴스 RSS,naver_main_news,네이버 금융 메인뉴스,금융메인,,,,,42,bc14d5cc8026,"iM證 “삼성E&A, 반도체 투자 사이클에 8조원 이상 첨단산업 수주 기대”"
DM-002566,raw_news.csv,95,crawler_news3.py,네이버 금융 메인뉴스 + 구글뉴스 RSS,naver_main_news,네이버 금융 메인뉴스,금융메인,,,,,33,c25efa0d235d,中 CXMT 증설에 흔들리는 반도체주…메모리 시장 새 변수로
DM-002567,raw_news.csv,96,crawler_news3.py,네이버 금융 메인뉴스 + 구글뉴스 RSS,naver_main_news,네이버 금융 메인뉴스,금융메인,,,,,38,480089c02476,두달 만에 주가 60% 하락했는데…증권가 목표가 '줄상향' [종목+]
DM-002568,raw_news.csv,97,crawler_news3.py,네이버 금융 메인뉴스 + 구글뉴스 RSS,naver_main_news,네이버 금융 메인뉴스,금융메인,,,,,50,7bcfe4553e43,“美 훈풍에 전날 하락분 만회 시도”…프리장서 삼전·닉스 2%대 반등 [이런국장 저런주식]
DM-002569,raw_news.csv,98,crawler_news3.py,네이버 금융 메인뉴스 + 구글뉴스 RSS,naver_main_news,네이버 금융 메인뉴스,금융메인,,,,,41,43922170484e,주가누르기 기업 ‘6년간 PBR 하위 25%’ 기준에…“상속세율 개편부터”
DM-002570,raw_news.csv,99,crawler_news3.py,네이버 금융 메인뉴스 + 구글뉴스 RSS,naver_main_news,네이버 금융 메인뉴스,금융메인,,,,,36,3526545f399d,"프리마켓 반도체주 반등…삼성전기 8%, 삼전·SK하닉 2%대 강세"
DM-002571,raw_news.csv,100,crawler_news3.py,네이버 금융 메인뉴스 + 구글뉴스 RSS,naver_main_news,네이버 금융 메인뉴스,금융메인,,,,분노·불신,41,bb52f34c967e,7월 내내 빠지더니 '대반전'…개미들 비명 속 웃은 '이 주식' [종목+]
DM-002572,raw_news.csv,101,crawler_news3.py,네이버 금융 메인뉴스 + 구글뉴스 RSS,naver_main_news,네이버 금융 메인뉴스,금융메인,,,,,39,f8e968898c92,"""SK아이이테크놀로지, 2Q 635억원 적자…3Q도 영업손 전망""-SK"
DM-002573,raw_news.csv,102,crawler_news3.py,네이버 금융 메인뉴스 + 구글뉴스 RSS,naver_main_desc,네이버 금융 메인뉴스 요약,금융메인,,,,,104,388f13faf56b,신재생에너지 관련 종목들이 급등하고 있다. 간밤 뉴욕증시에서 태양광 업체 퍼스트솔라가 10% 이상 치솟은 훈풍이 전해지며 투자심리가 개.. 한국경제 | 2026-08-04 09:57:11
DM-002574,raw_news.csv,103,crawler_news3.py,네이버 금융 메인뉴스 + 구글뉴스 RSS,naver_main_desc,네이버 금융 메인뉴스 요약,금융메인,,,,,106,f5540935ce11,국내 상장사들이 올해 2분기 견조한 실력을 냈지만 7월 증권가 눈높이는 오히려 낮아진 것으로 나타났다. 지난해 4월 이후 15개월 만에.. 한국경제TV | 2026-08-04 09:49:25
DM-002575,raw_news.csv,104,crawler_news3.py,네이버 금융 메인뉴스 + 구글뉴스 RSS,naver_main_desc,네이버 금융 메인뉴스 요약,금융메인,,,,,103,1d6de4abe63b,KB자산운용의 라이즈(RISE) 200고배당커버드콜등가격(ATM) 상장지수펀드(ETF)가 한 달 동안에만 20%에 가까운 수익률을 올린.. 블로터 | 2026-08-04 09:41:14
DM-002576,raw_news.csv,105,crawler_news3.py,네이버 금융 메인뉴스 + 구글뉴스 RSS,naver_main_desc,네이버 금융 메인뉴스 요약,금융메인,,,,,104,f607addd30ea,미국 빅테크 기업들의 호실적과 뉴욕증시 강세에 힘입어 국내 증시가 동반 상승 출발했다. 미국 기업들의 인공지능(AI) 투자 확대 기대가.. 이데일리 | 2026-08-04 09:40:14
DM-002577,raw_news.csv,106,crawler_news3.py,네이버 금융 메인뉴스 + 구글뉴스 RSS,naver_main_desc,네이버 금융 메인뉴스 요약,금융메인,,,,,104,b9d76ab37697,8월 상원 본회의 안건서 제외돼 11월 중간선거 겹쳐 동력 상실 위기 60표의 벽 앞에 선 클래리티법 공화 53석뿐…민주 7표 확보 관.. 매일경제 | 2026-08-04 09:37:13
DM-002578,raw_news.csv,107,crawler_news3.py,네이버 금융 메인뉴스 + 구글뉴스 RSS,naver_main_desc,네이버 금융 메인뉴스 요약,금융메인,,,,,104,769bb3359e11,"외국인과 개인은 순매수세 코스닥, 전일 이어 3%대 상승 지난주 금요일 급등 뒤 전일 5%대 하락 마감한 코스피가 4일은 외국인 매수세.. 매일경제 | 2026-08-04 09:36:14"
DM-002579,raw_news.csv,108,crawler_news3.py,네이버 금융 메인뉴스 + 구글뉴스 RSS,naver_main_desc,네이버 금융 메인뉴스 요약,금융메인,,,,,105,67ec44fac9f8,코스피가 4일 상승 출발하며 6300선을 회복했다. 간밤 미국발 증시훈풍에 유입된 외국인이 개인과 함께 매수세를 주도하고 있다. 이날 .. 머니투데이 | 2026-08-04 09:26:24
DM-002580,raw_news.csv,109,crawler_news3.py,네이버 금융 메인뉴스 + 구글뉴스 RSS,naver_main_desc,네이버 금융 메인뉴스 요약,금융메인,,,,,105,37fa36cb401d,메리츠증권은 4일 파인엠텍이 삼성전자와 북미 스마트폰 업체의 폴더블 스마트폰 확대 수혜를 동시에 누릴 수 있는 유일한 국내 부품업체라며.. 아시아경제 | 2026-08-04 09:26:07
DM-002581,raw_news.csv,110,crawler_news3.py,네이버 금융 메인뉴스 + 구글뉴스 RSS,naver_main_desc,네이버 금융 메인뉴스 요약,금융메인,,,,후회·손실고통,104,7e367d411ef3,2분기 5700만달러 순손실 기록 비트코인 보유량은 8천개로 늘어 AI 대신 오직 ‘비트코인 채굴’ 집중 도널드 트럼프 미국 대통령의 .. 매일경제 | 2026-08-04 09:17:13
DM-002582,raw_news.csv,111,crawler_news3.py,네이버 금융 메인뉴스 + 구글뉴스 RSS,naver_main_desc,네이버 금융 메인뉴스 요약,금융메인,,,,,106,8a6f5c5d514c,코스피가 미국 기술주 강세와 국제유가·국채금리 하락에 힘입어 1% 넘게 상승 출발했다. 외국인과 개인이 동반 순매수에 나선 가운데 삼성.. 디지털타임스 | 2026-08-04 09:15:18
DM-002583,raw_news.csv,112,crawler_news3.py,네이버 금융 메인뉴스 + 구글뉴스 RSS,naver_main_desc,네이버 금융 메인뉴스 요약,금융메인,,,,,104,57e07a62bb74,한화자산운용이 성장성이 높은 메모리 반도체 기업과 국고채를 담아 불확실성을 낮추고 안정적인 수익을 동시에 추구하는 상장지수펀드(ETF).. 서울경제 | 2026-08-04 09:09:11
DM-002584,raw_news.csv,113,crawler_news3.py,네이버 금융 메인뉴스 + 구글뉴스 RSS,naver_main_desc,네이버 금융 메인뉴스 요약,금융메인,,,,,106,0e4ea4235242,"최근 메모리 반도체 업종 조정은 실적 악화보다 인공지능(AI) 인프라 투자에 대한 자금조달 부담과 금리 상승, 중국 메모리 업체 CXM.. 파이낸셜뉴스 | 2026-08-04 09:03:14"
DM-002585,raw_news.csv,114,crawler_news3.py,네이버 금융 메인뉴스 + 구글뉴스 RSS,naver_main_desc,네이버 금융 메인뉴스 요약,금융메인,,,,,104,715b62b476a6,iM증권은 4일 삼성E&A에 대해 2030년까지 8조원 이상의 첨단산업 수주를 기대할 수 있다고 평가했다. 투자 의견 ‘매수(Buy)’.. 조선비즈 | 2026-08-04 09:02:27
DM-002586,raw_news.csv,115,crawler_news3.py,네이버 금융 메인뉴스 + 구글뉴스 RSS,naver_main_desc,네이버 금융 메인뉴스 요약,금융메인,,,,,104,4b063accde82,"창신메모리테크놀로지, 증시 상장 자금으로 공장 증설 추진 인공지능(AI) 열풍으로 호황을 이어온 글로벌 메모리 반도체 시장에 중국발 경.. 조선일보 | 2026-08-04 08:46:15"
DM-002587,raw_news.csv,116,crawler_news3.py,네이버 금융 메인뉴스 + 구글뉴스 RSS,naver_main_desc,네이버 금융 메인뉴스 요약,금융메인,,,,,104,31b727cbdcfd,LG전자 주가가 업황 부진 우려에 두달여 만에 60%넘게 하락했다. 그럼에도 증권사들은 LG전자의 목표주가를 잇달아 올려 잡고 있다. .. 한국경제 | 2026-08-04 08:43:13
DM-002588,raw_news.csv,117,crawler_news3.py,네이버 금융 메인뉴스 + 구글뉴스 RSS,naver_main_desc,네이버 금융 메인뉴스 요약,금융메인,,,,,104,312d0d9ca95b,미국 증시가 기술주 중심의 강세를 보이면서 국내 증시도 반등 기대감을 키우고 있다. 뉴욕증시 상승과 인공지능(AI) 투자 우려 완화에 .. 서울경제 | 2026-08-04 08:28:15
DM-002589,raw_news.csv,118,crawler_news3.py,네이버 금융 메인뉴스 + 구글뉴스 RSS,naver_main_desc,네이버 금융 메인뉴스 요약,금융메인,,,,,105,8d6028c3472b,"정부가 최근 6년간 주가순자산비율(PBR)이 업종별 최하위권을 기록한 상장사를 '주가 누르기' 기업으로 판단, 상속·증여세를 더 내도록.. 아시아경제 | 2026-08-04 08:19:56"
DM-002590,raw_news.csv,119,crawler_news3.py,네이버 금융 메인뉴스 + 구글뉴스 RSS,naver_main_desc,네이버 금융 메인뉴스 요약,금융메인,,,,,106,76ae7f97a4ea,코스피가 전날 급락에 따른 과매도 인식과 미국 반도체주 반등에 힘입어 강세를 시도할 전망이다. 국제유가와 미국 국채금리가 하락한 가운데.. 디지털타임스 | 2026-08-04 08:14:01
DM-002591,raw_news.csv,120,crawler_news3.py,네이버 금융 메인뉴스 + 구글뉴스 RSS,naver_main_desc,네이버 금융 메인뉴스 요약,금융메인,,,,,104,b83b543f68c4,지난주 폭등했던 코스피지수가 또다시 5% 이상 급락한 가운데 에이피알이 5% 넘게 급등했다. 최근 주가 하락으로 밸류에이션(실적 대비 .. 한국경제 | 2026-08-04 08:12:16
DM-002592,raw_news.csv,121,crawler_news3.py,네이버 금융 메인뉴스 + 구글뉴스 RSS,naver_main_desc,네이버 금융 메인뉴스 요약,금융메인,,,,,104,f6bdb126f033,"SK증권은 4일 SK아이이테크놀로지에 대해 ""회사는 올해 2분기에도 영업적자를 이어갔다""며 ""중국 사업을 정리하고 생산 거점을 재편하는.. 한국경제 | 2026-08-04 08:11:07"
DM-002593,raw_news.csv,122,crawler_news3.py,네이버 금융 메인뉴스 + 구글뉴스 RSS,gnews,구글뉴스,주식 FOMO,"Sun, 02 Aug 2026 09:50:00 GMT",,,FOMO·상대적박탈감,20,51f4ad339f3b,[도청도설] 조모와 포모 - 국제신문
DM-002594,raw_news.csv,123,crawler_news3.py,네이버 금융 메인뉴스 + 구글뉴스 RSS,gnews,구글뉴스,주식 FOMO,"Tue, 28 Jul 2026 04:59:57 GMT",,,FOMO·상대적박탈감,48,ed2c0fdfc9aa,"“주식 대박 배 아팠는데, 투자 안한 내가 승자”…포모 가고 ‘조모’ 왔다 - 중앙일보"
DM-002595,raw_news.csv,124,crawler_news3.py,네이버 금융 메인뉴스 + 구글뉴스 RSS,gnews,구글뉴스,주식 FOMO,"Sat, 01 Aug 2026 04:01:00 GMT",,,,43,759e0ecdcf84,"""장 끝나도 계좌창 열었다 닫았다""…이거 병인가요?[주식 우울증②] - 뉴시스"
DM-002596,raw_news.csv,125,crawler_news3.py,네이버 금융 메인뉴스 + 구글뉴스 RSS,gnews,구글뉴스,주식 FOMO,"Sun, 02 Aug 2026 08:52:09 GMT",,,FOMO·상대적박탈감|분노·불신,45,e6610db6235a,포모 개미들 '사팔'했다가 울상… 부자들은 '익절' 원칙 지켰다 - 매일경제 마켓
DM-002597,raw_news.csv,126,crawler_news3.py,네이버 금융 메인뉴스 + 구글뉴스 RSS,gnews,구글뉴스,주식 FOMO,"Sun, 19 Jul 2026 07:00:00 GMT",,,FOMO·상대적박탈감,37,bd946670e4fa,"나도 주식우울증?...""주식 포모 고통은 전치 4주 급"" - YTN"
DM-002598,raw_news.csv,127,crawler_news3.py,네이버 금융 메인뉴스 + 구글뉴스 RSS,gnews,구글뉴스,주식 FOMO,"Fri, 31 Jul 2026 00:26:03 GMT",,,FOMO·상대적박탈감|불안·공포,63,4108d31467ef,"뉴턴도 못 읽었던 증시, 400년 전에도 ‘FOMO’… 돌고 도는 탐욕과 공포[서영채의 인문 디톡스] - 문화일보"
DM-002599,raw_news.csv,128,crawler_news3.py,네이버 금융 메인뉴스 + 구글뉴스 RSS,gnews,구글뉴스,주식 FOMO,"Tue, 28 Jul 2026 23:45:03 GMT",,,FOMO·상대적박탈감,47,b348c50413ff,"""주식 안 산 사람이 웃는다?""…'포모' 끝나고 '조모' 왔다 - v.daum.net"
DM-002600,raw_news.csv,129,crawler_news3.py,네이버 금융 메인뉴스 + 구글뉴스 RSS,gnews,구글뉴스,주식 FOMO,"Sat, 07 Feb 2026 08:00:00 GMT",,,FOMO·상대적박탈감,43,39826dcdb534,“친구는 주식으로 집 샀다는데”… ‘포모 증후군’에 빠진 대한민국 - 동아일보
DM-002601,raw_news.csv,130,crawler_news3.py,네이버 금융 메인뉴스 + 구글뉴스 RSS,gnews,구글뉴스,주식 FOMO,"Sat, 25 Jul 2026 03:00:00 GMT",,,FOMO·상대적박탈감,60,267d6ab52ec0,"[주식 톺아보기] ""안 사서 다행""…반도체 급락에 증시 키워드 '포모→조모' - woorinews.co.kr"
DM-002602,raw_news.csv,131,crawler_news3.py,네이버 금융 메인뉴스 + 구글뉴스 RSS,gnews,구글뉴스,주식 FOMO,"Wed, 08 Jul 2026 07:00:00 GMT",,,FOMO·상대적박탈감|분노·불신,44,7e469d41be67,[증시 이대로 좋은가④]'FOMO' 극대화…도박처럼 주식하는 개미들 - 미디어펜
DM-002603,raw_news.csv,132,crawler_news3.py,네이버 금융 메인뉴스 + 구글뉴스 RSS,gnews,구글뉴스,주식 FOMO,"Tue, 21 Jul 2026 12:30:00 GMT",,,FOMO·상대적박탈감,49,ea23300fc3a5,포모 참고 주식 안 한 나를 칭찬해…하락장에 조모 뜬다 [포크뉴스] - mbn.co.kr
DM-002604,raw_news.csv,133,crawler_news3.py,네이버 금융 메인뉴스 + 구글뉴스 RSS,gnews,구글뉴스,주식 FOMO,"Tue, 14 Jul 2026 07:00:00 GMT",,,FOMO·상대적박탈감,51,8c27c39c764f,"3억 날려 본 정신과 의사 “주식 포모는 ‘전치 4주 고통’, 요즘 환자 늘어” - 매일경제"
DM-002605,raw_news.csv,134,crawler_news3.py,네이버 금융 메인뉴스 + 구글뉴스 RSS,gnews,구글뉴스,주식 FOMO,"Tue, 21 Jul 2026 07:00:00 GMT",,,FOMO·상대적박탈감,46,10e349e5c6fc,'포모' 가고 '조모' 온다…결국 주식 안 산 사람이 승자? - v.daum.net
DM-002606,raw_news.csv,135,crawler_news3.py,네이버 금융 메인뉴스 + 구글뉴스 RSS,gnews,구글뉴스,주식 FOMO,"Tue, 14 Jul 2026 07:00:00 GMT",,,FOMO·상대적박탈감|후회·손실고통,50,a1ce59ec1416,"“주식으로 3억 손실” 정신과 의사 “요즘 손님 많아, ‘포모’는 전치 4주” - 서울신문"
DM-002607,raw_news.csv,136,crawler_news3.py,네이버 금융 메인뉴스 + 구글뉴스 RSS,gnews,구글뉴스,주식 FOMO,"Tue, 21 Jul 2026 07:00:00 GMT",,,FOMO·상대적박탈감,62,de2c552d2226,"한 달 사이 28% 급락한 코스피, ‘포모’ 대신 ‘조모’가 뜬다고? (feat. 증시 전망) 😵‍💫💰 - 뉴닉"
DM-002608,raw_news.csv,137,crawler_news3.py,네이버 금융 메인뉴스 + 구글뉴스 RSS,gnews,구글뉴스,주식 FOMO,"Mon, 01 Jun 2026 07:00:00 GMT",,,FOMO·상대적박탈감,32,badb91b90090,"""주식시장 자주 들여다보는 습관이 포모 높여"" - 조선일보"
DM-002609,raw_news.csv,138,crawler_news3.py,네이버 금융 메인뉴스 + 구글뉴스 RSS,gnews,구글뉴스,주식 FOMO,"Tue, 21 Jul 2026 07:00:00 GMT",,,FOMO·상대적박탈감|불안·공포|충동·중독시그널,49,0c0eeaa51875,"""김대리, 삼전닉스 주식 몰빵했다며?""…코스피 폭락에 '포모'가 '조모'로 - 아시아경제"
DM-002610,raw_news.csv,139,crawler_news3.py,네이버 금융 메인뉴스 + 구글뉴스 RSS,gnews,구글뉴스,주식 FOMO,"Wed, 27 May 2026 07:00:00 GMT",,,FOMO·상대적박탈감,43,5cf56688b5d7,"야데니 ""美 증시 랠리, FOMO 때와 달라…FEMO가 주도"" - 연합인포맥스"
DM-002611,raw_news.csv,140,crawler_news3.py,네이버 금융 메인뉴스 + 구글뉴스 RSS,gnews,구글뉴스,주식 FOMO,"Tue, 12 May 2026 07:00:00 GMT",,,FOMO·상대적박탈감|분노·불신,44,875bb04c630a,정부 ‘주식 장기 보유’ 장려하지만···FOMO 겪는 개미는 혼란 - 시사저널e
DM-002612,raw_news.csv,141,crawler_news3.py,네이버 금융 메인뉴스 + 구글뉴스 RSS,gnews,구글뉴스,주식 FOMO,"Wed, 29 Jul 2026 08:56:43 GMT",,,FOMO·상대적박탈감|충동·중독시그널,48,081c15b704f5,'포모 빚투'에 '무리한 정책' 겹쳐 23일만에 9114→5663 곤두박질 - 매일경제
DM-002613,raw_news.csv,142,crawler_news3.py,네이버 금융 메인뉴스 + 구글뉴스 RSS,gnews,구글뉴스,주식 FOMO,"Mon, 11 May 2026 07:00:00 GMT",,,FOMO·상대적박탈감|불안·공포|분노·불신,54,48a8810c2b5a,코스피 8000선 향한 질주에도 ‘포모(FOMO)’ 공포에 마통 뚫어 뛰어드는 개미들 - 조선일보
DM-002614,raw_news.csv,143,crawler_news3.py,네이버 금융 메인뉴스 + 구글뉴스 RSS,gnews,구글뉴스,주식 FOMO,"Sat, 14 Mar 2026 07:00:00 GMT",,,FOMO·상대적박탈감,33,bb09af574280,"주식 '포모족' 영철씨, 주말엔 명상 '조모족' - 중앙일보"
DM-002615,raw_news.csv,144,crawler_news3.py,네이버 금융 메인뉴스 + 구글뉴스 RSS,gnews,구글뉴스,주식 FOMO,"Thu, 18 Jun 2026 07:00:00 GMT",,,FOMO·상대적박탈감,61,760c7c40fc0f,"[미디어 이슈] “주식, 살까 말까”... 증시 급등 속 나뉘는 포모(FOMO)·조모(JOMO) - 미디어워치"
DM-002616,raw_news.csv,145,crawler_news3.py,네이버 금융 메인뉴스 + 구글뉴스 RSS,gnews,구글뉴스,주식 FOMO,"Tue, 21 Jul 2026 07:00:00 GMT",,,FOMO·상대적박탈감,42,f610f231f82b,6000 바닥 전망까지 나와... 코스피 ‘포모’가 ‘조모’됐다 - 조선일보
DM-002617,raw_news.csv,146,crawler_news3.py,네이버 금융 메인뉴스 + 구글뉴스 RSS,gnews,구글뉴스,주식 FOMO,"Wed, 03 Jun 2026 07:00:00 GMT",,,FOMO·상대적박탈감,35,52db59331919,"""그때 삼전닉스 살걸""…주식 FOMO 왔을 때 대처법 - 뉴시스"
DM-002618,raw_news.csv,147,crawler_news3.py,네이버 금융 메인뉴스 + 구글뉴스 RSS,gnews,구글뉴스,주식 FOMO,"Wed, 15 Jul 2026 07:00:00 GMT",,,FOMO·상대적박탈감,61,7d5c350263aa,"""환자 많이 늘었다, 포모 '전치 4주'""...3억 날린 정신과 의사, 현실 조언 - 머니투데이 - 머니투데이"
DM-002619,raw_news.csv,148,crawler_news3.py,네이버 금융 메인뉴스 + 구글뉴스 RSS,gnews,구글뉴스,주식 FOMO,"Tue, 21 Jul 2026 07:00:00 GMT",,,FOMO·상대적박탈감|불안·공포,51,9dcd2f6803f3,"""나만 하이닉스 없어"" 불안했는데…폭락장에 포모 대신 조모 확산 - 머니투데이 - 머니투데이"
DM-002620,raw_news.csv,149,crawler_news3.py,네이버 금융 메인뉴스 + 구글뉴스 RSS,gnews,구글뉴스,주식 FOMO,"Sun, 28 Jun 2026 07:00:00 GMT",,,FOMO·상대적박탈감,48,c10482dec40a,"이렇게 많아? 또 '포모' 느끼겠네…직장인 70% ""현재 주식 투자로 수익"" - 뉴스1"
DM-002621,raw_news.csv,150,crawler_news3.py,네이버 금융 메인뉴스 + 구글뉴스 RSS,gnews,구글뉴스,주식 FOMO,"Thu, 14 May 2026 07:00:00 GMT",,,FOMO·상대적박탈감,29,147ed023f5a1,‘포모(FOMO)증후군’에 대한 ‘우려’ - 제주일보
DM-002622,raw_news.csv,151,crawler_news3.py,네이버 금융 메인뉴스 + 구글뉴스 RSS,gnews,구글뉴스,주식 FOMO,"Wed, 15 Jul 2026 07:00:00 GMT",,,FOMO·상대적박탈감,53,f4fd70f4066c,"""남이 '주식 2억 벌었다'는 말=전치 4주 고통"" 정신과 의사 'FOMO 뇌' 진단 - 뉴스1"
DM-002623,raw_news.csv,152,crawler_news3.py,네이버 금융 메인뉴스 + 구글뉴스 RSS,gnews,구글뉴스,뇌동매매,"Fri, 27 Feb 2026 08:00:00 GMT",,,후회·손실고통,54,92a03bd3229a,"SK증권·상상인증권 펀더멘털 무관한 동전주 탈출, 중소형 증권주 뇌동매매 주의보 - 비즈니스포스트"
DM-002624,raw_news.csv,153,crawler_news3.py,네이버 금융 메인뉴스 + 구글뉴스 RSS,gnews,구글뉴스,뇌동매매,"Wed, 22 Apr 2026 07:00:00 GMT",,,,39,f853341f6a26,급등 뒤 급락…제약바이오株 덮친 뇌동매매 ‘경고’ - ER 이코노믹리뷰
DM-002625,raw_news.csv,154,crawler_news3.py,네이버 금융 메인뉴스 + 구글뉴스 RSS,gnews,구글뉴스,뇌동매매,"Thu, 16 Apr 2026 07:00:00 GMT",,,,57,37d0efecea12,"韓美 증시에 양자컴퓨터·광통신 테마주 과열...전문가들 ""비이성적 뇌동매매 주의해야"" - 생생비즈플러스"
DM-002626,raw_news.csv,155,crawler_news3.py,네이버 금융 메인뉴스 + 구글뉴스 RSS,gnews,구글뉴스,뇌동매매,"Fri, 16 Jan 2026 08:00:00 GMT",,,,40,d026c41e67bd,"“롤러코스터 장세”…제약바이오, 뇌동매매 ‘주의보’ - ER 이코노믹리뷰"
DM-002627,raw_news.csv,156,crawler_news3.py,네이버 금융 메인뉴스 + 구글뉴스 RSS,gnews,구글뉴스,뇌동매매,"Wed, 14 Jun 2023 07:00:00 GMT",,,FOMO·상대적박탈감,25,8a6dd8d40351,(토마토칼럼)FOMO와 뇌동매매 - 뉴스토마토
DM-002628,raw_news.csv,157,crawler_news3.py,네이버 금융 메인뉴스 + 구글뉴스 RSS,gnews,구글뉴스,뇌동매매,"Mon, 28 Aug 2023 07:00:00 GMT",,,,40,d6846ae3a6b7,[박병률의 초보자도 술술 읽는 경제] 뇌동매매 그리고 테마주 - 공감신문
DM-002629,raw_news.csv,158,crawler_news3.py,네이버 금융 메인뉴스 + 구글뉴스 RSS,gnews,구글뉴스,뇌동매매,"Tue, 02 Dec 2025 08:00:00 GMT",,,,49,db417d83d79c,"상장 대어 사라진 공모시장에 '스팩'이 뜬다, 증권가는 뇌동매매 경계령 - 비즈니스포스트"
DM-002630,raw_news.csv,159,crawler_news3.py,네이버 금융 메인뉴스 + 구글뉴스 RSS,gnews,구글뉴스,뇌동매매,"Wed, 08 Jan 2020 08:00:00 GMT",,,,39,6ff64d53f47d,"2020년 제약·바이오주, 아무리 핫해도 뇌동매매 ‘금물’ - 더스쿠프"
DM-002631,raw_news.csv,160,crawler_news3.py,네이버 금융 메인뉴스 + 구글뉴스 RSS,gnews,구글뉴스,뇌동매매,"Fri, 25 Aug 2023 07:00:00 GMT",,,후회·손실고통,33,60246d64ee73,"증권업계 ""테마주 뇌동매매로 투자자 손실 우려"" - 조세일보"
DM-002632,raw_news.csv,161,crawler_news3.py,네이버 금융 메인뉴스 + 구글뉴스 RSS,gnews,구글뉴스,뇌동매매,"Fri, 05 Mar 2021 08:00:00 GMT",,,,35,5fb0528d0b31,"""남들 따라 뇌동매매 말고 차라리 주식투자 쉬어라"" - 한국경제"
DM-002633,raw_news.csv,162,crawler_news3.py,네이버 금융 메인뉴스 + 구글뉴스 RSS,gnews,구글뉴스,뇌동매매,"Tue, 22 May 2018 07:00:00 GMT",,,,16,d730bc44a287,뇌동매매 방지방법 - 광주in
DM-002634,raw_news.csv,163,crawler_news3.py,네이버 금융 메인뉴스 + 구글뉴스 RSS,gnews,구글뉴스,뇌동매매,"Fri, 07 Dec 2018 08:00:00 GMT",,,,18,baa1087c593c,[금융상식] 뇌동매매 - 데이터솜
DM-002635,raw_news.csv,164,crawler_news3.py,네이버 금융 메인뉴스 + 구글뉴스 RSS,gnews,구글뉴스,뇌동매매,"Sun, 05 Apr 2026 07:00:00 GMT",,,,38,80c5c85966ec,거래소가 ‘저녁이 없는 삶’ 만든다 [데스크 칼럼] - 에너지경제신문
DM-002636,raw_news.csv,165,crawler_news3.py,네이버 금융 메인뉴스 + 구글뉴스 RSS,gnews,구글뉴스,뇌동매매,"Tue, 11 Oct 2022 07:00:00 GMT",,,,43,374cde338847,"[인터뷰] 느티소프트 ""느낌으로 하는 뇌동매매는 이제 그만"" - 블록체인투데이"
DM-002637,raw_news.csv,166,crawler_news3.py,네이버 금융 메인뉴스 + 구글뉴스 RSS,gnews,구글뉴스,뇌동매매,"Fri, 25 Aug 2023 07:00:00 GMT",,,충동·중독시그널,41,a021b88ff9b8,'테마주' 광풍에 빚투 증가…금투협·거래소 뇌동매매 유의 - SBS Biz
DM-002638,raw_news.csv,167,crawler_news3.py,네이버 금융 메인뉴스 + 구글뉴스 RSS,gnews,구글뉴스,뇌동매매,"Thu, 02 Jun 2022 02:41:13 GMT",,,,39,fb5e10460e3b,[전설적 투자가에게서 배우는 성공투자법] 순종매매의 합리성 - 톱클래스
DM-002639,raw_news.csv,168,crawler_news3.py,네이버 금융 메인뉴스 + 구글뉴스 RSS,gnews,구글뉴스,뇌동매매,"Thu, 04 Feb 2021 08:00:00 GMT",,,,66,b8aa2202276f,"'SK 하이닉스 10년 보유' 전원주, 알고보니 '주식 초고수'?…1987년 시작해 '뇌동매매 마라' 설파 - 뉴스웍스"
DM-002640,raw_news.csv,169,crawler_news3.py,네이버 금융 메인뉴스 + 구글뉴스 RSS,gnews,구글뉴스,뇌동매매,"Fri, 31 Jul 2026 02:00:54 GMT",,,불안·공포|충동·중독시그널,52,f3f05307bcae,폭락장에 터진 '빚투 반대매매' 하루 600억 넘어… 2·3차 연쇄 매도 경고 - 서울뉴스통신
DM-002641,raw_news.csv,170,crawler_news3.py,네이버 금융 메인뉴스 + 구글뉴스 RSS,gnews,구글뉴스,뇌동매매,"Fri, 23 Aug 2019 07:00:00 GMT",,,후회·손실고통,41,e11cec374550,[알짜 중소형주 선별법 ❸] 단기매매는 정말 깡통 차는 길인가 - 더스쿠프
DM-002642,raw_news.csv,171,crawler_news3.py,네이버 금융 메인뉴스 + 구글뉴스 RSS,gnews,구글뉴스,뇌동매매,"Fri, 31 Jul 2026 03:31:38 GMT",,,,50,7a6a628802fc,"[이로운분석]""반도체 디레버리징 해소 기대감""…코스피 17년 만에 최대폭 반등 - 이로운넷"
DM-002643,raw_news.csv,172,crawler_news3.py,네이버 금융 메인뉴스 + 구글뉴스 RSS,gnews,구글뉴스,뇌동매매,"Fri, 28 Mar 2025 07:00:00 GMT",,,,43,b77f788812b9,"개인들의 묻지마 투자, 해외 시장까지 흔든다 - 조선비즈 - Chosunbiz"
DM-002644,raw_news.csv,173,crawler_news3.py,네이버 금융 메인뉴스 + 구글뉴스 RSS,gnews,구글뉴스,뇌동매매,"Thu, 20 May 2021 07:00:00 GMT",,,충동·중독시그널,31,f8e80650c314,해외주식 + 미수 + 몰빵 + 뇌동매매 = ? - 브런치
DM-002645,raw_news.csv,174,crawler_news3.py,네이버 금융 메인뉴스 + 구글뉴스 RSS,gnews,구글뉴스,뇌동매매,"Sun, 05 Jul 2026 07:00:00 GMT",,,,40,34fc0133575e,"""롤러코스피는 일시적 진통…AI 강세장 1년 이상 더 간다"" - 한국경제"
DM-002646,raw_news.csv,175,crawler_news3.py,네이버 금융 메인뉴스 + 구글뉴스 RSS,gnews,구글뉴스,뇌동매매,"Wed, 12 Jan 2022 08:00:00 GMT",,,,47,543c77145a0e,2연속 상한가 치던 에디슨EV···전문가들 ‘남 따라 뇌동매매하면 필패’ - 뉴스웨이
DM-002647,raw_news.csv,176,crawler_news3.py,네이버 금융 메인뉴스 + 구글뉴스 RSS,gnews,구글뉴스,뇌동매매,"Thu, 06 Jun 2024 07:00:00 GMT",,,충동·중독시그널,29,2f67850f2f6b,[ADHD] 주식중독과 성인 ADHD - 정신의학신문
DM-002648,raw_news.csv,177,crawler_news3.py,네이버 금융 메인뉴스 + 구글뉴스 RSS,gnews,구글뉴스,뇌동매매,"Fri, 17 Apr 2026 07:00:00 GMT",,,,40,0d357c5da8d2,'PER 2000배' 경고 무시…삼천당제약 쓸어 담은 ETF - 한국경제
DM-002649,raw_news.csv,178,crawler_news3.py,네이버 금융 메인뉴스 + 구글뉴스 RSS,gnews,구글뉴스,뇌동매매,"Tue, 19 Jun 2018 07:00:00 GMT",,,,42,c50c99e20093,“100억 모은 비결요? 주식은 버는 것보다 잃지 않는게 중요” - 한국일보
DM-002650,raw_news.csv,179,crawler_news3.py,네이버 금융 메인뉴스 + 구글뉴스 RSS,gnews,구글뉴스,뇌동매매,"Sun, 31 Oct 2010 07:00:00 GMT",,,,34,93810899ac96,[신문으로 배우는 실용한자] 뇌동매매 (雷同賣買) - 조선일보
DM-002651,raw_news.csv,180,crawler_news3.py,네이버 금융 메인뉴스 + 구글뉴스 RSS,gnews,구글뉴스,뇌동매매,"Wed, 17 Mar 2021 07:00:00 GMT",,,,66,3e7f053e5b62,주식AI 이긴 한봉호 타스탁 대표 “장중 뉴스에 흔들리는 뇌동매매 멈추고 스스로 흐름 읽는 훈련 해야” - 이뉴스투데이
DM-002652,raw_news.csv,181,crawler_news3.py,네이버 금융 메인뉴스 + 구글뉴스 RSS,gnews,구글뉴스,벼락거지,"Mon, 03 Aug 2026 05:00:41 GMT",,,,54,1f37bdc97c35,“레버리지 졸속 도입으로 국민 벼락 거지 위기”…김용범 정책실장 고발 당해 - v.daum.net
DM-002653,raw_news.csv,182,crawler_news3.py,네이버 금융 메인뉴스 + 구글뉴스 RSS,gnews,구글뉴스,벼락거지,"Thu, 30 Jul 2026 05:26:00 GMT",,,FOMO·상대적박탈감,55,fdd14ec12046,신동욱 “이틀 사이 국민 벼락거지 됐는데 美에서 튀김 나르나…국정조사 해야” [현장영상] - 채널A
DM-002654,raw_news.csv,183,crawler_news3.py,네이버 금융 메인뉴스 + 구글뉴스 RSS,gnews,구글뉴스,벼락거지,"Thu, 29 Jan 2026 08:00:00 GMT",,,FOMO·상대적박탈감|불안·공포,35,27a96a952ae0,‘벼락거지 공포 시대’ 주식도 부동산도 없는 사람들 - 문화일보
DM-002655,raw_news.csv,184,crawler_news3.py,네이버 금융 메인뉴스 + 구글뉴스 RSS,gnews,구글뉴스,벼락거지,"Mon, 03 Aug 2026 01:20:08 GMT",,,FOMO·상대적박탈감,37,9d63a43ea10a,"김용범 정책실장 형사고발…""국민 벼락거지 만든 ETF"" - 매일신문"
DM-002656,raw_news.csv,185,crawler_news3.py,네이버 금융 메인뉴스 + 구글뉴스 RSS,gnews,구글뉴스,벼락거지,"Sun, 02 Aug 2026 20:01:00 GMT",,,FOMO·상대적박탈감,55,194b9023cbd1,"""하닉 500만원 간다니까, 벼락거지 될까봐""…'낙관편향' 매수본능 리포트, 증권사는 왜 - 네이트"
DM-002657,raw_news.csv,186,crawler_news3.py,네이버 금융 메인뉴스 + 구글뉴스 RSS,gnews,구글뉴스,벼락거지,"Thu, 30 Jul 2026 02:09:00 GMT",,,FOMO·상대적박탈감,39,041ccf6b3b7f,"＂이틀 새 국민들 벼락거지＂…국민의힘, 국조·특검 요구 - 한국경제TV"
DM-002658,raw_news.csv,187,crawler_news3.py,네이버 금융 메인뉴스 + 구글뉴스 RSS,gnews,구글뉴스,벼락거지,"Tue, 09 Jun 2026 07:00:00 GMT",,,FOMO·상대적박탈감|불안·공포,48,e14c4d10379e,“갑자기 벼락거지 돼 억울” 2030 덮친 공포…서울 흔든 ‘부동산 표심’ - 중앙일보
DM-002659,raw_news.csv,188,crawler_news3.py,네이버 금융 메인뉴스 + 구글뉴스 RSS,gnews,구글뉴스,벼락거지,"Mon, 03 Aug 2026 01:42:05 GMT",,,FOMO·상대적박탈감,49,56d825b16e21,"""레버리지ETF로 국민 벼락거지 위기""...김용범, 고발 당해 - edaily.co.kr"
DM-002660,raw_news.csv,189,crawler_news3.py,네이버 금융 메인뉴스 + 구글뉴스 RSS,gnews,구글뉴스,벼락거지,"Tue, 12 May 2026 07:00:00 GMT",,,FOMO·상대적박탈감,56,252bcc39a3d4,"""집 사면 벼락거지, 그 돈으로 주식""…'91억 인증' 의사 도발에 시끌 - 머니투데이 - 머니투데이"
DM-002661,raw_news.csv,190,crawler_news3.py,네이버 금융 메인뉴스 + 구글뉴스 RSS,gnews,구글뉴스,벼락거지,"Sun, 05 Jul 2026 07:00:00 GMT",,,FOMO·상대적박탈감,41,6cafc93ad2c6,[프리즘] 가만히 있으면 벼락거지?…양극화에 허탈한 청년들 - 연합뉴스TV
DM-002662,raw_news.csv,191,crawler_news3.py,네이버 금융 메인뉴스 + 구글뉴스 RSS,gnews,구글뉴스,벼락거지,"Tue, 21 Apr 2026 07:00:00 GMT",,,FOMO·상대적박탈감|불안·공포|충동·중독시그널,42,f0a6eaae6237,‘벼락거지’ 공포가 부른 빚투…위태로운 2030의 자산 형성 - 이코노미스트
DM-002663,raw_news.csv,192,crawler_news3.py,네이버 금융 메인뉴스 + 구글뉴스 RSS,gnews,구글뉴스,벼락거지,"Thu, 09 Jul 2026 07:00:00 GMT",,,,43,22056aa931c9,“벼락 거지 되면 극우가 된다”…월가 기자가 본 ‘韓 부동산 덫’ - 중앙일보
DM-002664,raw_news.csv,193,crawler_news3.py,네이버 금융 메인뉴스 + 구글뉴스 RSS,gnews,구글뉴스,벼락거지,"Tue, 21 Jul 2026 07:00:00 GMT",,,,48,c5c45ba63e9d,“벼락 거지 되면 극우 된다”…월가 기자가 본 ‘韓 부동산 덫’ - v.daum.net
DM-002665,raw_news.csv,194,crawler_news3.py,네이버 금융 메인뉴스 + 구글뉴스 RSS,gnews,구글뉴스,벼락거지,"Thu, 09 Jul 2026 07:00:00 GMT",,,FOMO·상대적박탈감,48,27f60bcf5206,“벼락거지 피하려다 진짜 거지될판”…롤코 증시에 정신과까지 간다 - v.daum.net
DM-002666,raw_news.csv,195,crawler_news3.py,네이버 금융 메인뉴스 + 구글뉴스 RSS,gnews,구글뉴스,벼락거지,"Mon, 27 Jul 2026 00:08:50 GMT",,,FOMO·상대적박탈감,54,9ddd6f1a2d9f,"""월급 절반이 집세로 날아가""…'낭만 찾다 벼락거지 될라' 이 도시의 민낯 - v.daum.net"
DM-002667,raw_news.csv,196,crawler_news3.py,네이버 금융 메인뉴스 + 구글뉴스 RSS,gnews,구글뉴스,벼락거지,"Thu, 25 Jun 2026 07:00:00 GMT",,,FOMO·상대적박탈감,47,211125e98606,'벼락거지 이번엔 면해보자'...주식계좌 '급증' 1억개 돌파 - v.daum.net
DM-002668,raw_news.csv,197,crawler_news3.py,네이버 금융 메인뉴스 + 구글뉴스 RSS,gnews,구글뉴스,벼락거지,"Wed, 20 May 2026 07:00:00 GMT",,,FOMO·상대적박탈감,52,63212a348ceb,올 1분기 아파트 거래량 58.6% ↑… 경기 부동산시장 ‘벼락거지 시즌2’ 자조 - 경인일보
DM-002669,raw_news.csv,198,crawler_news3.py,네이버 금융 메인뉴스 + 구글뉴스 RSS,gnews,구글뉴스,벼락거지,"Wed, 13 May 2026 07:00:00 GMT",,,FOMO·상대적박탈감,36,bd2601aa0678,"""집 산 사람 벼락거지 됐네""…의사 조롱에 '시끌' - 아시아경제"
DM-002670,raw_news.csv,199,crawler_news3.py,네이버 금융 메인뉴스 + 구글뉴스 RSS,gnews,구글뉴스,벼락거지,"Thu, 22 Jan 2026 08:00:00 GMT",,,FOMO·상대적박탈감|후회·손실고통,40,b5a52cacf2f5,"""나만 벼락거지 된 기분""…'오천피 잔치' 절반이 돈 잃었다 - 중앙일보"
DM-002671,raw_news.csv,200,crawler_news3.py,네이버 금융 메인뉴스 + 구글뉴스 RSS,gnews,구글뉴스,벼락거지,"Mon, 16 Feb 2026 08:00:00 GMT",,,FOMO·상대적박탈감,47,04b7f36a2f9b,"""빚내서 집사라"" 그뒤…서울 집 10억 벌때, 무주택자 '벼락거지' 됐다 - 중앙일보"
DM-002672,raw_news.csv,201,crawler_news3.py,네이버 금융 메인뉴스 + 구글뉴스 RSS,gnews,구글뉴스,벼락거지,"Mon, 23 Feb 2026 08:00:00 GMT",,,FOMO·상대적박탈감|불안·공포|분노·불신,48,9463dabee19a,"증시도 벼락거지 공포...""설마"" 하던 서학개미도 움직였다 - 머니투데이 - 머니투데이"
DM-002673,raw_news.csv,202,crawler_news3.py,네이버 금융 메인뉴스 + 구글뉴스 RSS,gnews,구글뉴스,벼락거지,"Fri, 16 Jan 2026 08:00:00 GMT",,,FOMO·상대적박탈감,50,6ee7cf33ddbf,"‘벼락거지’ 전락? ""이제라도""...5000피 목전 은행돈 하루 2조원 빠졌다 - JTBC"
DM-002674,raw_news.csv,203,crawler_news3.py,네이버 금융 메인뉴스 + 구글뉴스 RSS,gnews,구글뉴스,벼락거지,"Thu, 30 Apr 2026 07:00:00 GMT",,,FOMO·상대적박탈감,27,05d313cb2f35,[데스크 칼럼] AI 벼락거지의 분노 - 한국경제
DM-002675,raw_news.csv,204,crawler_news3.py,네이버 금융 메인뉴스 + 구글뉴스 RSS,gnews,구글뉴스,벼락거지,"Tue, 30 Dec 2025 08:00:00 GMT",,,FOMO·상대적박탈감,40,1ff72a776ac0,"""돈 놀리면 벼락거지""…부동산 막히자 '이것' 쓸어 담았다 - 아시아경제"
DM-002676,raw_news.csv,205,crawler_news3.py,네이버 금융 메인뉴스 + 구글뉴스 RSS,gnews,구글뉴스,벼락거지,"Sun, 15 Feb 2026 08:00:00 GMT",,,FOMO·상대적박탈감,47,a6681394187f,"""폐업하려고요, 더는 버틸 수 없네요""... 벼락거지 될까 두려워 - OhmyNews"
DM-002677,raw_news.csv,206,crawler_news3.py,네이버 금융 메인뉴스 + 구글뉴스 RSS,gnews,구글뉴스,벼락거지,"Mon, 02 Feb 2026 08:00:00 GMT",,,,62,cfed1297f1b5,"""은행에 돈 묶어 놨더니 벼락 거지""...주가 2.3배·집값 2.8배는 '남 얘기' - 머니투데이 - 머니투데이"
DM-002678,raw_news.csv,207,crawler_news3.py,네이버 금융 메인뉴스 + 구글뉴스 RSS,gnews,구글뉴스,벼락거지,"Sun, 31 May 2026 07:00:00 GMT",,,FOMO·상대적박탈감|분노·불신,33,68eb2cf9e936,"""벼락거지 될라""...개미들 우르르 몰렸다 - 한경매거진&북"
DM-002679,raw_news.csv,208,crawler_news3.py,네이버 금융 메인뉴스 + 구글뉴스 RSS,gnews,구글뉴스,벼락거지,"Sun, 10 May 2026 07:00:00 GMT",,,FOMO·상대적박탈감|충동·중독시그널,51,825510efa2b0,"""나만 벼락거지 될라""…코스피 7500 랠리에 마통 40조 뚫고 ‘빚투’ - dt.co.kr"
DM-002680,raw_news.csv,209,crawler_news3.py,네이버 금융 메인뉴스 + 구글뉴스 RSS,gnews,구글뉴스,벼락거지,"Mon, 01 Jun 2026 07:00:00 GMT",,,FOMO·상대적박탈감,40,2174df91e882,"""한국인들 벼락거지됐다"" … 원화가치 추락, 후진국에도 밀려 - 뉴데일리"
DM-002681,raw_news.csv,210,crawler_news3.py,네이버 금융 메인뉴스 + 구글뉴스 RSS,gnews,구글뉴스,벼락거지,"Fri, 16 Jan 2026 08:00:00 GMT",,,FOMO·상대적박탈감,56,0215d25be33b,"""주식 안 하면 벼락거지""…5000피 코앞, 은행서 보름새 29조 빠졌다 - 머니투데이 - 머니투데이"
DM-002682,raw_news.csv,211,crawler_news3.py,네이버 금융 메인뉴스 + 구글뉴스 RSS,gnews,구글뉴스,빚투,"Mon, 03 Aug 2026 23:47:00 GMT",,,충동·중독시그널,43,10f6657a905e,7월 반대매매 1조원 육박...‘빚투’ 6개월만에 30조원 아래로 - 조선일보
DM-002683,raw_news.csv,212,crawler_news3.py,네이버 금융 메인뉴스 + 구글뉴스 RSS,gnews,구글뉴스,빚투,"Mon, 03 Aug 2026 07:57:00 GMT",,,충동·중독시그널,40,4088b70f5c98,’빚투’ 대폭 감소…급락장서 사흘간 강제청산 3천억 육박 - 연합뉴스TV
DM-002684,raw_news.csv,213,crawler_news3.py,네이버 금융 메인뉴스 + 구글뉴스 RSS,gnews,구글뉴스,빚투,"Tue, 04 Aug 2026 04:12:19 GMT",,,충동·중독시그널,39,0405002174d9,‘빚투’에 기업 자금수요까지…단기사채 발행 사상 최대 - BBS불교방송
DM-002685,raw_news.csv,214,crawler_news3.py,네이버 금융 메인뉴스 + 구글뉴스 RSS,gnews,구글뉴스,빚투,"Mon, 03 Aug 2026 22:49:16 GMT",,,충동·중독시그널,40,1b3b270f3ae6,빚투 늘더니 '깜짝'…상반기 단기사채 990조 발행 역대최대 - 한국경제
DM-002686,raw_news.csv,215,crawler_news3.py,네이버 금융 메인뉴스 + 구글뉴스 RSS,gnews,구글뉴스,빚투,"Tue, 04 Aug 2026 00:16:51 GMT",,,충동·중독시그널,49,8c7b53265971,“빚투 자금 대느라 증권사도 급전 조달”…단기사채·CP 발행 역대 최대 - 매일경제 마켓
DM-002687,raw_news.csv,216,crawler_news3.py,네이버 금융 메인뉴스 + 구글뉴스 RSS,gnews,구글뉴스,빚투,"Mon, 03 Aug 2026 12:22:12 GMT",,,충동·중독시그널,39,5e4b97edd7cf,빚투 대폭 감소…급락장서 사흘간 3천억 강제청산 - v.daum.net
DM-002688,raw_news.csv,217,crawler_news3.py,네이버 금융 메인뉴스 + 구글뉴스 RSS,gnews,구글뉴스,빚투,"Mon, 03 Aug 2026 19:00:00 GMT",,,분노·불신|충동·중독시그널,43,b6a1f98ac37d,"""개미들 어쩌나"" 증시 변동성에 빚투 급감 잔고 30조원 붕괴 - 파이낸셜뉴스"
DM-002689,raw_news.csv,218,crawler_news3.py,네이버 금융 메인뉴스 + 구글뉴스 RSS,gnews,구글뉴스,빚투,"Tue, 28 Jul 2026 23:19:00 GMT",,,분노·불신|충동·중독시그널,43,dfd0ad595aa7,'빚투' 4.6조 줄었지만…SK하이닉스엔 빚내서 베팅한 개미들 - 연합인포맥스
DM-002690,raw_news.csv,219,crawler_news3.py,네이버 금융 메인뉴스 + 구글뉴스 RSS,gnews,구글뉴스,빚투,"Tue, 04 Aug 2026 02:17:30 GMT",,,충동·중독시그널,38,ca1eec15afcc,레버리지 ETF '빚투' 제동…증권사 자율규제로 가세 - 아이뉴스24
DM-002691,raw_news.csv,220,crawler_news3.py,네이버 금융 메인뉴스 + 구글뉴스 RSS,gnews,구글뉴스,빚투,"Tue, 04 Aug 2026 02:43:02 GMT",,,충동·중독시그널,46,d237f2416bd6,'빚투 열풍' 기업도 합류…상반기 단기사채 990조 발행 '역대 최대' - 신아일보
DM-002692,raw_news.csv,221,crawler_news3.py,네이버 금융 메인뉴스 + 구글뉴스 RSS,gnews,구글뉴스,빚투,"Mon, 03 Aug 2026 00:45:00 GMT",,,충동·중독시그널,42,73494811898a,코스피 급락에 ‘마통’ 1.8조 급증…‘빚투’로 “분할매수 노려” - 한겨레
DM-002693,raw_news.csv,222,crawler_news3.py,네이버 금융 메인뉴스 + 구글뉴스 RSS,gnews,구글뉴스,빚투,"Mon, 03 Aug 2026 23:47:00 GMT",,,충동·중독시그널,55,cc993fe6dc20,7월 반대매매 1조원 육박...‘빚투’ 6개월만에 30조원 아래로 - 조선비즈 - Chosunbiz
DM-002694,raw_news.csv,223,crawler_news3.py,네이버 금융 메인뉴스 + 구글뉴스 RSS,gnews,구글뉴스,빚투,"Mon, 03 Aug 2026 07:30:53 GMT",,,충동·중독시그널,46,eb64c3b940af,'빚투' 대폭 감소…신용융자 잔고 6개월 만에 30조원 하회 - v.daum.net
DM-002695,raw_news.csv,224,crawler_news3.py,네이버 금융 메인뉴스 + 구글뉴스 RSS,gnews,구글뉴스,빚투,"Sun, 02 Aug 2026 08:45:00 GMT",,,충동·중독시그널,48,86c6bc68da66,도박판된 증시…반년새 ‘미성년 빚투’ 2.5배 늘었다 - 조선비즈 - Chosunbiz
DM-002696,raw_news.csv,225,crawler_news3.py,네이버 금융 메인뉴스 + 구글뉴스 RSS,gnews,구글뉴스,빚투,"Thu, 30 Jul 2026 23:27:01 GMT",,,불안·공포|충동·중독시그널,46,73a335e27696,증시 폭락에 ‘빚투’ 반대매매도 급증…하방 압력 키우는 변수로 떠오르나 - 조선일보
DM-002697,raw_news.csv,226,crawler_news3.py,네이버 금융 메인뉴스 + 구글뉴스 RSS,gnews,구글뉴스,빚투,"Mon, 03 Aug 2026 07:54:09 GMT",,,불안·공포|분노·불신|충동·중독시그널,48,20109c770956,삼전닉스 폭락에 개미 겁먹었나…‘빚투’ 6개월 만에 30조 붕괴 - v.daum.net
DM-002698,raw_news.csv,227,crawler_news3.py,네이버 금융 메인뉴스 + 구글뉴스 RSS,gnews,구글뉴스,빚투,"Mon, 03 Aug 2026 08:13:51 GMT",,,충동·중독시그널,40,ec1fbf6f92ff,하루 새 3.2조 급감…'빚투' 6개월 만에 최저 - v.daum.net
DM-002699,raw_news.csv,228,crawler_news3.py,네이버 금융 메인뉴스 + 구글뉴스 RSS,gnews,구글뉴스,빚투,"Mon, 03 Aug 2026 20:00:00 GMT",,,분노·불신|충동·중독시그널,50,156ae709cd92,단일종목 레버리지 거래대금 ‘뚝’… ‘빚투’ 거품 빠지나 [수민이가 궁금해요] - 세계일보
DM-002700,raw_news.csv,229,crawler_news3.py,네이버 금융 메인뉴스 + 구글뉴스 RSS,gnews,구글뉴스,빚투,"Sat, 01 Aug 2026 04:01:48 GMT",,,충동·중독시그널,56,69ca79e9d37c,"SK하이닉스 주가, 왜 널뛰었을까?…25세 ‘AI 예언자’ 빚투의 숨은 전말 [재테크+] - 서울신문"
DM-002701,raw_news.csv,230,crawler_news3.py,네이버 금융 메인뉴스 + 구글뉴스 RSS,gnews,구글뉴스,빚투,"Mon, 03 Aug 2026 07:34:16 GMT",,,충동·중독시그널,35,d6c3f0bdfd53,'빚투' 신용잔고 30조원 붕괴 … 1月 이래 최초 - 뉴데일리
DM-002702,raw_news.csv,231,crawler_news3.py,네이버 금융 메인뉴스 + 구글뉴스 RSS,gnews,구글뉴스,빚투,"Thu, 30 Jul 2026 09:00:00 GMT",,,불안·공포|충동·중독시그널,47,563ac07eaebe,"폭락 후폭풍 시작되나…반대매매 340% 급증, 33조 빚투 '청산 공포' - 한국일보"
DM-002703,raw_news.csv,232,crawler_news3.py,네이버 금융 메인뉴스 + 구글뉴스 RSS,gnews,구글뉴스,빚투,"Sun, 02 Aug 2026 02:45:24 GMT",,,충동·중독시그널,52,542e676b666c,주담대 늘고 ‘마통 빚투’ 증가…대출 조여도 집·주식으로 - straightnews.co.kr
DM-002704,raw_news.csv,233,crawler_news3.py,네이버 금융 메인뉴스 + 구글뉴스 RSS,gnews,구글뉴스,빚투,"Thu, 30 Jul 2026 20:02:22 GMT",,,충동·중독시그널,50,c49b73b86249,"“월세라도 벌려고…” 빚투 1년새 2배, 20대 곡소리 더 큰 이유 - v.daum.net"
DM-002705,raw_news.csv,234,crawler_news3.py,네이버 금융 메인뉴스 + 구글뉴스 RSS,gnews,구글뉴스,빚투,"Sun, 02 Aug 2026 05:32:55 GMT",,,충동·중독시그널,38,72edc64a1840,증시 급락에 마통 1.8조 급증…꺼지지 않는 '빚투' 열기 - 진일보
DM-002706,raw_news.csv,235,crawler_news3.py,네이버 금융 메인뉴스 + 구글뉴스 RSS,gnews,구글뉴스,빚투,"Sun, 02 Aug 2026 08:24:42 GMT",,,충동·중독시그널,48,7ed9b6646f41,삼전닉스 저점 매수 노렸나…‘빚투’에 마통 6일간 1.8조 늘어 - v.daum.net
DM-002707,raw_news.csv,236,crawler_news3.py,네이버 금융 메인뉴스 + 구글뉴스 RSS,gnews,구글뉴스,빚투,"Mon, 03 Aug 2026 20:25:35 GMT",,,충동·중독시그널,41,0ca619c2dcc1,'빚투 지표' 신용융자 잔고 6개월 만에 30조 하회 - supple.kr
DM-002708,raw_news.csv,237,crawler_news3.py,네이버 금융 메인뉴스 + 구글뉴스 RSS,gnews,구글뉴스,빚투,"Sun, 02 Aug 2026 00:00:11 GMT",,,충동·중독시그널,49,80672146e644,[이슈체크] '빚투'에 마통 6일간 1.8조↑…5대은행 주담대 대폭 증가 - 조세금융신문
DM-002709,raw_news.csv,238,crawler_news3.py,네이버 금융 메인뉴스 + 구글뉴스 RSS,gnews,구글뉴스,빚투,"Wed, 29 Jul 2026 06:30:00 GMT",,,불안·공포|충동·중독시그널,54,4f1781ac8acd,"李 '주식 사라'에 노후 자금 몰빵 … 6070, 폭락장에 '10조 빚투' 청산 공포 - 뉴데일리"
DM-002710,raw_news.csv,239,crawler_news3.py,네이버 금융 메인뉴스 + 구글뉴스 RSS,gnews,구글뉴스,빚투,"Fri, 31 Jul 2026 16:40:00 GMT",,,분노·불신|충동·중독시그널,37,2b195eda4243,하락장서 던진 개미들 비명… ‘빚투’ 반대매매엔 한숨만 - 동아일보
DM-002711,raw_news.csv,240,crawler_news3.py,네이버 금융 메인뉴스 + 구글뉴스 RSS,gnews,구글뉴스,빚투,"Mon, 03 Aug 2026 08:55:21 GMT",,,분노·불신|충동·중독시그널,42,9317e567a231,개미들 ‘빚투’ 줄었다…신용융자 잔고 6개월 만에 30조 밑으로 - 서울경제
DM-002712,raw_news.csv,241,crawler_news3.py,네이버 금융 메인뉴스 + 구글뉴스 RSS,gnews,구글뉴스,영끌 투자,"Sun, 02 Aug 2026 08:26:00 GMT",,,충동·중독시그널,44,a3ce429bb3bc,가계대출·주담대·‘마통’ 다 늘었다…주식-부동산 ‘영끌 투자’ 우려 - 동아일보
DM-002713,raw_news.csv,242,crawler_news3.py,네이버 금융 메인뉴스 + 구글뉴스 RSS,gnews,구글뉴스,영끌 투자,"Tue, 28 Jul 2026 01:54:46 GMT",,,충동·중독시그널,47,22e40c325e15,"""주식 영끌·빚투 줄여야""…금감원, 소득·자산별 '투자 가이드' 만든다 - 아시아경제"
DM-002714,raw_news.csv,243,crawler_news3.py,네이버 금융 메인뉴스 + 구글뉴스 RSS,gnews,구글뉴스,영끌 투자,"Wed, 15 Jul 2026 07:00:00 GMT",,,충동·중독시그널,43,cb5b85852381,"사모채·레버리지론까지… 美빅테크들, AI 데이터센터 ‘영끌 빚투’ - 조선일보"
DM-002715,raw_news.csv,244,crawler_news3.py,네이버 금융 메인뉴스 + 구글뉴스 RSS,gnews,구글뉴스,영끌 투자,"Thu, 23 Jul 2026 07:00:00 GMT",,,충동·중독시그널,51,74b4687b5378,"구글·테슬라, AI서버에 '영끌투자'… 머스크 ""250억弗 신속집행"" - v.daum.net"
DM-002716,raw_news.csv,245,crawler_news3.py,네이버 금융 메인뉴스 + 구글뉴스 RSS,gnews,구글뉴스,영끌 투자,"Sun, 12 Jul 2026 07:00:00 GMT",,,충동·중독시그널,14,04db95fcc585,영끌의 종착지 - 기호일보
DM-002717,raw_news.csv,246,crawler_news3.py,네이버 금융 메인뉴스 + 구글뉴스 RSS,gnews,구글뉴스,영끌 투자,"Tue, 30 Jun 2026 07:00:00 GMT",,,충동·중독시그널,41,c69d9c147090,"동탄·기흥·구리 ’영끌투자’ 차단…당국, 가계부채 점검회의 - 연합뉴스TV"
DM-002718,raw_news.csv,247,crawler_news3.py,네이버 금융 메인뉴스 + 구글뉴스 RSS,gnews,구글뉴스,영끌 투자,"Tue, 12 May 2026 07:00:00 GMT",,,FOMO·상대적박탈감|충동·중독시그널,42,8c1c97561b40,"[현장+] ""월급으로는 늦는다""…포모가 만든 '영끌 투자' - kjtimes"
DM-002719,raw_news.csv,248,crawler_news3.py,네이버 금융 메인뉴스 + 구글뉴스 RSS,gnews,구글뉴스,영끌 투자,"Tue, 30 Jun 2026 07:00:00 GMT",,,충동·중독시그널,44,8e1909935aaa,"동탄·기흥·구리도 '영끌투자' 막혀…당국, 가계부채 점검회의(종합) - 연합뉴스"
DM-002720,raw_news.csv,249,crawler_news3.py,네이버 금융 메인뉴스 + 구글뉴스 RSS,gnews,구글뉴스,영끌 투자,"Tue, 30 Jun 2026 07:00:00 GMT",,,충동·중독시그널,39,86b1c495f6a6,"동탄·기흥·구리도 '영끌투자' 막힌다…당국, 상황점검 회의 - 연합뉴스"
DM-002721,raw_news.csv,250,crawler_news3.py,네이버 금융 메인뉴스 + 구글뉴스 RSS,gnews,구글뉴스,영끌 투자,"Mon, 06 Jul 2026 07:00:00 GMT",,,불안·공포|충동·중독시그널,38,07f5d7e847ac,‘빚투’ ‘영끌’ 고위험 투자에 몸살 앓는 국내 주식시장 - 부산일보
DM-002722,raw_news.csv,251,crawler_news3.py,네이버 금융 메인뉴스 + 구글뉴스 RSS,gnews,구글뉴스,영끌 투자,"Sun, 05 Jul 2026 07:00:00 GMT",,,불안·공포|충동·중독시그널,39,cc193c81125c,"빚투·영끌에 몸살앓는 주식시장…한은 ""금융불안 요인 우려"" - 연합뉴스"
DM-002723,raw_news.csv,252,crawler_news3.py,네이버 금융 메인뉴스 + 구글뉴스 RSS,gnews,구글뉴스,영끌 투자,"Tue, 30 Jun 2026 07:00:00 GMT",,,충동·중독시그널,52,aa021dac8730,전세대출까지 조여… ‘영끌투자’ 차단 [동탄·기흥·구리 ‘3중 규제’] - v.daum.net
DM-002724,raw_news.csv,253,crawler_news3.py,네이버 금융 메인뉴스 + 구글뉴스 RSS,gnews,구글뉴스,영끌 투자,"Thu, 05 Mar 2026 08:00:00 GMT",,,분노·불신|충동·중독시그널,41,ed1114e5b001,"“영끌 투자 했는데”… 증시 최악의 날, 빚투 개미들 ‘비명’ - 서울신문"
DM-002725,raw_news.csv,254,crawler_news3.py,네이버 금융 메인뉴스 + 구글뉴스 RSS,gnews,구글뉴스,영끌 투자,"Tue, 05 May 2026 07:00:00 GMT",,,충동·중독시그널,47,dea8c268ada4,[사설]한은 금리 인상 깜빡이… ‘영끌’ 투자자 ‘이자 폭탄’ 대비할 때 - 동아일보
DM-002726,raw_news.csv,255,crawler_news3.py,네이버 금융 메인뉴스 + 구글뉴스 RSS,gnews,구글뉴스,영끌 투자,"Sat, 30 May 2026 07:00:00 GMT",,,분노·불신|충동·중독시그널,85,e17ba4e6731c,"""'레버리지 영끌' 한방에 훅 간다""...청산당하는 20대 개미들, 살아남는 투자 고수는 이 한가지가 달랐다[인치범의 주식투자 부트캠프] - 파이낸셜뉴스"
DM-002727,raw_news.csv,256,crawler_news3.py,네이버 금융 메인뉴스 + 구글뉴스 RSS,gnews,구글뉴스,영끌 투자,"Sun, 10 May 2026 07:00:00 GMT",,,충동·중독시그널,45,a094f1599148,"코스피 랠리에 '영끌 투자'…마통 잔액 40조, 3년4개월 만에 최고치 - 뉴스1"
DM-002728,raw_news.csv,257,crawler_news3.py,네이버 금융 메인뉴스 + 구글뉴스 RSS,gnews,구글뉴스,영끌 투자,"Mon, 16 Mar 2026 07:00:00 GMT",,,충동·중독시그널,41,d7f8a32a4e53,[단독]삼성전자 상무도 적금 깨서 매수…직원들도 '영끌 투자' - 노컷뉴스
DM-002729,raw_news.csv,258,crawler_news3.py,네이버 금융 메인뉴스 + 구글뉴스 RSS,gnews,구글뉴스,영끌 투자,"Tue, 16 Jun 2026 07:00:00 GMT",,,충동·중독시그널,79,10327d2782e6,"[시리즈] 영수증의 데이터화 '영끌' 운영사 팀리미티드, 프리 A 25억 유치... AI 커머스 시장 정조준 - investnews.co.kr"
DM-002730,raw_news.csv,259,crawler_news3.py,네이버 금융 메인뉴스 + 구글뉴스 RSS,gnews,구글뉴스,영끌 투자,"Thu, 21 May 2026 07:00:00 GMT",,,FOMO·상대적박탈감|충동·중독시그널,36,1ffc74072b3d,'불장'에 카드론까지 끌어쓴다…'고금리 빚투' 우려 - KPI뉴스
DM-002731,raw_news.csv,260,crawler_news3.py,네이버 금융 메인뉴스 + 구글뉴스 RSS,gnews,구글뉴스,영끌 투자,"Sun, 03 May 2026 07:00:00 GMT",,,충동·중독시그널,30,0b8a527bb15b,2030 영끌 줄고 '시니어 빚투' 늘었다 - 매일경제
DM-002732,raw_news.csv,261,crawler_news3.py,네이버 금융 메인뉴스 + 구글뉴스 RSS,gnews,구글뉴스,영끌 투자,"Mon, 22 Jun 2026 07:00:00 GMT",,,충동·중독시그널,49,e80dd4a4743b,"""코스피 1만5000 간대"" 다시 '영끌' '빚투' 나선 2030 - v.daum.net"
DM-002733,raw_news.csv,262,crawler_news3.py,네이버 금융 메인뉴스 + 구글뉴스 RSS,gnews,구글뉴스,영끌 투자,"Mon, 23 Mar 2026 07:00:00 GMT",,,충동·중독시그널,48,456b93444006,"“영끌 투자했지만 -60%”…이호철, 주식 투자 실패 고백 [주식열전] - 이코노미스트"
DM-002734,raw_news.csv,263,crawler_news3.py,네이버 금융 메인뉴스 + 구글뉴스 RSS,gnews,구글뉴스,영끌 투자,"Sat, 16 May 2026 07:00:00 GMT",,,분노·불신|충동·중독시그널,44,5026573bb5d9,영끌 대출 받고 퇴직연금 넣고… 외국인이 내던진 주식 다 받는 개미 - 조선일보
DM-002735,raw_news.csv,264,crawler_news3.py,네이버 금융 메인뉴스 + 구글뉴스 RSS,gnews,구글뉴스,영끌 투자,"Tue, 02 Jun 2026 07:00:00 GMT",,,충동·중독시그널,38,b6414774f05c,[현장+] 주식·부동산 ‘영끌 청년들'의 붕괴 그늘 - kjtimes
DM-002736,raw_news.csv,265,crawler_news3.py,네이버 금융 메인뉴스 + 구글뉴스 RSS,gnews,구글뉴스,영끌 투자,"Sat, 20 Jun 2026 07:00:00 GMT",,,FOMO·상대적박탈감|분노·불신|충동·중독시그널,48,7c160d0943bc,"불장에 ""삼전닉스 사면 무조건 돈 번다""…영끌 개미들 '풀베팅' [분석+] - 한국경제"
DM-002737,raw_news.csv,266,crawler_news3.py,네이버 금융 메인뉴스 + 구글뉴스 RSS,gnews,구글뉴스,영끌 투자,"Sun, 05 Jul 2026 07:00:00 GMT",,,불안·공포|충동·중독시그널,38,f3c05c355ff7,"'영끌·빚투' 역대급 급증…한은 ""금융 불안 요인 우려"" - 데일리안"
DM-002738,raw_news.csv,267,crawler_news3.py,네이버 금융 메인뉴스 + 구글뉴스 RSS,gnews,구글뉴스,영끌 투자,"Thu, 09 Apr 2026 07:00:00 GMT",,,충동·중독시그널,51,a28859840985,“부동산 영끌 대신 주식투자로 짭짤”…작년 가계 여유자금 270조 ‘역대 최대’ - 매일경제
DM-002739,raw_news.csv,268,crawler_news3.py,네이버 금융 메인뉴스 + 구글뉴스 RSS,gnews,구글뉴스,영끌 투자,"Mon, 25 May 2026 07:00:00 GMT",,,충동·중독시그널,37,6c0a8bf87457,"[사설] 본격화하는 금리 상승, 커지는 빚투·영끌 경고음 - 한겨레"
DM-002740,raw_news.csv,269,crawler_news3.py,네이버 금융 메인뉴스 + 구글뉴스 RSS,gnews,구글뉴스,영끌 투자,"Sun, 05 Jul 2026 07:00:00 GMT",,,불안·공포|충동·중독시그널,49,89dead276b1b,"빚투·영끌, 빚내 주식 산다… 신용융자 38조 육박, 한은 “금융불안 우려” - 경북매일"
DM-002741,raw_news.csv,270,crawler_news3.py,네이버 금융 메인뉴스 + 구글뉴스 RSS,gnews,구글뉴스,영끌 투자,"Tue, 12 May 2026 07:00:00 GMT",,,충동·중독시그널,44,877c4f80e45e,"술 대신 투자, 청년 1인 가구가 달라졌다…대학가엔 영끌 경고등 - 1코노미뉴스"
DM-002742,raw_news.csv,271,crawler_news3.py,네이버 금융 메인뉴스 + 구글뉴스 RSS,gnews,구글뉴스,패닉셀,"Fri, 31 Jul 2026 03:01:18 GMT",,,불안·공포|분노·불신,47,22bd61d95fa4,외국인 ‘개미핥기’… ‘패닉셀 삼닉물량’ 개장 후 2시간새 7조 쓸어담아 - 문화일보
DM-002743,raw_news.csv,272,crawler_news3.py,네이버 금융 메인뉴스 + 구글뉴스 RSS,gnews,구글뉴스,패닉셀,"Mon, 03 Aug 2026 04:01:40 GMT",,,불안·공포,57,d179dee6944a,"9000피 찍고 한 달 만에 5000선 공포…패닉셀 휩쓴 코스피, 8월 반등할까 - v.daum.net"
DM-002744,raw_news.csv,273,crawler_news3.py,네이버 금융 메인뉴스 + 구글뉴스 RSS,gnews,구글뉴스,패닉셀,"Thu, 30 Jul 2026 01:07:00 GMT",,,불안·공포|후회·손실고통,40,c88412f03174,패닉셀에 30% '손절선' 임박한 기관들…매도 대응 분주 - 인베스트조선
DM-002745,raw_news.csv,274,crawler_news3.py,네이버 금융 메인뉴스 + 구글뉴스 RSS,gnews,구글뉴스,패닉셀,"Wed, 29 Jul 2026 05:15:49 GMT",,,불안·공포|분노·불신,43,fc721151e26e,코스피 장중 5300선 붕괴...공포 사로잡힌 개미들 '패닉 셀' - 주간조선
DM-002746,raw_news.csv,275,crawler_news3.py,네이버 금융 메인뉴스 + 구글뉴스 RSS,gnews,구글뉴스,패닉셀,"Mon, 03 Aug 2026 05:10:48 GMT",,,불안·공포,45,3467c5c62582,"코스피, '패닉셀' 딛고 반등 시험대…8월 키워드는 '계단식 회복' - 프라임경제"
DM-002747,raw_news.csv,276,crawler_news3.py,네이버 금융 메인뉴스 + 구글뉴스 RSS,gnews,구글뉴스,패닉셀,"Thu, 30 Jul 2026 10:26:00 GMT",,,불안·공포|분노·불신,49,44788081f339,"개미 연일 패닉셀, 1.4조 던져…“韓증시, 국가자본주의-투기 결합 실험장” - 동아일보"
DM-002748,raw_news.csv,277,crawler_news3.py,네이버 금융 메인뉴스 + 구글뉴스 RSS,gnews,구글뉴스,패닉셀,"Wed, 29 Jul 2026 15:26:18 GMT",,,불안·공포,29,e87ed65db8fd,60조원 번 하닉도 ‘패닉셀’ 못 막았다 - 서울신문
DM-002749,raw_news.csv,278,crawler_news3.py,네이버 금융 메인뉴스 + 구글뉴스 RSS,gnews,구글뉴스,패닉셀,"Thu, 30 Jul 2026 07:32:00 GMT",,,불안·공포,37,5bb67cc01bc4,"""바닥 아니었네""…'패닉셀'에 더 하락한 코스피·코스닥 - 노컷뉴스"
DM-002750,raw_news.csv,279,crawler_news3.py,네이버 금융 메인뉴스 + 구글뉴스 RSS,gnews,구글뉴스,패닉셀,"Wed, 29 Jul 2026 13:18:00 GMT",,,불안·공포|분노·불신,22,d3bacb95f6eb,바닥이 뚫렸다…개미들 패닉셀 - 경향신문
DM-002751,raw_news.csv,280,crawler_news3.py,네이버 금융 메인뉴스 + 구글뉴스 RSS,gnews,구글뉴스,패닉셀,"Thu, 30 Jul 2026 06:22:00 GMT",,,불안·공포|분노·불신,34,8427ace2c198,개미 '패닉 셀'…6천피 턱밑 찍고 또 털썩 - SBS Biz
DM-002752,raw_news.csv,281,crawler_news3.py,네이버 금융 메인뉴스 + 구글뉴스 RSS,gnews,구글뉴스,패닉셀,"Wed, 29 Jul 2026 08:08:03 GMT",,,불안·공포,41,fa7f81d34240,패닉셀 덮친 증시…코스피 5600선 후퇴·시총 283조 증발 - 뉴스토마토
DM-002753,raw_news.csv,282,crawler_news3.py,네이버 금융 메인뉴스 + 구글뉴스 RSS,gnews,구글뉴스,패닉셀,"Fri, 31 Jul 2026 05:39:57 GMT",,,불안·공포,50,33fb45d327ff,반도체 패닉셀 정점 찍었나...3대 수급 악재 소멸 [마켓딥다이브] - v.daum.net
DM-002754,raw_news.csv,283,crawler_news3.py,네이버 금융 메인뉴스 + 구글뉴스 RSS,gnews,구글뉴스,패닉셀,"Thu, 30 Jul 2026 03:13:16 GMT",,,불안·공포|분노·불신,29,b6af233c5cb4,개미 ‘패닉셀’… 오늘도 1.9조 던졌다 - 문화일보
DM-002755,raw_news.csv,284,crawler_news3.py,네이버 금융 메인뉴스 + 구글뉴스 RSS,gnews,구글뉴스,패닉셀,"Wed, 29 Jul 2026 02:10:10 GMT",,,불안·공포,33,1e8983acb69c,[속보]패닉셀 시작…코스피 코스닥 매도 사이드카 - 서울신문
DM-002756,raw_news.csv,285,crawler_news3.py,네이버 금융 메인뉴스 + 구글뉴스 RSS,gnews,구글뉴스,패닉셀,"Thu, 30 Jul 2026 01:48:26 GMT",,,불안·공포,46,96ea25bdcd26,패닉셀 끝? 코스피 장중 5%대 급등… ‘역대급 실적’ 삼성전자 7%↑ - 서울신문
DM-002757,raw_news.csv,286,crawler_news3.py,네이버 금융 메인뉴스 + 구글뉴스 RSS,gnews,구글뉴스,패닉셀,"Thu, 30 Jul 2026 01:28:00 GMT",,,불안·공포,47,74fbe0875a0a,"[증시타임] FOMC 후폭풍…금리·AI·패닉셀, 시장 향방은? - v.daum.net"
DM-002758,raw_news.csv,287,crawler_news3.py,네이버 금융 메인뉴스 + 구글뉴스 RSS,gnews,구글뉴스,패닉셀,"Thu, 30 Jul 2026 07:19:50 GMT",,,불안·공포|분노·불신,47,4d27577de0b9,'89조' 잭팟 터졌지만 반등 없었다…개미 1.4조 '패닉셀' - v.daum.net
DM-002759,raw_news.csv,288,crawler_news3.py,네이버 금융 메인뉴스 + 구글뉴스 RSS,gnews,구글뉴스,패닉셀,"Wed, 29 Jul 2026 09:43:10 GMT",,,불안·공포|후회·손실고통,65,37b781d1706f,"[집중진단] '패닉셀'에 코스피 연이틀 '서킷브레이커'…레버리지 손실은 56조, 개인만 피눈물 - v.daum.net"
DM-002760,raw_news.csv,289,crawler_news3.py,네이버 금융 메인뉴스 + 구글뉴스 RSS,gnews,구글뉴스,패닉셀,"Thu, 30 Jul 2026 09:56:40 GMT",,,불안·공포,40,6e23dd658c78,[기획] 또 패닉셀… 빛바랜 삼전 ‘미라클 실적’ - v.daum.net
DM-002761,raw_news.csv,290,crawler_news3.py,네이버 금융 메인뉴스 + 구글뉴스 RSS,gnews,구글뉴스,패닉셀,"Wed, 29 Jul 2026 08:12:00 GMT",,,불안·공포,67,62c121696bf9,"[마켓뷰] 코스피, ‘패닉 셀’에 6% 폭락… 사상 첫 이틀 연속 ‘서킷 브레이커’까지 - 조선비즈 - Chosunbiz"
DM-002762,raw_news.csv,291,crawler_news3.py,네이버 금융 메인뉴스 + 구글뉴스 RSS,gnews,구글뉴스,패닉셀,"Wed, 29 Jul 2026 08:19:18 GMT",,,불안·공포|분노·불신,49,dbe361dba040,"‘개미 패닉셀’ 이틀 연속 증시 급락, 레버리지·국민연금이 만든 수급 참사 - 시사저널e"
DM-002763,raw_news.csv,292,crawler_news3.py,네이버 금융 메인뉴스 + 구글뉴스 RSS,gnews,구글뉴스,패닉셀,"Wed, 29 Jul 2026 08:12:00 GMT",,,불안·공포,49,c30d01a03413,초유의 '패닉셀' 증시 덮치다…IMF보다 코스피 낙폭 컸다(종합) - v.daum.net
DM-002764,raw_news.csv,293,crawler_news3.py,네이버 금융 메인뉴스 + 구글뉴스 RSS,gnews,구글뉴스,패닉셀,"Thu, 30 Jul 2026 05:45:26 GMT",,,불안·공포|분노·불신,49,e25d568a18b1,사상 최초 '이틀 연속' 서킷브레이커! 개미 패닉셀 부른 2가지 수급 참사 - 시사저널e
DM-002765,raw_news.csv,294,crawler_news3.py,네이버 금융 메인뉴스 + 구글뉴스 RSS,gnews,구글뉴스,패닉셀,"Wed, 29 Jul 2026 06:59:03 GMT",,,불안·공포,49,3f1d9eb531cf,개인 패닉셀…양시장 연이틀 동반 서킷브레이커 [MTN 마감시황] - MTN 머니투데이방송
DM-002766,raw_news.csv,295,crawler_news3.py,네이버 금융 메인뉴스 + 구글뉴스 RSS,gnews,구글뉴스,패닉셀,"Wed, 29 Jul 2026 22:37:00 GMT",,,불안·공포,36,6b89bb7f28fb,[하우머니] 패닉셀 이후…코스피 반등 가능성은? - SBS Biz
DM-002767,raw_news.csv,296,crawler_news3.py,네이버 금융 메인뉴스 + 구글뉴스 RSS,gnews,구글뉴스,패닉셀,"Thu, 30 Jul 2026 01:47:04 GMT",,,불안·공포|분노·불신,49,aa6ad4ae4e5f,"서킷브레이커 마다 주식 담았던 개미, 9번째 펀치에 결국 '패닉셀' - ebn.co.kr"
DM-002768,raw_news.csv,297,crawler_news3.py,네이버 금융 메인뉴스 + 구글뉴스 RSS,gnews,구글뉴스,패닉셀,"Wed, 29 Jul 2026 04:11:29 GMT",,,불안·공포|분노·불신,59,9497c3f487ec,"코스피, 사상 첫 2거래일 연속 '서킷' … '패닉셀'에 1200조 증발, 개미들 절망의 눈물 - 뉴데일리"
DM-002769,raw_news.csv,298,crawler_news3.py,네이버 금융 메인뉴스 + 구글뉴스 RSS,gnews,구글뉴스,패닉셀,"Wed, 29 Jul 2026 00:54:09 GMT",,,불안·공포,54,79b2d6f7b9cd,반도체주 ‘패닉셀’ 멈추나…SK하이닉스 실적 발표 후 증시 반등 출발[개장시황] - 에너지경제신문
DM-002770,raw_news.csv,299,crawler_news3.py,네이버 금융 메인뉴스 + 구글뉴스 RSS,gnews,구글뉴스,패닉셀,"Wed, 29 Jul 2026 07:01:37 GMT",,,불안·공포,43,a844843a46a5,분기 60조 벌었는데 패닉셀…SK하이닉스 9% 급락[핫종목](종합) - 뉴스1
DM-002771,raw_news.csv,300,crawler_news3.py,네이버 금융 메인뉴스 + 구글뉴스 RSS,gnews,구글뉴스,패닉셀,"Wed, 29 Jul 2026 09:00:03 GMT",,,불안·공포|분노·불신,41,767108f5606b,개미마저 1.4조 순매도 ‘백기’…패닉셀 막아줄 구조대가 없다 - 서울경제
DM-002772,raw_news.csv,301,crawler_news3.py,네이버 금융 메인뉴스 + 구글뉴스 RSS,gnews,구글뉴스,추격매수,"Mon, 03 Aug 2026 21:30:04 GMT",,,FOMO·상대적박탈감,45,dc9af934e1b5,"LG이노텍 '희소식' 떴는데…""추격매수 주의"" 조언한 까닭 [분석+] - 한국경제"
DM-002773,raw_news.csv,302,crawler_news3.py,네이버 금융 메인뉴스 + 구글뉴스 RSS,gnews,구글뉴스,추격매수,"Mon, 03 Aug 2026 01:47:21 GMT",,,FOMO·상대적박탈감,49,b16166bd91bb,"요동친 증시, ""이달엔 완만한 우상향 …급등시 추격 매수는 자제"" - v.daum.net"
DM-002774,raw_news.csv,303,crawler_news3.py,네이버 금융 메인뉴스 + 구글뉴스 RSS,gnews,구글뉴스,추격매수,"Mon, 03 Aug 2026 01:47:05 GMT",,,FOMO·상대적박탈감,50,c0f8078d842d,"요동친 증시, ""이달엔 완만한 우상향 …급등시 추격 매수는 자제"" - MTN 머니투데이방송"
DM-002775,raw_news.csv,304,crawler_news3.py,네이버 금융 메인뉴스 + 구글뉴스 RSS,gnews,구글뉴스,추격매수,"Mon, 03 Aug 2026 09:02:12 GMT",,,FOMO·상대적박탈감,54,83f4548a99af,8월 첫째 주 주식 시장: 저항선에 접근 중이니 추격 매수는 자제하십시오. - Vietnam.vn
DM-002776,raw_news.csv,305,crawler_news3.py,네이버 금융 메인뉴스 + 구글뉴스 RSS,gnews,구글뉴스,추격매수,"Thu, 23 Jul 2026 05:48:00 GMT",,,FOMO·상대적박탈감,52,8aade0e36f32,"[중국 특징주] ""이건 추격 매수""…中 AI 랠리, 소비주 펀드들의 방침 이탈 불러 - 뉴스핌"
DM-002777,raw_news.csv,306,crawler_news3.py,네이버 금융 메인뉴스 + 구글뉴스 RSS,gnews,구글뉴스,추격매수,"Thu, 09 Jul 2026 07:00:00 GMT",,,FOMO·상대적박탈감,50,ad15388a4c24,"[자산배분 기술②] 하나銀 박현식 ""불장 추격 매수보다 달러자산 베팅하라"" - 연합인포맥스"
DM-002778,raw_news.csv,307,crawler_news3.py,네이버 금융 메인뉴스 + 구글뉴스 RSS,gnews,구글뉴스,추격매수,"Tue, 28 Jul 2026 01:14:51 GMT",,,FOMO·상대적박탈감,56,9e506b8dd2d9,시바이누 37% 급등 뒤 반락…개인 추격매수 속 고래 거래 급증 - digitaltoday.co.kr
DM-002779,raw_news.csv,308,crawler_news3.py,네이버 금융 메인뉴스 + 구글뉴스 RSS,gnews,구글뉴스,추격매수,"Thu, 09 Jul 2026 07:00:00 GMT",,,FOMO·상대적박탈감|분노·불신,37,e05395c97491,기판·원전·전력기기株의 배신…추격매수 개미들 울상 - 매일경제 마켓
DM-002780,raw_news.csv,309,crawler_news3.py,네이버 금융 메인뉴스 + 구글뉴스 RSS,gnews,구글뉴스,추격매수,"Wed, 22 Jul 2026 20:31:02 GMT",,,FOMO·상대적박탈감,47,bcb469269b5a,"""주가 뛴다고 '묻지마 추격매수' 금물…공시·수급 확인을"" - edaily.co.kr"
DM-002781,raw_news.csv,310,crawler_news3.py,네이버 금융 메인뉴스 + 구글뉴스 RSS,gnews,구글뉴스,추격매수,"Tue, 28 Jul 2026 09:00:20 GMT",,,FOMO·상대적박탈감,43,2b51f353a209,"""추격 매수 말고 조정 때 담아라"" [한경 프리미엄9 TODAY] - 한국경제"
DM-002782,raw_news.csv,311,crawler_news3.py,네이버 금융 메인뉴스 + 구글뉴스 RSS,gnews,구글뉴스,추격매수,"Tue, 28 Jul 2026 09:01:00 GMT",,,FOMO·상대적박탈감,42,44bb69d6a016,"""추격 매수 말고 조정 때 담아라"" [한경 프리미엄9 TODAY] - 네이트"
DM-002783,raw_news.csv,312,crawler_news3.py,네이버 금융 메인뉴스 + 구글뉴스 RSS,gnews,구글뉴스,추격매수,"Tue, 07 Jul 2026 07:00:00 GMT",,,FOMO·상대적박탈감,51,b869dcaa7fcf,"호재 속 팔자냐 추격 매수냐…삼성전자 깜짝 실적, 시장 향방은? - 머니투데이 - 머니투데이"
DM-002784,raw_news.csv,313,crawler_news3.py,네이버 금융 메인뉴스 + 구글뉴스 RSS,gnews,구글뉴스,추격매수,"Tue, 07 Jul 2026 07:00:00 GMT",,,FOMO·상대적박탈감,51,888e2a1e648c,삼전 역대급 실적에도 코스피 ‘휘청’… 레버리지 ETF엔 추격매수 몰렸다 - dt.co.kr
DM-002785,raw_news.csv,314,crawler_news3.py,네이버 금융 메인뉴스 + 구글뉴스 RSS,gnews,구글뉴스,추격매수,"Tue, 28 Jul 2026 05:43:19 GMT",,,FOMO·상대적박탈감,36,6315885626c9,"""추격 매수 말고 조정 때 담아라""…증권사들 한목소리 - 한국경제"
DM-002786,raw_news.csv,315,crawler_news3.py,네이버 금융 메인뉴스 + 구글뉴스 RSS,gnews,구글뉴스,추격매수,"Thu, 02 Jul 2026 07:00:00 GMT",,,FOMO·상대적박탈감,58,011c9f7f9569,[셀럽의 한 수] 외국인 '149조' 매도 폭탄 추격매수? 관망? 하반기 전략은? - v.daum.net
DM-002787,raw_news.csv,316,crawler_news3.py,네이버 금융 메인뉴스 + 구글뉴스 RSS,gnews,구글뉴스,추격매수,"Wed, 22 Jul 2026 20:33:00 GMT",,,FOMO·상대적박탈감,38,f1894af15f6f,"""주가 뛴다고 '묻지마 추격매수' 금물…공시·수급 확인을"" - 네이트"
DM-002788,raw_news.csv,317,crawler_news3.py,네이버 금융 메인뉴스 + 구글뉴스 RSS,gnews,구글뉴스,추격매수,"Thu, 02 Jul 2026 07:00:00 GMT",,,FOMO·상대적박탈감|불안·공포,70,ea0ac33d956b,삼전·하이닉스 지금 추격 매수해도 될까?…하반기 코스피에서 꼭 봐야 할 위험 신호 3가지 [잘살아보세] - v.daum.net
DM-002789,raw_news.csv,318,crawler_news3.py,네이버 금융 메인뉴스 + 구글뉴스 RSS,gnews,구글뉴스,추격매수,"Thu, 09 Jul 2026 07:00:00 GMT",,,FOMO·상대적박탈감|분노·불신,34,8f66f2890a26,기판·원전·전력기기株의 배신…추격매수 개미들 울상 - 매일경제
DM-002790,raw_news.csv,319,crawler_news3.py,네이버 금융 메인뉴스 + 구글뉴스 RSS,gnews,구글뉴스,추격매수,"Thu, 28 May 2026 07:00:00 GMT",,,FOMO·상대적박탈감,29,a8b9d1a0cac6,반도체 순환매 장세 추격매수 주의보 - 매일경제 마켓
DM-002791,raw_news.csv,320,crawler_news3.py,네이버 금융 메인뉴스 + 구글뉴스 RSS,gnews,구글뉴스,추격매수,"Thu, 07 May 2026 07:00:00 GMT",,,FOMO·상대적박탈감|분노·불신,63,a496b06a4005,"""반도체 지금 들어가도 되나""…개미 추격 매수 해법은 ’완급조절’ By EBN - Investing.com 한국어"
DM-002792,raw_news.csv,321,crawler_news3.py,네이버 금융 메인뉴스 + 구글뉴스 RSS,gnews,구글뉴스,추격매수,"Mon, 18 May 2026 07:00:00 GMT",,,FOMO·상대적박탈감,53,ccc5ad15fad2,"""와 기회다!"" 테슬라 대거 매도…메모리는 계속 추격 매수[서학픽] - 머니투데이 - 머니투데이"
DM-002793,raw_news.csv,322,crawler_news3.py,네이버 금융 메인뉴스 + 구글뉴스 RSS,gnews,구글뉴스,추격매수,"Tue, 07 Jul 2026 06:29:11 GMT",,,FOMO·상대적박탈감,41,a58f949a16dc,공모주 수익률 '주춤'…증권가 '묻지마 청약·추격매수 경계' - 데일리한국
DM-002794,raw_news.csv,323,crawler_news3.py,네이버 금융 메인뉴스 + 구글뉴스 RSS,gnews,구글뉴스,추격매수,"Mon, 11 May 2026 07:00:00 GMT",,,FOMO·상대적박탈감|분노·불신,33,068cf950b33a,"'포모' 못 견뎠나…개미들, 급등장에도 추격매수 - 한국경제"
DM-002795,raw_news.csv,324,crawler_news3.py,네이버 금융 메인뉴스 + 구글뉴스 RSS,gnews,구글뉴스,추격매수,"Mon, 18 May 2026 07:00:00 GMT",,,FOMO·상대적박탈감,43,0bf01724ad53,"글로벌 PE, 반도체 추격매수 대신 헬스케어·디지털플랫폼 선점나서 - 매일경제"
DM-002796,raw_news.csv,325,crawler_news3.py,네이버 금융 메인뉴스 + 구글뉴스 RSS,gnews,구글뉴스,추격매수,"Mon, 29 Jun 2026 07:00:00 GMT",,,FOMO·상대적박탈감|후회·손실고통,41,b9b56140ae40,"""고점 추격 매수는 금물""…삼전·하이닉스 '이 가격'에 들어가야 - 뉴시스"
DM-002797,raw_news.csv,326,crawler_news3.py,네이버 금융 메인뉴스 + 구글뉴스 RSS,gnews,구글뉴스,추격매수,"Sun, 10 May 2026 07:00:00 GMT",,,FOMO·상대적박탈감|분노·불신,33,1f24e0ab4526,불장 속 개미들 갈팡질팡…차익실현·추격매수 반복 - 국제신문
DM-002798,raw_news.csv,327,crawler_news3.py,네이버 금융 메인뉴스 + 구글뉴스 RSS,gnews,구글뉴스,추격매수,"Wed, 13 May 2026 07:00:00 GMT",,,FOMO·상대적박탈감|분노·불신,48,84510e259653,"코스피 7천이 대수냐…2030 ‘청년개미’, 삼전·닉스 ‘불타기’ 추격 매수 - 한겨레"
DM-002799,raw_news.csv,328,crawler_news3.py,네이버 금융 메인뉴스 + 구글뉴스 RSS,gnews,구글뉴스,추격매수,"Mon, 27 Apr 2026 07:00:00 GMT",,,FOMO·상대적박탈감,45,dd9a15cb3b70,"드디어 '130만닉스' 찍었는데…""추격 매수 멈춰라"" 경고 [종목+] - 한국경제"
DM-002800,raw_news.csv,329,crawler_news3.py,네이버 금융 메인뉴스 + 구글뉴스 RSS,gnews,구글뉴스,추격매수,"Tue, 28 Apr 2026 07:00:00 GMT",,,FOMO·상대적박탈감,49,956f461743e1,“SK하닉 투자의견 하향…추격 매수 중단” 9개월만 나온 증권사 하향 보고서 - 문화일보
DM-002801,raw_news.csv,330,crawler_news3.py,네이버 금융 메인뉴스 + 구글뉴스 RSS,gnews,구글뉴스,추격매수,"Wed, 01 Jul 2026 07:00:00 GMT",,,FOMO·상대적박탈감,40,f62667f2acde,추격 매수·갭투자 차단 나서자 “당장 계약서 쓰자” 문의 빗발 - 마켓인
DM-002802,raw_news.csv,331,crawler_news3.py,네이버 금융 메인뉴스 + 구글뉴스 RSS,gnews,구글뉴스,개미 투자자 손실,"Wed, 29 Jul 2026 09:13:05 GMT",,,후회·손실고통|분노·불신,50,4bf0528e93c5,"씨티, “韓 개미투자자, 레버리지 ETF로만 56조 손실…손실 더 커질 수도” - 중앙일보"
DM-002803,raw_news.csv,332,crawler_news3.py,네이버 금융 메인뉴스 + 구글뉴스 RSS,gnews,구글뉴스,개미 투자자 손실,"Sat, 01 Aug 2026 00:35:10 GMT",,,후회·손실고통|분노·불신,40,a2002ba62d03,[속보]“주식 지금 던지면 손실”… ‘개미 투자자’들 어쩌나 - 문화일보
DM-002804,raw_news.csv,333,crawler_news3.py,네이버 금융 메인뉴스 + 구글뉴스 RSS,gnews,구글뉴스,개미 투자자 손실,"Sun, 02 Aug 2026 04:10:38 GMT",,,분노·불신,44,00833e13fae5,"[프리즘] ""만스피 믿고 들어갔는데""…녹아내린 계좌에 속타는 개미들 - 연합뉴스"
DM-002805,raw_news.csv,334,crawler_news3.py,네이버 금융 메인뉴스 + 구글뉴스 RSS,gnews,구글뉴스,개미 투자자 손실,"Sun, 02 Aug 2026 02:28:00 GMT",,,후회·손실고통|분노·불신,37,da313756347b,서학개미도 레버리지 피해? 두 달간 50조원 손실 추정 - 조선일보
DM-002806,raw_news.csv,335,crawler_news3.py,네이버 금융 메인뉴스 + 구글뉴스 RSS,gnews,구글뉴스,개미 투자자 손실,"Wed, 08 Jul 2026 07:00:00 GMT",,,후회·손실고통|분노·불신,40,6748ee641437,개미 열에 여덟은 손실봤다…요즘 아무도 주식얘기 안하는 이유 - 매일경제
DM-002807,raw_news.csv,336,crawler_news3.py,네이버 금융 메인뉴스 + 구글뉴스 RSS,gnews,구글뉴스,개미 투자자 손실,"Sun, 02 Aug 2026 21:00:00 GMT",,,불안·공포|후회·손실고통|분노·불신,42,2546ae32e27d,서학개미도 '레버리지 역풍' 50조원 손실... ‘반토막 공포’ - 조세일보
DM-002808,raw_news.csv,337,crawler_news3.py,네이버 금융 메인뉴스 + 구글뉴스 RSS,gnews,구글뉴스,개미 투자자 손실,"Sun, 02 Aug 2026 02:33:37 GMT",,,불안·공포|분노·불신,44,33b42ceb2146,폭락 뒤 급반등에도 웃지 못한 개미들…“계좌보다 일상이 무너졌다” - 산경투데이
DM-002809,raw_news.csv,338,crawler_news3.py,네이버 금융 메인뉴스 + 구글뉴스 RSS,gnews,구글뉴스,개미 투자자 손실,"Sat, 01 Aug 2026 22:19:03 GMT",,,분노·불신,39,3015d307e3b6,"""50조가 두 달 만에…"" 미장 몰려간 서학개미 '대참사' - 한국경제"
DM-002810,raw_news.csv,339,crawler_news3.py,네이버 금융 메인뉴스 + 구글뉴스 RSS,gnews,구글뉴스,개미 투자자 손실,"Thu, 30 Jul 2026 10:40:00 GMT",,,후회·손실고통|분노·불신|충동·중독시그널,39,bdbf5af19e05,개미 레버리지 ETF 56조 원 손실 추정…‘빚투’는 여전 - 국제신문
DM-002811,raw_news.csv,340,crawler_news3.py,네이버 금융 메인뉴스 + 구글뉴스 RSS,gnews,구글뉴스,개미 투자자 손실,"Sun, 02 Aug 2026 01:14:03 GMT",,,분노·불신,40,638a44821f7c,"""50조가 두 달 만에…"" 미장 몰려간 서학개미 '대참사' - 블루밍비트"
DM-002812,raw_news.csv,341,crawler_news3.py,네이버 금융 메인뉴스 + 구글뉴스 RSS,gnews,구글뉴스,개미 투자자 손실,"Sat, 01 Aug 2026 21:10:01 GMT",,,후회·손실고통|분노·불신,39,249beab4d40a,"'美주식 매수확대' 서학개미, 두 달간 50조원 손실 추정 - 연합뉴스"
DM-002813,raw_news.csv,342,crawler_news3.py,네이버 금융 메인뉴스 + 구글뉴스 RSS,gnews,구글뉴스,개미 투자자 손실,"Mon, 03 Aug 2026 01:03:00 GMT",,,후회·손실고통|분노·불신,53,2a5897ce7081,서학개미 美서 49조 손실… ‘순매수 톱10’ 절반이 레버리지 - 조선비즈 - Chosunbiz
DM-002814,raw_news.csv,343,crawler_news3.py,네이버 금융 메인뉴스 + 구글뉴스 RSS,gnews,구글뉴스,개미 투자자 손실,"Wed, 29 Jul 2026 03:19:12 GMT",,,후회·손실고통,60,a6c26068732e,"정부는 ""우리만 이러는 거 아니다""는데... 씨티 ""韓 개인 레버리지 상품 손실 56조원 추정"" - 조선일보"
DM-002815,raw_news.csv,344,crawler_news3.py,네이버 금융 메인뉴스 + 구글뉴스 RSS,gnews,구글뉴스,개미 투자자 손실,"Sun, 02 Aug 2026 02:29:54 GMT",,,분노·불신|충동·중독시그널,58,a562d7f76e73,"“하루 종일 주식창만, 롤러코스터 장세에 미칠 지경”…정신과 찾는 ‘주식 중독’ 개미들 - 매일경제 마켓"
DM-002816,raw_news.csv,345,crawler_news3.py,네이버 금융 메인뉴스 + 구글뉴스 RSS,gnews,구글뉴스,개미 투자자 손실,"Fri, 31 Jul 2026 09:29:48 GMT",,,분노·불신,40,6f4e21101b58,"[영상] ""하루에도 수십번씩 확인""…병원 찾는 개미 투자자들 - 연합뉴스"
DM-002817,raw_news.csv,346,crawler_news3.py,네이버 금융 메인뉴스 + 구글뉴스 RSS,gnews,구글뉴스,개미 투자자 손실,"Wed, 29 Jul 2026 02:28:49 GMT",,,후회·손실고통|분노·불신,54,38a94e81c3eb,"""개미 어쩌나""…'오를 거라 믿었는데' 레버리지 베팅에 수십조원 손실 추정 - v.daum.net"
DM-002818,raw_news.csv,347,crawler_news3.py,네이버 금융 메인뉴스 + 구글뉴스 RSS,gnews,구글뉴스,개미 투자자 손실,"Wed, 29 Jul 2026 20:31:52 GMT",,,후회·손실고통|분노·불신|충동·중독시그널,41,fff34d743ef9,앞으로 ‘레버리지 몰빵’ 못한다…개미들 이미 56조 손실 추산 - 더스쿠프
DM-002819,raw_news.csv,348,crawler_news3.py,네이버 금융 메인뉴스 + 구글뉴스 RSS,gnews,구글뉴스,개미 투자자 손실,"Wed, 29 Jul 2026 05:33:18 GMT",,,분노·불신,49,4e0aa4c9ae67,“이제 알겠지? 이게 레버리지야”…개미들 두 배 먹으려다 56조 날렸다 - 매일경제 마켓
DM-002820,raw_news.csv,349,crawler_news3.py,네이버 금융 메인뉴스 + 구글뉴스 RSS,gnews,구글뉴스,개미 투자자 손실,"Sat, 01 Aug 2026 22:25:18 GMT",,,후회·손실고통|분노·불신,41,a0a7514c52a5,美로 돌아간 서학개미의 눈물…두 달 만에 평가손실 50조원 - 핀포인트뉴스
DM-002821,raw_news.csv,350,crawler_news3.py,네이버 금융 메인뉴스 + 구글뉴스 RSS,gnews,구글뉴스,개미 투자자 손실,"Wed, 29 Jul 2026 21:00:00 GMT",,,후회·손실고통|분노·불신|충동·중독시그널,50,5325bb86d3a5,'삼전닉스' 레버리지 ETF 손실 56조원 추정... '빚투' 개미들 '비명' - 조세일보
DM-002822,raw_news.csv,351,crawler_news3.py,네이버 금융 메인뉴스 + 구글뉴스 RSS,gnews,구글뉴스,개미 투자자 손실,"Thu, 30 Jul 2026 01:15:00 GMT",,,분노·불신,48,83649ffca30b,"개미 투자자 반발만 키운 김용범의 입…국민의힘 ""무능하면 염치라도 있어야"" - 데일리안"
DM-002823,raw_news.csv,352,crawler_news3.py,네이버 금융 메인뉴스 + 구글뉴스 RSS,gnews,구글뉴스,개미 투자자 손실,"Wed, 29 Jul 2026 02:32:10 GMT",,,분노·불신,45,af76574fc0cb,“개미 56조 날린 레버리지”...韓증시 흔드는 ‘변동성 폭탄’ - 에너지경제신문
DM-002824,raw_news.csv,353,crawler_news3.py,네이버 금융 메인뉴스 + 구글뉴스 RSS,gnews,구글뉴스,개미 투자자 손실,"Sun, 02 Aug 2026 01:46:00 GMT",,,분노·불신,56,cec600308574,"코스피 급락에 분노한 개미들, ""이 대통령 맹비난…다시는 주식 사지 않겠다""--블룸버그 - 블록미디어"
DM-002825,raw_news.csv,354,crawler_news3.py,네이버 금융 메인뉴스 + 구글뉴스 RSS,gnews,구글뉴스,개미 투자자 손실,"Wed, 29 Jul 2026 04:50:34 GMT",,,후회·손실고통|분노·불신,46,e9cdbdd0b834,레버리지ETF 산 개미들 ‘56조원 손실’…“연말 전 더 떨어질 수도” - 경기일보
DM-002826,raw_news.csv,355,crawler_news3.py,네이버 금융 메인뉴스 + 구글뉴스 RSS,gnews,구글뉴스,개미 투자자 손실,"Wed, 29 Jul 2026 06:09:25 GMT",,,후회·손실고통|분노·불신,38,843341c4c2e4,"씨티, 韓개미 '레버리지 ETF' 투자로 56조 손실 추정 - 뉴시스"
DM-002827,raw_news.csv,356,crawler_news3.py,네이버 금융 메인뉴스 + 구글뉴스 RSS,gnews,구글뉴스,개미 투자자 손실,"Wed, 29 Jul 2026 02:43:02 GMT",,,후회·손실고통|분노·불신,36,030581585135,"""레버리지 ETF에 물린 개미들…손실 56조원 추산"" - 매일신문"
DM-002828,raw_news.csv,357,crawler_news3.py,네이버 금융 메인뉴스 + 구글뉴스 RSS,gnews,구글뉴스,개미 투자자 손실,"Wed, 29 Jul 2026 10:50:16 GMT",,,불안·공포|후회·손실고통|분노·불신,50,bf1f6d04b990,＂레버리지로 56조 손실 추정＂ 개미 ＇패닉셀＇…근조화환 국회 앞 뒤덮었다 - 한국경제TV
DM-002829,raw_news.csv,358,crawler_news3.py,네이버 금융 메인뉴스 + 구글뉴스 RSS,gnews,구글뉴스,개미 투자자 손실,"Wed, 29 Jul 2026 05:21:17 GMT",,,후회·손실고통|분노·불신,44,d6314e2c8cb0,"씨티 ""韓개미 레버리지 ETF 손실 56조 추정…하닉만 8조 물려"" - 한국경제"
DM-002830,raw_news.csv,359,crawler_news3.py,네이버 금융 메인뉴스 + 구글뉴스 RSS,gnews,구글뉴스,개미 투자자 손실,"Sat, 11 Jul 2026 07:00:00 GMT",,,분노·불신,47,513e2938f965,[머니플로우] 개미들 '실탄' 떨어졌나…투자자예탁금 100조원도 '위태' - 연합뉴스
DM-002831,raw_news.csv,360,crawler_news3.py,네이버 금융 메인뉴스 + 구글뉴스 RSS,gnews,구글뉴스,주식 중독,"Sat, 01 Aug 2026 23:00:00 GMT",,,,40,43fbb491fa48,'롤러코스터 주가'에 정신건강 하락세…회사도 휴가도 냉·온탕 - 연합뉴스
DM-002832,raw_news.csv,361,crawler_news3.py,네이버 금융 메인뉴스 + 구글뉴스 RSS,gnews,구글뉴스,주식 중독,"Tue, 04 Aug 2026 04:00:00 GMT",,,FOMO·상대적박탈감|후회·손실고통,67,68a77b7f8bad,"""포모 고통은 전치 4주급""…박종석 정신과 전문의가 말하는 '주식 투자 우울증' 탈출법 [프레스룸 오늘뭐사니] - 네이트"
DM-002833,raw_news.csv,362,crawler_news3.py,네이버 금융 메인뉴스 + 구글뉴스 RSS,gnews,구글뉴스,주식 중독,"Tue, 21 Jul 2026 07:00:00 GMT",,,분노·불신,55,2065904d57c8,-38% 찍었는데도 '샐고' 계속하는 이유…주식 때문에 병드는 마음 [개미의 세계] - 파이낸셜뉴스
DM-002834,raw_news.csv,363,crawler_news3.py,네이버 금융 메인뉴스 + 구글뉴스 RSS,gnews,구글뉴스,주식 중독,"Wed, 15 Jul 2026 07:00:00 GMT",,,후회·손실고통|충동·중독시그널,54,ab79460d9647,"3억2000만원 손실 고백했던 정신과 의사…""주식 중독·우울증 상담 늘어"" - v.daum.net"
DM-002835,raw_news.csv,364,crawler_news3.py,네이버 금융 메인뉴스 + 구글뉴스 RSS,gnews,구글뉴스,주식 중독,"Mon, 27 Jul 2026 08:52:41 GMT",,,,44,faa7f6b76883,"""친구는 2억 벌었다는데…"" 주식 열풍이 키운 '투자 우울증' - 한국부동산뉴스"
DM-002836,raw_news.csv,365,crawler_news3.py,네이버 금융 메인뉴스 + 구글뉴스 RSS,gnews,구글뉴스,주식 중독,"Wed, 08 Jul 2026 07:00:00 GMT",,,충동·중독시그널,51,7c7fc042ef12,"""주식 중독에 은행 빚까지…전 재산 날렸다"" 고백한 정신과 의사 - 머니투데이 - 머니투데이"
DM-002837,raw_news.csv,366,crawler_news3.py,네이버 금융 메인뉴스 + 구글뉴스 RSS,gnews,구글뉴스,주식 중독,"Wed, 15 Jul 2026 07:00:00 GMT",,,,41,c53d74bcacb1,“주식 2억 벌었어” 친구 자랑에…뇌는 전치 4주 고통 느낀다 - 동아일보
DM-002838,raw_news.csv,367,crawler_news3.py,네이버 금융 메인뉴스 + 구글뉴스 RSS,gnews,구글뉴스,주식 중독,"Tue, 14 Jul 2026 07:00:00 GMT",,,,54,7c390683c6b6,“나 하이닉스로 2억 벌었어” 친구의 고백…뇌에 ‘전치 4주’ 고통 온다 [헬시타임] - 서울경제
DM-002839,raw_news.csv,368,crawler_news3.py,네이버 금융 메인뉴스 + 구글뉴스 RSS,gnews,구글뉴스,주식 중독,"Sun, 02 Aug 2026 02:30:00 GMT",,,분노·불신|충동·중독시그널,54,ba4d30f2f61d,"""하루 종일 주식창만, 롤러코스터 장세에 미칠 지경""…정신과 찾는 '주식 중독' 개미들 - 네이트"
DM-002840,raw_news.csv,369,crawler_news3.py,네이버 금융 메인뉴스 + 구글뉴스 RSS,gnews,구글뉴스,주식 중독,"Sat, 11 Jul 2026 07:00:00 GMT",,,충동·중독시그널,66,062cc80173f0,"속풀이쇼 동치미 - 정신과 전문의 박종석, 주식 중독에서 벗어난 지 4년… 아직 해결 못 한... - mbn.co.kr"
DM-002841,raw_news.csv,370,crawler_news3.py,네이버 금융 메인뉴스 + 구글뉴스 RSS,gnews,구글뉴스,주식 중독,"Wed, 22 Jul 2026 05:56:30 GMT",,,,38,1436e8aa9b4a,[의료건강 칼럼]도파민은 합법적인 주식을 구별하지 못한다 - 남도일보
DM-002842,raw_news.csv,371,crawler_news3.py,네이버 금융 메인뉴스 + 구글뉴스 RSS,gnews,구글뉴스,주식 중독,"Sat, 04 Apr 2026 07:00:00 GMT",,,후회·손실고통,56,824010d7f0c8,[영상] “이란 전쟁 후 하루 평균 11명 내원”… 투자 손실과 가정불화 호소 - v.daum.net
DM-002843,raw_news.csv,372,crawler_news3.py,네이버 금융 메인뉴스 + 구글뉴스 RSS,gnews,구글뉴스,주식 중독,"Tue, 26 May 2026 15:56:44 GMT",,,충동·중독시그널,55,9cb2dbfedaa9,"'돈 버는 뇌는 다릅니다', 주식중독 병일까? 의사가 알려주는 돈 잃지 않는 주식투자법 - 헬스조선"
DM-002844,raw_news.csv,373,crawler_news3.py,네이버 금융 메인뉴스 + 구글뉴스 RSS,gnews,구글뉴스,주식 중독,"Sat, 16 May 2026 20:01:18 GMT",,,충동·중독시그널,25,a55008c635c2,[카드뉴스] 주식도 중독된다? - 정신의학신문
DM-002845,raw_news.csv,374,crawler_news3.py,네이버 금융 메인뉴스 + 구글뉴스 RSS,gnews,구글뉴스,주식 중독,"Mon, 20 Jul 2026 06:07:27 GMT",,,FOMO·상대적박탈감,47,b6b6156783f6,남의 수익에 느끼는 상대적 박탈감…전문의가 진단한 '주식 포모 증후군' - 경제시그널
DM-002846,raw_news.csv,375,crawler_news3.py,네이버 금융 메인뉴스 + 구글뉴스 RSS,gnews,구글뉴스,주식 중독,"Sun, 12 Jul 2026 07:00:00 GMT",,,후회·손실고통,59,1e51da5ec761,의사 박종석 “주식 탓 전재산 날려 부모님 생활비 끊고 흙수저 원망 후회” (동치미)[어제TV] - 뉴스엔
DM-002847,raw_news.csv,376,crawler_news3.py,네이버 금융 메인뉴스 + 구글뉴스 RSS,gnews,구글뉴스,주식 중독,"Wed, 08 Jul 2026 07:00:00 GMT",,,,65,04416a708641,"""은행 대출→주식 투자로 전 재산 날려"" 정신과 전문의 박종석, 씁쓸한 '고백' ('동치미') - v.daum.net"
DM-002848,raw_news.csv,377,crawler_news3.py,네이버 금융 메인뉴스 + 구글뉴스 RSS,gnews,구글뉴스,주식 중독,"Wed, 10 Jun 2026 07:00:00 GMT",,,분노·불신|충동·중독시그널,46,627ed389b534,"""주식 때문에 일이 손에 안 잡혀요""...롤러코스피에 중독된 개미들 - 파이낸셜뉴스"
DM-002849,raw_news.csv,378,crawler_news3.py,네이버 금융 메인뉴스 + 구글뉴스 RSS,gnews,구글뉴스,주식 중독,"Thu, 14 May 2026 07:00:00 GMT",,,충동·중독시그널,48,ce2e47460ac1,"""숨어 있는 가치투자 기회 찾아내는 데 중독""…美에 부는 한국 주식 열풍 - 아시아경제"
DM-002850,raw_news.csv,379,crawler_news3.py,네이버 금융 메인뉴스 + 구글뉴스 RSS,gnews,구글뉴스,주식 중독,"Fri, 24 Apr 2026 07:00:00 GMT",,,충동·중독시그널,45,6f5fc5c89ab8,"""주식 중독 키우나""…12시간 거래 연장에 투자자단체 거센 비판 - 파이낸스투데이"
DM-002851,raw_news.csv,380,crawler_news3.py,네이버 금융 메인뉴스 + 구글뉴스 RSS,gnews,구글뉴스,주식 중독,"Tue, 07 Apr 2026 07:00:00 GMT",,,충동·중독시그널,46,b4669122cd58,“2억→5억 만들었는데”…주식 중독 43세에 서장훈 경고 (물어보살) - 스포츠동아
DM-002852,raw_news.csv,381,crawler_news3.py,네이버 금융 메인뉴스 + 구글뉴스 RSS,gnews,구글뉴스,주식 중독,"Thu, 14 May 2026 07:00:00 GMT",,,충동·중독시그널,49,e944e94a0c6f,"日언론 ""'K-주식'에 중독된 美…비트코인 ETF보다 높은 관심"" - v.daum.net"
DM-002853,raw_news.csv,382,crawler_news3.py,네이버 금융 메인뉴스 + 구글뉴스 RSS,gnews,구글뉴스,주식 중독,"Thu, 26 Feb 2026 08:00:00 GMT",,,충동·중독시그널,66,5069d512fdfd,"“주식 투자? 조절 못하면 그냥 중독자” - 평범한미디어의 토론 | 내 손 안의 광장, 빠띠 - campaigns.do"
DM-002854,raw_news.csv,383,crawler_news3.py,네이버 금융 메인뉴스 + 구글뉴스 RSS,gnews,구글뉴스,주식 중독,"Tue, 14 Jul 2026 07:00:00 GMT",,,,52,d6670650e1f7,"""주식으로 3억 날렸다""던 정신과 의사…""투자 우울증 상담 많아져"" - edaily.co.kr"
DM-002855,raw_news.csv,384,crawler_news3.py,네이버 금융 메인뉴스 + 구글뉴스 RSS,gnews,구글뉴스,주식 중독,"Thu, 23 Apr 2026 07:00:00 GMT",,,충동·중독시그널,71,df0364e8482f,"[특별기고]1500만 투자 시대 그림자 ‘주식 중독'⋯""한국판 IAPT로 사회적 비용 줄여야"" - justeconomix.com"
DM-002856,raw_news.csv,385,crawler_news3.py,네이버 금융 메인뉴스 + 구글뉴스 RSS,gnews,구글뉴스,주식 중독,"Fri, 12 Jun 2026 07:00:00 GMT",,,,42,99651cd17304,오늘의 SBS 뉴스헌터스 예고 (6월 12일) - news.sbs.co.kr
DM-002857,raw_news.csv,386,crawler_news3.py,네이버 금융 메인뉴스 + 구글뉴스 RSS,gnews,구글뉴스,주식 중독,"Tue, 07 Apr 2026 07:00:00 GMT",,,충동·중독시그널,66,1ce1a5e33f82,"서장훈, '2억→5억' 불린 주식 중독男에…""건강 해치면 돈은 쓸모無"" 경고 (물어보살)[종합] - v.daum.net"
DM-002858,raw_news.csv,387,crawler_news3.py,네이버 금융 메인뉴스 + 구글뉴스 RSS,gnews,구글뉴스,주식 중독,"Sat, 28 Feb 2026 08:00:00 GMT",,,FOMO·상대적박탈감|충동·중독시그널,35,2f039558e58f,불장에 ‘포모 확산’…‘주식중독 의사’ 조언은? - KBS 뉴스
DM-002859,raw_news.csv,388,crawler_news3.py,네이버 금융 메인뉴스 + 구글뉴스 RSS,gnews,구글뉴스,투자 심리 불안,"Mon, 03 Aug 2026 15:15:04 GMT",,,불안·공포,37,ecc40ceae31e,글로벌 증시: 투자자들이 불안에 떨고 있다. - Vietnam.vn
DM-002860,raw_news.csv,389,crawler_news3.py,네이버 금융 메인뉴스 + 구글뉴스 RSS,gnews,구글뉴스,투자 심리 불안,"Tue, 21 Jul 2026 07:00:00 GMT",,,불안·공포,49,0be87cdf8131,"뉴욕증시, 중동 불안에 투자심리 냉각……다우 0.59%↓ [종합] - v.daum.net"
DM-002861,raw_news.csv,390,crawler_news3.py,네이버 금융 메인뉴스 + 구글뉴스 RSS,gnews,구글뉴스,투자 심리 불안,"Wed, 29 Jul 2026 23:25:47 GMT",,,불안·공포,39,5899b1fbb701,"비트코인, 美 금리 동결에 ‘숨 고르기’…“동결이 더 불안” - 마켓인"
DM-002862,raw_news.csv,391,crawler_news3.py,네이버 금융 메인뉴스 + 구글뉴스 RSS,gnews,구글뉴스,투자 심리 불안,"Fri, 03 Jul 2026 07:00:00 GMT",,,불안·공포,44,c30309229403,AI 과잉투자 우려 완화되나…불안해진 투자심리에 연일 널뛰기(종합) - 연합뉴스
DM-002863,raw_news.csv,392,crawler_news3.py,네이버 금융 메인뉴스 + 구글뉴스 RSS,gnews,구글뉴스,투자 심리 불안,"Wed, 15 Jul 2026 07:00:00 GMT",,,불안·공포,38,7550a51e4e85,AI 투자 불안 고조에…'믿을 건 애플' 심리 커졌다 - 지디넷코리아
DM-002864,raw_news.csv,393,crawler_news3.py,네이버 금융 메인뉴스 + 구글뉴스 RSS,gnews,구글뉴스,투자 심리 불안,"Fri, 31 Jul 2026 21:42:34 GMT",,,불안·공포,49,928db8b411b3,클라우드가 증시를 다시 끌어올렸다… AI 투자 불안 덜자 뉴욕증시 환호성 - 핀포인트뉴스
DM-002865,raw_news.csv,394,crawler_news3.py,네이버 금융 메인뉴스 + 구글뉴스 RSS,gnews,구글뉴스,투자 심리 불안,"Wed, 29 Jul 2026 12:22:42 GMT",,,불안·공포,46,71b100dc2ba4,F4 “증시 불안 과도…단일종목 레버리지 총량규제 도입으로 쏠림 완화” - 서울경제
DM-002866,raw_news.csv,395,crawler_news3.py,네이버 금융 메인뉴스 + 구글뉴스 RSS,gnews,구글뉴스,투자 심리 불안,"Wed, 29 Jul 2026 03:09:30 GMT",,,불안·공포,47,c849c2fdad96,코스피 6000선 붕괴에 투자자 불안… 증권가 “공포에 사라” 격언 상기 - 이코리아
DM-002867,raw_news.csv,396,crawler_news3.py,네이버 금융 메인뉴스 + 구글뉴스 RSS,gnews,구글뉴스,투자 심리 불안,"Mon, 23 Mar 2026 07:00:00 GMT",,,불안·공포,39,4cef2e932908,"""전쟁 수혜주 투자하세요""…불안 심리 악용 피싱 주의보 - 연합뉴스TV"
DM-002868,raw_news.csv,397,crawler_news3.py,네이버 금융 메인뉴스 + 구글뉴스 RSS,gnews,구글뉴스,투자 심리 불안,"Mon, 03 Aug 2026 01:21:00 GMT",,,불안·공포,56,8f3372214d67,"삼성전자우, 장중 5%대 급락...반도체 업황 불안 심화에 투자심리 위축 : 기업주식정보 - 재경일보"
DM-002869,raw_news.csv,398,crawler_news3.py,네이버 금융 메인뉴스 + 구글뉴스 RSS,gnews,구글뉴스,투자 심리 불안,"Sun, 02 Aug 2026 22:06:00 GMT",,,불안·공포,47,8539e07b9d14,[증시전략] 중동·국채금리 불안 속 AI 투심 살아나나…뉴욕증시는? - SBS Biz
DM-002870,raw_news.csv,399,crawler_news3.py,네이버 금융 메인뉴스 + 구글뉴스 RSS,gnews,구글뉴스,투자 심리 불안,"Tue, 14 Jul 2026 09:21:53 GMT",,,FOMO·상대적박탈감,54,d47fe5b34d53,"3억 날려 본 정신과 의사 “주식 포모는 ‘전치 4주 고통’, 요즘 환자 늘어” - 매일경제 마켓"
DM-002871,raw_news.csv,400,crawler_news3.py,네이버 금융 메인뉴스 + 구글뉴스 RSS,gnews,구글뉴스,투자 심리 불안,"Tue, 28 Jul 2026 05:32:49 GMT",,,불안·공포,43,0c06a4060138,“AI 대장주에서 불안주로”…흔들리는 SK하이닉스 [머니+] - 에너지경제신문
DM-002872,raw_news.csv,401,crawler_news3.py,네이버 금융 메인뉴스 + 구글뉴스 RSS,gnews,구글뉴스,투자 심리 불안,"Wed, 29 Jul 2026 12:49:00 GMT",,,불안·공포,55,f0418cad7116,"F4 긴급회의 ""증시 불안은 수급 요인""...정부, 단일종목 레버리지 규제 전면 강화 - 지이코노미"
DM-002873,raw_news.csv,402,crawler_news3.py,네이버 금융 메인뉴스 + 구글뉴스 RSS,gnews,구글뉴스,투자 심리 불안,"Thu, 30 Jul 2026 23:21:00 GMT",,,불안·공포,52,2aad0ecae5e0,"[오늘의 투자전략] 코스피, AI 불안 완화에 반등 전망⋯“상방 재료 우위 국면” - 이투데이"
DM-002874,raw_news.csv,403,crawler_news3.py,네이버 금융 메인뉴스 + 구글뉴스 RSS,gnews,구글뉴스,투자 심리 불안,"Wed, 15 Jul 2026 07:00:00 GMT",,,불안·공포,49,7a5035326d2f,코스피 하락보다 변동성이 더 공포…VKOSPI가 보내는 경고 [이슈+] - 에너지경제신문
DM-002875,raw_news.csv,404,crawler_news3.py,네이버 금융 메인뉴스 + 구글뉴스 RSS,gnews,구글뉴스,투자 심리 불안,"Fri, 24 Jul 2026 01:08:00 GMT",,,불안·공포,57,cc78454e5ba1,[넥스블록][비트코인 인사이트] 비트코인 6만5000달러선 밀려…거시 불안에 투자심리 위축 - 이투데이
DM-002876,raw_news.csv,405,crawler_news3.py,네이버 금융 메인뉴스 + 구글뉴스 RSS,gnews,구글뉴스,투자 심리 불안,"Wed, 15 Jul 2026 07:00:00 GMT",,,불안·공포,51,182feafcba90,“레버리지 ETF는 대량살상무기”…‘7천피’ 회복 뒤 숨은 불안 [머니+] - 에너지경제신문
DM-002877,raw_news.csv,406,crawler_news3.py,네이버 금융 메인뉴스 + 구글뉴스 RSS,gnews,구글뉴스,투자 심리 불안,"Mon, 03 Aug 2026 02:14:00 GMT",,,불안·공포,46,f9db5cf58ac8,"강원랜드, 장중 하락세 지속…수급 불안에 투자심리 위축 : 기업주식정보 - 재경일보"
DM-002878,raw_news.csv,407,crawler_news3.py,네이버 금융 메인뉴스 + 구글뉴스 RSS,gnews,구글뉴스,투자 심리 불안,"Tue, 30 Jun 2026 07:00:00 GMT",,,불안·공포,52,700fe786c4f1,"미국 증시서 메모리반도체 투자심리 불안 신호, 한국 증시도 변동성 확대 경고 - 비즈니스포스트"
DM-002879,raw_news.csv,408,crawler_news3.py,네이버 금융 메인뉴스 + 구글뉴스 RSS,gnews,구글뉴스,투자 심리 불안,"Tue, 07 Jul 2026 07:00:00 GMT",,,불안·공포,40,567b6408077e,‘삼전’ 실적 좋았지만… 美 AI 투자 정체에 불안심리 커져 - IT조선
DM-002880,raw_news.csv,409,crawler_news3.py,네이버 금융 메인뉴스 + 구글뉴스 RSS,gnews,구글뉴스,투자 심리 불안,"Mon, 03 Aug 2026 23:08:00 GMT",,,불안·공포,52,55f8045d949d,"[오늘의 투자전략] 美 증시 급등·매크로 불안 완화…""국내 증시 강세 전환 전망"" - 이투데이"
DM-002881,raw_news.csv,410,crawler_news3.py,네이버 금융 메인뉴스 + 구글뉴스 RSS,gnews,구글뉴스,투자 심리 불안,"Wed, 29 Jul 2026 14:10:00 GMT",,,불안·공포,65,2124d13388c6,"Ariston Group, 2026년 2분기 실적 발표…투자자 불안 잠재우지 못해 - Investing.com 한국어"
DM-002882,raw_news.csv,411,crawler_news3.py,네이버 금융 메인뉴스 + 구글뉴스 RSS,gnews,구글뉴스,투자 심리 불안,"Thu, 23 Jul 2026 07:00:00 GMT",,,불안·공포,59,0450627240c5,[오늘의 투자전략] 알파벳 호실적에 국내 반도체 불안 완화…코스피 바닥권 인식 확산 - v.daum.net
DM-002883,raw_news.csv,412,crawler_news3.py,네이버 금융 메인뉴스 + 구글뉴스 RSS,gnews,구글뉴스,투자 심리 불안,"Mon, 29 Jun 2026 07:00:00 GMT",,,불안·공포,44,d0551758b245,"코스피, 8400선 하회...중동 불안·AI 투자심리 위축 겹쳐 - 녹색경제신문"
DM-002884,raw_news.csv,413,crawler_news3.py,네이버 금융 메인뉴스 + 구글뉴스 RSS,gnews,구글뉴스,투자 심리 불안,"Tue, 26 May 2026 07:00:00 GMT",,,불안·공포,36,6a9722523fa3,미국 금리·중동 불안에 채권시장 '흔들'…투자심리 악화 - 진일보
DM-002885,raw_news.csv,414,crawler_news3.py,네이버 금융 메인뉴스 + 구글뉴스 RSS,gnews,구글뉴스,투자 심리 불안,"Mon, 11 May 2026 07:00:00 GMT",,,불안·공포,52,70bd3b23ef47,"""못 사서, 못 팔아서 불안해요""…이런 투자자들 '이것' 사라는데 - 머니투데이 - 머니투데이"
DM-002886,raw_news.csv,415,crawler_news3.py,네이버 금융 메인뉴스 + 구글뉴스 RSS,gnews,구글뉴스,투자 심리 불안,"Mon, 09 Mar 2026 07:00:00 GMT",,,,42,36e205940e12,코스피·코스닥 급락 마감…중동 리스크에 투자심리 급랭 - etnews.com
DM-002887,raw_news.csv,416,crawler_news3.py,네이버 금융 메인뉴스 + 구글뉴스 RSS,gnews,구글뉴스,투자 심리 불안,"Mon, 29 Jun 2026 07:00:00 GMT",,,불안·공포,47,12ec57631fe2,“주식에 돈 태우고 기도가 절로 나와요”…코스피 공포지수 역대 최고 - 매일경제 마켓
DM-002888,raw_news.csv,417,crawler_news3.py,네이버 금융 메인뉴스 + 구글뉴스 RSS,gnews,구글뉴스,투자 심리 불안,"Thu, 04 Jun 2026 07:00:00 GMT",,,불안·공포,39,7e277179937e,ETF 샀는데 왜 불안할까…답은 '현금흐름'에 있다 - KB Think
DM-002889,raw_news.csv,418,crawler_news3.py,네이버 금융 메인뉴스 + 구글뉴스 RSS,gnews,구글뉴스,코스피 개인 순매수,"Tue, 04 Aug 2026 00:31:47 GMT",,,,57,1fd61007e666,"코스피, 개인·외인 순매수에 장중 6300 회복...美 반도체 강세로 '삼전닉스' 상승 - 오피니언뉴스"
DM-002890,raw_news.csv,419,crawler_news3.py,네이버 금융 메인뉴스 + 구글뉴스 RSS,gnews,구글뉴스,코스피 개인 순매수,"Mon, 03 Aug 2026 17:12:00 GMT",,,,38,e30f3685171a,"코스피 6,200선 '털썩'...코스닥은 '매수 사이드카' - YTN"
DM-002891,raw_news.csv,420,crawler_news3.py,네이버 금융 메인뉴스 + 구글뉴스 RSS,gnews,구글뉴스,코스피 개인 순매수,"Sun, 02 Aug 2026 05:20:50 GMT",,,,46,61700dfd9c3f,코스피 7000선 회복 '좌절'…개인·외국인 2조원대 순매수 - v.daum.net
DM-002892,raw_news.csv,421,crawler_news3.py,네이버 금융 메인뉴스 + 구글뉴스 RSS,gnews,구글뉴스,코스피 개인 순매수,"Mon, 03 Aug 2026 07:29:54 GMT",,,불안·공포|분노·불신,62,5443a52446c3,코스피 5% 급락에 개인 4.6조 폭풍 순매수… '야수의 심장' 개미들이 돌아왔나? - dailysisa.com
DM-002893,raw_news.csv,422,crawler_news3.py,네이버 금융 메인뉴스 + 구글뉴스 RSS,gnews,구글뉴스,코스피 개인 순매수,"Mon, 03 Aug 2026 04:38:14 GMT",,,,40,93a7d2635301,[食전食후] 코스피 4%대 급락에 개인 3조5000억 순매수 - 아주경제
DM-002894,raw_news.csv,423,crawler_news3.py,네이버 금융 메인뉴스 + 구글뉴스 RSS,gnews,구글뉴스,코스피 개인 순매수,"Mon, 03 Aug 2026 07:20:00 GMT",,,,39,d7b29c9890d7,[마감시황] 반도체 차익 실현 매물에 코스피 5.12% 하락 - 뉴스핌
DM-002895,raw_news.csv,424,crawler_news3.py,네이버 금융 메인뉴스 + 구글뉴스 RSS,gnews,구글뉴스,코스피 개인 순매수,"Mon, 03 Aug 2026 11:40:00 GMT",,,후회·손실고통,53,30a9d68a5c8e,“탈출하면 다신 국장 안 해” 코스피 급등하자 국내 ETF 내던졌다 [투자360] - 헤럴드경제
DM-002896,raw_news.csv,425,crawler_news3.py,네이버 금융 메인뉴스 + 구글뉴스 RSS,gnews,구글뉴스,코스피 개인 순매수,"Thu, 30 Jul 2026 06:05:31 GMT",,,,37,d0326dbd5773,코스피 약세 지속…개인은 팔고 외국인·기관은 사고 - 매일경제 마켓
DM-002897,raw_news.csv,426,crawler_news3.py,네이버 금융 메인뉴스 + 구글뉴스 RSS,gnews,구글뉴스,코스피 개인 순매수,"Mon, 03 Aug 2026 01:08:00 GMT",,,,40,8c8e6edb2a52,코스피 6300선도 위태…개인 2조 순매수에도 하락 [시황] - 데일리안
DM-002898,raw_news.csv,427,crawler_news3.py,네이버 금융 메인뉴스 + 구글뉴스 RSS,gnews,구글뉴스,코스피 개인 순매수,"Tue, 14 Jul 2026 07:00:00 GMT",,,불안·공포,49,b69642785849,코스피 9%폭락에도 개인 '하닉 레버리지' 6천억 순매수…역추세추종 뚜렷 - 연합인포맥스
DM-002899,raw_news.csv,428,crawler_news3.py,네이버 금융 메인뉴스 + 구글뉴스 RSS,gnews,구글뉴스,코스피 개인 순매수,"Sat, 01 Aug 2026 11:34:50 GMT",,,,44,f114649a8d5a,"개인투자자, 올해 코스피 110조 살 때 ETF도 70조 순매수 - 매일경제TV"
DM-002900,raw_news.csv,429,crawler_news3.py,네이버 금융 메인뉴스 + 구글뉴스 RSS,gnews,구글뉴스,코스피 개인 순매수,"Fri, 31 Jul 2026 04:44:28 GMT",,,,40,e83b0b195f91,"코스피, 15% 급등…외국인 9조 순매수에 반도체株 '폭등' - 한국경제"
DM-002901,raw_news.csv,430,crawler_news3.py,네이버 금융 메인뉴스 + 구글뉴스 RSS,gnews,구글뉴스,코스피 개인 순매수,"Sun, 02 Aug 2026 03:00:00 GMT",,,,77,cc29db0ba419,기관 'SK하이닉스'·외인 'SK스퀘어'·개인 '삼성SDI' 1위 [주간 코스피 순매수- 2026년 7월27일~7월31일] - 한국금융신문
DM-002902,raw_news.csv,431,crawler_news3.py,네이버 금융 메인뉴스 + 구글뉴스 RSS,gnews,구글뉴스,코스피 개인 순매수,"Sun, 26 Jul 2026 07:00:00 GMT",,,분노·불신,51,9271ed62364e,"개미들, 코스피 110조 살 때 ETF도 70조 순매수했다 - 조선비즈 - Chosunbiz"
DM-002903,raw_news.csv,432,crawler_news3.py,네이버 금융 메인뉴스 + 구글뉴스 RSS,gnews,구글뉴스,코스피 개인 순매수,"Mon, 03 Aug 2026 06:37:43 GMT",,,,44,7372d0739e46,[마감시황] 개인 4조6500억 저가매수에도…코스피 5% 급락 마감 - 아주경제
DM-002904,raw_news.csv,433,crawler_news3.py,네이버 금융 메인뉴스 + 구글뉴스 RSS,gnews,구글뉴스,코스피 개인 순매수,"Mon, 27 Jul 2026 07:52:29 GMT",,,,49,1ccfdf45b5fd,[증시 인사이트] 외국인 매도에도 개인·기관 순매수에 코스피 상승 - v.daum.net
DM-002905,raw_news.csv,434,crawler_news3.py,네이버 금융 메인뉴스 + 구글뉴스 RSS,gnews,구글뉴스,코스피 개인 순매수,"Sun, 26 Jul 2026 07:00:00 GMT",,,,42,e59252892b42,"개인투자자, 올해 코스피 110조 살 때 ETF도 70조 순매수 - 연합뉴스"
DM-002906,raw_news.csv,435,crawler_news3.py,네이버 금융 메인뉴스 + 구글뉴스 RSS,gnews,구글뉴스,코스피 개인 순매수,"Fri, 24 Jul 2026 07:00:00 GMT",,,불안·공포,52,9b6cfa87302d,개인 순매수에도 '역부족' 코스피 털썩…단일종목 레버리지 15%대 폭락 - v.daum.net
DM-002907,raw_news.csv,436,crawler_news3.py,네이버 금융 메인뉴스 + 구글뉴스 RSS,gnews,구글뉴스,코스피 개인 순매수,"Fri, 15 May 2026 07:00:00 GMT",,,,48,1fa188eaee47,"개인 ‘역대급 7.2조 순매수’에도…코스피, 8000선 닿자마자 6% 급락 - 경향신문"
DM-002908,raw_news.csv,437,crawler_news3.py,네이버 금융 메인뉴스 + 구글뉴스 RSS,gnews,구글뉴스,코스피 개인 순매수,"Wed, 29 Jul 2026 07:12:25 GMT",,,,50,0dd582d0a325,"코스피 톱텐 전멸, 6% 내린 5600대 마감...기관 순매수에 낙폭 축소 - 오피니언뉴스"
DM-002909,raw_news.csv,438,crawler_news3.py,네이버 금융 메인뉴스 + 구글뉴스 RSS,gnews,구글뉴스,코스피 개인 순매수,"Sat, 01 Aug 2026 22:04:00 GMT",,,분노·불신,49,f333b4459b71,"[주식 소화불량④] 삼전 대신 S&P500…롤러코스피에 지친 개미, 미국으로 - 데일리안"
DM-002910,raw_news.csv,439,crawler_news3.py,네이버 금융 메인뉴스 + 구글뉴스 RSS,gnews,구글뉴스,코스피 개인 순매수,"Tue, 26 May 2026 07:00:00 GMT",,,,40,e5c5925ddd17,"코스피, 장중 8,100선 돌파…외국인 13일만에 순매수 - KBS 뉴스"
DM-002911,raw_news.csv,440,crawler_news3.py,네이버 금융 메인뉴스 + 구글뉴스 RSS,gnews,구글뉴스,코스피 개인 순매수,"Mon, 27 Jul 2026 07:05:19 GMT",,,,53,4e063392146d,"'막판 뒷심' 코스피, 0.97% 오른 6577.75 마감...개인·기관 순매수 - 오피니언뉴스"
DM-002912,raw_news.csv,441,crawler_news3.py,네이버 금융 메인뉴스 + 구글뉴스 RSS,gnews,구글뉴스,코스피 개인 순매수,"Mon, 27 Jul 2026 00:18:14 GMT",,,,41,4012a1420104,"[개장 시황] 코스피, 상승 출발…개인 순매수에 반도체주 혼조 - 필드뉴스"
DM-002913,raw_news.csv,442,crawler_news3.py,네이버 금융 메인뉴스 + 구글뉴스 RSS,gnews,구글뉴스,코스피 개인 순매수,"Sun, 26 Jul 2026 05:56:18 GMT",,,,49,8a9ed2fc4292,"개인 올해 ETF 69.5조 순매수, 코스피 주식 순매수의 63% 규모 - 비즈니스포스트"
DM-002914,raw_news.csv,443,crawler_news3.py,네이버 금융 메인뉴스 + 구글뉴스 RSS,gnews,구글뉴스,코스피 개인 순매수,"Fri, 24 Jul 2026 07:00:00 GMT",,,,51,d1123d613494,5.5조 순매수 후 장초반 '팔자'…외국인 돌아오면 코스피 날개 달까 - v.daum.net
DM-002915,raw_news.csv,444,crawler_news3.py,네이버 금융 메인뉴스 + 구글뉴스 RSS,gnews,구글뉴스,코스피 개인 순매수,"Wed, 29 Jul 2026 01:21:56 GMT",,,,47,9b683c5f7669,"코스피, 기관 7000억 순매수에 1%대 반등…개인·외국인은 매도세 - 주간시사매거진"
DM-002916,raw_news.csv,445,crawler_news3.py,네이버 금융 메인뉴스 + 구글뉴스 RSS,gnews,구글뉴스,코스피 개인 순매수,"Mon, 04 May 2026 07:00:00 GMT",,,,53,a2729471ae8c,"[투자자 순매수] 외국인 투자자, 코스피 랠리 속 개인 3배 수익률 달성 - v.daum.net"
DM-002917,raw_news.csv,446,crawler_news3.py,네이버 금융 메인뉴스 + 구글뉴스 RSS,gnews,구글뉴스,코스피 개인 순매수,"Tue, 16 Jun 2026 07:00:00 GMT",,,,41,45d97ed2fbea,"코스피, 8700선 탈환…종전 훈풍에 외국인·기관 순매수 - 매일경제 마켓"
DM-002918,raw_dcinside.csv,2,crawler_dcinside.py,디시인사이드 주식갤 4개(제목·본문),dc_title,디시 제목,국내주식갤,,,3328,,39,f56d84e8c1c3,2026 8월 1주 Global Portfolio 전략 Top Pick
DM-002919,raw_dcinside.csv,3,crawler_dcinside.py,디시인사이드 주식갤 4개(제목·본문),dc_title,디시 제목,국내주식갤,,,3326,,35,9c8e119bacd0,"2026 반도체 AI 데이터센터 투자 시대, 건설주 최대 수혜주"
DM-002920,raw_dcinside.csv,4,crawler_dcinside.py,디시인사이드 주식갤 4개(제목·본문),dc_title,디시 제목,국내주식갤,,,3325,분노·불신,23,7b9d5c97a40f,씨 ㅂ 돌대가리 개미들아 내일은 쳐사지마라
DM-002921,raw_dcinside.csv,5,crawler_dcinside.py,디시인사이드 주식갤 4개(제목·본문),dc_title,디시 제목,국내주식갤,,,3324,,14,f9c5e149d70d,사나이테스트 왜캐 씨게하냐
DM-002922,raw_dcinside.csv,6,crawler_dcinside.py,디시인사이드 주식갤 4개(제목·본문),dc_title,디시 제목,국내주식갤,,,3323,,39,22b72bf1023e,얘들아 악성매물대 말인데 완전히 소화되는데 1년이 넘게걸리는거 허다함?
DM-002923,raw_dcinside.csv,7,crawler_dcinside.py,디시인사이드 주식갤 4개(제목·본문),dc_title,디시 제목,국내주식갤,,,3322,,39,09e5091ba4eb,주식 종목 발굴할때 말인데 시총 그나마 상위 100위 안에 드는 종목들
DM-002924,raw_dcinside.csv,8,crawler_dcinside.py,디시인사이드 주식갤 4개(제목·본문),dc_title,디시 제목,국내주식갤,,,3320,,18,230c93a8acb1,삼전 하닉보다 *스가 최고다...
DM-002925,raw_dcinside.csv,9,crawler_dcinside.py,디시인사이드 주식갤 4개(제목·본문),dc_title,디시 제목,국내주식갤,,,3319,,34,121f9125d1c4,단일종목 레버리지  더강화조치로 1억으로 하면 해결되는거아님?
DM-002926,raw_dcinside.csv,10,crawler_dcinside.py,디시인사이드 주식갤 4개(제목·본문),dc_title,디시 제목,국내주식갤,,,3318,,34,93ba66dab254,AI 시장의 대전환 시작! AI 인프라 관련주 TOP5 총정리
DM-002927,raw_dcinside.csv,11,crawler_dcinside.py,디시인사이드 주식갤 4개(제목·본문),dc_title,디시 제목,국내주식갤,,,3317,,16,937ebab064d2,효성화학 사라 지금이 최저가임
DM-002928,raw_dcinside.csv,12,crawler_dcinside.py,디시인사이드 주식갤 4개(제목·본문),dc_title,디시 제목,국내주식갤,,,3315,,24,9b8d9343b7a3,근데 단일종목 레버리지 정부 왜이렇게 욕먹냐
DM-002929,raw_dcinside.csv,13,crawler_dcinside.py,디시인사이드 주식갤 4개(제목·본문),dc_title,디시 제목,국내주식갤,,,3314,,33,f8973eb21b18,"집 나가려던 그녀, 69초 후 15층 발코니에서 추락… 왜?"
DM-002930,raw_dcinside.csv,14,crawler_dcinside.py,디시인사이드 주식갤 4개(제목·본문),dc_title,디시 제목,국내주식갤,,,3313,후회·손실고통,27,b2c336e4d842,"146명 사망, 18분간 4개의 탈출구가 사라졌다"
DM-002931,raw_dcinside.csv,15,crawler_dcinside.py,디시인사이드 주식갤 4개(제목·본문),dc_title,디시 제목,국내주식갤,,,3311,분노·불신,20,cb23fbd856e4,개미들 익명그룹방에서 정보 공유합시다
DM-002932,raw_dcinside.csv,16,crawler_dcinside.py,디시인사이드 주식갤 4개(제목·본문),dc_title,디시 제목,국내주식갤,,,3310,,40,00b6a00b7b79,"5주 전 외국인이 순매수한 섹터 건강관리, 그 뒤 5주 수급이 흥미롭네요"
DM-002933,raw_dcinside.csv,17,crawler_dcinside.py,디시인사이드 주식갤 4개(제목·본문),dc_title,디시 제목,국내주식갤,,,3306,분노·불신,30,300756615825,사기업에서도 국무회의처럼 회의 중계 필수로 해야됨 ㅇㅇ
DM-002934,raw_dcinside.csv,18,crawler_dcinside.py,디시인사이드 주식갤 4개(제목·본문),dc_title,디시 제목,국내주식갤,,,3305,,7,b0d1f8d83d19,키움 승질나네
DM-002935,raw_dcinside.csv,19,crawler_dcinside.py,디시인사이드 주식갤 4개(제목·본문),dc_title,디시 제목,국내주식갤,,,3304,,12,1ce93f3e5e9e,키움 접속  왜 안되냐
DM-002936,raw_dcinside.csv,20,crawler_dcinside.py,디시인사이드 주식갤 4개(제목·본문),dc_title,디시 제목,국내주식갤,,,3302,,12,0f4cdc4caa88,자산관리앱 도미노 대체
DM-002937,raw_dcinside.csv,21,crawler_dcinside.py,디시인사이드 주식갤 4개(제목·본문),dc_title,디시 제목,국내주식갤,,,3301,FOMO·상대적박탈감,26,fb4f198edb65,삼성전자 19~20에 들어간 사람들 존나 부럽다
DM-002938,raw_dcinside.csv,22,crawler_dcinside.py,디시인사이드 주식갤 4개(제목·본문),dc_title,디시 제목,국내주식갤,,,3299,,27,54d6cbe4a81e,키옥시아랑 하닉이랑 1도 관련없다 기회줄때 하닉사
DM-002939,raw_dcinside.csv,23,crawler_dcinside.py,디시인사이드 주식갤 4개(제목·본문),dc_title,디시 제목,국내주식갤,,,3298,,23,8be011818ab9,아시발 하닉 상에 2억 미수 갈겻는데 머냐
DM-002940,raw_dcinside.csv,24,crawler_dcinside.py,디시인사이드 주식갤 4개(제목·본문),dc_title,디시 제목,국내주식갤,,,3297,,30,c87597cb08d8,어제 마지막 레버라고 하닉 하따친놈은 배때지 쳐불렀겠네
DM-002941,raw_dcinside.csv,25,crawler_dcinside.py,디시인사이드 주식갤 4개(제목·본문),dc_title,디시 제목,국내주식갤,,,3296,,17,2ecb05da33c4,하닉 풀미수 1억5천 갈김 ㅋㅋ
DM-002942,raw_dcinside.csv,26,crawler_dcinside.py,디시인사이드 주식갤 4개(제목·본문),dc_title,디시 제목,국내주식갤,,,3295,,27,61cc9714ac30,하닉인버스지금사면 어짜피 더 밑으로 못가는거아님?
DM-002943,raw_dcinside.csv,27,crawler_dcinside.py,디시인사이드 주식갤 4개(제목·본문),dc_title,디시 제목,국내주식갤,,,3294,,15,22d469ffab58,다들 많이들 벌고 있을텐데.
DM-002944,raw_dcinside.csv,28,crawler_dcinside.py,디시인사이드 주식갤 4개(제목·본문),dc_title,디시 제목,국내주식갤,,,3293,,15,39b6c98a5d7b,형들 궁금한게 있어 (국장)
DM-002945,raw_dcinside.csv,29,crawler_dcinside.py,디시인사이드 주식갤 4개(제목·본문),dc_title,디시 제목,국내주식갤,,,3292,불안·공포,22,20b421864e6a,주식 대폭락 경험자는 앞으로 주식 안한다
DM-002946,raw_dcinside.csv,30,crawler_dcinside.py,디시인사이드 주식갤 4개(제목·본문),dc_title,디시 제목,국내주식갤,,,3291,,14,da6f0b2bed80,이제부터 존나 오르는 이유
DM-002947,raw_dcinside.csv,31,crawler_dcinside.py,디시인사이드 주식갤 4개(제목·본문),dc_title,디시 제목,국내주식갤,,,3290,,35,a5e30da4fabf,하도 빠져서 상한가쳐도 감흥이없네 ㅋㅋㅋㅋㅋㅋㅋㅋㅋㅋㅋㅋㅋㅋㅋㅋ
DM-002948,raw_dcinside.csv,32,crawler_dcinside.py,디시인사이드 주식갤 4개(제목·본문),dc_title,디시 제목,국내주식갤,,,3289,,35,ace03c40e437,2026년 하반기 2차전지 관련주 전망 실적 개선 TOP4 종목
DM-002949,raw_dcinside.csv,33,crawler_dcinside.py,디시인사이드 주식갤 4개(제목·본문),dc_title,디시 제목,국내주식갤,,,3288,,13,6d582dbf10ce,단타로 700먹고 나간다
DM-002950,raw_dcinside.csv,34,crawler_dcinside.py,디시인사이드 주식갤 4개(제목·본문),dc_title,디시 제목,국내주식갤,,,3287,,22,292fb0d1a408,그래도 숨통은 트이네 잠도 잘 못 잤는데
DM-002951,raw_dcinside.csv,35,crawler_dcinside.py,디시인사이드 주식갤 4개(제목·본문),dc_title,디시 제목,국내주식갤,,,3286,후회·손실고통,24,bc9f52758472,아직도 국장하노? 하루만에 손실금 복구 방법
DM-002952,raw_dcinside.csv,36,crawler_dcinside.py,디시인사이드 주식갤 4개(제목·본문),dc_title,디시 제목,국내주식갤,,,3285,분노·불신,21,db48b500f067,사기꾼인거 알면서 투자해놓고 왜 비명임
DM-002953,raw_dcinside.csv,37,crawler_dcinside.py,디시인사이드 주식갤 4개(제목·본문),dc_title,디시 제목,국내주식갤,,,3284,,13,89c95e769493,완전  바카라 도박장이네
DM-002954,raw_dcinside.csv,38,crawler_dcinside.py,디시인사이드 주식갤 4개(제목·본문),dc_title,디시 제목,국내주식갤,,,3283,,21,712ce1d5f170,연기금 오늘 팔고 리밸런스 하면 되겧네
DM-002955,raw_dcinside.csv,39,crawler_dcinside.py,디시인사이드 주식갤 4개(제목·본문),dc_title,디시 제목,국내주식갤,,,3281,,12,861df4ed597c,범국가적으로 분석중이다
DM-002956,raw_dcinside.csv,40,crawler_dcinside.py,디시인사이드 주식갤 4개(제목·본문),dc_title,디시 제목,국내주식갤,,,3280,,20,055cf8fea14c,미장 ㅈㄴ오르는데 하닉이 왜 떨어져?
DM-002957,raw_dcinside.csv,41,crawler_dcinside.py,디시인사이드 주식갤 4개(제목·본문),dc_title,디시 제목,국내주식갤,,,3279,,14,aa7b411081c4,김용범 청문회 기싸움 영상
DM-002958,raw_dcinside.csv,42,crawler_dcinside.py,디시인사이드 주식갤 4개(제목·본문),dc_title,디시 제목,국내주식갤,,,3278,,17,fb3cef1ab43d,주식때문에 이혼하게 생김 조언좀
DM-002959,raw_dcinside.csv,43,crawler_dcinside.py,디시인사이드 주식갤 4개(제목·본문),dc_title,디시 제목,국내주식갤,,,3276,,26,42e883feaa3a,ETF 2배 레버러지 샀는데 왜 더 손해인가요?
DM-002960,raw_dcinside.csv,44,crawler_dcinside.py,디시인사이드 주식갤 4개(제목·본문),dc_title,디시 제목,국내주식갤,,,3275,,21,fb8be1317d55,국장에서 원웨이로 누워있는게 미친짓이지
DM-002961,raw_dcinside.csv,45,crawler_dcinside.py,디시인사이드 주식갤 4개(제목·본문),dc_title,디시 제목,국내주식갤,,,3274,,40,534dd2a652e4,"2026 지주회사 관련주｜LG, HD현대, 한화, LS, CJ 주가 전망"
DM-002962,raw_dcinside.csv,46,crawler_dcinside.py,디시인사이드 주식갤 4개(제목·본문),dc_title,디시 제목,국내주식갤,,,3272,,38,1c9f8deff852,참치 공장 끔찍 참극: 12톤 참치 뒤에 갇힌 남자의 마지막 순간은?
DM-002963,raw_dcinside.csv,47,crawler_dcinside.py,디시인사이드 주식갤 4개(제목·본문),dc_title,디시 제목,국내주식갤,,,3271,,22,f24dc6427754,오늘 코덱스 200커버드콜액티브 배당락임
DM-002964,raw_dcinside.csv,48,crawler_dcinside.py,디시인사이드 주식갤 4개(제목·본문),dc_title,디시 제목,국내주식갤,,,3269,,24,1cf937900810,삼닉 10~15만원선이 적정가임 부정하지마셈
DM-002965,raw_dcinside.csv,49,crawler_dcinside.py,디시인사이드 주식갤 4개(제목·본문),dc_title,디시 제목,국내주식갤,,,3268,,24,7fa5eadfffc5,전에 전세금 빼서 주식 박은 공무원 있었자나
DM-002966,raw_dcinside.csv,50,crawler_dcinside.py,디시인사이드 주식갤 4개(제목·본문),dc_title,디시 제목,국내주식갤,,,3267,,25,85f64f120aa9,미국유럽처럼 스포츠 토토랑 카지노 합법화 해라
DM-002967,raw_dcinside.csv,51,crawler_dcinside.py,디시인사이드 주식갤 4개(제목·본문),dc_title,디시 제목,국내주식갤,,,3266,,32,47242795ce34,"김정남 VX 테러, CCTV 속 도주한 네 남자의 행방은?"
DM-002968,raw_dcinside.csv,52,crawler_dcinside.py,디시인사이드 주식갤 4개(제목·본문),dc_title,디시 제목,국내주식갤,,,3265,,12,eafbbf8b38af,삼전 32층도 있어요~
DM-002969,raw_dcinside.csv,53,crawler_dcinside.py,디시인사이드 주식갤 4개(제목·본문),dc_title,디시 제목,국내주식갤,,,3262,,22,d359d9d3d329,존나궁금) 국장에 장기투자는 틀린거임??
DM-002970,raw_dcinside.csv,54,crawler_dcinside.py,디시인사이드 주식갤 4개(제목·본문),dc_title,디시 제목,국내주식갤,,,3261,,32,1673324db160,국장하는 병신들은 왜 지들이 물려놓고 정부탓하고 있냐?ㅋㅋ
DM-002971,raw_dcinside.csv,55,crawler_dcinside.py,디시인사이드 주식갤 4개(제목·본문),dc_title,디시 제목,국내주식갤,,,3259,,4,f551c14798b3,리밸런싱
DM-002972,raw_dcinside.csv,56,crawler_dcinside.py,디시인사이드 주식갤 4개(제목·본문),dc_title,디시 제목,국내주식갤,,,3258,,18,8c6b3458e911,5천찍고 반등이나 횡보 가능하냐?
DM-002973,raw_dcinside.csv,57,crawler_dcinside.py,디시인사이드 주식갤 4개(제목·본문),dc_title,디시 제목,국내주식갤,,,3257,,12,b66c6dc0590f,여기 왜 념글 안뜨냐?
DM-002974,raw_dcinside.csv,58,crawler_dcinside.py,디시인사이드 주식갤 4개(제목·본문),dc_title,디시 제목,국내주식갤,,,3256,,21,78983d783d32,취업했는데 적금들까 ETF 할까 고민임
DM-002975,raw_dcinside.csv,59,crawler_dcinside.py,디시인사이드 주식갤 4개(제목·본문),dc_title,디시 제목,국내주식갤,,,3255,,12,3187b5f6e58e,26년은 최악의 연도다
DM-002976,raw_dcinside.csv,60,crawler_dcinside.py,디시인사이드 주식갤 4개(제목·본문),dc_title,디시 제목,국내주식갤,,,3252,,29,ca7f568fb273,주식 입문하려는데 하닉 6~7층 쯤 때 괜찮을까요 ?
DM-002977,raw_dcinside.csv,61,crawler_dcinside.py,디시인사이드 주식갤 4개(제목·본문),dc_title,디시 제목,국내주식갤,,,3251,,17,08ce851d2954,삼전 16 하닉 83 까지갑니다
DM-002978,raw_dcinside.csv,62,crawler_dcinside.py,디시인사이드 주식갤 4개(제목·본문),dc_title,디시 제목,국내주식갤,,,3250,,18,9d416b18d44a,당분간 주가 오를 수가 없는 이유
DM-002979,raw_dcinside.csv,63,crawler_dcinside.py,디시인사이드 주식갤 4개(제목·본문),dc_title,디시 제목,국내주식갤,,,3249,,12,c6ec8431af15,지금사야지 병신새끼들아
DM-002980,raw_dcinside.csv,64,crawler_dcinside.py,디시인사이드 주식갤 4개(제목·본문),dc_title,디시 제목,국내주식갤,,,3248,,12,4220cb8bf373,삼전하닉만 떨어진거아냐
DM-002981,raw_dcinside.csv,65,crawler_dcinside.py,디시인사이드 주식갤 4개(제목·본문),dc_title,디시 제목,국내주식갤,,,3247,,21,5cc8ee6deb40,이 이상의 지옥은 없을거라 믿고 싶었어
DM-002982,raw_dcinside.csv,66,crawler_dcinside.py,디시인사이드 주식갤 4개(제목·본문),dc_title,디시 제목,국내주식갤,,,3246,,6,9c0af971abbd,살자하로간다
DM-002983,raw_dcinside.csv,67,crawler_dcinside.py,디시인사이드 주식갤 4개(제목·본문),dc_title,디시 제목,국내주식갤,,,3245,,22,d6967c74555a,삼성전자 너는 애국마저 최강이라는 말이냐
DM-002984,raw_dcinside.csv,68,crawler_dcinside.py,디시인사이드 주식갤 4개(제목·본문),dc_title,디시 제목,국내주식갤,,,3244,,19,1532b943f9b9,6.3 선거전에 정리하고 관망중인데
DM-002985,raw_dcinside.csv,69,crawler_dcinside.py,디시인사이드 주식갤 4개(제목·본문),dc_title,디시 제목,국내주식갤,,,3243,,15,2d88a433945c,지금 단타도 함부러 못치겠노
DM-002986,raw_dcinside.csv,70,crawler_dcinside.py,디시인사이드 주식갤 4개(제목·본문),dc_title,디시 제목,국내주식갤,,,3242,,27,10fb1ab01b26,삼전5만원 하닉20만원이였는데 왜 아픈소리들을함?
DM-002987,raw_dcinside.csv,71,crawler_dcinside.py,디시인사이드 주식갤 4개(제목·본문),dc_title,디시 제목,국내주식갤,,,3241,,21,bdcc014bfff6,집값 1억올랐는데 주식으로 1억 날렸노
DM-002988,raw_dcinside.csv,72,crawler_dcinside.py,디시인사이드 주식갤 4개(제목·본문),dc_title,디시 제목,국내주식갤,,,3240,,8,f6b6788ccc7b,아이고..곡소리
DM-002989,raw_dcinside.csv,73,crawler_dcinside.py,디시인사이드 주식갤 4개(제목·본문),dc_title,디시 제목,국내주식갤,,,3237,,38,f3395eb9afa6,2026년 하반기 주식 추천 종목 분석｜TOP5 목표주가 및 투자전략
DM-002990,raw_dcinside.csv,74,crawler_dcinside.py,디시인사이드 주식갤 4개(제목·본문),dc_title,디시 제목,국내주식갤,,,3236,,39,51f5860b2150,2026 7월 5주 Global Portfolio 전략 Top Pick
DM-002991,raw_dcinside.csv,75,crawler_dcinside.py,디시인사이드 주식갤 4개(제목·본문),dc_title,디시 제목,국내주식갤,,,3235,,12,5204dcb4bdea,그래도 다들 이득아님?
DM-002992,raw_dcinside.csv,76,crawler_dcinside.py,디시인사이드 주식갤 4개(제목·본문),dc_title,디시 제목,국내주식갤,,,3234,,18,6fe9d9be57a2,고양이가 아침에 매도 버튼 눌렀다
DM-002993,raw_dcinside.csv,77,crawler_dcinside.py,디시인사이드 주식갤 4개(제목·본문),dc_title,디시 제목,국내주식갤,,,3233,,9,4aabcd6b88c1,내일 단타금지다.
DM-002994,raw_dcinside.csv,78,crawler_dcinside.py,디시인사이드 주식갤 4개(제목·본문),dc_title,디시 제목,국내주식갤,,,3232,,17,5937bbc3ce4b,전원주도 좃같아서 하닉팔듯  ㅋ
DM-002995,raw_dcinside.csv,79,crawler_dcinside.py,디시인사이드 주식갤 4개(제목·본문),dc_title,디시 제목,국내주식갤,,,3231,,20,9304413313a0,??? : 삼성전자 10만간다....
DM-002996,raw_dcinside.csv,80,crawler_dcinside.py,디시인사이드 주식갤 4개(제목·본문),dc_title,디시 제목,국내주식갤,,,3230,,26,ae11310c184c,야야 그러니까 낼 하닉 155에서도 떨어진다고?
DM-002997,raw_dcinside.csv,81,crawler_dcinside.py,디시인사이드 주식갤 4개(제목·본문),dc_title,디시 제목,국내주식갤,,,3229,,15,2cfdcd67aca3,하닉 100 깨질 건데 ㅋㅋ
DM-002998,raw_dcinside.csv,82,crawler_dcinside.py,디시인사이드 주식갤 4개(제목·본문),dc_title,디시 제목,국내주식갤,,,3228,,15,9b8aa9fc2b6e,스퀘어 200만이면 사형임?
DM-002999,raw_dcinside.csv,83,crawler_dcinside.py,디시인사이드 주식갤 4개(제목·본문),dc_title,디시 제목,국내주식갤,,,3227,,24,ab6fd72091d6,회사 노괴 포티 피프티들 곱창난거 ㅈㄴ 좋다
DM-003000,raw_dcinside.csv,84,crawler_dcinside.py,디시인사이드 주식갤 4개(제목·본문),dc_title,디시 제목,국내주식갤,,,3226,,24,d00b2bb33601,오늘 하루 2천 날아갔는데 밥은 존나 맛있네
DM-003001,raw_dcinside.csv,85,crawler_dcinside.py,디시인사이드 주식갤 4개(제목·본문),dc_title,디시 제목,국내주식갤,,,3225,,21,c89a4afc9070,와시발 24에서 저점이네 들어갈까했는데
DM-003002,raw_dcinside.csv,86,crawler_dcinside.py,디시인사이드 주식갤 4개(제목·본문),dc_title,디시 제목,국내주식갤,,,3224,,7,7c8d3c743371,잘 먹고갑니다
DM-003003,raw_dcinside.csv,87,crawler_dcinside.py,디시인사이드 주식갤 4개(제목·본문),dc_title,디시 제목,국내주식갤,,,3222,,6,18b3dab6f348,너네들 특징
DM-003004,raw_dcinside.csv,88,crawler_dcinside.py,디시인사이드 주식갤 4개(제목·본문),dc_title,디시 제목,국내주식갤,,,3220,,26,ad583ce251bd,하루만에 4년치 은행이자 쳐날려먹는 주식 ㅋㅋㅋ
DM-003005,raw_dcinside.csv,89,crawler_dcinside.py,디시인사이드 주식갤 4개(제목·본문),dc_title,디시 제목,국내주식갤,,,3219,,40,510569f37267,AI는 6만 명 중 한 명을 어떻게 잡았나? '사고목격자'가 밝히는 진실
DM-003006,raw_dcinside.csv,90,crawler_dcinside.py,디시인사이드 주식갤 4개(제목·본문),dc_title,디시 제목,국내주식갤,,,3218,,14,fb1f5c147674,레버리지 무슨생각으로 함?
DM-003007,raw_dcinside.csv,91,crawler_dcinside.py,디시인사이드 주식갤 4개(제목·본문),dc_title,디시 제목,국내주식갤,,,3217,,40,041fc0a1d7ff,이재명 씨발아 부자들 돈 뺏어서 강제로 삼전하닉 매수시켜서 코스피 유지해
DM-003008,raw_dcinside.csv,92,crawler_dcinside.py,디시인사이드 주식갤 4개(제목·본문),dc_title,디시 제목,국내주식갤,,,3216,,24,b61a62f26a9b,코덱스200커버드콜액티브 배당 얼마 나오려나
DM-003009,raw_dcinside.csv,93,crawler_dcinside.py,디시인사이드 주식갤 4개(제목·본문),dc_title,디시 제목,국내주식갤,,,3215,,40,850c77062c45,"수술대 위의 아이러니: '오른쪽' 동의서, '왼쪽' 수술대 위에서 벌어진"
DM-003010,raw_dcinside.csv,94,crawler_dcinside.py,디시인사이드 주식갤 4개(제목·본문),dc_title,디시 제목,국내주식갤,,,3214,,22,fd3f5c650f2c,진짜 개작살난 병신장에서 제일 개좆같은점
DM-003011,raw_dcinside.csv,95,crawler_dcinside.py,디시인사이드 주식갤 4개(제목·본문),dc_title,디시 제목,국내주식갤,,,3213,후회·손실고통,17,72308df3743c,진짜 씨발 개좆같이 쳐물렸네 하
DM-003012,raw_dcinside.csv,96,crawler_dcinside.py,디시인사이드 주식갤 4개(제목·본문),dc_title,디시 제목,국내주식갤,,,3212,,13,d8573512e10c,나 진짜 어떡하지....
DM-003013,raw_dcinside.csv,97,crawler_dcinside.py,디시인사이드 주식갤 4개(제목·본문),dc_title,디시 제목,국내주식갤,,,3211,,35,9f2437a231db,수술실의 망각: 13인치 견인기가 몸 안에 남겨진 충격적인 진실
DM-003014,raw_dcinside.csv,98,crawler_dcinside.py,디시인사이드 주식갤 4개(제목·본문),dc_title,디시 제목,국내주식갤,,,3208,,16,8d945e408ea4,다들 주식종목 어케발굴함???
DM-003015,raw_dcinside.csv,99,crawler_dcinside.py,디시인사이드 주식갤 4개(제목·본문),dc_title,디시 제목,국내주식갤,,,3206,,19,ba890a81aede,거래량 변화에서 종목 아이디어 찾기
DM-003016,raw_dcinside.csv,100,crawler_dcinside.py,디시인사이드 주식갤 4개(제목·본문),dc_title,디시 제목,국내주식갤,,,3203,,20,562f9ff71bad,주식이 오르든 말든 나처럼 단타를 쳐
DM-003017,raw_dcinside.csv,101,crawler_dcinside.py,디시인사이드 주식갤 4개(제목·본문),dc_title,디시 제목,국내주식갤,,,3202,,38,49222bb64d12,"2026 방산주 전망 탄도탄 요격 미사일 공급 부족, K-방산 수혜주"
DM-003018,raw_dcinside.csv,102,crawler_dcinside.py,디시인사이드 주식갤 4개(제목·본문),dc_title,디시 제목,국내주식갤,,,3201,,40,b8994d9ec181,"하늘로 쏜 총 한 발, 1.5마일 밖 소녀의 죽음으로… 작은 실수가 참사"
DM-003019,raw_dcinside.csv,103,crawler_dcinside.py,디시인사이드 주식갤 4개(제목·본문),dc_title,디시 제목,국내주식갤,,,3200,,15,34d67c4bae3b,네보미 한국주식갤러리가면있음
DM-003020,raw_dcinside.csv,104,crawler_dcinside.py,디시인사이드 주식갤 4개(제목·본문),dc_title,디시 제목,국내주식갤,,,3198,,12,b729310a07a8,ueLdhamXjnwm
DM-003021,raw_dcinside.csv,105,crawler_dcinside.py,디시인사이드 주식갤 4개(제목·본문),dc_title,디시 제목,국내주식갤,,,3197,,12,d84392125db6,IWziPmVnEYQv
DM-003022,raw_dcinside.csv,106,crawler_dcinside.py,디시인사이드 주식갤 4개(제목·본문),dc_title,디시 제목,국내주식갤,,,3196,,27,445723cad09c,코오롱티슈진 임상 실패로부터 우리가 배워야 할 것
DM-003023,raw_dcinside.csv,107,crawler_dcinside.py,디시인사이드 주식갤 4개(제목·본문),dc_title,디시 제목,국내주식갤,,,3193,,13,a9c82659cd54,아직도 국내주식한다고??
DM-003024,raw_dcinside.csv,108,crawler_dcinside.py,디시인사이드 주식갤 4개(제목·본문),dc_title,디시 제목,국내주식갤,,,3191,,36,b204427ced69,2Q26 Review 하반기 AI·전력·바이오·태양광·금융 수혜주
DM-003025,raw_dcinside.csv,109,crawler_dcinside.py,디시인사이드 주식갤 4개(제목·본문),dc_title,디시 제목,국내주식갤,,,3190,,18,cd0905a9e09e,주린이 국내주식 궁금한거 질문좀요
DM-003026,raw_dcinside.csv,110,crawler_dcinside.py,디시인사이드 주식갤 4개(제목·본문),dc_title,디시 제목,국내주식갤,,,3189,,19,9cd36c9e25ab,하닉 140까진 무조간 빠지는 이유
DM-003027,raw_dcinside.csv,111,crawler_dcinside.py,디시인사이드 주식갤 4개(제목·본문),dc_title,디시 제목,국내주식갤,,,3188,,17,9ec52b078460,기업의 기본 체력을 AI로 점검
DM-003028,raw_dcinside.csv,112,crawler_dcinside.py,디시인사이드 주식갤 4개(제목·본문),dc_title,디시 제목,국내주식갤,,,3187,,24,33a08f65b755,주식은 내가봤을땐 2번정도 기회 남았어 ㅇㅇ
DM-003029,raw_dcinside.csv,113,crawler_dcinside.py,디시인사이드 주식갤 4개(제목·본문),dc_title,디시 제목,국내주식갤,,,3186,,40,a94d3d464eeb,"단 한마디 오해, 5명 사망 379명은 불타는 여객기에서 어떻게 살아 나"
DM-003030,raw_dcinside.csv,114,crawler_dcinside.py,디시인사이드 주식갤 4개(제목·본문),dc_title,디시 제목,국내주식갤,,,3184,,24,5748ea530fb3,"40일간 아마존 정글, 네 남매 생존의 기적"
DM-003031,raw_dcinside.csv,115,crawler_dcinside.py,디시인사이드 주식갤 4개(제목·본문),dc_title,디시 제목,국내주식갤,,,3183,,26,a9051a64e53e,2026년 에너지·화학·태양광 유망주 실적 분석
DM-003032,raw_dcinside.csv,116,crawler_dcinside.py,디시인사이드 주식갤 4개(제목·본문),dc_title,디시 제목,국내주식갤,,,3182,,12,af32325f1a04,bZqISGEPwPYv
DM-003033,raw_dcinside.csv,117,crawler_dcinside.py,디시인사이드 주식갤 4개(제목·본문),dc_title,디시 제목,국내주식갤,,,3181,,28,f1b3e13ea6a9,"2026년, 주식 필터링의 패러다임이 바뀌었습니다."
DM-003034,raw_dcinside.csv,118,crawler_dcinside.py,디시인사이드 주식갤 4개(제목·본문),dc_title,디시 제목,국내주식갤,,,3180,,26,ac270666c7f1,출퇴근 지하철에서 10초 만에 종목 골랐습니다.
DM-003035,raw_dcinside.csv,119,crawler_dcinside.py,디시인사이드 주식갤 4개(제목·본문),dc_title,디시 제목,국내주식갤,,,3179,,26,9f84137b9fb3,고베타·모멘텀·재무건전성 아이디어를 빠르게 탐색
DM-003036,raw_dcinside.csv,120,crawler_dcinside.py,디시인사이드 주식갤 4개(제목·본문),dc_title,디시 제목,국내주식갤,,,3178,,40,3ff7fa3e5a43,"미국 골든돔, MASGA 정책 수혜주 국내 조선주에 미치는 영향 완벽 분"
DM-003037,raw_dcinside.csv,121,crawler_dcinside.py,디시인사이드 주식갤 4개(제목·본문),dc_title,디시 제목,국내주식갤,,,3176,,36,47cfc6d27703,미국 빅테크 실적 프리뷰｜메타·아마존·애플 투자 포인트 완벽 분석
DM-003038,raw_dcinside.csv,122,crawler_dcinside.py,디시인사이드 주식갤 4개(제목·본문),dc_title,디시 제목,국내주식갤,,,3175,,23,4baa73e456c9,한국 주식 AI 스크리너 EasyStock
DM-003039,raw_dcinside.csv,123,crawler_dcinside.py,디시인사이드 주식갤 4개(제목·본문),dc_title,디시 제목,국내주식갤,,,3174,,35,270455768982,2026 게임주 투자전망 TOP3 실적·목표주가·신작 완벽 분석
DM-003040,raw_dcinside.csv,124,crawler_dcinside.py,디시인사이드 주식갤 4개(제목·본문),dc_title,디시 제목,국내주식갤,,,3173,,21,1b99c3f067cc,텔레그램 시황 분석방 만들었는데 와주라
DM-003041,raw_dcinside.csv,125,crawler_dcinside.py,디시인사이드 주식갤 4개(제목·본문),dc_title,디시 제목,국내주식갤,,,3172,,14,89daaa2b37f5,장투러들을 위한 웹 알아옴
DM-003042,raw_dcinside.csv,126,crawler_dcinside.py,디시인사이드 주식갤 4개(제목·본문),dc_title,디시 제목,국내주식갤,,,3171,,40,d7ca5fd9a338,"AI 반도체 최대 수혜주 삼성전기,LG전자 주가 전망·실적·목표주가 분석"
DM-003043,raw_dcinside.csv,127,crawler_dcinside.py,디시인사이드 주식갤 4개(제목·본문),dc_title,디시 제목,국내주식갤,,,3170,후회·손실고통,37,d88cb403fd2b,엔진 초호황인데 주가는 반토막 한화엔진·HD현대마린엔진 지금이 기회
DM-003044,raw_dcinside.csv,128,crawler_dcinside.py,디시인사이드 주식갤 4개(제목·본문),dc_title,디시 제목,국내주식갤,,,3169,,27,f4f0649e679a,"2026 건설주 투자전망, 지금 가장 유망한 종목"
DM-003045,raw_dcinside.csv,129,crawler_dcinside.py,디시인사이드 주식갤 4개(제목·본문),dc_title,디시 제목,국내주식갤,,,3168,충동·중독시그널,38,e51ed66d4f7d,"파푸아뉴기니 엥가 아콤, 새벽 총격으로 49명 사망 무고한 길의 비극"
DM-003046,raw_dcinside.csv,130,crawler_dcinside.py,디시인사이드 주식갤 4개(제목·본문),dc_title,디시 제목,국내주식갤,,,3166,,39,9b8b90b1f3aa,그리스 철도 붕괴의 민낯: 템피 참사를 통해 본 인력 부족과 노후 설비
DM-003047,raw_dcinside.csv,131,crawler_dcinside.py,디시인사이드 주식갤 4개(제목·본문),dc_title,디시 제목,국내주식갤,,,3165,,29,1ffcb634e0b3,"공짜 술 한 잔에 6명이 죽었다, 방비엥 메탄올 참사"
DM-003048,raw_dcinside.csv,132,crawler_dcinside.py,디시인사이드 주식갤 4개(제목·본문),dc_title,디시 제목,국내주식갤,,,3164,,39,4ad58c3a7732,2026 통신산업 심층 분석 AI 데이터센터(AIDC)가 바꾸는 통신주
DM-003049,raw_dcinside.csv,133,crawler_dcinside.py,디시인사이드 주식갤 4개(제목·본문),dc_title,디시 제목,국내주식갤,,,3163,,39,e241e7bf1e9c,2026 K-콘텐츠에서 K-푸드까지! 한류가 만드는 새로운 투자 수혜주
DM-003050,raw_dcinside.csv,134,crawler_dcinside.py,디시인사이드 주식갤 4개(제목·본문),dc_title,디시 제목,국내주식갤,,,3162,,39,3fc54d594b94,2026 화장품 관련주 전망 미국 아마존이 선택한 K뷰티 수혜주 총정리
DM-003051,raw_dcinside.csv,135,crawler_dcinside.py,디시인사이드 주식갤 4개(제목·본문),dc_title,디시 제목,국내주식갤,,,3161,,40,7dcd9ce91091,"AI 인터커넥트 대전환, 광통신 시대 개막! AI 데이터센터 최대 수혜주"
DM-003052,raw_dcinside.csv,136,crawler_dcinside.py,디시인사이드 주식갤 4개(제목·본문),dc_title,디시 제목,국내주식갤,,,3160,,10,b8b8da6977f8,갑자기 왜 오르노?
DM-003053,raw_dcinside.csv,137,crawler_dcinside.py,디시인사이드 주식갤 4개(제목·본문),dc_title,디시 제목,국내주식갤,,,3158,,38,8f44d736e212,2024 아이슬란드 빙하 붕괴: 23명 중 사라진 두 사람의 행방은?
DM-003054,raw_dcinside.csv,138,crawler_dcinside.py,디시인사이드 주식갤 4개(제목·본문),dc_title,디시 제목,국내주식갤,,,3151,,25,b43a6236308d,거북목에 두통으로 병원비만 500 썼는데 ㅋㅋ
DM-003055,raw_dcinside.csv,139,crawler_dcinside.py,디시인사이드 주식갤 4개(제목·본문),dc_title,디시 제목,국내주식갤,,,3150,,34,28555e670e41,"화장 직전 관 속에서 깨어난 65세 여성, 21일간 생존 실화"
DM-003056,raw_dcinside.csv,140,crawler_dcinside.py,디시인사이드 주식갤 4개(제목·본문),dc_title,디시 제목,국내주식갤,,,3149,,16,af6e973516b7,아 숏이랑 인버스 너무 달다.
DM-003057,raw_dcinside.csv,141,crawler_dcinside.py,디시인사이드 주식갤 4개(제목·본문),dc_title,디시 제목,국내주식갤,,,3147,,38,cc4ce20e6bcd,"2026 철강산업 전망과 관련주 TOP6 심층분석 목표주가,투자포인트"
DM-003058,raw_dcinside.csv,142,crawler_dcinside.py,디시인사이드 주식갤 4개(제목·본문),dc_title,디시 제목,국내주식갤,,,3146,불안·공포,23,8cceae2e6085,삼전 떨어지는게 레버리지만 없으면 ok임?
DM-003059,raw_dcinside.csv,143,crawler_dcinside.py,디시인사이드 주식갤 4개(제목·본문),dc_title,디시 제목,국내주식갤,,,3144,,20,681b522e16dc,밥먹으러왔는데 옆에 한남새끼 냄새 씹
DM-003060,raw_dcinside.csv,144,crawler_dcinside.py,디시인사이드 주식갤 4개(제목·본문),dc_title,디시 제목,국내주식갤,,,3143,,23,fc2c909b5375,사무실 포티행님들 표정 곱창났노 ㅅㅅㅅㅅㅅ
DM-003061,raw_dcinside.csv,145,crawler_dcinside.py,디시인사이드 주식갤 4개(제목·본문),dc_title,디시 제목,국내주식갤,,,3140,,13,adb4abf11496,오늘 뉴욕 출근길 ㄷㄷㄷ
DM-003062,raw_dcinside.csv,146,crawler_dcinside.py,디시인사이드 주식갤 4개(제목·본문),dc_body,디시 본문,국내주식갤,,,3328,,606,b47f195673cf,"2026 8월 1주 Global Portfolio 전략 Top Pick 10 2026 8월 1주 Global Portfolio 전략 Top Pick 10 2026 8월 1주 Global Portfolio 전략 Top Pick 10 이번 조정을 단순한 추세 붕괴가 아니라 레버리지 청산 과정으로 해석하고 있으며, AI 산업의 성장성 자체는 여전히 견고하다고 평가하며 관련 종목 리스크까지 상세 분석했습니다. finance.thesmileinfo.com 2026년 8월 글로벌 증시, 다시 상승장을 기대해도 될까? 2026년 하반기 글로벌 증시는 다시 한번 중요한 변곡점에 들어섰다. 7월까지 시장은 극심한 변동성을 경험했다. 특히 AI 반도체를 중심으로 급락이 이어지면서 많은 투자자들이 AI 버블 붕괴를 우려했다. 하지만 최근 시장 분위기는 조금씩 달라지고 있다. 이번 조정을 단순한 추세 붕괴가 아니라 레버리지 청산 과정 으로 해석하고 있으며, AI 산업의 성장성 자체는 여전히 견고하다고 평가하고 있다. 핵심 변수는 이제 AI가 아니라 금리 라는 점을 강조한다. 즉, AI 성장성은 유지 기업 실적도 견조 다만 장기금리가 증시를 억누르는 상황 이라는 것이 이번 보고서의 핵심이다."
DM-003063,raw_dcinside.csv,147,crawler_dcinside.py,디시인사이드 주식갤 4개(제목·본문),dc_body,디시 본문,국내주식갤,,,3326,,577,54fa785c3d0d,"2026 반도체 AI 데이터센터 투자 시대, 건설주 최대 수혜주 반도체와 AI가 건설 산업을 다시 살린다 2022년 이후 국내 건설업은 상당히 긴 침체를 경험했다. 고금리, PF(Project Financing) 부실, 공사비 상승, 지방 부동산 침체가 동시에 발생하면서 대부분의 건설사들은 신규 수주 확보에 어려움을 겪었다. 현재 건설경기의 가장 큰 문제를 다음 세 가지로 정리했다. 공사비 급등 고금리 지속 PF 금융 위축 이 세 가지 요인이 겹치면서 민간 건설시장은 사실상 장기간 침체 국면에 진입했다. 하지만 2026년 들어 분위기가 달라지고 있다. 정부와 대기업이 발표한 초대형 산업 투자 프로젝트가 건설업 전체의 흐름을 바꾸기 시작했기 때문이다. 2026 반도체 AI 데이터센터 투자 시대, 건설주 최대 수혜주 2026 반도체 AI 데이터센터 투자 시대, 건설주 최대 수혜주 반도체 클러스터와 AI 데이터센터 투자 확대가 국내 건설시장에 미치는 영향은 무엇일까? 삼성E&A, 삼성물산, 현대건설, GS건설, DL이앤씨 등 주요 건설주 투자전략과 향후 전망을 심층 분석했습니다. finance.thesmileinfo.com"
DM-003064,raw_dcinside.csv,148,crawler_dcinside.py,디시인사이드 주식갤 4개(제목·본문),dc_body,디시 본문,국내주식갤,,,3325,,14,96fccfcb08e6,병 ㅅ 도 아니고 왜그래?
DM-003065,raw_dcinside.csv,149,crawler_dcinside.py,디시인사이드 주식갤 4개(제목·본문),dc_body,디시 본문,국내주식갤,,,3324,,2,3e83165e49b5,ㅠㅠ
DM-003066,raw_dcinside.csv,150,crawler_dcinside.py,디시인사이드 주식갤 4개(제목·본문),dc_body,디시 본문,국내주식갤,,,3323,,2,139fe4447a25,ㅇㅇ
DM-003067,raw_dcinside.csv,151,crawler_dcinside.py,디시인사이드 주식갤 4개(제목·본문),dc_body,디시 본문,국내주식갤,,,3322,,45,fc20d9de9b44,모아서 차트에 저점이라 판단되면 사는방법도 있음??실제로 그렇게 하는사람도 있어?
DM-003068,raw_dcinside.csv,152,crawler_dcinside.py,디시인사이드 주식갤 4개(제목·본문),dc_body,디시 본문,국내주식갤,,,3319,,186,6aa891b92015,3천만원 상향으로  거래량이 줄었다면 1억으로 해버리면  사살상 거래량이 적어서 상폐까지 갈수도... 따로 전산상조치도 필요없고..  쉬운 조치일텐데.. 레버리지 배율 조절??? 법도 개정해야 한다는대.. 전산상 개발하고 테스트로 해야하고.. 이상하네..  쉽고 빠른조치를 놔두고 왜 ??  어렵게 하지.. 다른 꼼수가 있는것인지..
DM-003069,raw_dcinside.csv,153,crawler_dcinside.py,디시인사이드 주식갤 4개(제목·본문),dc_body,디시 본문,국내주식갤,,,3318,,623,dd5419c0883e,"AI 시장의 대전환 시작! AI 인프라 관련주 TOP5 총정리 AI 시장이 다시 커지는 이유 AI 시장은 이제 단순한 생성형 AI 경쟁을 넘어 실제 기업들이 업무에 적용하는 AX(AI Transformation) 시대에 진입하고 있습니다. 교보증권 리서치센터 보고서에서는 앞으로의 AI 시장은 모델 경쟁보다 기업이 실제 업무에서 AI를 얼마나 효율적으로 활용하는가 가 가장 중요한 성장 포인트라고 분석했습니다. 많은 투자자들이 AI 반도체만 주목하고 있지만 앞으로는 다음과 같은 산업들이 동시에 성장할 가능성이 높습니다. AI 데이터센터 GPU 클라우드 AI 추론(Inference) AI 플랫폼 기업용 AI 솔루션 AX 구축 서비스 AI SI(System Integration) AI 클라우드 이러한 변화는 국내 기업들에게도 매우 큰 기회가 될 수 있습니다. AI 시장의 대전환 시작! AI 인프라 관련주 TOP5 투자포인트 AI 시장의 대전환 시작! AI 인프라 관련주 TOP5 NAVER, 삼성SDS, LG CNS, NHN, 롯데이노베이트 AI 시장은 모델 경쟁보다 기업이 실제 업무에서 AI를 얼마나 효율적으로 활용하는가가 가장 중요한 성장 포인트 분석했습니다. finance.thesmileinfo.com"
DM-003070,raw_dcinside.csv,154,crawler_dcinside.py,디시인사이드 주식갤 4개(제목·본문),dc_body,디시 본문,국내주식갤,,,3317,,43,09092d1e7d14,시총 2000억인데 분기 영익 1000억 ㄱㄱ - dc official App
DM-003071,raw_dcinside.csv,155,crawler_dcinside.py,디시인사이드 주식갤 4개(제목·본문),dc_body,디시 본문,국내주식갤,,,3315,충동·중독시그널,79,95d1d4f574fc,누가 투자하라고 협박함? ㅋㅋㅋ 리스크관리도 안되고 무지성 투자 몰빵치는 도박의 무능한 민족성이문제지 우리나라에만 있는 상품도 아니고 ㅋㅋㅋㅋ
DM-003072,raw_dcinside.csv,156,crawler_dcinside.py,디시인사이드 주식갤 4개(제목·본문),dc_body,디시 본문,국내주식갤,,,3314,,28,3336f33b6b0f,https://youtu.be/F7vkpSAd9CM
DM-003073,raw_dcinside.csv,157,crawler_dcinside.py,디시인사이드 주식갤 4개(제목·본문),dc_body,디시 본문,국내주식갤,,,3313,,28,d0132322df5e,https://youtu.be/BZLOJiexgYg
DM-003074,raw_dcinside.csv,158,crawler_dcinside.py,디시인사이드 주식갤 4개(제목·본문),dc_body,디시 본문,국내주식갤,,,3311,충동·중독시그널,115,55bad713c696,https://www.telpan.co.kr/ 그룹방이용 한번하면 중독됩니다.. 언제 폭파될지 모르는 두려움.. 이제 이걸로 안전하게 비공개 그룹방은 초대코드 공유시 바로 해당그룹방으로 진입 너무편해요~~~
DM-003075,raw_dcinside.csv,159,crawler_dcinside.py,디시인사이드 주식갤 4개(제목·본문),dc_body,디시 본문,국내주식갤,,,3310,,501,c9744b752d17,"5주 전(06/29~07/03) 주간 수급을 보다가 외국인이 섹터 건강관리에서 +5백만주 순매수한 게 눈에 띄어서, 그 뒤로 어떻게 됐는지 5주간 추적해봤습니다. · 06/29~07/03 : +5백만주 (원본 관찰) · 07/06~07/10 : +3백만주 · 07/13~07/17 : -4백만주 · 07/20~07/24 : +0백만주 · 07/27~07/31 : +12백만주 방향은 대체로 이어졌습니다. 4주 합계 +11백만주. 다들 수급 보실 때 한 주 단위로 보시나요, 아니면 몇 주 겹쳐서 보시나요? 전체 회고는 여기서 보실 수 있습니다. https://www.curator-c2.co.kr/?p=1974 ? 흐름 회고 6호 - 주식브리핑큐레이터 ? 흐름 회고 · 6호 5주 전 주간 자금 흐름 보고서가 관찰한 한 장면이, 그 뒤 실제로 어떻게 흘러갔는지 되짚어 […] www.curator-c2.co.kr (주 단위 자금 흐름 회고를 무료로 정리하고 있습니다 — 검색: 주식브리핑큐레이터)"
DM-003076,raw_dcinside.csv,160,crawler_dcinside.py,디시인사이드 주식갤 4개(제목·본문),dc_body,디시 본문,국내주식갤,,,3306,,24,d2bec5368b15,국민이 주주이자 주인인데 당연한거 아니야??
DM-003077,raw_dcinside.csv,161,crawler_dcinside.py,디시인사이드 주식갤 4개(제목·본문),dc_body,디시 본문,국내주식갤,,,3305,,7,0f0464117352,접속이 안되노
DM-003078,raw_dcinside.csv,162,crawler_dcinside.py,디시인사이드 주식갤 4개(제목·본문),dc_body,디시 본문,국내주식갤,,,3304,,3,aa24cd984984,ㆍㆍㆍ
DM-003079,raw_dcinside.csv,163,crawler_dcinside.py,디시인사이드 주식갤 4개(제목·본문),dc_body,디시 본문,국내주식갤,,,3302,,229,616f7288bc5c,"1) 테스터 그룹 가입 — 구글 로그인 상태에서 열어주세요 https://groups.google.com/g/quantum-asset-tester ""그룹 가입"" 버튼 누르면 끝입니다. 승인 안 기다리셔도 됩니다. 2) 가입 후 테스트 참여 → ""테스터가 되기"" → Play 스토어에서 설치 https://play.google.com/apps/testing/com.quantumasset.quantum_asset"
DM-003080,raw_dcinside.csv,164,crawler_dcinside.py,디시인사이드 주식갤 4개(제목·본문),dc_body,디시 본문,국내주식갤,,,3301,,66,e8d21630b765,운이 억세게 좋거나 천재적인 감각이 있는 사람들인듯 22~23이 바닥이라고 생각혔었는데 거기까지 내려갈줄은 예상 못했음
DM-003081,raw_dcinside.csv,165,crawler_dcinside.py,디시인사이드 주식갤 4개(제목·본문),dc_body,디시 본문,국내주식갤,,,3299,,97,3b5dc601c79e,키옥시아는 낸드 즉 아무도 안쓰는 usb나 만드는 회사 다이소 가봐 USB 2천원임 하닉 usb랑 아무 관련 없는 회사다 ㅇㅇ 모르면 공부좀해 - dc official App
DM-003082,raw_dcinside.csv,166,crawler_dcinside.py,디시인사이드 주식갤 4개(제목·본문),dc_body,디시 본문,국내주식갤,,,3298,,55,24cb3d67471e,아이 시발년아 장난 그만쳐라 아까 상잔량 90만주였자나 다 어디갔어 - dc official App
DM-003083,raw_dcinside.csv,167,crawler_dcinside.py,디시인사이드 주식갤 4개(제목·본문),dc_body,디시 본문,국내주식갤,,,3297,,27,fc0f81b31d35,부러운 씹새끼.. - dc official App
DM-003084,raw_dcinside.csv,168,crawler_dcinside.py,디시인사이드 주식갤 4개(제목·본문),dc_body,디시 본문,국내주식갤,,,3296,,112,3314395bd0d6,월욜 무조건 갭 10퍼는 뜰텐데 미수쓰고 ​ 월욜 팔면 대박인데 ​ 미수 1억5천되길래 걍 상에 다 갈겨버림 ㅋㅋ ​ 이재명 만세 월욜날 갭 10퍼만 올려줘라 ㅅㅅㅅㅅㅅ - dc official App
DM-003085,raw_dcinside.csv,169,crawler_dcinside.py,디시인사이드 주식갤 4개(제목·본문),dc_body,디시 본문,국내주식갤,,,3295,,3,443f5e60b1ba,사볼까
DM-003086,raw_dcinside.csv,170,crawler_dcinside.py,디시인사이드 주식갤 4개(제목·본문),dc_body,디시 본문,국내주식갤,,,3294,,52,fd462a6e4731,나는 너무 목아지에 들어와서 이거 상한가 쳐도 감흥도 없다... 하...이게 주식 맞는거지 ?
DM-003087,raw_dcinside.csv,171,crawler_dcinside.py,디시인사이드 주식갤 4개(제목·본문),dc_body,디시 본문,국내주식갤,,,3293,,116,b4b4ec93b542,이사람들 12시에 몇만명이 보는데 엊그제는 내렸다고 질질짜고 눈물 콧물 감성팔이 하더니 오늘은 뭐 세상 다 얻은 표정이네 댓글들 찬양글 안쓰면 차단 당하고 찬양하는 종교 던데 이 사람들 주식에 도움이 되 ??
DM-003088,raw_dcinside.csv,172,crawler_dcinside.py,디시인사이드 주식갤 4개(제목·본문),dc_body,디시 본문,국내주식갤,,,3292,,134,077f29b048c7,하닉으로 인생역전한 사람도 많지만 전재산 잃은 사람도 많다 모두 이걸 경험했으니 더이상 변동성 심한 주식에 손대지 않기로 했다 토스뱅크 없애는 게 아니라 매수만 하지말라고 ㅋㅋ 세상 경제 돌아가는 건 알아야지 - dc official App
DM-003089,raw_dcinside.csv,173,crawler_dcinside.py,디시인사이드 주식갤 4개(제목·본문),dc_body,디시 본문,국내주식갤,,,3291,후회·손실고통|분노·불신|충동·중독시그널,296,19dd4e2bddb4,범국가적으로 반도체주식 분석하고 있음. 누구나 지금이 바닥이라는걸 암 오를일만 남았음. https://gall.dcinside.com/mgallery/board/view/?id=krstock&no=2972785 빅브라더는 반도체 기술주를 사고 싶었다. - 한국 주식 마이너 갤러리 세력의 입장에서 하이닉스 존나 사고 싶으면 어떻게 하겠냐?니가 세력이고 니가 돈 존나 많다고 생각해봐라 씹고점 신고가에서 응 나 돈많아 하고 풀매수 하겠냐?아니면 나스닥이나 다른데부터 작업쳐서 분위기 싸하게 만들어 놓 gall.dcinside.com
DM-003090,raw_dcinside.csv,174,crawler_dcinside.py,디시인사이드 주식갤 4개(제목·본문),dc_body,디시 본문,국내주식갤,,,3290,,18,21a7c25c5446,이러고 또 월요일날 ㅈㄴ빼겟지 ㅄ
DM-003091,raw_dcinside.csv,175,crawler_dcinside.py,디시인사이드 주식갤 4개(제목·본문),dc_body,디시 본문,국내주식갤,,,3289,,587,c3c1de990ca1,"2026년 하반기 2차전지 관련주 전망 실적 개선 TOP4 종목(POSCO홀딩스,SK이노베이션,LG에너지솔루션,삼성SDI) POSCO홀딩스 는 철강 실적 개선과 리튬 사업 흑자전환이 동시에 진행되며 중장기 성장성이 강화되고 있습니다. SK이노베이션 은 SK온의 흑자전환과 정유·윤활기유 실적 호조로 실적 턴어라운드가 본격화되고 있습니다. LG에너지솔루션 은 하반기 강한 실적 개선(증익) 모멘텀이 기대되는 대표 배터리 기업으로 평가되었습니다. 삼성SDI 는 하반기에도 흑자 기조를 유지하며 안정적인 실적 회복이 이어질 것으로 전망되었습니다. 종합적으로 2차전지 업종은 실적 개선과 리튬·배터리 사업 정상화가 진행되는 구간으로, 중장기 투자 매력이 높아지고 있는 것으로 분석되었습니다. 2026년 하반기 2차전지 관련주 전망 실적 개선 TOP4 종목 2026년 하반기 2차전지 관련주 전망 실적 개선 TOP4 POSCO홀딩스,SK이노베이션,LG에너지솔루션,삼성SDI 종합적으로 2차전지 업종은 실적 개선과 리튬·배터리 사업 정상화가 진행되는 구간으로, 중장기 투자 매력이 높아지고 있는 것으로 분석했습니다. finance.thesmileinfo.com"
DM-003092,raw_dcinside.csv,176,crawler_dcinside.py,디시인사이드 주식갤 4개(제목·본문),dc_body,디시 본문,국내주식갤,,,3288,,16,9fdcf7202e17,슬슬 숏충들 나타나서 떨어질듯
DM-003093,raw_dcinside.csv,177,crawler_dcinside.py,디시인사이드 주식갤 4개(제목·본문),dc_body,디시 본문,국내주식갤,,,3287,,40,754bc455efdc,어제도 솔직히 번지대일까봐 존나 무서웠다 - dc official App
DM-003094,raw_dcinside.csv,178,crawler_dcinside.py,디시인사이드 주식갤 4개(제목·본문),dc_body,디시 본문,국내주식갤,,,3286,충동·중독시그널,62,f8b0770e6198,미장 급등주 ㅋㅋㅋㅋㅋㅋㅋㅋㅋㅋㅋㅋㅋ 꼬시다 꼬시다 오늘 새벽 364.8% 수익 - dc official App
DM-003095,raw_dcinside.csv,179,crawler_dcinside.py,디시인사이드 주식갤 4개(제목·본문),dc_body,디시 본문,국내주식갤,,,3285,,10,d78bae6875d2,제정신임 아저씨들?
DM-003096,raw_dcinside.csv,180,crawler_dcinside.py,디시인사이드 주식갤 4개(제목·본문),dc_body,디시 본문,국내주식갤,,,3284,,31,43bb622e9e87,급등하다가 급하락 다시 급등. 이거 반복된다. 홀짝홀짝.
DM-003097,raw_dcinside.csv,181,crawler_dcinside.py,디시인사이드 주식갤 4개(제목·본문),dc_body,디시 본문,국내주식갤,,,3283,,3,e33f0d5e2d5d,찬성?
DM-003098,raw_dcinside.csv,182,crawler_dcinside.py,디시인사이드 주식갤 4개(제목·본문),dc_body,디시 본문,국내주식갤,,,3281,,14,a5a5c35eaaac,이제 바닥 거의 다 왔다.
DM-003099,raw_dcinside.csv,183,crawler_dcinside.py,디시인사이드 주식갤 4개(제목·본문),dc_body,디시 본문,국내주식갤,,,3280,,2,56cd61e7fb76,응?
DM-003100,raw_dcinside.csv,184,crawler_dcinside.py,디시인사이드 주식갤 4개(제목·본문),dc_body,디시 본문,국내주식갤,,,3279,분노·불신,304,d0de21b2e614,"지는 부동산 갭투자하고 개미들 돈은 레버리지로 파쇄기 돌려버리고 청문회에서 갭투자 지적하니까 화내면서 기싸움함 개레전드 내로남불 관료 김용범 고성 항의에… 옆에 있던 우상호 ""그만하시라"" / #채널A #뉴스TOP10 #shorts [뉴스TOP10] 김용범 고성 항의에… 옆에 있던 우상호 ""그만하시라"" #채널A #뉴스TOP10 #뉴스탑텐 #김용범 #대통령실 #정책실장 #부동산 #갭투자 #우상호 #정무수석 #김은혜 #국민의힘 #의원 #김병기 #운영위원장 #국회 youtube.com 참고로 이새끼 문재인 시절 부동산 관련 김현미 따까리하던새끼임"
DM-003101,raw_dcinside.csv,185,crawler_dcinside.py,디시인사이드 주식갤 4개(제목·본문),dc_body,디시 본문,국내주식갤,,,3278,,172,fc2fa9bd2f07,제목 어그로 미안하다 어제 7월 29일 하이닉스 어닝콜 시점에 뜬금없이 미국 이란 전쟁 재개 오늘 7월 30일 삼성전자 어닝콜 시점에 뜬금없이 미국 이란 전쟁 재개 이것 말고도 석연치 않은 부분이 진짜 많은거 같은데 너무 많이 잃어서 뇌가 헷가닥 한거냐 아님 그럴듯 해 보이냐 - dc official App
DM-003102,raw_dcinside.csv,186,crawler_dcinside.py,디시인사이드 주식갤 4개(제목·본문),dc_body,디시 본문,국내주식갤,,,3276,,13,4a3674fd7e66,평단 거의 다왔는데 왜?
DM-003103,raw_dcinside.csv,187,crawler_dcinside.py,디시인사이드 주식갤 4개(제목·본문),dc_body,디시 본문,국내주식갤,,,3275,,90,1da86b4d88f6,꼭대기에서 사놓고 적어도 남들보다 비싸게사놓고선 빤쓰벗고 누워있으면 알아서 미장처럼 천프로 갈줄알았다고? ㅋㅋㅋ ㅋㅋㅋ ㅋㅋ . . . . . 너 납치된거야...
DM-003104,raw_dcinside.csv,188,crawler_dcinside.py,디시인사이드 주식갤 4개(제목·본문),dc_body,디시 본문,국내주식갤,,,3274,,655,a95721b56436,"2026 지주회사 관련주｜LG, HD현대, 한화, LS, CJ 주가 전망 및 투자전략 2026년, 왜 다시 지주회사에 주목해야 할까? 국내 증시에서 지주회사는 오랫동안 대표적인 저평가 업종으로 평가받아 왔다. 많은 투자자들이 ""좋은 자산을 보유하고 있는데도 왜 주가는 오르지 않을까?""라는 의문을 가져왔고, 이러한 현상은 오랫동안 코리아 디스카운트(Korea Discount) 의 대표 사례로 언급됐다. 하지만 2026년 들어 분위기가 달라지고 있다. 정부의 밸류업 정책, 상법 개정 논의, 배당 관련 세제 변화, 자사주 소각 확대 등 기업가치 제고를 위한 환경이 조성되면서 지주회사에 대한 시장의 관심도 다시 높아지고 있다. 단순히 ""지주사는 싸다"" 라는 기존 관점을 넘어 ""왜 싸고, 어떤 기업이 먼저 재평가될 것인가"" 에 초점을 맞춘 새로운 분석 프레임을 제시했다. 2026 지주회사 관련주｜LG, HD현대, 한화, LS, CJ 주가 전망 및 투자전략 2026 지주회사 관련주｜LG,HD현대,한화,LS,CJ 주가 전망 및 투자전략 정부의 밸류업 정책, 상법 개정 논의, 배당 관련 세제 변화, 자사주 소각 확대 등 기업가치 제고를 위한 환경이 조성되면서 지주회사에 대한 시장의 관심도 다시 높아지고 있는 내용 분석했습니다 finance.thesmileinfo.com"
DM-003105,raw_dcinside.csv,189,crawler_dcinside.py,디시인사이드 주식갤 4개(제목·본문),dc_body,디시 본문,국내주식갤,,,3272,,28,c704e5cde8a3,https://youtu.be/9O0MBsaRHQ4
DM-003106,raw_dcinside.csv,190,crawler_dcinside.py,디시인사이드 주식갤 4개(제목·본문),dc_body,디시 본문,국내주식갤,,,3271,,81,cf7894b9eeb4,목표배당이 월 2%라고 해서 쭉 모아뒀는데 기사뜬거 보니까 주당 153원으로 2% 확정이네 ㅋ 이대로면 연 24%인데 오늘도 좀더 주워 담아야겠음
DM-003107,raw_dcinside.csv,191,crawler_dcinside.py,디시인사이드 주식갤 4개(제목·본문),dc_body,디시 본문,국내주식갤,,,3269,분노·불신,269,7b14849b18d2,냉정하게 삼닉 포함해서 국내주식 모두 쓰레기임. 삼닉은 걍 20년도부터 이어진 ai 장 서플라이체인 후반부로서 마지막에 오르는게 맞고 꺼질때도 가장 먼저 꺼지는법임. 이미 lg전자나 좆 병신같은 일본 반도체기업까지 오를때부터 눈치는 채고 있었어야지. 정상적인 투자자라면 이미 ai 사이클 막바지인 25년도에 다 털었을거다. 좆버러지들 이제 벌 받아라 참고로 느그드비아는 코로나때부터 시작된거다. 거의 10년치 상승 다 받고 이제 걍 사이클 끝나면 삼닉은 파산단계 들어갈거다 수고하쇼
DM-003108,raw_dcinside.csv,192,crawler_dcinside.py,디시인사이드 주식갤 4개(제목·본문),dc_body,디시 본문,국내주식갤,,,3268,,55,8d42cdb8ee13,이번 급등기때 싹 정리해서 집 계약 보러다니더라 전세 들어갈 돈으로 매수하게 되었으니 투자 잘 한듯
DM-003109,raw_dcinside.csv,193,crawler_dcinside.py,디시인사이드 주식갤 4개(제목·본문),dc_body,디시 본문,국내주식갤,,,3267,후회·손실고통,98,563287909ad1,미국유럽처럼 스포츠 토토랑 카지노 합법화 해라.주식보다 그게 더 낫겟다. 토토랑 카지노 허용하고 세금이나 잘 걷어라..괜히 국민 연금으로 주식 건드려서 연금 다 말아먹지 말고.
DM-003110,raw_dcinside.csv,194,crawler_dcinside.py,디시인사이드 주식갤 4개(제목·본문),dc_body,디시 본문,국내주식갤,,,3266,,28,0718bb6a9c70,https://youtu.be/4Eow2Y8xa8Q
DM-003111,raw_dcinside.csv,195,crawler_dcinside.py,디시인사이드 주식갤 4개(제목·본문),dc_body,디시 본문,국내주식갤,,,3265,분노·불신,9,ba6d10a19c40,3주도 개미입니다
DM-003112,raw_dcinside.csv,196,crawler_dcinside.py,디시인사이드 주식갤 4개(제목·본문),dc_body,디시 본문,국내주식갤,,,3262,불안·공포|후회·손실고통,43,f20bcd7164d7,진짜 무슨 미래를 보는 천재적 발굴자 아니라면 우량주 사서 존버하면 폭락하던데
DM-003113,raw_dcinside.csv,197,crawler_dcinside.py,디시인사이드 주식갤 4개(제목·본문),dc_body,디시 본문,국내주식갤,,,3261,,16,1627e779e978,국장은 어차피 단타용인데 ㅋㅋ
DM-003114,raw_dcinside.csv,198,crawler_dcinside.py,디시인사이드 주식갤 4개(제목·본문),dc_body,디시 본문,국내주식갤,,,3259,,24,481d728a992e,성공이라네요 - dc official App
DM-003115,raw_dcinside.csv,199,crawler_dcinside.py,디시인사이드 주식갤 4개(제목·본문),dc_body,디시 본문,국내주식갤,,,3258,불안·공포,73,1c6dc13352f3,짜이밍햄 하는 꼬라지 봐서는 4천도 위험해보이긴 한데 어차피 나는 못 받을 국민연금 다 태우면 다시 6천으로 들어올리기 쌉가능아님?
DM-003116,raw_dcinside.csv,200,crawler_dcinside.py,디시인사이드 주식갤 4개(제목·본문),dc_body,디시 본문,국내주식갤,,,3257,,20,4ee208227a3a,ㅇㅇ - dc official App
DM-003117,raw_dcinside.csv,201,crawler_dcinside.py,디시인사이드 주식갤 4개(제목·본문),dc_body,디시 본문,국내주식갤,,,3255,충동·중독시그널,200,d28434aa037f,"중동전쟁 기름값 폭등​ = 차유지비 폭탄 최대피해자: 새벽배송 장거리 화물 ​반도체 레버리지가 만든 초재앙​ 코스피 9300, 코스닥 1200까지 폭등 > 현재 5300, 620 ㅆㅂ 하이닉스 폭등 조정은 뭐 그럴 수 있음 근데 환율이 ​1560원​ 까지 폭등 ​최대승리자:​ 차없는새끼, 출퇴근거리 가까운새끼, 주식안한새끼들 - dc official App"
DM-003118,raw_dcinside.csv,202,crawler_dcinside.py,디시인사이드 주식갤 4개(제목·본문),dc_body,디시 본문,국내주식갤,,,3252,,45,6dc1e718b18b,어제 15층에 오늘 12층이니 곧이긴 할거 같은데 6~7층때는 들어갈만 할까요 ?
DM-003119,raw_dcinside.csv,203,crawler_dcinside.py,디시인사이드 주식갤 4개(제목·본문),dc_body,디시 본문,국내주식갤,,,3251,,6,a6eceb3fd65a,그때 사세요
DM-003120,raw_dcinside.csv,204,crawler_dcinside.py,디시인사이드 주식갤 4개(제목·본문),dc_title,디시 제목,해외주식갤,,,8358620,,11,5f27e3f2f84d,코스피양전 ㅋㅋㅋㅋㅋ
DM-003121,raw_dcinside.csv,205,crawler_dcinside.py,디시인사이드 주식갤 4개(제목·본문),dc_title,디시 제목,해외주식갤,,,8358619,,18,b3ff10f999c8,글리젠 이정도까지 박살난건 드문데
DM-003122,raw_dcinside.csv,206,crawler_dcinside.py,디시인사이드 주식갤 4개(제목·본문),dc_title,디시 제목,해외주식갤,,,8358618,분노·불신,24,0f3430f86f24,autl사기 vs bzai사기 vs 힘스사기
DM-003123,raw_dcinside.csv,207,crawler_dcinside.py,디시인사이드 주식갤 4개(제목·본문),dc_title,디시 제목,해외주식갤,,,8358617,,13,30e8a9e3be17,테롱 분명 6주석이였는데
DM-003124,raw_dcinside.csv,208,crawler_dcinside.py,디시인사이드 주식갤 4개(제목·본문),dc_title,디시 제목,해외주식갤,,,8358616,,25,d016c45743bd,3년만에 막걸리 한병 먹었더니 존나 취하네 와
DM-003125,raw_dcinside.csv,209,crawler_dcinside.py,디시인사이드 주식갤 4개(제목·본문),dc_title,디시 제목,해외주식갤,,,8358615,,22,e82b6183f6b8,1년 내로 100베거 먹여줄 언더독 티커
DM-003126,raw_dcinside.csv,210,crawler_dcinside.py,디시인사이드 주식갤 4개(제목·본문),dc_title,디시 제목,해외주식갤,,,8358614,,5,2cf666b8e3bb,아 잘잤다
DM-003127,raw_dcinside.csv,211,crawler_dcinside.py,디시인사이드 주식갤 4개(제목·본문),dc_title,디시 제목,해외주식갤,,,8358613,,17,9d981e24e998,대가리 깨진 롱숭이는 지금 산다
DM-003128,raw_dcinside.csv,212,crawler_dcinside.py,디시인사이드 주식갤 4개(제목·본문),dc_title,디시 제목,해외주식갤,,,8358612,,26,2fda5e1c462c,급등주 데이상치면 프장까지 들고가능 거 도박임?
DM-003129,raw_dcinside.csv,213,crawler_dcinside.py,디시인사이드 주식갤 4개(제목·본문),dc_title,디시 제목,해외주식갤,,,8358611,,10,14e84b68e839,나 그냥 다 팔았음
DM-003130,raw_dcinside.csv,214,crawler_dcinside.py,디시인사이드 주식갤 4개(제목·본문),dc_title,디시 제목,해외주식갤,,,8358610,,16,806e6edf2202,반등해도 갤 리젠 엄청없긴하네
DM-003131,raw_dcinside.csv,215,crawler_dcinside.py,디시인사이드 주식갤 4개(제목·본문),dc_title,디시 제목,해외주식갤,,,8358609,,22,995bcceb95b1,도요타자동차 2026년 1분기 실적 발표
DM-003132,raw_dcinside.csv,216,crawler_dcinside.py,디시인사이드 주식갤 4개(제목·본문),dc_title,디시 제목,해외주식갤,,,8358608,,29,ba9a19bfd6f5,토익 950 넘기면 취준할 때 이득 더 보는 거 있나
DM-003133,raw_dcinside.csv,217,crawler_dcinside.py,디시인사이드 주식갤 4개(제목·본문),dc_title,디시 제목,해외주식갤,,,8358607,,13,e33c3082a9b2,오랜만에 데이장 크게버네
DM-003134,raw_dcinside.csv,218,crawler_dcinside.py,디시인사이드 주식갤 4개(제목·본문),dc_title,디시 제목,해외주식갤,,,8358606,후회·손실고통,16,6b04698abfef,물린것만 그냥 들고있는 상황임
DM-003135,raw_dcinside.csv,219,crawler_dcinside.py,디시인사이드 주식갤 4개(제목·본문),dc_title,디시 제목,해외주식갤,,,8358605,,17,495725f3a75b,아다 데이상가격 직전에 익절완료
DM-003136,raw_dcinside.csv,220,crawler_dcinside.py,디시인사이드 주식갤 4개(제목·본문),dc_title,디시 제목,해외주식갤,,,8358604,,19,987d9603eb59,지수 추종 반도체 비율 차이 크네?
DM-003137,raw_dcinside.csv,221,crawler_dcinside.py,디시인사이드 주식갤 4개(제목·본문),dc_title,디시 제목,해외주식갤,,,8358603,,32,b474fc283725,삼전 내년초까지 40만은 가야 성과급으로 주는 지분 적어짐
DM-003138,raw_dcinside.csv,222,crawler_dcinside.py,디시인사이드 주식갤 4개(제목·본문),dc_title,디시 제목,해외주식갤,,,8358602,,13,82bbef804efb,코스피 순환매임?..꼴에
DM-003139,raw_dcinside.csv,223,crawler_dcinside.py,디시인사이드 주식갤 4개(제목·본문),dc_title,디시 제목,해외주식갤,,,8358600,,8,d080c1841e41,임시파딱 넘겨봐
DM-003140,raw_dcinside.csv,224,crawler_dcinside.py,디시인사이드 주식갤 4개(제목·본문),dc_title,디시 제목,해외주식갤,,,8358599,,14,3ffea7fd3129,앞으로 채권수요 위해서라도
DM-003141,raw_dcinside.csv,225,crawler_dcinside.py,디시인사이드 주식갤 4개(제목·본문),dc_title,디시 제목,해외주식갤,,,8358598,,10,e4e912fb6052,여기 삼전 주주잇냐
DM-003142,raw_dcinside.csv,226,crawler_dcinside.py,디시인사이드 주식갤 4개(제목·본문),dc_title,디시 제목,해외주식갤,,,8358597,,23,fee2f53941e2,아다지오 저게 데이하한 보냈다가 올린거임?
DM-003143,raw_dcinside.csv,227,crawler_dcinside.py,디시인사이드 주식갤 4개(제목·본문),dc_title,디시 제목,해외주식갤,,,8358596,,22,2806ec7f726b,이제 이번주 데이장에 아다지요 같은거보고
DM-003144,raw_dcinside.csv,228,crawler_dcinside.py,디시인사이드 주식갤 4개(제목·본문),dc_title,디시 제목,해외주식갤,,,8358595,분노·불신,18,fd3874d8e660,아다 뭐냐 저거 저런 작전도있어?
DM-003145,raw_dcinside.csv,229,crawler_dcinside.py,디시인사이드 주식갤 4개(제목·본문),dc_title,디시 제목,해외주식갤,,,8358594,,6,44e0a3fb2ab2,야마하 떡상
DM-003146,raw_dcinside.csv,230,crawler_dcinside.py,디시인사이드 주식갤 4개(제목·본문),dc_title,디시 제목,해외주식갤,,,8358593,,21,b3a71a2ee49d,"LG전자 CDU, 미국 빅테크에 첫공급"
DM-003147,raw_dcinside.csv,231,crawler_dcinside.py,디시인사이드 주식갤 4개(제목·본문),dc_title,디시 제목,해외주식갤,,,8358592,후회·손실고통,31,a48602841506,와 진짜 개씨발 ㅋㅋㅋㅋ S&P500은 또 고점까지 갔네
DM-003148,raw_dcinside.csv,232,crawler_dcinside.py,디시인사이드 주식갤 4개(제목·본문),dc_title,디시 제목,해외주식갤,,,8358591,,6,39556c47f254,코루  ㅋㅋ
DM-003149,raw_dcinside.csv,233,crawler_dcinside.py,디시인사이드 주식갤 4개(제목·본문),dc_title,디시 제목,해외주식갤,,,8358590,,15,e6e28ade6ca6,오이 헤이러들아 질문이 있다
DM-003150,raw_dcinside.csv,234,crawler_dcinside.py,디시인사이드 주식갤 4개(제목·본문),dc_title,디시 제목,해외주식갤,,,8358589,,16,03ad59608fcd,내일 수강신청이라 ㅈㄴ 떨리네
DM-003151,raw_dcinside.csv,235,crawler_dcinside.py,디시인사이드 주식갤 4개(제목·본문),dc_title,디시 제목,해외주식갤,,,8358588,,12,a2f62780df98,ADGM 난 뭐한걸까?
DM-003152,raw_dcinside.csv,236,crawler_dcinside.py,디시인사이드 주식갤 4개(제목·본문),dc_title,디시 제목,해외주식갤,,,8358587,,21,1f0e2f573d37,아씨발 이룽 어제 0.9주운거 내비둘걸
DM-003153,raw_dcinside.csv,237,crawler_dcinside.py,디시인사이드 주식갤 4개(제목·본문),dc_title,디시 제목,해외주식갤,,,8358586,,6,731d5cc12325,샌롱 버틸걸
DM-003154,raw_dcinside.csv,238,crawler_dcinside.py,디시인사이드 주식갤 4개(제목·본문),dc_title,디시 제목,해외주식갤,,,8358585,,18,2559dbd0974f,잡주판에서 제일 멍청한 새끼 ㅇㅇ
DM-003155,raw_dcinside.csv,239,crawler_dcinside.py,디시인사이드 주식갤 4개(제목·본문),dc_title,디시 제목,해외주식갤,,,8358584,,18,295aa4186e8c,난 어차피 isa 쓸일 없긴 한데
DM-003156,raw_dcinside.csv,240,crawler_dcinside.py,디시인사이드 주식갤 4개(제목·본문),dc_title,디시 제목,해외주식갤,,,8358583,,20,f82922a5cb5e,아다지오 같은거 1년에 몇번 나오긴함
DM-003157,raw_dcinside.csv,241,crawler_dcinside.py,디시인사이드 주식갤 4개(제목·본문),dc_title,디시 제목,해외주식갤,,,8300732,,15,7c4f665487bb,지난번 해주갤 유혈사건 정리
DM-003158,raw_dcinside.csv,242,crawler_dcinside.py,디시인사이드 주식갤 4개(제목·본문),dc_title,디시 제목,해외주식갤,,,7548961,,28,3005b2304e05,장 구릴땐 어플 끄고 E컵 신인 av데뷔작이나 보자
DM-003159,raw_dcinside.csv,243,crawler_dcinside.py,디시인사이드 주식갤 4개(제목·본문),dc_title,디시 제목,해외주식갤,,,8358582,,28,572ad52834be,항공유는 우리나라가 수출 많이한다며 원유수입 막히면
DM-003160,raw_dcinside.csv,244,crawler_dcinside.py,디시인사이드 주식갤 4개(제목·본문),dc_title,디시 제목,해외주식갤,,,8358581,,16,110d788173bd,아다 지금은 못들간다 패스..
DM-003161,raw_dcinside.csv,245,crawler_dcinside.py,디시인사이드 주식갤 4개(제목·본문),dc_title,디시 제목,해외주식갤,,,8358580,,20,d59781f1b414,아 미친 ㅋㅋ 아다지오 샀다 팔았는데
DM-003162,raw_dcinside.csv,246,crawler_dcinside.py,디시인사이드 주식갤 4개(제목·본문),dc_title,디시 제목,해외주식갤,,,8358579,,22,f2737b3aca93,아다 아직 20%  더 오를수는 있을걸?
DM-003163,raw_dcinside.csv,247,crawler_dcinside.py,디시인사이드 주식갤 4개(제목·본문),dc_title,디시 제목,해외주식갤,,,8344788,,27,83595b41026b,해붕이들 돈잃으라 스트레스 받을텐데 이거라도 봐라
DM-003164,raw_dcinside.csv,248,crawler_dcinside.py,디시인사이드 주식갤 4개(제목·본문),dc_title,디시 제목,해외주식갤,,,8272339,,19,0bc54b38cb27,변호사 피셜 봐도 안 잡혀가는 야동
DM-003165,raw_dcinside.csv,249,crawler_dcinside.py,디시인사이드 주식갤 4개(제목·본문),dc_title,디시 제목,해외주식갤,,,8358578,,16,9174f69c9cf1,아다지오 저거 8시반 기준이면
DM-003166,raw_dcinside.csv,250,crawler_dcinside.py,디시인사이드 주식갤 4개(제목·본문),dc_title,디시 제목,해외주식갤,,,8358577,,17,5301b5d11ab7,아다지요 줄먹했는데 왜 계속가냐
DM-003167,raw_dcinside.csv,251,crawler_dcinside.py,디시인사이드 주식갤 4개(제목·본문),dc_title,디시 제목,해외주식갤,,,8358576,,29,ae07071fdf25,aaoi는 어닝서프 못나오지 차라리 가이던스를 봐야함
DM-003168,raw_dcinside.csv,252,crawler_dcinside.py,디시인사이드 주식갤 4개(제목·본문),dc_title,디시 제목,해외주식갤,,,8358574,,20,1d7b50a1ffc0,아디지오 오르는이유: 사람들이 사니까
DM-003169,raw_dcinside.csv,253,crawler_dcinside.py,디시인사이드 주식갤 4개(제목·본문),dc_title,디시 제목,해외주식갤,,,8358573,,27,2b125fe8d592,트황원유언급보니 이란이 주도권 갖고있는건 맞나보네
DM-003170,raw_dcinside.csv,254,crawler_dcinside.py,디시인사이드 주식갤 4개(제목·본문),dc_title,디시 제목,해외주식갤,,,8358572,,10,61c55caec8f1,아다 지금 들어가?
DM-003171,raw_dcinside.csv,255,crawler_dcinside.py,디시인사이드 주식갤 4개(제목·본문),dc_title,디시 제목,해외주식갤,,,8358571,,15,1afd1d025e1e,계좌 청산당하고 먹는 첫 끼
DM-003172,raw_dcinside.csv,256,crawler_dcinside.py,디시인사이드 주식갤 4개(제목·본문),dc_title,디시 제목,해외주식갤,,,8358570,,16,75f1d7eb0bc0,아다 저건 누가 장난치는거야?
DM-003173,raw_dcinside.csv,257,crawler_dcinside.py,디시인사이드 주식갤 4개(제목·본문),dc_title,디시 제목,해외주식갤,,,8358569,,32,695b42085acc,암드 어닝 전에 인텔좀 사둘까 이거 펠로시픽인데 좀 빌빌댐
DM-003174,raw_dcinside.csv,258,crawler_dcinside.py,디시인사이드 주식갤 4개(제목·본문),dc_title,디시 제목,해외주식갤,,,8358568,,14,bf7ce5f9b158,암만 봐도 회광반조 같은데
DM-003175,raw_dcinside.csv,259,crawler_dcinside.py,디시인사이드 주식갤 4개(제목·본문),dc_title,디시 제목,해외주식갤,,,8358567,,19,b7a1eeb660fc,이사람 1년사이에 무슨일이 있었길래
DM-003176,raw_dcinside.csv,260,crawler_dcinside.py,디시인사이드 주식갤 4개(제목·본문),dc_title,디시 제목,해외주식갤,,,8358566,,29,2bd0d36a0588,테슬롱 물타려고 들어가보니 3천없다고 민심 박살나있네
DM-003177,raw_dcinside.csv,261,crawler_dcinside.py,디시인사이드 주식갤 4개(제목·본문),dc_title,디시 제목,해외주식갤,,,8358564,,10,04cc20cdd04a,아다지요 복어같지요
DM-003178,raw_dcinside.csv,262,crawler_dcinside.py,디시인사이드 주식갤 4개(제목·본문),dc_title,디시 제목,해외주식갤,,,8358562,,21,f7bdc756d934,아다 왜사냐고 하자마자 쏘는게전나웃기내
DM-003179,raw_dcinside.csv,263,crawler_dcinside.py,디시인사이드 주식갤 4개(제목·본문),dc_title,디시 제목,해외주식갤,,,8358561,,14,4751601c8918,ISA 관련 이벤트 증권사
DM-003180,raw_dcinside.csv,264,crawler_dcinside.py,디시인사이드 주식갤 4개(제목·본문),dc_title,디시 제목,해외주식갤,,,8358560,,8,ec7d108ac43c,아다지요ㅅㅅㅅㅅ
DM-003181,raw_dcinside.csv,265,crawler_dcinside.py,디시인사이드 주식갤 4개(제목·본문),dc_title,디시 제목,해외주식갤,,,8358558,후회·손실고통,23,7666701d6028,아 ㅋㅋㅋ 아다지오 탈출 맛있네 ㅋㅋㅋㅋㅋ
DM-003182,raw_dcinside.csv,266,crawler_dcinside.py,디시인사이드 주식갤 4개(제목·본문),dc_title,디시 제목,해외주식갤,,,8358556,,20,ec2d3d17c512,아다 뭐임? 갑자기 리버스 2주석이네
DM-003183,raw_dcinside.csv,267,crawler_dcinside.py,디시인사이드 주식갤 4개(제목·본문),dc_title,디시 제목,해외주식갤,,,8358555,,15,00a517e2f575,환차손 1주석 이거맞냐 진짜
DM-003184,raw_dcinside.csv,268,crawler_dcinside.py,디시인사이드 주식갤 4개(제목·본문),dc_title,디시 제목,해외주식갤,,,8358554,,23,4bacd68ac8c0,아니 근데 급등주 뭘보고 프장때 사는거임?
DM-003185,raw_dcinside.csv,269,crawler_dcinside.py,디시인사이드 주식갤 4개(제목·본문),dc_title,디시 제목,해외주식갤,,,8358553,,13,58d384f934b3,아다지오 데장 최고가ㅋㅋ
DM-003186,raw_dcinside.csv,270,crawler_dcinside.py,디시인사이드 주식갤 4개(제목·본문),dc_title,디시 제목,해외주식갤,,,8358552,,12,869f312ac72e,장마감 후 골라본 티커
DM-003187,raw_dcinside.csv,271,crawler_dcinside.py,디시인사이드 주식갤 4개(제목·본문),dc_title,디시 제목,해외주식갤,,,8358551,,18,0ea226cc248b,ADGM 째리는애들은 이해가안가네
DM-003188,raw_dcinside.csv,272,crawler_dcinside.py,디시인사이드 주식갤 4개(제목·본문),dc_title,디시 제목,해외주식갤,,,8358550,,19,4bf79ba60fb1,원달러 빨리 1551원으로 올려다오
DM-003189,raw_dcinside.csv,273,crawler_dcinside.py,디시인사이드 주식갤 4개(제목·본문),dc_title,디시 제목,해외주식갤,,,8358549,,17,6abbb633d009,환율 안본사이에 많이 내려갔었네
DM-003190,raw_dcinside.csv,274,crawler_dcinside.py,디시인사이드 주식갤 4개(제목·본문),dc_title,디시 제목,해외주식갤,,,8358548,,20,12e674208293,국장은 기술주 뒤져도 오르는 방어주가
DM-003191,raw_dcinside.csv,275,crawler_dcinside.py,디시인사이드 주식갤 4개(제목·본문),dc_title,디시 제목,해외주식갤,,,8358547,,19,59e1bd489036,아다지오 방금 하한가 잠깐 풀렸는데
DM-003192,raw_dcinside.csv,276,crawler_dcinside.py,디시인사이드 주식갤 4개(제목·본문),dc_title,디시 제목,해외주식갤,,,8358546,,18,30ef54b57481,원달러 오르는데 10년물도 오른다
DM-003193,raw_dcinside.csv,277,crawler_dcinside.py,디시인사이드 주식갤 4개(제목·본문),dc_title,디시 제목,해외주식갤,,,8358545,,26,d5df2bf65531,만약 하닉 124만원 뚫린다면 국장 그만해야겠다
DM-003194,raw_dcinside.csv,278,crawler_dcinside.py,디시인사이드 주식갤 4개(제목·본문),dc_title,디시 제목,해외주식갤,,,8358544,,12,bc34e487b960,노네 한상희 어케 보냐
DM-003195,raw_dcinside.csv,279,crawler_dcinside.py,디시인사이드 주식갤 4개(제목·본문),dc_title,디시 제목,해외주식갤,,,8358543,,18,9a9d173b520e,흡연자들 담배 피면 안무기력하냐?
DM-003196,raw_dcinside.csv,280,crawler_dcinside.py,디시인사이드 주식갤 4개(제목·본문),dc_title,디시 제목,해외주식갤,,,8358542,,38,e420eae09b05,근데 외국인 레버리지 인버스 ETF 못타게 하는게 뭔 의미가 있는거임
DM-003197,raw_dcinside.csv,281,crawler_dcinside.py,디시인사이드 주식갤 4개(제목·본문),dc_title,디시 제목,해외주식갤,,,7836076,,13,eafa802e9cb4,오늘자 뉴스 코스피 조롱
DM-003198,raw_dcinside.csv,282,crawler_dcinside.py,디시인사이드 주식갤 4개(제목·본문),dc_title,디시 제목,해외주식갤,,,8358541,,21,f23435ac85b2,ISA 핫 하길래 보도자료 쭊 내리는데
DM-003199,raw_dcinside.csv,283,crawler_dcinside.py,디시인사이드 주식갤 4개(제목·본문),dc_title,디시 제목,해외주식갤,,,8358538,,12,dba4021aa45d,INHD 정찰 1주샀다
DM-003200,raw_dcinside.csv,284,crawler_dcinside.py,디시인사이드 주식갤 4개(제목·본문),dc_title,디시 제목,해외주식갤,,,8358536,,10,eaebe1060dd5,하락장 주식방송 특
DM-003201,raw_dcinside.csv,285,crawler_dcinside.py,디시인사이드 주식갤 4개(제목·본문),dc_title,디시 제목,해외주식갤,,,8358535,,14,fe8c1b587bb0,아다지오 아깐 장난이였는데
DM-003202,raw_dcinside.csv,286,crawler_dcinside.py,디시인사이드 주식갤 4개(제목·본문),dc_title,디시 제목,해외주식갤,,,8358534,,17,09b05ddb7605,주식하면안된다 10년동안 보겠노
DM-003203,raw_dcinside.csv,287,crawler_dcinside.py,디시인사이드 주식갤 4개(제목·본문),dc_title,디시 제목,해외주식갤,,,8358533,,26,3b011e99128d,한국 인플레이션 둔화에도 연속 금리 인상 가능성
DM-003204,raw_dcinside.csv,288,crawler_dcinside.py,디시인사이드 주식갤 4개(제목·본문),dc_title,디시 제목,해외주식갤,,,8358532,,13,6d13c6ea17ff,스엑 실적 볼 필요없을듯
DM-003205,raw_dcinside.csv,289,crawler_dcinside.py,디시인사이드 주식갤 4개(제목·본문),dc_title,디시 제목,해외주식갤,,,8358531,,20,6f108a840fc1,트럼프 최근 인하타령 다시 시작했던데
DM-003206,raw_dcinside.csv,290,crawler_dcinside.py,디시인사이드 주식갤 4개(제목·본문),dc_title,디시 제목,해외주식갤,,,8358530,,29,141a9cb7164c,빨랑튀어 역 2주석 입갤ㅋㅋㅋㅋㅋㅋㅋ 할때 쳐들어갈걸
DM-003207,raw_dcinside.csv,291,crawler_dcinside.py,디시인사이드 주식갤 4개(제목·본문),dc_title,디시 제목,해외주식갤,,,8358529,,17,259f2516fc99,와 isa 심각하네 ㅋㅋㅋㅋㅋㅋ
DM-003208,raw_dcinside.csv,292,crawler_dcinside.py,디시인사이드 주식갤 4개(제목·본문),dc_title,디시 제목,해외주식갤,,,8358528,,13,e5d8addf8134,스엑 숏이냐 롱이냐 ㅋㅋ
DM-003209,raw_dcinside.csv,293,crawler_dcinside.py,디시인사이드 주식갤 4개(제목·본문),dc_title,디시 제목,해외주식갤,,,8358527,,26,43fa3c3d588b,일론<<이새끼 AI개발비용을 우주에 끼워팔고있음
DM-003210,raw_dcinside.csv,294,crawler_dcinside.py,디시인사이드 주식갤 4개(제목·본문),dc_title,디시 제목,해외주식갤,,,8358526,,16,b0911a803948,아오이 어닝서프 할 것 같냐?
DM-003211,raw_dcinside.csv,295,crawler_dcinside.py,디시인사이드 주식갤 4개(제목·본문),dc_title,디시 제목,해외주식갤,,,8358525,,13,ca9cf3f36603,스페이스 X 락업 물량?
DM-003212,raw_dcinside.csv,296,crawler_dcinside.py,디시인사이드 주식갤 4개(제목·본문),dc_title,디시 제목,해외주식갤,,,8358524,,21,f8eba350755b,근데 isa 계좌 생각보다 이슈 안되노
DM-003213,raw_dcinside.csv,297,crawler_dcinside.py,디시인사이드 주식갤 4개(제목·본문),dc_title,디시 제목,해외주식갤,,,8358523,,14,240ae6dfcf2c,몬스터도 콜옵션이 있을까?
DM-003214,raw_dcinside.csv,298,crawler_dcinside.py,디시인사이드 주식갤 4개(제목·본문),dc_title,디시 제목,해외주식갤,,,8358522,,36,4d864d3cf305,블룸버그 “한국 투자 부적격 국가 되나”...코스피 변동성 맹비난
DM-003215,raw_dcinside.csv,299,crawler_dcinside.py,디시인사이드 주식갤 4개(제목·본문),dc_title,디시 제목,해외주식갤,,,8358521,,14,2d843a98ca40,국장은 하는거 아니야 시팔
DM-003216,raw_dcinside.csv,300,crawler_dcinside.py,디시인사이드 주식갤 4개(제목·본문),dc_title,디시 제목,해외주식갤,,,8358520,,25,f4911ca68df6,와 나 23년도부터 계속 2000만원씯 isa
DM-003217,raw_dcinside.csv,301,crawler_dcinside.py,디시인사이드 주식갤 4개(제목·본문),dc_title,디시 제목,해외주식갤,,,8358519,,20,9a823608ee11,Rklb 215불 10월까지 가능한가
DM-003218,raw_dcinside.csv,302,crawler_dcinside.py,디시인사이드 주식갤 4개(제목·본문),dc_title,디시 제목,해외주식갤,,,8358518,,9,37209769916f,밖에서 일 하는데
DM-003219,raw_dcinside.csv,303,crawler_dcinside.py,디시인사이드 주식갤 4개(제목·본문),dc_title,디시 제목,해외주식갤,,,8358517,,19,950f9a92c172,삼전만큼 벨류 엉망인 종목은 없는듯
DM-003220,raw_dcinside.csv,304,crawler_dcinside.py,디시인사이드 주식갤 4개(제목·본문),dc_title,디시 제목,해외주식갤,,,8358516,,20,b24386bcc4ca,텐베거찍어서원금회복하면 앞으로는...
DM-003221,raw_dcinside.csv,305,crawler_dcinside.py,디시인사이드 주식갤 4개(제목·본문),dc_title,디시 제목,해외주식갤,,,8358515,,12,3299490282fc,isa 이해 1도 못함
DM-003222,raw_dcinside.csv,306,crawler_dcinside.py,디시인사이드 주식갤 4개(제목·본문),dc_title,디시 제목,해외주식갤,,,8358514,,12,10ee6edbc26d,푸키먼챔피언스 시작했음
DM-003223,raw_dcinside.csv,307,crawler_dcinside.py,디시인사이드 주식갤 4개(제목·본문),dc_title,디시 제목,해외주식갤,,,8358513,,24,b96184789223,달러가 최고다 생각하고 직투만했는데ㅋㅋㅋㅋㅋ
DM-003224,raw_dcinside.csv,308,crawler_dcinside.py,디시인사이드 주식갤 4개(제목·본문),dc_title,디시 제목,해외주식갤,,,8358512,,20,d83272d23da4,텐부기 저점에서 먹는 고수들 있음??
DM-003225,raw_dcinside.csv,309,crawler_dcinside.py,디시인사이드 주식갤 4개(제목·본문),dc_title,디시 제목,해외주식갤,,,8358511,,22,b559421a53a8,여름에 양파랑 치즈값 보태서 주식하는 법
DM-003226,raw_dcinside.csv,310,crawler_dcinside.py,디시인사이드 주식갤 4개(제목·본문),dc_title,디시 제목,해외주식갤,,,8358510,,10,c0f0d34fcf28,Isa 저래서 안함
DM-003227,raw_dcinside.csv,311,crawler_dcinside.py,디시인사이드 주식갤 4개(제목·본문),dc_title,디시 제목,해외주식갤,,,8358509,FOMO·상대적박탈감,18,e37b81458b70,객관적으로 잡주 불장은 맞지않음?
DM-003228,raw_dcinside.csv,312,crawler_dcinside.py,디시인사이드 주식갤 4개(제목·본문),dc_title,디시 제목,해외주식갤,,,8357010,,10,0812aff46e19,isa 이거 뭐임?
DM-003229,raw_dcinside.csv,313,crawler_dcinside.py,디시인사이드 주식갤 4개(제목·본문),dc_title,디시 제목,해외주식갤,,,8358508,,8,4342f0dce2c7,isa 심각하네
DM-003230,raw_dcinside.csv,314,crawler_dcinside.py,디시인사이드 주식갤 4개(제목·본문),dc_title,디시 제목,해외주식갤,,,8358507,,17,e05793e465df,토스 시바 ㅋㅋㅋ 시장신뢰 훼손
DM-003231,raw_dcinside.csv,315,crawler_dcinside.py,디시인사이드 주식갤 4개(제목·본문),dc_title,디시 제목,해외주식갤,,,8358506,,10,9ae2d871c69b,저거 뭐임?????
DM-003232,raw_dcinside.csv,316,crawler_dcinside.py,디시인사이드 주식갤 4개(제목·본문),dc_title,디시 제목,해외주식갤,,,8358505,,8,d41f8accdbed,괴렘콘 업뎃했네
DM-003233,raw_dcinside.csv,317,crawler_dcinside.py,디시인사이드 주식갤 4개(제목·본문),dc_title,디시 제목,해외주식갤,,,8358504,,17,19d72feed433,"종전,휴전=대풀롱이 맞을까 과연"
DM-003234,raw_dcinside.csv,318,crawler_dcinside.py,디시인사이드 주식갤 4개(제목·본문),dc_title,디시 제목,해외주식갤,,,8358503,,12,6330e6bf72d8,에흐르 어제 개떡상했네
DM-003235,raw_dcinside.csv,319,crawler_dcinside.py,디시인사이드 주식갤 4개(제목·본문),dc_title,디시 제목,해외주식갤,,,8358502,,14,175df27a8964,국장 그새 또 뒤졌네 ㄷㄷ
DM-003236,raw_dcinside.csv,320,crawler_dcinside.py,디시인사이드 주식갤 4개(제목·본문),dc_title,디시 제목,해외주식갤,,,8358501,,30,0cd3c34e319d,도로에서 비키니만 입고 썬탠하던 여자 자지 본 썰 푼다
DM-003237,raw_dcinside.csv,321,crawler_dcinside.py,디시인사이드 주식갤 4개(제목·본문),dc_title,디시 제목,해외주식갤,,,8358500,,22,ea0a63bd6ab3,어제 미장 본장 램도 축제 분위기 아녔냐
DM-003238,raw_dcinside.csv,322,crawler_dcinside.py,디시인사이드 주식갤 4개(제목·본문),dc_title,디시 제목,해외주식갤,,,8358499,,21,19ffcbe1257a,삼전 골드만 갑자기 100만주나 던져?
DM-003239,raw_dcinside.csv,323,crawler_dcinside.py,디시인사이드 주식갤 4개(제목·본문),dc_title,디시 제목,해외주식갤,,,8358498,,13,a43b32c1740c,더위 ㄹㅇ 재난 수준인데
DM-003240,raw_dcinside.csv,324,crawler_dcinside.py,디시인사이드 주식갤 4개(제목·본문),dc_title,디시 제목,해외주식갤,,,8358497,,18,81088bef035b,국장 램혁수 안가니까 무거운거봐라
DM-003241,raw_dcinside.csv,325,crawler_dcinside.py,디시인사이드 주식갤 4개(제목·본문),dc_title,디시 제목,해외주식갤,,,8358496,,23,0b27d3e98956,오늘부터 원칙 어길 시 잘생긴 얼굴 공개함
DM-003242,raw_dcinside.csv,326,crawler_dcinside.py,디시인사이드 주식갤 4개(제목·본문),dc_title,디시 제목,해외주식갤,,,8358495,,19,1689c9d307a8,커넥사 어제 올린거 다떨군거야?ㅋㅋ
DM-003243,raw_dcinside.csv,327,crawler_dcinside.py,디시인사이드 주식갤 4개(제목·본문),dc_title,디시 제목,해외주식갤,,,8358494,,12,db311ae900ec,광쫀쿠 국장에서 탈거면
DM-003244,raw_dcinside.csv,328,crawler_dcinside.py,디시인사이드 주식갤 4개(제목·본문),dc_title,디시 제목,해외주식갤,,,8358493,,8,c4bf696bf70b,환율 말이 안됨
DM-003245,raw_dcinside.csv,329,crawler_dcinside.py,디시인사이드 주식갤 4개(제목·본문),dc_title,디시 제목,해외주식갤,,,8358492,,10,c7c43a5cb6ef,텐베거를 보고싶구나
DM-003246,raw_dcinside.csv,330,crawler_dcinside.py,디시인사이드 주식갤 4개(제목·본문),dc_title,디시 제목,해외주식갤,,,8358491,,8,2aa70d02a516,냉잔치국수 후기
DM-003247,raw_dcinside.csv,331,crawler_dcinside.py,디시인사이드 주식갤 4개(제목·본문),dc_title,디시 제목,해외주식갤,,,8358490,,9,fb3e5d35dc6b,레버가 잘못된거면
DM-003248,raw_dcinside.csv,332,crawler_dcinside.py,디시인사이드 주식갤 4개(제목·본문),dc_title,디시 제목,해외주식갤,,,8358489,,15,1e34443d0d86,다른갤 요즘에서야 구경하는데
DM-003249,raw_dcinside.csv,333,crawler_dcinside.py,디시인사이드 주식갤 4개(제목·본문),dc_title,디시 제목,해외주식갤,,,8358488,,22,884bbc019003,폭염지원금 필요하다고 생각하면 개추 ㅋㅋ
DM-003250,raw_dcinside.csv,334,crawler_dcinside.py,디시인사이드 주식갤 4개(제목·본문),dc_title,디시 제목,해외주식갤,,,8358486,,22,59bc7e20d0b8,단일레버 만든 이유의 금융위원장 답변이래
DM-003251,raw_dcinside.csv,335,crawler_dcinside.py,디시인사이드 주식갤 4개(제목·본문),dc_title,디시 제목,해외주식갤,,,8358485,,14,cd6a4460e20b,나우 이제 1%네 ㅅㅂㅋㅋ
DM-003252,raw_dcinside.csv,336,crawler_dcinside.py,디시인사이드 주식갤 4개(제목·본문),dc_title,디시 제목,해외주식갤,,,8358484,,13,a2e732dc8b89,옥시는 주가 존나 징하네
DM-003253,raw_dcinside.csv,337,crawler_dcinside.py,디시인사이드 주식갤 4개(제목·본문),dc_title,디시 제목,해외주식갤,,,8358483,,19,873255765d34,이제 봤는데 GME 10프로 빠졌네
DM-003254,raw_dcinside.csv,338,crawler_dcinside.py,디시인사이드 주식갤 4개(제목·본문),dc_title,디시 제목,해외주식갤,,,8358482,,9,f6a6cec96da3,공모주청약 좆댓네
DM-003255,raw_dcinside.csv,339,crawler_dcinside.py,디시인사이드 주식갤 4개(제목·본문),dc_title,디시 제목,해외주식갤,,,8358481,FOMO·상대적박탈감,18,fad7e3a5a4a5,포모라는 감정이 제일 무서운거같다
DM-003256,raw_dcinside.csv,340,crawler_dcinside.py,디시인사이드 주식갤 4개(제목·본문),dc_title,디시 제목,해외주식갤,,,8358480,,22,2095e057db9b,규제가 증시 신뢰도 바닥을 더 만드는 꼴
DM-003257,raw_dcinside.csv,341,crawler_dcinside.py,디시인사이드 주식갤 4개(제목·본문),dc_title,디시 제목,해외주식갤,,,8358479,,10,6fb153ee36bd,냉잔치국수 준비 완
DM-003258,raw_dcinside.csv,342,crawler_dcinside.py,디시인사이드 주식갤 4개(제목·본문),dc_title,디시 제목,해외주식갤,,,8358478,,14,2beca3b54d58,씨ㅡ팍 개잡주 선취매했는데
DM-003259,raw_dcinside.csv,343,crawler_dcinside.py,디시인사이드 주식갤 4개(제목·본문),dc_title,디시 제목,해외주식갤,,,8358477,,22,391590be5b5e,돈나무 이년아 crsp 는 이제 버렸냐?
DM-003260,raw_dcinside.csv,344,crawler_dcinside.py,디시인사이드 주식갤 4개(제목·본문),dc_title,디시 제목,해외주식갤,,,8358475,,31,92293cd4510c,"트럼프는 석유회사들이 ""돈을 너무 많이 번다""며 질책했다"
DM-003261,raw_dcinside.csv,345,crawler_dcinside.py,디시인사이드 주식갤 4개(제목·본문),dc_title,디시 제목,해외주식갤,,,8358474,,21,70c29f1706c2,밥 먹을 걸 예상하고 좋은 식당으로 감
DM-003262,raw_dcinside.csv,346,crawler_dcinside.py,디시인사이드 주식갤 4개(제목·본문),dc_body,디시 본문,해외주식갤,,,8358620,,37,c00264b3b481,거래량 없어서 기관이 걍 들어올리네 - dc official App
DM-003263,raw_dcinside.csv,347,crawler_dcinside.py,디시인사이드 주식갤 4개(제목·본문),dc_body,디시 본문,해외주식갤,,,8358619,,125,d65f65ebb22d,뭐랄까 다들 지친거같아 방식을 좀 바꿀필요가 있어 그럴땐 나도 그래서 SCO GDXU SOXL만 매매하고있거든 - 해외주식 갤러리의 글은 재무상담 및 조언에 해당하지 않습니다. 그러니 투자는 본인의 판단으로 신중하게 하세요.
DM-003264,raw_dcinside.csv,348,crawler_dcinside.py,디시인사이드 주식갤 4개(제목·본문),dc_body,디시 본문,해외주식갤,,,8358618,,12,baa6cd7aac5b,아직 안오른 bzai?
DM-003265,raw_dcinside.csv,349,crawler_dcinside.py,디시인사이드 주식갤 4개(제목·본문),dc_body,디시 본문,해외주식갤,,,8358617,,21,e10af4acc5bf,물도 안탔는데 지혼자 마3까지왔음 뭐여
DM-003266,raw_dcinside.csv,350,crawler_dcinside.py,디시인사이드 주식갤 4개(제목·본문),dc_body,디시 본문,해외주식갤,,,8358616,분노·불신|충동·중독시그널,168,36ce631593f7,오늘 휴가 내려와서 7월에 5천 갈린것도 빡치고 어제 하따 못한거 오늘 운전하느라 삼하 하따 못한거 개빡쳐서 3년만에 막걸리 한병 마셨더니 와 술기운이 훅 올라오네 맛있긴 맛있다 술은 금주하느라 3년 존나 참았는데 5천 갈린건 못 참겠누 한숨 자야겠다 오늘은 롱장이길 빌면서 돈 많이 벌어라 해붕이들아
DM-003267,raw_dcinside.csv,351,crawler_dcinside.py,디시인사이드 주식갤 4개(제목·본문),dc_body,디시 본문,해외주식갤,,,8358615,,14,8002cdf3f47d,WIMI HOLO MLGO
DM-003268,raw_dcinside.csv,352,crawler_dcinside.py,디시인사이드 주식갤 4개(제목·본문),dc_body,디시 본문,해외주식갤,,,8358614,,14,1948ebe327f6,반도체들 생각보다 잘버티네
DM-003269,raw_dcinside.csv,353,crawler_dcinside.py,디시인사이드 주식갤 4개(제목·본문),dc_body,디시 본문,해외주식갤,,,8358613,,66,c2c3bd1830db,어차피 미장은 오른다 해당 글은 재무상담 및 조언에 해당하지 않습니다. 그러니 투자는 본인의 판단으로 신중하게 하세요.
DM-003270,raw_dcinside.csv,354,crawler_dcinside.py,디시인사이드 주식갤 4개(제목·본문),dc_body,디시 본문,해외주식갤,,,8358612,,20,d7bc8fa576e7,?? - dc official App
DM-003271,raw_dcinside.csv,355,crawler_dcinside.py,디시인사이드 주식갤 4개(제목·본문),dc_body,디시 본문,해외주식갤,,,8358611,불안·공포|충동·중독시그널,244,a09391eaa47f,최근 1달은 예측이 쉬운 장이었는데 지금은 펀더멘탈/매크로랑 유동성이 싸우고 있는 장세임 내가 안 좋아하는 장세야 오를 수도 있지만 내리기 시작하면 진짜 밑도 끝도 없이 내릴 수 있는 장세 그런 와중에 만약 터지면 감당이 불가능한 대형 이벤트가 2개나 있음 하나는 더 이상 트럼프가 못 참는 거고 또 하나는 러시아 총동원령 둘 다 가능성을 무시할 수 없을 정도로는 있음 실버나 골드가 8% 이상 폭락하는 일이 생기면 그때부터 다시 사야지
DM-003272,raw_dcinside.csv,356,crawler_dcinside.py,디시인사이드 주식갤 4개(제목·본문),dc_body,디시 본문,해외주식갤,,,8358610,,14,732985ccc96c,진짜 한달간 여럿 죽었구나
DM-003273,raw_dcinside.csv,357,crawler_dcinside.py,디시인사이드 주식갤 4개(제목·본문),dc_body,디시 본문,해외주식갤,,,8358609,,252,7bf3f1457544,"도요타자동차 2026년 1분기 실적 발표 ◆ 실적 결과 ▪ 순이익: 1조 4,800억 엔 (전년 동기 8,414억 엔) ▪ 세전이익: 1조 9,600억 엔 (전년 동기 1조 2,500억 엔) ▪ 매출: 13조 5,000억 엔 (전년 동기 12조 3,000억 엔) ◆ 가이던스 ▪ 연간 영업이익 전망: 3조 엔 → 3조 4,000억 엔으로 상향 ◆ 주주환원 ▪ 최대 1조 엔 규모 자사주 매입 예정 [출처: 스톡나우,X] - dc official App"
DM-003274,raw_dcinside.csv,358,crawler_dcinside.py,디시인사이드 주식갤 4개(제목·본문),dc_body,디시 본문,해외주식갤,,,8358608,,37,b8b403421b51,930 떴는데 함 더 칠까 고민 중 - dc official App
DM-003275,raw_dcinside.csv,359,crawler_dcinside.py,디시인사이드 주식갤 4개(제목·본문),dc_body,디시 본문,해외주식갤,,,8358607,,55,861bda609f50,하한가에 산거 홀딩했으면 더벌었을텐데 레버를 타지 않겠습니다 스윙은 시드의 10퍼센트로만 하겠습니다
DM-003276,raw_dcinside.csv,360,crawler_dcinside.py,디시인사이드 주식갤 4개(제목·본문),dc_body,디시 본문,해외주식갤,,,8358606,,156,997a0fdc9671,추매하자니 또 난리날거같아서 못사겠고 안사자니... 채권 빠지고 지수도 오르고 반등 잘 주는거같은데 진입은 못하겠고 ㅋㅋㅋㅋㅋㅋㅋㅋㅋㅋㅋㅋ 아아악!! 이러면 안되는데 - 해외주식 갤러리의 글은 재무상담 및 조언에 해당하지 않습니다. 그러니 투자는 본인의 판단으로 신중하게 하세요.
DM-003277,raw_dcinside.csv,361,crawler_dcinside.py,디시인사이드 주식갤 4개(제목·본문),dc_body,디시 본문,해외주식갤,,,8358605,,15,f4fd7fc55d8d,상 유지안하고 터뜨릴거같아서
DM-003278,raw_dcinside.csv,362,crawler_dcinside.py,디시인사이드 주식갤 4개(제목·본문),dc_body,디시 본문,해외주식갤,,,8358604,,17,11ba72f84f1b,- dc official App
DM-003279,raw_dcinside.csv,363,crawler_dcinside.py,디시인사이드 주식갤 4개(제목·본문),dc_body,디시 본문,해외주식갤,,,8358603,,176,b93d0ce1ea89,적어도 이정도 되야 성과급으로 지급하는 자사주(110조기준?)가 총 지분 3~4퍼? 수준이라 경영권에 위협 안된다 ㅇㅇ 결국 주가 안띄우면 이씨집안은 죽는거라고 봄 지분 방어를 위해서라도 주가 띄울거라고 본다. 아니면 삼노조 회사됨. 뭐?? 숏충이들 말대로 주가 20만? 10만? 10만이면 걍 경영권 넘어가는 수준
DM-003280,raw_dcinside.csv,364,crawler_dcinside.py,디시인사이드 주식갤 4개(제목·본문),dc_body,디시 본문,해외주식갤,,,8358602,,30,0f10cfbcb269,삼닉박는거치고 잘버티네 - dc official App
DM-003281,raw_dcinside.csv,365,crawler_dcinside.py,디시인사이드 주식갤 4개(제목·본문),dc_body,디시 본문,해외주식갤,,,8358600,,112,3c88c940c269,국장 얘기하는애들 싹다 벤해버리게 칼을 꼭 들어야 어!? 여기서 삼전주주를 왜찾아!!! - 해외주식 갤러리의 글은 재무상담 및 조언에 해당하지 않습니다. 그러니 투자는 본인의 판단으로 신중하게 하세요.
DM-003282,raw_dcinside.csv,366,crawler_dcinside.py,디시인사이드 주식갤 4개(제목·본문),dc_body,디시 본문,해외주식갤,,,8358599,,171,6c486bb31370,"두가지는 어떡하든 필연적으로 한다고 봄 1. 시장 유동성 성격의 변화 기존 연준 중심에서 bank 대출 위주로의 전환 2. 스테이블 코인 부양 국채수요 공백을 메꿔야 하기때문에 스테이블 코인 부양 1,2는 시일이 걸려도 또 정권이 바뀌어도 가는 방향이라고 생각함 (긴축 없는 채권금리 안정은 공통된 방향성)"
DM-003283,raw_dcinside.csv,367,crawler_dcinside.py,디시인사이드 주식갤 4개(제목·본문),dc_body,디시 본문,해외주식갤,,,8358598,,35,e44d3e7346b7,삼전 매출 잘나오라고 큰맘먹고 폴드8 울트라 시킴 고마워해 ㅎㅎ
DM-003284,raw_dcinside.csv,368,crawler_dcinside.py,디시인사이드 주식갤 4개(제목·본문),dc_body,디시 본문,해외주식갤,,,8358596,충동·중독시그널,75,d39348ede99e,데이장 하한가 종목 와바밧 풀매수했다가 5시에 졸업하는 해붕이들 늘어난다. 한 패턴 나오면 그거랑 비슷한 패턴으로 털어먹는게 국룰이더라
DM-003285,raw_dcinside.csv,369,crawler_dcinside.py,디시인사이드 주식갤 4개(제목·본문),dc_body,디시 본문,해외주식갤,,,8358595,,7,756030d0cf01,처음본다 ㄹㅇ
DM-003286,raw_dcinside.csv,370,crawler_dcinside.py,디시인사이드 주식갤 4개(제목·본문),dc_body,디시 본문,해외주식갤,,,8358592,,213,e34f924f9790,"미친거 아니냐 진짜 걍 적폐노 말이 안되네 오늘부터 슨피만 산다 ㅈ같네 진짜로 모두가 S&P500, QQQ로 주식판에 뛰어들어 엔비디아 테슬라 구글 메타 아마존 M7의 맛을보고 중소형 테마주 맛을 보게 되고, 레버리지라는걸 알게되고 급상승 종목을 보다 개잡주를 하게 되고 해주갤로 흘러들어와 졸업장을 쓰고 다시 S&P500으로 돌아가는 이 슬픈 여정 난 이 이야기를 무척 좋아한다."
DM-003287,raw_dcinside.csv,371,crawler_dcinside.py,디시인사이드 주식갤 4개(제목·본문),dc_body,디시 본문,해외주식갤,,,8358591,FOMO·상대적박탈감,15,3a51ba9073f1,아까 포모와서 탔으면 클날뻔
DM-003288,raw_dcinside.csv,372,crawler_dcinside.py,디시인사이드 주식갤 4개(제목·본문),dc_body,디시 본문,해외주식갤,,,8358590,,93,f0e684ac9c51,비빔면 고명으로 오이에 계란도 안먹는단 말이냐 짜장면 고명으로 오이도 싫다 그 말인게야?? 네놈들은 맛알못이다… 지독한….지독한 놈들… - dc official App
DM-003289,raw_dcinside.csv,373,crawler_dcinside.py,디시인사이드 주식갤 4개(제목·본문),dc_body,디시 본문,해외주식갤,,,8358589,,11,164960c1f4c7,성공해야만 한다...
DM-003290,raw_dcinside.csv,374,crawler_dcinside.py,디시인사이드 주식갤 4개(제목·본문),dc_body,디시 본문,해외주식갤,,,8358588,,29,c11bdf7fc8ab,직감적으로 샀다가 매도벽보고 이성적으로 팔았는데 ㅋㅋ
DM-003291,raw_dcinside.csv,375,crawler_dcinside.py,디시인사이드 주식갤 4개(제목·본문),dc_body,디시 본문,해외주식갤,,,8358587,,25,840f048d7d6a,공모가 가것누 - dc official App
DM-003292,raw_dcinside.csv,376,crawler_dcinside.py,디시인사이드 주식갤 4개(제목·본문),dc_body,디시 본문,해외주식갤,,,8358586,,79,630dcd7b5da4,벌써 내평단이네 십ㅋㅋ 근데 안팔았으명 7불대 갔을때 눈물을 흘렸을지도.. 금요일때 저렇게 말아 올려주지 썅년 - dc official App
DM-003293,raw_dcinside.csv,377,crawler_dcinside.py,디시인사이드 주식갤 4개(제목·본문),dc_body,디시 본문,해외주식갤,,,8358585,,64,423dba2eb626,그걸 왜 지금 들어가냐 <<<<< 병신ㅉㅉ 먹을자리 보이면 들가서 먹고 단타치면 장땡이지 ㅋㅋ 우리가 뭐 장투하냐?
DM-003294,raw_dcinside.csv,378,crawler_dcinside.py,디시인사이드 주식갤 4개(제목·본문),dc_body,디시 본문,해외주식갤,,,8358584,분노·불신,58,225427d0bece,확대는 못해줄지언정 해외투자 족쇄를 하나 더 채우는건 뭐냐 어떻게든 국장 개미돈으로 떠받친다는 마인드인가
DM-003295,raw_dcinside.csv,379,crawler_dcinside.py,디시인사이드 주식갤 4개(제목·본문),dc_body,디시 본문,해외주식갤,,,8358583,분노·불신,99,aab386867dbc,앱장 끝나기직전에 저렇게 퍼올리고 데이장에서 하한가 처박은뒤 점심시간때쯤에 상한가 찍고 그대로 수직낙하하는 작전 종종 있음 몇달전에 라로사인가가 그랬을걸 프장에서는 그냥저냥이었음
DM-003296,raw_dcinside.csv,380,crawler_dcinside.py,디시인사이드 주식갤 4개(제목·본문),dc_body,디시 본문,해외주식갤,,,8300732,,57,7ba942906360,"선량한 해붕이라면 유동의 선.동과 리.딩방, 그리고 로갓고닉을 주의합시다 임상바이오주 붐은...온다!!"
DM-003297,raw_dcinside.csv,381,crawler_dcinside.py,디시인사이드 주식갤 4개(제목·본문),dc_body,디시 본문,해외주식갤,,,7548961,,54,0c30ec113a42,신체 사이즈: B100: W100: H110 이 할머니는...움직인다?!! ..최강이 될 할머니!
DM-003298,raw_dcinside.csv,382,crawler_dcinside.py,디시인사이드 주식갤 4개(제목·본문),dc_body,디시 본문,해외주식갤,,,8358582,,45,05c9b17c2810,미국 항공유쪽도 문제생길텐데 뭔배짱이냐 ㅋㅋㅋㅋㅋ - dc official App
DM-003299,raw_dcinside.csv,383,crawler_dcinside.py,디시인사이드 주식갤 4개(제목·본문),dc_body,디시 본문,해외주식갤,,,8358581,,20,ffe29bcf5c22,까비 - dc official App
DM-003300,raw_dcinside.csv,384,crawler_dcinside.py,디시인사이드 주식갤 4개(제목·본문),dc_body,디시 본문,해외주식갤,,,8358580,충동·중독시그널,93,9edc2fc4e2a6,요즘 첫 투자는 무조건 10만원치만 드감(한도 백만원) 1퍼만 먹고나왔는데 수익이 1만원이길래 뭔가봤더니 실수로 풀매수 때린거였네 시발 내려갔으면 피눈물 흘렸을 듯..
DM-003301,raw_dcinside.csv,385,crawler_dcinside.py,디시인사이드 주식갤 4개(제목·본문),dc_body,디시 본문,해외주식갤,,,8358579,,43,333ebdf8d658,ㅇㅇ저 개씨발 좆같은아다년 아 어제 앱장 시바 - dc official App
DM-003302,raw_dcinside.csv,386,crawler_dcinside.py,디시인사이드 주식갤 4개(제목·본문),dc_body,디시 본문,해외주식갤,,,8272339,,175,febf995dac37,?! https://m.dcinside.com/board/tenbagger/7548961 장 구릴땐 어플 끄고 E컵 신인 av데뷔작이나 보자 - 해외주식 마이너 갤러리 신체 사이즈: B100: W100: H110이 할머니는...움직인다?!!..최강이 될 할머니! m.dcinside.com !!!!! OBD-065
DM-003303,raw_dcinside.csv,387,crawler_dcinside.py,디시인사이드 주식갤 4개(제목·본문),dc_body,디시 본문,해외주식갤,,,8358578,,34,adff02a8bb80,아직 데이상 한참남은거 아님? - dc official App
DM-003304,raw_dcinside.csv,388,crawler_dcinside.py,디시인사이드 주식갤 4개(제목·본문),dc_body,디시 본문,해외주식갤,,,8358577,,4,abb6b3a87413,내려와라
DM-003305,raw_dcinside.csv,389,crawler_dcinside.py,디시인사이드 주식갤 4개(제목·본문),dc_body,디시 본문,해외주식갤,,,8358576,,186,68caa497974d,"1Q때 실적발표에서 2Q 가이던스는 이미 수요는 초과 상태에, 최대 공급 상태의 가이던스라서 그냥 저냥 맞게 나올거고 문제는 3Q 가이던스 공장 새롭게 건설된거에서 어느정도 더 팔 수 있을지가 실적에서 중요하지 공장 지연 문제 발생하면 떨굴거고 가이던스 폭발하면 오르고 단순 어닝은 서프는 나올 수 없는 구조임 다만 미달은 하면 안됨"
DM-003306,raw_dcinside.csv,390,crawler_dcinside.py,디시인사이드 주식갤 4개(제목·본문),dc_body,디시 본문,해외주식갤,,,8358574,,58,0e48adeea993,사람들이 사는이유: 주가가 오르고 있으니까 레버를 타지 않겠습니다 스윙은 시드의 10퍼센트로만 하겠습니다
DM-003307,raw_dcinside.csv,391,crawler_dcinside.py,디시인사이드 주식갤 4개(제목·본문),dc_body,디시 본문,해외주식갤,,,8358573,,26,495ee20220c4,이란 왜때린거? - dc official App
DM-003308,raw_dcinside.csv,392,crawler_dcinside.py,디시인사이드 주식갤 4개(제목·본문),dc_body,디시 본문,해외주식갤,,,8358572,,21,629664ac67a5,ㅇㅇ? - dc official App
DM-003309,raw_dcinside.csv,393,crawler_dcinside.py,디시인사이드 주식갤 4개(제목·본문),dc_body,디시 본문,해외주식갤,,,8358571,,12,cc36310f6fc7,맛있긴 했는데 씁쓸하다
DM-003310,raw_dcinside.csv,394,crawler_dcinside.py,디시인사이드 주식갤 4개(제목·본문),dc_body,디시 본문,해외주식갤,,,8358570,,77,c2c5072620d8,아무리 생각해도 데이장 강제로 누르면서 하한가 아래에서 투매 유도 한거 같은데ㅋ 나도 오전에 하한에 주문 넣었는데 0.5176에 체결됨ㅋㅋ
DM-003311,raw_dcinside.csv,395,crawler_dcinside.py,디시인사이드 주식갤 4개(제목·본문),dc_body,디시 본문,해외주식갤,,,8358568,FOMO·상대적박탈감|분노·불신,195,1c39736eb267,기관들은 주식을 판다고 그걸 현금으로 가지고 있기보다는 다른 주식을 사기 때문에 반도체에서 빠진 돈이 다른 곳으로 가면서 순간적으로 쏠림 현상이 생기고 반도체주는 지금 점점 시장 관심에서 소외되는 중인 거 같음 그러면 장기적으로 결국 시장에서 돈은 빠지게 돼있고 펀더멘탈이나 매크로와 다른 방향으로 가고 있기 때문에 큰 낙폭이 만들어지기 쉬운 상황임
DM-003312,raw_dcinside.csv,396,crawler_dcinside.py,디시인사이드 주식갤 4개(제목·본문),dc_body,디시 본문,해외주식갤,,,8358567,,29,2febdf114f0f,저기서 그냥 인텔장투했으면 3억이 됐을수도 있었을텐데
DM-003313,raw_dcinside.csv,397,crawler_dcinside.py,디시인사이드 주식갤 4개(제목·본문),dc_body,디시 본문,해외주식갤,,,8358566,,54,858f432b27a9,와 이러면 이번에 유입청년들 해외잡주로 대거유입되는거아니냐 애들 갈데가 거기밖에 없을텐데 ㅋㅋㅋㅋ
DM-003314,raw_dcinside.csv,398,crawler_dcinside.py,디시인사이드 주식갤 4개(제목·본문),dc_body,디시 본문,해외주식갤,,,8358564,,46,f9c007496bd1,맛은 있을거같은데 딴놈들이 점점 살 발라먹는 꼴보니 지금 들어가면 독만 먹을거같지요
DM-003315,raw_dcinside.csv,399,crawler_dcinside.py,디시인사이드 주식갤 4개(제목·본문),dc_body,디시 본문,해외주식갤,,,8358562,,11,c0f841f62a73,ㅋㅋㅋㅋㅋㅋㅋㅋㅋㅋㅋ
DM-003316,raw_dcinside.csv,400,crawler_dcinside.py,디시인사이드 주식갤 4개(제목·본문),dc_body,디시 본문,해외주식갤,,,8358561,,61,77b001a325b4,해외주식 갤러리의 글은 재무상담 및 조언에 해당하지 않습니다. 그러니 투자는 본인의 판단으로 신중하게 하세요.
DM-003317,raw_dcinside.csv,401,crawler_dcinside.py,디시인사이드 주식갤 4개(제목·본문),dc_title,디시 제목,미국주식갤,,,17288837,,11,249a6d1116f7,국장 단타만쳐야겟고만
DM-003318,raw_dcinside.csv,402,crawler_dcinside.py,디시인사이드 주식갤 4개(제목·본문),dc_title,디시 제목,미국주식갤,,,17288836,,12,37771b57626f,삼전 양전까지 5미니츠
DM-003319,raw_dcinside.csv,403,crawler_dcinside.py,디시인사이드 주식갤 4개(제목·본문),dc_title,디시 제목,미국주식갤,,,17288835,,14,2cd71997ee20,내일은올라 확실함 홀딩!!
DM-003320,raw_dcinside.csv,404,crawler_dcinside.py,디시인사이드 주식갤 4개(제목·본문),dc_title,디시 제목,미국주식갤,,,17288834,,8,4f8b88e78bc7,오늘 뱝값 굿굿
DM-003321,raw_dcinside.csv,405,crawler_dcinside.py,디시인사이드 주식갤 4개(제목·본문),dc_title,디시 제목,미국주식갤,,,17288833,,23,0519096b652a,다시 쳐박더라도 지금은 반등 타이밍이긴 함
DM-003322,raw_dcinside.csv,406,crawler_dcinside.py,디시인사이드 주식갤 4개(제목·본문),dc_title,디시 제목,미국주식갤,,,17288832,,19,62b93fdb0ac7,심하닉 계단식 무빙 존나 정직한데?
DM-003323,raw_dcinside.csv,407,crawler_dcinside.py,디시인사이드 주식갤 4개(제목·본문),dc_title,디시 제목,미국주식갤,,,17288831,,10,887155023933,삼전 번지~ 운지~
DM-003324,raw_dcinside.csv,408,crawler_dcinside.py,디시인사이드 주식갤 4개(제목·본문),dc_title,디시 제목,미국주식갤,,,17288830,,14,8fb03f907cb2,아니 신고가엔 잘만 사면서
DM-003325,raw_dcinside.csv,409,crawler_dcinside.py,디시인사이드 주식갤 4개(제목·본문),dc_title,디시 제목,미국주식갤,,,17288829,,26,6b647bda726b,ISA계좌는 els 투자하라고 있는거 아니었음?
DM-003326,raw_dcinside.csv,410,crawler_dcinside.py,디시인사이드 주식갤 4개(제목·본문),dc_title,디시 제목,미국주식갤,,,17288828,,18,dfaeb029f9b8,외신 한국이 가장먼저 붕괴 ㄷㄷㄷ
DM-003327,raw_dcinside.csv,411,crawler_dcinside.py,디시인사이드 주식갤 4개(제목·본문),dc_title,디시 제목,미국주식갤,,,17288827,,11,3e2b72e31674,하루 30% 올리더만
DM-003328,raw_dcinside.csv,412,crawler_dcinside.py,디시인사이드 주식갤 4개(제목·본문),dc_title,디시 제목,미국주식갤,,,17288826,,18,af8589ceb464,국장 오늘 변동성도 미친 수준인데
DM-003329,raw_dcinside.csv,413,crawler_dcinside.py,디시인사이드 주식갤 4개(제목·본문),dc_title,디시 제목,미국주식갤,,,17288825,,14,9b19a83c11e9,대ㅡㅡㅡㅡㅡ운ㅡㅡㅡㅡㅡㅡ지
DM-003330,raw_dcinside.csv,414,crawler_dcinside.py,디시인사이드 주식갤 4개(제목·본문),dc_title,디시 제목,미국주식갤,,,17288824,,21,52a204496ecd,요즘 숏 거리는 애들 거의 쁘락치들인듯
DM-003331,raw_dcinside.csv,415,crawler_dcinside.py,디시인사이드 주식갤 4개(제목·본문),dc_title,디시 제목,미국주식갤,,,17288823,,21,c9065284d380,캐나다왕립은행) 하이닉스 목표가 300
DM-003332,raw_dcinside.csv,416,crawler_dcinside.py,디시인사이드 주식갤 4개(제목·본문),dc_title,디시 제목,미국주식갤,,,17288822,,25,f562784505a1,8만원짜리가 157만원이 된것도 어이없지않냐?
DM-003333,raw_dcinside.csv,417,crawler_dcinside.py,디시인사이드 주식갤 4개(제목·본문),dc_title,디시 제목,미국주식갤,,,17288821,,23,5a9ad3a9507a,번ㅡㅡㅡ지ㅡㅡㅡㅡ엄ㅡㅡㅡ마ㅡㅡㅡ미ㅡㅡㅡㅡ안
DM-003334,raw_dcinside.csv,418,crawler_dcinside.py,디시인사이드 주식갤 4개(제목·본문),dc_title,디시 제목,미국주식갤,,,17288820,,18,5e3b505e6acc,국장은 서킷 소식만 들고와라 ㅇㅇ
DM-003335,raw_dcinside.csv,419,crawler_dcinside.py,디시인사이드 주식갤 4개(제목·본문),dc_title,디시 제목,미국주식갤,,,17288819,,27,cffc75219956,갤 오랜만에 왔는데 왠 찐따새끼가 주딱 달고 있노
DM-003336,raw_dcinside.csv,420,crawler_dcinside.py,디시인사이드 주식갤 4개(제목·본문),dc_title,디시 제목,미국주식갤,,,17288818,,12,fc283c62ffca,삼닉 왜 분봉이 똑같냐
DM-003337,raw_dcinside.csv,421,crawler_dcinside.py,디시인사이드 주식갤 4개(제목·본문),dc_title,디시 제목,미국주식갤,,,17288817,,10,0adcadad6e0e,하도 병신무빙하니까
DM-003338,raw_dcinside.csv,422,crawler_dcinside.py,디시인사이드 주식갤 4개(제목·본문),dc_title,디시 제목,미국주식갤,,,17288816,,17,01dae85645ce,팔라다가 안팔라고 내잉 떡상할듯
DM-003339,raw_dcinside.csv,423,crawler_dcinside.py,디시인사이드 주식갤 4개(제목·본문),dc_title,디시 제목,미국주식갤,,,17288815,불안·공포,14,3e2a6af97fb7,호들갑떠니까 다시 폭락하네
DM-003340,raw_dcinside.csv,424,crawler_dcinside.py,디시인사이드 주식갤 4개(제목·본문),dc_title,디시 제목,미국주식갤,,,17288814,,27,fd8f6a3ad1f4,걍 주가 좀 높여서 물량 다 먹고 튈려는것 같은데
DM-003341,raw_dcinside.csv,425,crawler_dcinside.py,디시인사이드 주식갤 4개(제목·본문),dc_title,디시 제목,미국주식갤,,,17288813,,30,be3a76632a25,팩트체크)대통령님이 사라고 할때 샀으면 지금도 수익권임
DM-003342,raw_dcinside.csv,426,crawler_dcinside.py,디시인사이드 주식갤 4개(제목·본문),dc_title,디시 제목,미국주식갤,,,17288812,,34,7b71837da70b,모간스탠리 항복 지수(Capitulation Index) 분석
DM-003343,raw_dcinside.csv,427,crawler_dcinside.py,디시인사이드 주식갤 4개(제목·본문),dc_title,디시 제목,미국주식갤,,,17288810,,21,fe8b591bd437,부정선거 원조들 검거당함 <<긴급>>>
DM-003344,raw_dcinside.csv,428,crawler_dcinside.py,디시인사이드 주식갤 4개(제목·본문),dc_title,디시 제목,미국주식갤,,,17288809,,23,3e211b474528,종가에 오르는거보니뭐있음 내일 존나오를예감
DM-003345,raw_dcinside.csv,429,crawler_dcinside.py,디시인사이드 주식갤 4개(제목·본문),dc_title,디시 제목,미국주식갤,,,17288808,,21,36369b299c4a,대ㅡㅡㅡㅡㅡㅡ양ㅡㅡㅡㅡㅡㅡ전ㅡㅡㅡㅡㅡㅡ
DM-003346,raw_dcinside.csv,430,crawler_dcinside.py,디시인사이드 주식갤 4개(제목·본문),dc_title,디시 제목,미국주식갤,,,17288807,,20,d1ff535e3a4e,거래량 쥐좆이라 갖고놀기 딱좋노 ㅋㅋ
DM-003347,raw_dcinside.csv,431,crawler_dcinside.py,디시인사이드 주식갤 4개(제목·본문),dc_title,디시 제목,미국주식갤,,,17288805,,11,a8407b5b5894,삼전 저거 번지대지?
DM-003348,raw_dcinside.csv,432,crawler_dcinside.py,디시인사이드 주식갤 4개(제목·본문),dc_title,디시 제목,미국주식갤,,,17288804,,16,9eaed17ae975,삼닉 안산애들이 아직도 있어?
DM-003349,raw_dcinside.csv,433,crawler_dcinside.py,디시인사이드 주식갤 4개(제목·본문),dc_title,디시 제목,미국주식갤,,,17288803,,14,d7f11989c6ab,2달간의 긴 횡보 끝난건가
DM-003350,raw_dcinside.csv,434,crawler_dcinside.py,디시인사이드 주식갤 4개(제목·본문),dc_title,디시 제목,미국주식갤,,,17288802,,19,345bc4efa183,하따해 붐위기가 내일 존나오를거같아
DM-003351,raw_dcinside.csv,435,crawler_dcinside.py,디시인사이드 주식갤 4개(제목·본문),dc_title,디시 제목,미국주식갤,,,17288801,,14,45a4d5feaa1c,계속 국장 병신이라 하지마
DM-003352,raw_dcinside.csv,436,crawler_dcinside.py,디시인사이드 주식갤 4개(제목·본문),dc_title,디시 제목,미국주식갤,,,17288800,,30,04b23cf18cbc,언제는 놀이터 아니었냐? 언제나 환율만이 내국인 거였지
DM-003353,raw_dcinside.csv,437,crawler_dcinside.py,디시인사이드 주식갤 4개(제목·본문),dc_title,디시 제목,미국주식갤,,,17288799,,22,dfa70435e617,막말로 삼닉 지금 170까지 오른들 뭐함
DM-003354,raw_dcinside.csv,438,crawler_dcinside.py,디시인사이드 주식갤 4개(제목·본문),dc_title,디시 제목,미국주식갤,,,17288798,,24,5a528c9c722f,하닉 내일 상 ㅋㅋㅋㅋㅋㅋㅋㅋㅋㅋㅋㅋㅋㅋㅋㅋ
DM-003355,raw_dcinside.csv,439,crawler_dcinside.py,디시인사이드 주식갤 4개(제목·본문),dc_title,디시 제목,미국주식갤,,,17288797,,12,d86ce5b18ad7,냅ㅡ뚜ㅡ믄ㅡ오ㅡ른ㅡㅡㅡ
DM-003356,raw_dcinside.csv,440,crawler_dcinside.py,디시인사이드 주식갤 4개(제목·본문),dc_title,디시 제목,미국주식갤,,,17288796,,20,b31fcd59e6fe,근데 내일 존나 오를거같아서 홀딩!!
DM-003357,raw_dcinside.csv,441,crawler_dcinside.py,디시인사이드 주식갤 4개(제목·본문),dc_title,디시 제목,미국주식갤,,,17288795,,24,69dd7a1ba520,김건희 어린시절부터 콘돔 치우던 삶을살아..
DM-003358,raw_dcinside.csv,442,crawler_dcinside.py,디시인사이드 주식갤 4개(제목·본문),dc_title,디시 제목,미국주식갤,,,17288794,,38,757febd7f329,[3치 경고] 수직 급락 25 분전 !!!!!!!!!!!!!!!!!!
DM-003359,raw_dcinside.csv,443,crawler_dcinside.py,디시인사이드 주식갤 4개(제목·본문),dc_title,디시 제목,미국주식갤,,,17288793,,15,204cbda30822,갑자기 대말올 분위기 뭐임?
DM-003360,raw_dcinside.csv,444,crawler_dcinside.py,디시인사이드 주식갤 4개(제목·본문),dc_title,디시 제목,미국주식갤,,,17288792,,30,b28cfead1984,이준석은 진짜 딱 펨대남에서 학력만 업글 시킨 버전같음
DM-003361,raw_dcinside.csv,445,crawler_dcinside.py,디시인사이드 주식갤 4개(제목·본문),dc_title,디시 제목,미국주식갤,,,17288791,,5,43aacfc39d11,차트충 특
DM-003362,raw_dcinside.csv,446,crawler_dcinside.py,디시인사이드 주식갤 4개(제목·본문),dc_title,디시 제목,미국주식갤,,,17288790,,16,732438693847,국장 버러지들 보면 그냥 짠함
DM-003363,raw_dcinside.csv,447,crawler_dcinside.py,디시인사이드 주식갤 4개(제목·본문),dc_title,디시 제목,미국주식갤,,,17288789,,25,06ac438f79d5,[미주갤 매매법] 알려드립니다 모두 성투하세요
DM-003364,raw_dcinside.csv,448,crawler_dcinside.py,디시인사이드 주식갤 4개(제목·본문),dc_title,디시 제목,미국주식갤,,,17288788,,21,333d7ba4a0d7,황말올이라고? 이거 구조대 오는거라고?
DM-003365,raw_dcinside.csv,449,crawler_dcinside.py,디시인사이드 주식갤 4개(제목·본문),dc_title,디시 제목,미국주식갤,,,17288787,,14,1f12194af8e8,국장 ㄹㅇ 재미없어졌노ㅋㅋ
DM-003366,raw_dcinside.csv,450,crawler_dcinside.py,디시인사이드 주식갤 4개(제목·본문),dc_title,디시 제목,미국주식갤,,,17288786,,9,cff03dfa521f,냅뚜면은 무적이네
DM-003367,raw_dcinside.csv,451,crawler_dcinside.py,디시인사이드 주식갤 4개(제목·본문),dc_title,디시 제목,미국주식갤,,,17288785,,22,c1340f315c24,삼닉 아침 넥장보고 따악 예상한 그대로네
DM-003368,raw_dcinside.csv,452,crawler_dcinside.py,디시인사이드 주식갤 4개(제목·본문),dc_title,디시 제목,미국주식갤,,,17288784,,26,53576c823b16,내가 화교 13대인데 이재명 시발련아 친중이라매
DM-003369,raw_dcinside.csv,453,crawler_dcinside.py,디시인사이드 주식갤 4개(제목·본문),dc_title,디시 제목,미국주식갤,,,17288783,,5,977b70777e52,양전하겠네
DM-003370,raw_dcinside.csv,454,crawler_dcinside.py,디시인사이드 주식갤 4개(제목·본문),dc_title,디시 제목,미국주식갤,,,17288782,,18,0e804f06599d,삼닉은 외인 혜지펀드 놀이터 된듯
DM-003371,raw_dcinside.csv,455,crawler_dcinside.py,디시인사이드 주식갤 4개(제목·본문),dc_title,디시 제목,미국주식갤,,,17288781,충동·중독시그널,29,c6a66c62b96b,미주갤 와서 정치글 싸지르는 국장충들을 보면 먹먹하다
DM-003372,raw_dcinside.csv,456,crawler_dcinside.py,디시인사이드 주식갤 4개(제목·본문),dc_title,디시 제목,미국주식갤,,,17288780,,10,0a52193b2d6d,진지하게ELS어떠냐
DM-003373,raw_dcinside.csv,457,crawler_dcinside.py,디시인사이드 주식갤 4개(제목·본문),dc_title,디시 제목,미국주식갤,,,17288779,,15,882cd63bbc2b,부모 티어리스트 최하급 ㄹㅇ
DM-003374,raw_dcinside.csv,458,crawler_dcinside.py,디시인사이드 주식갤 4개(제목·본문),dc_title,디시 제목,미국주식갤,,,17288778,,16,3c03f174ac3f,이재명 욕하니까 갑자기 오르노
DM-003375,raw_dcinside.csv,459,crawler_dcinside.py,디시인사이드 주식갤 4개(제목·본문),dc_title,디시 제목,미국주식갤,,,17288777,,22,5aba79c3a334,신규 isa 어떻게 나오든 관심도 없었음
DM-003376,raw_dcinside.csv,460,crawler_dcinside.py,디시인사이드 주식갤 4개(제목·본문),dc_title,디시 제목,미국주식갤,,,17288776,,23,b6df49a4dca0,번지대 만들고 렛츠다이브 ㅋㅋㅋㅋㅋㅋㅋㅋㅋ
DM-003377,raw_dcinside.csv,461,crawler_dcinside.py,디시인사이드 주식갤 4개(제목·본문),dc_title,디시 제목,미국주식갤,,,17288775,,32,4694f22d4840,2027년 CAPEX 절대액보다 전망의 기울기가 다시 상향
DM-003378,raw_dcinside.csv,462,crawler_dcinside.py,디시인사이드 주식갤 4개(제목·본문),dc_title,디시 제목,미국주식갤,,,17288774,,16,1d56b26fb9d9,하닉레버 괴리율 지랄났네 ㅅㅂ
DM-003379,raw_dcinside.csv,463,crawler_dcinside.py,디시인사이드 주식갤 4개(제목·본문),dc_title,디시 제목,미국주식갤,,,17288773,,27,77fb389b9b8c,근데 부정선거 진짜면 정계은퇴한다던분 뭐함 요즘?
DM-003380,raw_dcinside.csv,464,crawler_dcinside.py,디시인사이드 주식갤 4개(제목·본문),dc_title,디시 제목,미국주식갤,,,17288772,,14,3a62ccb26173,으휴8월은 폭등의 달이될것
DM-003381,raw_dcinside.csv,465,crawler_dcinside.py,디시인사이드 주식갤 4개(제목·본문),dc_title,디시 제목,미국주식갤,,,17288771,분노·불신,19,b7221d6a1040,국장 개미 털어먹는 무빙 장난아니네
DM-003382,raw_dcinside.csv,466,crawler_dcinside.py,디시인사이드 주식갤 4개(제목·본문),dc_title,디시 제목,미국주식갤,,,17288770,,13,b22711b64fb7,삼하 폭등한다 ㅋㅋㅋㅋㅋ
DM-003383,raw_dcinside.csv,467,crawler_dcinside.py,디시인사이드 주식갤 4개(제목·본문),dc_title,디시 제목,미국주식갤,,,17288769,,30,712fe84ab0ab,거래량이 좆도없으니까 시발 휙내렸다 휙올렸다가 ㅋㅋㅋㅋ
DM-003384,raw_dcinside.csv,468,crawler_dcinside.py,디시인사이드 주식갤 4개(제목·본문),dc_title,디시 제목,미국주식갤,,,17288768,,18,7cb454a9725e,오라클 찬양한 새끼 이거보고 가라
DM-003385,raw_dcinside.csv,469,crawler_dcinside.py,디시인사이드 주식갤 4개(제목·본문),dc_title,디시 제목,미국주식갤,,,17288767,,20,28e1c346e633,한 3분뒤에 신나는 번지 할거 같은데
DM-003386,raw_dcinside.csv,470,crawler_dcinside.py,디시인사이드 주식갤 4개(제목·본문),dc_title,디시 제목,미국주식갤,,,17288766,,17,e69ba52afbae,Great Korea Again
DM-003387,raw_dcinside.csv,471,crawler_dcinside.py,디시인사이드 주식갤 4개(제목·본문),dc_title,디시 제목,미국주식갤,,,17288765,,11,fbc56a7551f9,국장 이제끝난거아님?
DM-003388,raw_dcinside.csv,472,crawler_dcinside.py,디시인사이드 주식갤 4개(제목·본문),dc_title,디시 제목,미국주식갤,,,17288764,,14,85da2ee9730a,뭐 어디 찌라시라도 떳냐?
DM-003389,raw_dcinside.csv,473,crawler_dcinside.py,디시인사이드 주식갤 4개(제목·본문),dc_title,디시 제목,미국주식갤,,,17288763,,11,c4218cb7d557,초5인데 질문좀할게요
DM-003390,raw_dcinside.csv,474,crawler_dcinside.py,디시인사이드 주식갤 4개(제목·본문),dc_title,디시 제목,미국주식갤,,,17288762,불안·공포,24,050cad8387f9,코스피 폭락시키고 나스닥 대폭등 시켜주십시오
DM-003391,raw_dcinside.csv,475,crawler_dcinside.py,디시인사이드 주식갤 4개(제목·본문),dc_title,디시 제목,미국주식갤,,,17288761,,7,48b50487a1eb,황말올 대재멍
DM-003392,raw_dcinside.csv,476,crawler_dcinside.py,디시인사이드 주식갤 4개(제목·본문),dc_title,디시 제목,미국주식갤,,,17288760,,25,8b82c3489320,캬 루멘텀 롱 25%먹는 중ㅋㅋㅋㅋㅋㅋㅋㅋㅋㅋ
DM-003393,raw_dcinside.csv,477,crawler_dcinside.py,디시인사이드 주식갤 4개(제목·본문),dc_title,디시 제목,미국주식갤,,,17288759,불안·공포,10,cc4e1dae68a1,와 존나무섭게오룬다
DM-003394,raw_dcinside.csv,478,crawler_dcinside.py,디시인사이드 주식갤 4개(제목·본문),dc_title,디시 제목,미국주식갤,,,17288758,,20,600d10a8ea2d,미붕이들 반대로만 가면 됨 ㅋㅋㅋㅋㅋ
DM-003395,raw_dcinside.csv,479,crawler_dcinside.py,디시인사이드 주식갤 4개(제목·본문),dc_title,디시 제목,미국주식갤,,,17288757,,26,d43e2bbd9925,왜 이렇게 빨리 1557 찍나요 하이닉스!!!!
DM-003396,raw_dcinside.csv,480,crawler_dcinside.py,디시인사이드 주식갤 4개(제목·본문),dc_title,디시 제목,미국주식갤,,,17288756,,31,853a344d5b81,내린거 대통령 탓 안할테니까 오를 때 숟가락 좀 얹지마셈
DM-003397,raw_dcinside.csv,481,crawler_dcinside.py,디시인사이드 주식갤 4개(제목·본문),dc_title,디시 제목,미국주식갤,,,17288755,,12,a2be887fef7a,코스피 진짜 투심뒤졌노
DM-003398,raw_dcinside.csv,482,crawler_dcinside.py,디시인사이드 주식갤 4개(제목·본문),dc_title,디시 제목,미국주식갤,,,17288754,,15,dabc8068e644,와 이번거 좀 쎈데 찐반이냐
DM-003399,raw_dcinside.csv,483,crawler_dcinside.py,디시인사이드 주식갤 4개(제목·본문),dc_title,디시 제목,미국주식갤,,,17288753,,29,48cc2510a6da,국짐이든 민주당이든 ㅈ같은 놈들이 돌리지도 못하는 걸
DM-003400,raw_dcinside.csv,484,crawler_dcinside.py,디시인사이드 주식갤 4개(제목·본문),dc_title,디시 제목,미국주식갤,,,17288752,,12,e727c8d999fa,장 한번 ㅈ 같네 ㅋㅋ
DM-003401,raw_dcinside.csv,485,crawler_dcinside.py,디시인사이드 주식갤 4개(제목·본문),dc_title,디시 제목,미국주식갤,,,17288751,,24,11a4b764d525,어제 오라클 사라했을때 샀으면 벌써 10%네
DM-003402,raw_dcinside.csv,486,crawler_dcinside.py,디시인사이드 주식갤 4개(제목·본문),dc_title,디시 제목,미국주식갤,,,17288750,,9,0f6a139bb9f3,샤충이 운지 ㅅㅅ
DM-003403,raw_dcinside.csv,487,crawler_dcinside.py,디시인사이드 주식갤 4개(제목·본문),dc_title,디시 제목,미국주식갤,,,17288749,분노·불신,31,c5bd432ae5fb,"개미없으니까 그냥 개장 1시간, 끝나기 1시간만 매매하네"
DM-003404,raw_dcinside.csv,488,crawler_dcinside.py,디시인사이드 주식갤 4개(제목·본문),dc_title,디시 제목,미국주식갤,,,17288748,분노·불신,24,180eb7719f9a,국장 삼하 안사는 시대에 뒤쳐진 개미가 있나
DM-003405,raw_dcinside.csv,489,crawler_dcinside.py,디시인사이드 주식갤 4개(제목·본문),dc_title,디시 제목,미국주식갤,,,17288747,,12,eccbeee6a73d,주식 앱 리뉴얼좀 해라
DM-003406,raw_dcinside.csv,490,crawler_dcinside.py,디시인사이드 주식갤 4개(제목·본문),dc_title,디시 제목,미국주식갤,,,17288746,,24,e6d48a587d4d,태~원 1557복귀 ㅋㅋㅋㅋㅋㅋㅋㅋㅋㅋㅋㅋㅋ
DM-003407,raw_dcinside.csv,491,crawler_dcinside.py,디시인사이드 주식갤 4개(제목·본문),dc_title,디시 제목,미국주식갤,,,17288745,,13,960d6df4e633,탈기회도안주고 쏘네 ㅋㅋ
DM-003408,raw_dcinside.csv,492,crawler_dcinside.py,디시인사이드 주식갤 4개(제목·본문),dc_title,디시 제목,미국주식갤,,,17288744,,25,d3a4a69448ef,블름버그- 한국 투자 부적합국가되고있어  ㄱㄱ
DM-003409,raw_dcinside.csv,493,crawler_dcinside.py,디시인사이드 주식갤 4개(제목·본문),dc_title,디시 제목,미국주식갤,,,17288743,,12,3433e371b224,숏충이들 정신이 들어?
DM-003410,raw_dcinside.csv,494,crawler_dcinside.py,디시인사이드 주식갤 4개(제목·본문),dc_title,디시 제목,미국주식갤,,,17288742,분노·불신,29,9241256e49a5,결론적으로 주가만 낮아진채 개미한테 물량 다넘어간건데
DM-003411,raw_dcinside.csv,495,crawler_dcinside.py,디시인사이드 주식갤 4개(제목·본문),dc_title,디시 제목,미국주식갤,,,17288741,,21,1cb15325720d,호로섹스말좆양봉 출발 ㅋㅋㅋㅋㅋㅋㅋㅋㅋ
DM-003412,raw_dcinside.csv,496,crawler_dcinside.py,디시인사이드 주식갤 4개(제목·본문),dc_title,디시 제목,미국주식갤,,,17288740,,22,b3198cf6510f,반도치 업 반도치 업 ㅋㅋㅋㅋㅋㅋㅋㅋㅋㅋ
DM-003413,raw_dcinside.csv,497,crawler_dcinside.py,디시인사이드 주식갤 4개(제목·본문),dc_title,디시 제목,미국주식갤,,,17288739,불안·공포,15,3659379ae4c2,왜이렇게 빨리떨어지나요!!!
DM-003414,raw_dcinside.csv,498,crawler_dcinside.py,디시인사이드 주식갤 4개(제목·본문),dc_title,디시 제목,미국주식갤,,,17288738,,27,8c4adee6107f,아아 대상혁 이걸 막아내나요 ㅋㅋㅋㅋㅋㅋㅋㅋㅋㅋㅋ
DM-003415,raw_dcinside.csv,499,crawler_dcinside.py,디시인사이드 주식갤 4개(제목·본문),dc_title,디시 제목,미국주식갤,,,17288737,,22,8f59ef0ca9ce,황말올 캬ㅑㅑㅑㅑㅑㅑㅑㅑㅑ 솨리질러!!!
DM-003416,raw_dcinside.csv,500,crawler_dcinside.py,디시인사이드 주식갤 4개(제목·본문),dc_title,디시 제목,미국주식갤,,,17288736,,6,9846c6fc8f9e,황 말 오올
DM-003417,raw_dcinside.csv,501,crawler_dcinside.py,디시인사이드 주식갤 4개(제목·본문),dc_title,디시 제목,미국주식갤,,,17288735,,12,ada3335e6e89,코루 삼닉추종 포기한듯
DM-003418,raw_dcinside.csv,502,crawler_dcinside.py,디시인사이드 주식갤 4개(제목·본문),dc_title,디시 제목,미국주식갤,,,17288734,,25,973ff3d86f18,한 +0.5퍼로 마무리하고 내일 주석 처맞을각
DM-003419,raw_dcinside.csv,503,crawler_dcinside.py,디시인사이드 주식갤 4개(제목·본문),dc_title,디시 제목,미국주식갤,,,17288733,,24,bdeb890b9c90,딱 19년만 더 대재명 대민주 찍어야지~~~
DM-003420,raw_dcinside.csv,504,crawler_dcinside.py,디시인사이드 주식갤 4개(제목·본문),dc_title,디시 제목,미국주식갤,,,17288732,,9,42c5eb54dcc1,태~원 ㅋㅋㅋㅋㅋ
DM-003421,raw_dcinside.csv,505,crawler_dcinside.py,디시인사이드 주식갤 4개(제목·본문),dc_title,디시 제목,미국주식갤,,,17288731,,23,6ce5fe383638,국짐은 주식 알못이 많네.. 념글 가관이네
DM-003422,raw_dcinside.csv,506,crawler_dcinside.py,디시인사이드 주식갤 4개(제목·본문),dc_title,디시 제목,미국주식갤,,,17288730,,19,8047be1a271b,저환율에 대한 대책? 경기 둔화 ㅇ
DM-003423,raw_dcinside.csv,507,crawler_dcinside.py,디시인사이드 주식갤 4개(제목·본문),dc_title,디시 제목,미국주식갤,,,17288729,분노·불신,17,53fa0e540a6c,스마트 개미의 승리 ㅋㅋㅋㅋㅋㅋ
DM-003424,raw_dcinside.csv,508,crawler_dcinside.py,디시인사이드 주식갤 4개(제목·본문),dc_title,디시 제목,미국주식갤,,,17288728,,6,b7eab4474ef1,황말올 ㅋㅋ
DM-003425,raw_dcinside.csv,509,crawler_dcinside.py,디시인사이드 주식갤 4개(제목·본문),dc_title,디시 제목,미국주식갤,,,17288726,,18,c551f6554b38,내계좌가 녹아 업엊는데 4년버팀?
DM-003426,raw_dcinside.csv,510,crawler_dcinside.py,디시인사이드 주식갤 4개(제목·본문),dc_title,디시 제목,미국주식갤,,,17288725,,15,51e52c52f52a,추ㅡㅡㅡ세ㅡㅡㅡㅡ전ㅡㅡㅡㅡ환
DM-003427,raw_dcinside.csv,511,crawler_dcinside.py,디시인사이드 주식갤 4개(제목·본문),dc_title,디시 제목,미국주식갤,,,17288724,,14,d0461dcd5f9e,와 이씨발 오늘 날씨 미친
DM-003428,raw_dcinside.csv,512,crawler_dcinside.py,디시인사이드 주식갤 4개(제목·본문),dc_title,디시 제목,미국주식갤,,,17288723,,17,bbf2a5d7e44c,반도체 하따 치니 결국 먹여주네
DM-003429,raw_dcinside.csv,513,crawler_dcinside.py,디시인사이드 주식갤 4개(제목·본문),dc_title,디시 제목,미국주식갤,,,17288722,,7,3bc5dcc7b815,좌파대통령평가
DM-003430,raw_dcinside.csv,514,crawler_dcinside.py,디시인사이드 주식갤 4개(제목·본문),dc_title,디시 제목,미국주식갤,,,17288721,,19,f6ddff60a520,하닉 주주환원 얘기 안나오면 어케됨
DM-003431,raw_dcinside.csv,515,crawler_dcinside.py,디시인사이드 주식갤 4개(제목·본문),dc_title,디시 제목,미국주식갤,,,17288720,,13,d30daa1d9374,1557 찍고 운지 뭐고
DM-003432,raw_dcinside.csv,516,crawler_dcinside.py,디시인사이드 주식갤 4개(제목·본문),dc_title,디시 제목,미국주식갤,,,17288719,,14,fe309e810a0d,어린애 장난 수준의 코스피
DM-003433,raw_dcinside.csv,517,crawler_dcinside.py,디시인사이드 주식갤 4개(제목·본문),dc_title,디시 제목,미국주식갤,,,17288718,,30,5e3bc008c345,지금 네이버 카카오 헬지전자 3사 동반상승ㅋㅋㅋㅋㅋㅋㅋ
DM-003434,raw_dcinside.csv,518,crawler_dcinside.py,디시인사이드 주식갤 4개(제목·본문),dc_title,디시 제목,미국주식갤,,,17288717,,13,15cf8e1d7ad3,번지대 쌔게 만드네ㅋㅋㅋ
DM-003435,raw_dcinside.csv,519,crawler_dcinside.py,디시인사이드 주식갤 4개(제목·본문),dc_title,디시 제목,미국주식갤,,,17288716,,19,31797222abdb,현재 저환율에 대한 대책 없나 진심
DM-003436,raw_dcinside.csv,520,crawler_dcinside.py,디시인사이드 주식갤 4개(제목·본문),dc_title,디시 제목,미국주식갤,,,17288715,,16,a3d160797b38,ㅋㅋ 근데 국장러들 뇌가녹음?
DM-003437,raw_dcinside.csv,521,crawler_dcinside.py,디시인사이드 주식갤 4개(제목·본문),dc_title,디시 제목,미국주식갤,,,17288714,,28,4ed3d84275b5,어후 십 앞에사람 똥냄새에서 꾸리꾸리한 만두냄새나네
DM-003438,raw_dcinside.csv,522,crawler_dcinside.py,디시인사이드 주식갤 4개(제목·본문),dc_title,디시 제목,미국주식갤,,,17288713,,23,3a0609307ab0,근데 이준석 빠는새끼들은 진짜 장애인같더라
DM-003439,raw_dcinside.csv,523,crawler_dcinside.py,디시인사이드 주식갤 4개(제목·본문),dc_title,디시 제목,미국주식갤,,,17288712,,18,477f09ba24db,태~원ㅋㅋㅋㅋㅋㅋㅋㅋㅋㅋㅋㅋㅋㅋㅋ
DM-003440,raw_dcinside.csv,524,crawler_dcinside.py,디시인사이드 주식갤 4개(제목·본문),dc_title,디시 제목,미국주식갤,,,17288711,,25,aa65727a137d,"샌디, 암드 실발 등 곧 반도체 붐 다시 올듯"
DM-003441,raw_dcinside.csv,525,crawler_dcinside.py,디시인사이드 주식갤 4개(제목·본문),dc_title,디시 제목,미국주식갤,,,17288710,,16,61b9899c3acc,하닉 안산 매국노 없제ㅋㅋㅋㅋ
DM-003442,raw_dcinside.csv,526,crawler_dcinside.py,디시인사이드 주식갤 4개(제목·본문),dc_title,디시 제목,미국주식갤,,,17288709,,24,153af598bfc7,사회초년생이 민주당 찍는것만큼 병신짓이 없지
DM-003443,raw_dcinside.csv,527,crawler_dcinside.py,디시인사이드 주식갤 4개(제목·본문),dc_title,디시 제목,미국주식갤,,,17288707,,15,cef718d42834,근데 진짜 말올 맞지 않음?
DM-003444,raw_dcinside.csv,528,crawler_dcinside.py,디시인사이드 주식갤 4개(제목·본문),dc_title,디시 제목,미국주식갤,,,17288705,,19,fd8f40756288,불꽃양봉 ㅋㅋㅋㅋㅋㅋㅋㅋㅋㅋㅋㅋㅋㅋ
DM-003445,raw_dcinside.csv,529,crawler_dcinside.py,디시인사이드 주식갤 4개(제목·본문),dc_title,디시 제목,미국주식갤,,,17288704,분노·불신,19,85b190a3fccf,스마트개미들이 또 이겼네 ㅋㅋㅋㅋㅋ
DM-003446,raw_dcinside.csv,530,crawler_dcinside.py,디시인사이드 주식갤 4개(제목·본문),dc_title,디시 제목,미국주식갤,,,17288703,,24,dc932d72e040,어 오늘 양전마감이야 샷충이들아 ㅋㅋㅋㅋㅋㅋ
DM-003447,raw_dcinside.csv,531,crawler_dcinside.py,디시인사이드 주식갤 4개(제목·본문),dc_title,디시 제목,미국주식갤,,,17288702,,13,e52c25db38e4,반도체는 신이다 ㅅㅅㅅㅅ
DM-003448,raw_dcinside.csv,532,crawler_dcinside.py,디시인사이드 주식갤 4개(제목·본문),dc_title,디시 제목,미국주식갤,,,17288701,분노·불신,14,69761adab536,코스피 좆사기네 ㅋㅋㅋㅋㅋ
DM-003449,raw_dcinside.csv,533,crawler_dcinside.py,디시인사이드 주식갤 4개(제목·본문),dc_title,디시 제목,미국주식갤,,,17288700,,16,f4ac9b247a4d,태극기지지자 = 매춘부 지지자
DM-003450,raw_dcinside.csv,534,crawler_dcinside.py,디시인사이드 주식갤 4개(제목·본문),dc_title,디시 제목,미국주식갤,,,17288699,,28,4ba687cf2dfa,오늘 속쓸 130불 간다 안전벨트 꽉 매라잇ㅋㅋㅋㅋ
DM-003451,raw_dcinside.csv,535,crawler_dcinside.py,디시인사이드 주식갤 4개(제목·본문),dc_title,디시 제목,미국주식갤,,,17288698,,22,b96a742c7a9d,채권 오름  배당대신 배급이라도 나오겠지
DM-003452,raw_dcinside.csv,536,crawler_dcinside.py,디시인사이드 주식갤 4개(제목·본문),dc_title,디시 제목,미국주식갤,,,17288697,분노·불신,18,be4a9c281707,와 개미챴네 순식간에 다말올 양전
DM-003453,raw_dcinside.csv,537,crawler_dcinside.py,디시인사이드 주식갤 4개(제목·본문),dc_title,디시 제목,미국주식갤,,,17288696,,20,acb939c2471d,인생 고달픈애들이 남 까내리는걸 잘함
DM-003454,raw_dcinside.csv,538,crawler_dcinside.py,디시인사이드 주식갤 4개(제목·본문),dc_title,디시 제목,미국주식갤,,,17288695,,15,96640c37e723,찐말올을 하건 섹말올을 하건
DM-003455,raw_dcinside.csv,539,crawler_dcinside.py,디시인사이드 주식갤 4개(제목·본문),dc_title,디시 제목,미국주식갤,,,17288694,,15,482a2d4bac3d,삼하닉 폭풍 말ㅈ 호로 양봉
DM-003456,raw_dcinside.csv,540,crawler_dcinside.py,디시인사이드 주식갤 4개(제목·본문),dc_title,디시 제목,미국주식갤,,,17288693,,18,2416add8d045,장끝나기전에 삼닉양전각이네 ㅋㅋㅋ
DM-003457,raw_dcinside.csv,541,crawler_dcinside.py,디시인사이드 주식갤 4개(제목·본문),dc_title,디시 제목,미국주식갤,,,17288692,,19,5f403b447a4d,왜이렇게빨리오르나요 가격재입갤ㅋㅋㅋ
DM-003458,raw_dcinside.csv,542,crawler_dcinside.py,디시인사이드 주식갤 4개(제목·본문),dc_title,디시 제목,미국주식갤,,,17288691,,18,5e6bc1a3e37f,촛불들고 광화문가면 탄핵되는거아님
DM-003459,raw_dcinside.csv,543,crawler_dcinside.py,디시인사이드 주식갤 4개(제목·본문),dc_body,디시 본문,미국주식갤,,,17288836,,22,457f7660db9c,살아있네 - dc official App
DM-003460,raw_dcinside.csv,544,crawler_dcinside.py,디시인사이드 주식갤 4개(제목·본문),dc_body,디시 본문,미국주식갤,,,17288835,,19,b412897468f1,ㅋ - dc official App
DM-003461,raw_dcinside.csv,545,crawler_dcinside.py,디시인사이드 주식갤 4개(제목·본문),dc_body,디시 본문,미국주식갤,,,17288834,,23,9b9573be46d8,앙 기모띠 - dc official App
DM-003462,raw_dcinside.csv,546,crawler_dcinside.py,디시인사이드 주식갤 4개(제목·본문),dc_body,디시 본문,미국주식갤,,,17288833,,27,735691aaafc7,국장도 미국 따라서 중간선거 전까지는 롱이다 ㅇㅇ
DM-003463,raw_dcinside.csv,547,crawler_dcinside.py,디시인사이드 주식갤 4개(제목·본문),dc_body,디시 본문,미국주식갤,,,17288832,분노·불신,98,7673e6b0a95c,개미들이 슬슬 안 속으니까 한번씩 팍 올리는 무빙 주고 번지대 만들어서 다시 던짐 이 짓을 오전에 한번 오후에 한번씩 반복하면서 최종 하락으로 끝냄 걍 6~7월 내내 했던 짓임
DM-003464,raw_dcinside.csv,548,crawler_dcinside.py,디시인사이드 주식갤 4개(제목·본문),dc_body,디시 본문,미국주식갤,,,17288831,분노·불신,28,98c12a04f29c,거래량 터지면서 개미 꼬시는 차트 뻔하다 뻔해ㅋㅋㅋ
DM-003465,raw_dcinside.csv,549,crawler_dcinside.py,디시인사이드 주식갤 4개(제목·본문),dc_body,디시 본문,미국주식갤,,,17288830,,35,8cc1767d7eb7,ㅋㅋ 많이 빠져서 반등 먹으라는데도 무서워서 못삼 사람심리란 참
DM-003466,raw_dcinside.csv,550,crawler_dcinside.py,디시인사이드 주식갤 4개(제목·본문),dc_body,디시 본문,미국주식갤,,,17288829,,27,84c3ae7bb52b,원금보장 5퍼 짜리에 세금도 안떼서 개꿀인데 ㄹㅇ
DM-003467,raw_dcinside.csv,551,crawler_dcinside.py,디시인사이드 주식갤 4개(제목·본문),dc_body,디시 본문,미국주식갤,,,17288828,,3,4f0a830d8844,좃됐노
DM-003468,raw_dcinside.csv,552,crawler_dcinside.py,디시인사이드 주식갤 4개(제목·본문),dc_body,디시 본문,미국주식갤,,,17288827,,18,ea867e32b10a,이제 한달내내 장난치다 쳐내리겠군
DM-003469,raw_dcinside.csv,553,crawler_dcinside.py,디시인사이드 주식갤 4개(제목·본문),dc_body,디시 본문,미국주식갤,,,17288826,,43,9fb3de60357d,지난달이 너무 압도적이라 상대적으로 양호해보임 - dc official App
DM-003470,raw_dcinside.csv,554,crawler_dcinside.py,디시인사이드 주식갤 4개(제목·본문),dc_body,디시 본문,미국주식갤,,,17288824,,73,2153740baef5,며칠간 보면서 느낌 어떻게든 물량 주워먹으려고 세뇌용 알바쓴 느낌임 타이밍이 항상 절묘할때 나옴 중공 댓글 선동부대와 비스무리 한게
DM-003471,raw_dcinside.csv,555,crawler_dcinside.py,디시인사이드 주식갤 4개(제목·본문),dc_body,디시 본문,미국주식갤,,,17288823,충동·중독시그널,58,47e610c55580,https://x.com/FirstSquawk/status/2084515609648439755 풀매수했대
DM-003472,raw_dcinside.csv,556,crawler_dcinside.py,디시인사이드 주식갤 4개(제목·본문),dc_body,디시 본문,미국주식갤,,,17288822,,30,4380e8741255,1년만에 말이다 ㅋㅋㅋ - dc official App
DM-003473,raw_dcinside.csv,557,crawler_dcinside.py,디시인사이드 주식갤 4개(제목·본문),dc_body,디시 본문,미국주식갤,,,17288819,,36,96af0aa933ab,ㅈㄴ잼 념글 가지고 지들끼리 낄낄 거리고 있네 드립 폼 다 뒤졌네
DM-003474,raw_dcinside.csv,558,crawler_dcinside.py,디시인사이드 주식갤 4개(제목·본문),dc_body,디시 본문,미국주식갤,,,17288818,,7,5e7c1ac2633b,개걸레 다됐노
DM-003475,raw_dcinside.csv,559,crawler_dcinside.py,디시인사이드 주식갤 4개(제목·본문),dc_body,디시 본문,미국주식갤,,,17288817,,23,6b8fb0aca074,말좆양봉꽂아도 고대로 내릴게 눈에훤하노;;
DM-003476,raw_dcinside.csv,560,crawler_dcinside.py,디시인사이드 주식갤 4개(제목·본문),dc_body,디시 본문,미국주식갤,,,17288816,,19,9ee95f8e1f61,ㅡ - dc official App
DM-003477,raw_dcinside.csv,561,crawler_dcinside.py,디시인사이드 주식갤 4개(제목·본문),dc_body,디시 본문,미국주식갤,,,17288815,,4,039135c109e0,ㅋㅋㅋㅋ
DM-003478,raw_dcinside.csv,562,crawler_dcinside.py,디시인사이드 주식갤 4개(제목·본문),dc_body,디시 본문,미국주식갤,,,17288814,,36,ac09c73969f7,이게 뭔 말올이노ㅋㅋㅋㅋㅋㅋㅋㅋㅋ - dc official App
DM-003479,raw_dcinside.csv,563,crawler_dcinside.py,디시인사이드 주식갤 4개(제목·본문),dc_body,디시 본문,미국주식갤,,,17288813,,26,698cdd90a2a0,뭐 아쉽지만 8천에 상투 튼 윤찍이들은 어쩌것냐
DM-003480,raw_dcinside.csv,564,crawler_dcinside.py,디시인사이드 주식갤 4개(제목·본문),dc_body,디시 본문,미국주식갤,,,17288812,불안·공포,575,97ab95251c86,"1. 현재 수치 • 현재 항복 지수 수치 -2.53 기록 • 기술적 구간: 표준편차 하단선(-1SD)을 크게 하회하는 극단적 과매도 영역 진입 2. 수급 및 심리 측면의 시사점 • 레버리지 청산 완료: 단일종목 레버리지 ETF 및 신용융자 잔고의 반대매매 및 강제 청산이 막바지에 다다름 • 투매 심리 극대화: 시장 참여자들의 공포에 의한 무차별 매도세가 최상단에 도달 • 매도 압력 완화: 시장 내 수급 악재 및 수급 불균형이 상당 부분 해소 3. 역사적 비교 및 바닥 신호 • 과거 위기 수준 근접: 2008년 글로벌 금융위기, 2011년 유럽 신용위기, 2018년 미·중 무역분쟁, 2020년 코로나19 팬데믹 당시 저점에 근접 • 비위기 상황에서 저점 달성: 실물 경기 위기가 아닌 상황에서 형성될 수 있는 최저점 도달 • 역사적 반등 패턴: 해당 지수가 -2.5 이하를 기록한 직후 시장은 강력한 반등세 또는 단기 바닥 형성 4. 투자 전략 및 시사점 • 역발상 투자 기회: 극단적 음수(-) 값 도달에 따른 분할 매수 구간 도입 • 기술적 조정 마무리: 하방 리스크 대비 반등 시 상방 열림 폭이 큰 저평가 매력 구간"
DM-003481,raw_dcinside.csv,565,crawler_dcinside.py,디시인사이드 주식갤 4개(제목·본문),dc_body,디시 본문,미국주식갤,,,17288810,,23,ca7e3126ab10,원조갓카 박정희 원조부정선거 박정희 ^^♡
DM-003482,raw_dcinside.csv,566,crawler_dcinside.py,디시인사이드 주식갤 4개(제목·본문),dc_body,디시 본문,미국주식갤,,,17288809,,19,57916fd0c5c8,ㅜ - dc official App
DM-003483,raw_dcinside.csv,567,crawler_dcinside.py,디시인사이드 주식갤 4개(제목·본문),dc_body,디시 본문,미국주식갤,,,17288808,,9,d31547ba5c54,ㅋㅋㅋㅋㅋㅋㅋㅋㅋ
DM-003484,raw_dcinside.csv,568,crawler_dcinside.py,디시인사이드 주식갤 4개(제목·본문),dc_body,디시 본문,미국주식갤,,,17288805,,17,081f5b0ba973,저 무빙에 당한게 한두번 아닌데
DM-003485,raw_dcinside.csv,569,crawler_dcinside.py,디시인사이드 주식갤 4개(제목·본문),dc_body,디시 본문,미국주식갤,,,17288804,,21,1ad91947d327,바본가 - dc official App
DM-003486,raw_dcinside.csv,570,crawler_dcinside.py,디시인사이드 주식갤 4개(제목·본문),dc_body,디시 본문,미국주식갤,,,17288803,,46,810ed037f18c,환차손은 좀 입었지만 1500원은 비정상이었고 ㄹㅇ - dc official App
DM-003487,raw_dcinside.csv,571,crawler_dcinside.py,디시인사이드 주식갤 4개(제목·본문),dc_body,디시 본문,미국주식갤,,,17288802,,19,39f5740b3e5a,ㄴ - dc official App
DM-003488,raw_dcinside.csv,572,crawler_dcinside.py,디시인사이드 주식갤 4개(제목·본문),dc_body,디시 본문,미국주식갤,,,17288801,,21,09e8f268aef4,코스닥은 3일 연속 매수 사이드카였어!
DM-003489,raw_dcinside.csv,573,crawler_dcinside.py,디시인사이드 주식갤 4개(제목·본문),dc_body,디시 본문,미국주식갤,,,17288800,,13,35f74c9d5206,증시는 우리 거 아니었어
DM-003490,raw_dcinside.csv,574,crawler_dcinside.py,디시인사이드 주식갤 4개(제목·본문),dc_body,디시 본문,미국주식갤,,,17288799,,42,982f74dafe79,어차피 보나마나 또 하루도 안가서 조울증 개지랄할텐데 그냥 안건드리는게 답임
DM-003491,raw_dcinside.csv,575,crawler_dcinside.py,디시인사이드 주식갤 4개(제목·본문),dc_body,디시 본문,미국주식갤,,,17288798,,33,1d1b6c905c86,초상 vs 떡상  대결 ㅋㅋ - dc official App
DM-003492,raw_dcinside.csv,576,crawler_dcinside.py,디시인사이드 주식갤 4개(제목·본문),dc_body,디시 본문,미국주식갤,,,17288797,,4,b79558860161,ㅡㅡㅡㅡ
DM-003493,raw_dcinside.csv,577,crawler_dcinside.py,디시인사이드 주식갤 4개(제목·본문),dc_body,디시 본문,미국주식갤,,,17288795,,44,e0f3e2c055d9,4수인지 7수인지 하는 걸뱅이랑 결혼후 버릇못고치고 땅투기 하다가 정권상납 ㅋㅋ
DM-003494,raw_dcinside.csv,578,crawler_dcinside.py,디시인사이드 주식갤 4개(제목·본문),dc_body,디시 본문,미국주식갤,,,17288794,,38,757febd7f329,[3치 경고] 수직 급락 25 분전 !!!!!!!!!!!!!!!!!!
DM-003495,raw_dcinside.csv,579,crawler_dcinside.py,디시인사이드 주식갤 4개(제목·본문),dc_body,디시 본문,미국주식갤,,,17288793,,3,5bcd6b661e9b,찐반?
DM-003496,raw_dcinside.csv,580,crawler_dcinside.py,디시인사이드 주식갤 4개(제목·본문),dc_body,디시 본문,미국주식갤,,,17288792,,68,963a9203c42a,자기가 아는건 별로 없으면서 아는척은 ㅈㄴ 하고 이성적인척도 ㅈㄴ함 근데 실속은 없고 찐따라 친구도 없음 얼굴 못생긴건 덤
DM-003497,raw_dcinside.csv,581,crawler_dcinside.py,디시인사이드 주식갤 4개(제목·본문),dc_body,디시 본문,미국주식갤,,,17288791,,85,366e3d7117f1,누가봐도 정상이 보이는데 저기가 정상입니다 외치고 박수 받고 차트의 신 빙의 됨 물론 정상 전까지 올라 가면서 봉우리 보일 때 마다 저기가 정상이라고 함
DM-003498,raw_dcinside.csv,582,crawler_dcinside.py,디시인사이드 주식갤 4개(제목·본문),dc_body,디시 본문,미국주식갤,,,17288790,후회·손실고통,157,fec5c77e9e79,저새끼들도 이미 좆같이 암울한 상황이란거는 알듯 근데 계속 미주갤에서 삼하로 바람잡는 이유가 그렇게 선동해서 광기로 단기고점이라도 찍어보려고 이미 기름 없는 라이터 불붙이려고 눈물 질질짜면서 끝도 없이 시도하는 개만도 못한 버러지 새끼들을 보는느낌임 - dc official App
DM-003499,raw_dcinside.csv,583,crawler_dcinside.py,디시인사이드 주식갤 4개(제목·본문),dc_body,디시 본문,미국주식갤,,,17288789,불안·공포,70,6239d28b3491,"1. 미주갤에들어가서 념글, 2. 미붕이들 여론, 공포 희열지수등을 측정한다. 3. 반대로 매매한다 4. 부자가된다 성투하세요"
DM-003500,raw_dcinside.csv,584,crawler_dcinside.py,디시인사이드 주식갤 4개(제목·본문),dc_body,디시 본문,미국주식갤,,,17288787,,8,2a79c0ff2bf4,도파민 안생기네
DM-003501,raw_dcinside.csv,585,crawler_dcinside.py,디시인사이드 주식갤 4개(제목·본문),dc_body,디시 본문,미국주식갤,,,17288786,,3,229ebbf0e760,냅뚜기
DM-003502,raw_dcinside.csv,586,crawler_dcinside.py,디시인사이드 주식갤 4개(제목·본문),dc_body,디시 본문,미국주식갤,,,17288785,,14,028b44116495,애무만 존나게 하다가 보합
DM-003503,raw_dcinside.csv,587,crawler_dcinside.py,디시인사이드 주식갤 4개(제목·본문),dc_body,디시 본문,미국주식갤,,,17288784,,94,1fdb320ae876,1600년대에 귀순한 명나라 장수 좆물 출신인데 왜 나는 안 퍼주냐? 다른 짱개들은 존나 퍼주면서 왜 나는 예비군 훈련까지 다 받아놓게 하고 주는 거 좆도 없노 씹새기가
DM-003504,raw_dcinside.csv,588,crawler_dcinside.py,디시인사이드 주식갤 4개(제목·본문),dc_body,디시 본문,미국주식갤,,,17288782,,28,308b368ce7d5,기관은 삼닉유기하고 순환매 돌리는걸로 전략 변경하고
DM-003505,raw_dcinside.csv,589,crawler_dcinside.py,디시인사이드 주식갤 4개(제목·본문),dc_body,디시 본문,미국주식갤,,,17288781,,35,b209eee0e765,이 험한 세상을 어찌살아갈까싶다 - dc official App
DM-003506,raw_dcinside.csv,590,crawler_dcinside.py,디시인사이드 주식갤 4개(제목·본문),dc_body,디시 본문,미국주식갤,,,17288780,,50,90bfd324c742,코스피 5천이상유지시 3달뒤에 연20퍼 금리 or 만기코스피 2100이상시 1년뒤 연20퍼
DM-003507,raw_dcinside.csv,591,crawler_dcinside.py,디시인사이드 주식갤 4개(제목·본문),dc_body,디시 본문,미국주식갤,,,17288779,,48,c9407de99fb9,"돈없고 아픈데 징징대면서 오래 투병하다 죽는 부모 스트레스,부양비,병원비 개씨발joat"
DM-003508,raw_dcinside.csv,592,crawler_dcinside.py,디시인사이드 주식갤 4개(제목·본문),dc_body,디시 본문,미국주식갤,,,17288778,,8,2c2275ca1a76,이거 진짜인거냐
DM-003509,raw_dcinside.csv,593,crawler_dcinside.py,디시인사이드 주식갤 4개(제목·본문),dc_body,디시 본문,미국주식갤,,,17288777,,215,39860538759e,예전에 출시하기 전부터 신규 isa상품이나 청년형isa같은거 나오면 국내주식 투자만 가능하고 해외투자는 불가능할거라고 들었으니까.. 나는 국내상장한 해외etf같은거에만 투자해서 그냥 계좌 개설 3년차 때 비과세혜택 전부 타먹을 수 있으면 타먹고 해지하고 재가입하고 반복이라 신규isa가 어케 나오든 관심도 없었는데 기존 ISA계좌까지 건드니까 걍 좆같네 - dc official App
DM-003510,raw_dcinside.csv,594,crawler_dcinside.py,디시인사이드 주식갤 4개(제목·본문),dc_title,디시 제목,한국주식갤,,,3097335,,13,84dcd0598b17,숏커버 같은 소리하넼ㅋㅋ
DM-003511,raw_dcinside.csv,595,crawler_dcinside.py,디시인사이드 주식갤 4개(제목·본문),dc_title,디시 제목,한국주식갤,,,3097334,,20,258d47e58a9b,주식 저번달에 시작한 주린인데 질문좀
DM-003512,raw_dcinside.csv,596,crawler_dcinside.py,디시인사이드 주식갤 4개(제목·본문),dc_title,디시 제목,한국주식갤,,,3097333,후회·손실고통,21,abe748d0c764,코카콜라 손실투자자 0.99% 레전드노
DM-003513,raw_dcinside.csv,597,crawler_dcinside.py,디시인사이드 주식갤 4개(제목·본문),dc_title,디시 제목,한국주식갤,,,3097332,,19,671c06427851,결국 오늘은 모두가 행복한 하루였네
DM-003514,raw_dcinside.csv,598,crawler_dcinside.py,디시인사이드 주식갤 4개(제목·본문),dc_title,디시 제목,한국주식갤,,,3097331,,16,f5a760f215a9,아니 갑자기 왜 불꽃발기함??
DM-003515,raw_dcinside.csv,599,crawler_dcinside.py,디시인사이드 주식갤 4개(제목·본문),dc_title,디시 제목,한국주식갤,,,3097330,,12,841c37953a62,180한번만 와라 제발
DM-003516,raw_dcinside.csv,600,crawler_dcinside.py,디시인사이드 주식갤 4개(제목·본문),dc_title,디시 제목,한국주식갤,,,3097329,,10,939dbe37dcc7,야선대로간다고했지요
DM-003517,raw_dcinside.csv,601,crawler_dcinside.py,디시인사이드 주식갤 4개(제목·본문),dc_title,디시 제목,한국주식갤,,,3097328,,26,224ec11e735d,삼하닉 종베할거냐..? 내일 미장반도체어찌되려나
DM-003518,raw_dcinside.csv,602,crawler_dcinside.py,디시인사이드 주식갤 4개(제목·본문),dc_title,디시 제목,한국주식갤,,,3097327,,5,eb24788ff8bc,정신병차트
DM-003519,raw_dcinside.csv,603,crawler_dcinside.py,디시인사이드 주식갤 4개(제목·본문),dc_title,디시 제목,한국주식갤,,,3097326,,11,f0e752e09f30,코스피 양전 다큰낙타
DM-003520,raw_dcinside.csv,604,crawler_dcinside.py,디시인사이드 주식갤 4개(제목·본문),dc_title,디시 제목,한국주식갤,,,3097325,,9,8bd1156c861a,하닉 보합 가능?
DM-003521,raw_dcinside.csv,605,crawler_dcinside.py,디시인사이드 주식갤 4개(제목·본문),dc_title,디시 제목,한국주식갤,,,3097324,,10,b42588291d1a,연기금의 대모험 끝
DM-003522,raw_dcinside.csv,606,crawler_dcinside.py,디시인사이드 주식갤 4개(제목·본문),dc_title,디시 제목,한국주식갤,,,3097323,,14,d28855729fce,오늘종가는 보합 시전하겟네
DM-003523,raw_dcinside.csv,607,crawler_dcinside.py,디시인사이드 주식갤 4개(제목·본문),dc_title,디시 제목,한국주식갤,,,3097322,,13,a55189ea8206,내일은 연기금이 사주겠지
DM-003524,raw_dcinside.csv,608,crawler_dcinside.py,디시인사이드 주식갤 4개(제목·본문),dc_title,디시 제목,한국주식갤,,,3097321,,13,86d3aa329107,롱숏 빨래질로 죽이는 장
DM-003525,raw_dcinside.csv,609,crawler_dcinside.py,디시인사이드 주식갤 4개(제목·본문),dc_title,디시 제목,한국주식갤,,,3097320,,7,7fa59407d84a,6500 간다
DM-003526,raw_dcinside.csv,610,crawler_dcinside.py,디시인사이드 주식갤 4개(제목·본문),dc_title,디시 제목,한국주식갤,,,3097319,,17,aca21393b25b,오케이 15시 41분 매수 확인
DM-003527,raw_dcinside.csv,611,crawler_dcinside.py,디시인사이드 주식갤 4개(제목·본문),dc_title,디시 제목,한국주식갤,,,3097318,FOMO·상대적박탈감,15,f604784d5dd4,외국인들 지금 포모상태입니다
DM-003528,raw_dcinside.csv,612,crawler_dcinside.py,디시인사이드 주식갤 4개(제목·본문),dc_title,디시 제목,한국주식갤,,,3097317,분노·불신,25,5ee12b64abcd,"현재 기준 = 외인 , 기관 , 개미 매수동향"
DM-003529,raw_dcinside.csv,613,crawler_dcinside.py,디시인사이드 주식갤 4개(제목·본문),dc_title,디시 제목,한국주식갤,,,3097316,,16,ace431c4fe58,개인 순매수 왤캐 마니 찍히지
DM-003530,raw_dcinside.csv,614,crawler_dcinside.py,디시인사이드 주식갤 4개(제목·본문),dc_title,디시 제목,한국주식갤,,,3097315,,12,76beed9e1a4c,저번에 샌디 실발이후로
DM-003531,raw_dcinside.csv,615,crawler_dcinside.py,디시인사이드 주식갤 4개(제목·본문),dc_title,디시 제목,한국주식갤,,,3097314,,6,7bfdfd93c821,무빙 무서움
DM-003532,raw_dcinside.csv,616,crawler_dcinside.py,디시인사이드 주식갤 4개(제목·본문),dc_title,디시 제목,한국주식갤,,,3097313,,22,8152650fad12,이쯤되면 월가에 티원 안티 있는거 아니나
DM-003533,raw_dcinside.csv,617,crawler_dcinside.py,디시인사이드 주식갤 4개(제목·본문),dc_title,디시 제목,한국주식갤,,,3097312,,28,e91d504169b6,하닉 148 한번만 더 오면 그땐 진짜 살거면 개추
DM-003534,raw_dcinside.csv,618,crawler_dcinside.py,디시인사이드 주식갤 4개(제목·본문),dc_title,디시 제목,한국주식갤,,,3097311,,28,044e26f28744,하이닉스 찌라시 도나본데? 오늘 미장 재밌겠다 ㅇㅇ
DM-003535,raw_dcinside.csv,619,crawler_dcinside.py,디시인사이드 주식갤 4개(제목·본문),dc_title,디시 제목,한국주식갤,,,3097310,,22,33dcb1c38204,코스닥이 3거래일 연속 잘 올라서 좋은데
DM-003536,raw_dcinside.csv,620,crawler_dcinside.py,디시인사이드 주식갤 4개(제목·본문),dc_title,디시 제목,한국주식갤,,,3097309,,19,668540617f12,종필이 삼전 단타치러왓네 시발ㅋㅋㅋ
DM-003537,raw_dcinside.csv,621,crawler_dcinside.py,디시인사이드 주식갤 4개(제목·본문),dc_title,디시 제목,한국주식갤,,,3097308,,11,30f4b88e39d8,누렁이 ㅋㅋㅋㅋㅋㅋㅋ
DM-003538,raw_dcinside.csv,622,crawler_dcinside.py,디시인사이드 주식갤 4개(제목·본문),dc_title,디시 제목,한국주식갤,,,3097307,불안·공포,5,cc029ed94497,살려살려마
DM-003539,raw_dcinside.csv,623,crawler_dcinside.py,디시인사이드 주식갤 4개(제목·본문),dc_title,디시 제목,한국주식갤,,,3097306,,6,a643bbe4b08e,hbf 분석
DM-003540,raw_dcinside.csv,624,crawler_dcinside.py,디시인사이드 주식갤 4개(제목·본문),dc_title,디시 제목,한국주식갤,,,3097305,,10,f1885f50f226,국장 힘들다 ㅠㅠㅠ
DM-003541,raw_dcinside.csv,625,crawler_dcinside.py,디시인사이드 주식갤 4개(제목·본문),dc_title,디시 제목,한국주식갤,,,3097304,,10,efbaae0d80bc,삼닉 황말올 이거지
DM-003542,raw_dcinside.csv,626,crawler_dcinside.py,디시인사이드 주식갤 4개(제목·본문),dc_title,디시 제목,한국주식갤,,,3097303,분노·불신,24,c3fb45a49167,종가에 개미들 납치하고 밤에 미장에서 알제?
DM-003543,raw_dcinside.csv,627,crawler_dcinside.py,디시인사이드 주식갤 4개(제목·본문),dc_title,디시 제목,한국주식갤,,,3097302,충동·중독시그널,25,afa74752184a,오늘 반도체 몰빵러 말고는 다 벌고있지 않음?
DM-003544,raw_dcinside.csv,628,crawler_dcinside.py,디시인사이드 주식갤 4개(제목·본문),dc_title,디시 제목,한국주식갤,,,3097301,,15,50139ba3e017,황금종필이 삼전매수 뭐냐??
DM-003545,raw_dcinside.csv,629,crawler_dcinside.py,디시인사이드 주식갤 4개(제목·본문),dc_title,디시 제목,한국주식갤,,,3097300,,27,a68b74b13702,카카오페이 오늘 실적 좋았는데 48000원 가보자
DM-003546,raw_dcinside.csv,630,crawler_dcinside.py,디시인사이드 주식갤 4개(제목·본문),dc_title,디시 제목,한국주식갤,,,3097299,,18,7fdf0df863d9,뭐이리 뜬금없이 장막판에 말올하냐
DM-003547,raw_dcinside.csv,631,crawler_dcinside.py,디시인사이드 주식갤 4개(제목·본문),dc_title,디시 제목,한국주식갤,,,3097298,,8,129e7285ff43,오늘 종베 고?
DM-003548,raw_dcinside.csv,632,crawler_dcinside.py,디시인사이드 주식갤 4개(제목·본문),dc_title,디시 제목,한국주식갤,,,3097297,,13,bcf40c6a8d5e,오늘 장 건강하노 ㅋㅋㅋ
DM-003549,raw_dcinside.csv,633,crawler_dcinside.py,디시인사이드 주식갤 4개(제목·본문),dc_title,디시 제목,한국주식갤,,,3097296,,29,be5df23131c4,3시20분전에 현금 100%이신분들은 25% 담으세요
DM-003550,raw_dcinside.csv,634,crawler_dcinside.py,디시인사이드 주식갤 4개(제목·본문),dc_title,디시 제목,한국주식갤,,,3097295,,9,1f7a72dd80f5,숏충이들 설렜어?
DM-003551,raw_dcinside.csv,635,crawler_dcinside.py,디시인사이드 주식갤 4개(제목·본문),dc_title,디시 제목,한국주식갤,,,3097294,,20,c39461fec702,아니 ㅅㅂ 시총이 팬오션>롯데케미칼?
DM-003552,raw_dcinside.csv,636,crawler_dcinside.py,디시인사이드 주식갤 4개(제목·본문),dc_title,디시 제목,한국주식갤,,,3097293,,15,9c19b0d0f17d,똥색 양말 놈들 존나 웃기네
DM-003553,raw_dcinside.csv,637,crawler_dcinside.py,디시인사이드 주식갤 4개(제목·본문),dc_title,디시 제목,한국주식갤,,,3097292,,18,7a6a91d3d4af,씨ㅣㅣㅣㅣ발 또 속았따ㅏㅏㅏㅏㅏㅏ
DM-003554,raw_dcinside.csv,638,crawler_dcinside.py,디시인사이드 주식갤 4개(제목·본문),dc_title,디시 제목,한국주식갤,,,3097291,,16,df3092052b1d,누렁이 하닉 20만 폭탄 ㅅㅂ
DM-003555,raw_dcinside.csv,639,crawler_dcinside.py,디시인사이드 주식갤 4개(제목·본문),dc_title,디시 제목,한국주식갤,,,3097290,,21,0df9e369828b,오늘 주식 처음 해봤는데 4만원 벌었다
DM-003556,raw_dcinside.csv,640,crawler_dcinside.py,디시인사이드 주식갤 4개(제목·본문),dc_title,디시 제목,한국주식갤,,,3097289,분노·불신,13,f229a8f8a769,스마트 개미는 모르겠지만
DM-003557,raw_dcinside.csv,641,crawler_dcinside.py,디시인사이드 주식갤 4개(제목·본문),dc_title,디시 제목,한국주식갤,,,3097288,,23,1c1dd2bf39bf,양말 이새끼 뭐하는거냐?? 해석좀해봐 씨발
DM-003558,raw_dcinside.csv,642,crawler_dcinside.py,디시인사이드 주식갤 4개(제목·본문),dc_title,디시 제목,한국주식갤,,,3097287,,21,70cd12fd7a90,왜 이렇게 빨리 흐르나요 하이닉스!!!
DM-003559,raw_dcinside.csv,643,crawler_dcinside.py,디시인사이드 주식갤 4개(제목·본문),dc_title,디시 제목,한국주식갤,,,3097286,,14,0d34cc9602a7,돔황챠 뽑았다 널 데리러가
DM-003560,raw_dcinside.csv,644,crawler_dcinside.py,디시인사이드 주식갤 4개(제목·본문),dc_title,디시 제목,한국주식갤,,,3097285,FOMO·상대적박탈감,12,8083055b8af9,삼닉 또 놓쳤으면 개추
DM-003561,raw_dcinside.csv,645,crawler_dcinside.py,디시인사이드 주식갤 4개(제목·본문),dc_title,디시 제목,한국주식갤,,,3097284,,9,5b8ce2bab5a7,대 납 치 ㅋㅋㅋ
DM-003562,raw_dcinside.csv,646,crawler_dcinside.py,디시인사이드 주식갤 4개(제목·본문),dc_title,디시 제목,한국주식갤,,,3097283,,25,e66f91981d6a,정신병 걸리고 싶지 않으면 당분간 주식 접어라
DM-003563,raw_dcinside.csv,647,crawler_dcinside.py,디시인사이드 주식갤 4개(제목·본문),dc_title,디시 제목,한국주식갤,,,3097282,,25,8b43c8ae0bfe,"하닉,샌디스크 차세대 메모리 HBF 표준 공개"
DM-003564,raw_dcinside.csv,648,crawler_dcinside.py,디시인사이드 주식갤 4개(제목·본문),dc_title,디시 제목,한국주식갤,,,3097281,,10,5748b5670a13,외국인들이 원하는건
DM-003565,raw_dcinside.csv,649,crawler_dcinside.py,디시인사이드 주식갤 4개(제목·본문),dc_title,디시 제목,한국주식갤,,,3097280,,17,25439aa53323,데브 씨발 드디어 양전ㅋㅋㅋㅋㅋ
DM-003566,raw_dcinside.csv,650,crawler_dcinside.py,디시인사이드 주식갤 4개(제목·본문),dc_title,디시 제목,한국주식갤,,,3097279,,11,17be1a50a112,다날 사지마라 지금은
DM-003567,raw_dcinside.csv,651,crawler_dcinside.py,디시인사이드 주식갤 4개(제목·본문),dc_title,디시 제목,한국주식갤,,,3097278,,14,843e77ecac8c,코스닥 분할매수나 해봐야지
DM-003568,raw_dcinside.csv,652,crawler_dcinside.py,디시인사이드 주식갤 4개(제목·본문),dc_title,디시 제목,한국주식갤,,,3097277,,15,089fd4622c27,롱숭이들은 이 노래나 들어라
DM-003569,raw_dcinside.csv,653,crawler_dcinside.py,디시인사이드 주식갤 4개(제목·본문),dc_title,디시 제목,한국주식갤,,,3097276,,20,67ab7793ecb4,삼닉 주주들 수익인증 왜케 줄었음??
DM-003570,raw_dcinside.csv,654,crawler_dcinside.py,디시인사이드 주식갤 4개(제목·본문),dc_title,디시 제목,한국주식갤,,,3097275,,10,43840e6fc0d8,왜 맨날 속는거임?
DM-003571,raw_dcinside.csv,655,crawler_dcinside.py,디시인사이드 주식갤 4개(제목·본문),dc_title,디시 제목,한국주식갤,,,3097274,분노·불신,6,6e8c2899d50f,개미폭탄이다
DM-003572,raw_dcinside.csv,656,crawler_dcinside.py,디시인사이드 주식갤 4개(제목·본문),dc_title,디시 제목,한국주식갤,,,3097273,,11,f60aee7e9d31,현대차는오늘도고고하다
DM-003573,raw_dcinside.csv,657,crawler_dcinside.py,디시인사이드 주식갤 4개(제목·본문),dc_title,디시 제목,한국주식갤,,,3097272,,16,c98128c04aea,자 불지옥 하락 시작ㅋㅋㅋㅋㅋ
DM-003574,raw_dcinside.csv,658,crawler_dcinside.py,디시인사이드 주식갤 4개(제목·본문),dc_title,디시 제목,한국주식갤,,,3097271,,33,5f89ac5a7dbb,하닉 꼬라지보니 양전은 무리다 그리고 주주환원낚시 낚이지마라
DM-003575,raw_dcinside.csv,659,crawler_dcinside.py,디시인사이드 주식갤 4개(제목·본문),dc_title,디시 제목,한국주식갤,,,3097270,,18,676035052bf9,ㅋㅋㅋㅋㅋㅋ 개잡주무빙ㅋㅋㅋㅋㅋㅋ
DM-003576,raw_dcinside.csv,660,crawler_dcinside.py,디시인사이드 주식갤 4개(제목·본문),dc_title,디시 제목,한국주식갤,,,3097269,,18,3c8dd4f1efb0,"하닉 180, 110 뭐가 더빠름"
DM-003577,raw_dcinside.csv,661,crawler_dcinside.py,디시인사이드 주식갤 4개(제목·본문),dc_title,디시 제목,한국주식갤,,,3097268,,15,94b59c838db6,장 존나 재미없어보이냐 왤캐
DM-003578,raw_dcinside.csv,662,crawler_dcinside.py,디시인사이드 주식갤 4개(제목·본문),dc_title,디시 제목,한국주식갤,,,3097267,,12,f25d719a620c,황 말 올 (-24%)
DM-003579,raw_dcinside.csv,663,crawler_dcinside.py,디시인사이드 주식갤 4개(제목·본문),dc_title,디시 제목,한국주식갤,,,3097266,,7,5426d2bc542d,설렜냐??ㅋㅋ
DM-003580,raw_dcinside.csv,664,crawler_dcinside.py,디시인사이드 주식갤 4개(제목·본문),dc_title,디시 제목,한국주식갤,,,3097265,,5,17d90073eee3,번지대였누
DM-003581,raw_dcinside.csv,665,crawler_dcinside.py,디시인사이드 주식갤 4개(제목·본문),dc_title,디시 제목,한국주식갤,,,3097264,,12,ff1c1a5c3b2c,오늘도 만선이네 ㅋㅋㅋ
DM-003582,raw_dcinside.csv,666,crawler_dcinside.py,디시인사이드 주식갤 4개(제목·본문),dc_title,디시 제목,한국주식갤,,,3097263,,16,458b389813b5,매도버튼 빼고 매수로 대응하라
DM-003583,raw_dcinside.csv,667,crawler_dcinside.py,디시인사이드 주식갤 4개(제목·본문),dc_title,디시 제목,한국주식갤,,,3097262,,20,df4523b2cd03,카카오페이 저거 걍 프매 설정 때문에
DM-003584,raw_dcinside.csv,668,crawler_dcinside.py,디시인사이드 주식갤 4개(제목·본문),dc_title,디시 제목,한국주식갤,,,3097261,,10,f9678652200f,낼 스엑 어닝콜인데
DM-003585,raw_dcinside.csv,669,crawler_dcinside.py,디시인사이드 주식갤 4개(제목·본문),dc_title,디시 제목,한국주식갤,,,3097260,,12,260815380bbb,코스닥 사면 지수로삼?
DM-003586,raw_dcinside.csv,670,crawler_dcinside.py,디시인사이드 주식갤 4개(제목·본문),dc_title,디시 제목,한국주식갤,,,3097259,분노·불신,12,d978e4f391eb,찐으로 개미들 잘싸웠다
DM-003587,raw_dcinside.csv,671,crawler_dcinside.py,디시인사이드 주식갤 4개(제목·본문),dc_title,디시 제목,한국주식갤,,,3097258,,36,c8cf00a63a24,[3차경고] 수직 급락 25분전 !!!!!!!!!!!!!!!!!!
DM-003588,raw_dcinside.csv,672,crawler_dcinside.py,디시인사이드 주식갤 4개(제목·본문),dc_title,디시 제목,한국주식갤,,,3097257,,6,61593ea41efb,자 하락시작
DM-003589,raw_dcinside.csv,673,crawler_dcinside.py,디시인사이드 주식갤 4개(제목·본문),dc_title,디시 제목,한국주식갤,,,3097256,,19,a8c7d20be2ee,골드만 하닉 20만주 폭탄투하 ㅅㅂ
DM-003590,raw_dcinside.csv,674,crawler_dcinside.py,디시인사이드 주식갤 4개(제목·본문),dc_title,디시 제목,한국주식갤,,,3097255,,21,d57c0ca35d42,목전에 닥친 빅이벤트가 암드 어닝콜인가
DM-003591,raw_dcinside.csv,675,crawler_dcinside.py,디시인사이드 주식갤 4개(제목·본문),dc_title,디시 제목,한국주식갤,,,3097253,,9,9ef6bdb1798b,키야 쭉쭉 밀리노
DM-003592,raw_dcinside.csv,676,crawler_dcinside.py,디시인사이드 주식갤 4개(제목·본문),dc_title,디시 제목,한국주식갤,,,3097252,,15,b060629cf7e3,장 진짜 정병올꺼같네ㅋㅋㅋㅋ
DM-003593,raw_dcinside.csv,677,crawler_dcinside.py,디시인사이드 주식갤 4개(제목·본문),dc_title,디시 제목,한국주식갤,,,3097251,,5,801e1f6d3e15,대 납 치
DM-003594,raw_dcinside.csv,678,crawler_dcinside.py,디시인사이드 주식갤 4개(제목·본문),dc_title,디시 제목,한국주식갤,,,3097250,,16,3932a1bf373c,오늘 양전 걸럿다 ㅋㅋㅋㅋㅋㅋ
DM-003595,raw_dcinside.csv,679,crawler_dcinside.py,디시인사이드 주식갤 4개(제목·본문),dc_title,디시 제목,한국주식갤,,,3097249,,25,884e9d5faa34,다타셨죠?? 그럼 음봉열차출발합니다 ㅋㅋㅋㅋㅋ
DM-003596,raw_dcinside.csv,680,crawler_dcinside.py,디시인사이드 주식갤 4개(제목·본문),dc_title,디시 제목,한국주식갤,,,3097248,,10,5360b0957db8,곱버스 사랬재 ㅋㅋ
DM-003597,raw_dcinside.csv,681,crawler_dcinside.py,디시인사이드 주식갤 4개(제목·본문),dc_title,디시 제목,한국주식갤,,,3097247,,4,96b0dac4490a,납치인과
DM-003598,raw_dcinside.csv,682,crawler_dcinside.py,디시인사이드 주식갤 4개(제목·본문),dc_title,디시 제목,한국주식갤,,,3097246,,24,49ddc5ab8795,삼전하닉 무빙이 500원단위로 완벽 일치::
DM-003599,raw_dcinside.csv,683,crawler_dcinside.py,디시인사이드 주식갤 4개(제목·본문),dc_title,디시 제목,한국주식갤,,,3097245,,25,b14c19713e18,하이닉스 << 다시 150 가야하면 개추 ㅋㅋ
DM-003600,raw_dcinside.csv,684,crawler_dcinside.py,디시인사이드 주식갤 4개(제목·본문),dc_title,디시 제목,한국주식갤,,,3097244,,23,8b2b66049970,진짜 내일 모레부터 반도치 미래가 결정된다
DM-003601,raw_dcinside.csv,685,crawler_dcinside.py,디시인사이드 주식갤 4개(제목·본문),dc_title,디시 제목,한국주식갤,,,3097242,,13,c89563270ede,삼성전기 양전 성공ㅋㅋㅋ
DM-003602,raw_dcinside.csv,686,crawler_dcinside.py,디시인사이드 주식갤 4개(제목·본문),dc_title,디시 제목,한국주식갤,,,3097240,,22,30c97d89bc98,아오늘저녁부터 하닉 주주환원공시가능하다고
DM-003603,raw_dcinside.csv,687,crawler_dcinside.py,디시인사이드 주식갤 4개(제목·본문),dc_title,디시 제목,한국주식갤,,,3097239,,20,b36cba34d513,다시 코스피 9천은 지구멸망해도안옴?
DM-003604,raw_dcinside.csv,688,crawler_dcinside.py,디시인사이드 주식갤 4개(제목·본문),dc_title,디시 제목,한국주식갤,,,3097238,,21,0685ef15f04c,삼전 그분들이 오신다 ㄷㄷㄷㄷㄷㄷㄷㄷㄷ
DM-003605,raw_dcinside.csv,689,crawler_dcinside.py,디시인사이드 주식갤 4개(제목·본문),dc_title,디시 제목,한국주식갤,,,3097237,,5,20231ca41c5b,단타진건가
DM-003606,raw_dcinside.csv,690,crawler_dcinside.py,디시인사이드 주식갤 4개(제목·본문),dc_title,디시 제목,한국주식갤,,,3097236,,7,e1158a033075,또 속 았 다
DM-003607,raw_dcinside.csv,691,crawler_dcinside.py,디시인사이드 주식갤 4개(제목·본문),dc_title,디시 제목,한국주식갤,,,3097235,,3,aaa219fcee2e,에에잇
DM-003608,raw_dcinside.csv,692,crawler_dcinside.py,디시인사이드 주식갤 4개(제목·본문),dc_title,디시 제목,한국주식갤,,,3097234,,39,13967ae3a553,숏커버 이지랄 ㅋㅋㅋㅋㅋㅋㅋㅋㅋㅋㅋㅋㅋㅋㅋㅋㅋㅋㅋㅋㅋㅋㅋㅋㅋㅋㅋㅋㅋㅋㅋ
DM-003609,raw_dcinside.csv,693,crawler_dcinside.py,디시인사이드 주식갤 4개(제목·본문),dc_title,디시 제목,한국주식갤,,,3097233,,24,e1c24c9bca95,하닉 120일 회복한거 아닌가? 지리노 ㅋㅋ
DM-003610,raw_dcinside.csv,694,crawler_dcinside.py,디시인사이드 주식갤 4개(제목·본문),dc_title,디시 제목,한국주식갤,,,3097232,,24,067276fffb7c,이대로만 끝나도 하닉 내일 상승하는 꼬라진데
DM-003611,raw_dcinside.csv,695,crawler_dcinside.py,디시인사이드 주식갤 4개(제목·본문),dc_title,디시 제목,한국주식갤,,,3097231,,23,684535266868,캬 ㅋㅋㅋ 찐반올 ㅋㅋㅋㅋ (-1.02%)
DM-003612,raw_dcinside.csv,696,crawler_dcinside.py,디시인사이드 주식갤 4개(제목·본문),dc_title,디시 제목,한국주식갤,,,3097230,,22,f18757128c56,양전하든 말든 삼닉에 아무런 미련 없으면
DM-003613,raw_dcinside.csv,697,crawler_dcinside.py,디시인사이드 주식갤 4개(제목·본문),dc_title,디시 제목,한국주식갤,,,3097229,,22,e5903db22247,모든게 '그새끼' 때문이면 개추 ㅋㅋㅋㅋ
DM-003614,raw_dcinside.csv,698,crawler_dcinside.py,디시인사이드 주식갤 4개(제목·본문),dc_title,디시 제목,한국주식갤,,,3097228,FOMO·상대적박탈감,12,ca5f539e748d,야 뭐 하나만 물어보자
DM-003615,raw_dcinside.csv,699,crawler_dcinside.py,디시인사이드 주식갤 4개(제목·본문),dc_title,디시 제목,한국주식갤,,,3097227,,7,1c1f561648a4,수익은 당연해
DM-003616,raw_dcinside.csv,700,crawler_dcinside.py,디시인사이드 주식갤 4개(제목·본문),dc_title,디시 제목,한국주식갤,,,3097225,,22,8358fd1bfa68,저는 삼전을 23밑에서 매도한 병신입니다
DM-003617,raw_dcinside.csv,701,crawler_dcinside.py,디시인사이드 주식갤 4개(제목·본문),dc_title,디시 제목,한국주식갤,,,3097224,,16,752a8388665c,표독한 램혁수와 비교되는 주식
DM-003618,raw_dcinside.csv,702,crawler_dcinside.py,디시인사이드 주식갤 4개(제목·본문),dc_title,디시 제목,한국주식갤,,,3097223,FOMO·상대적박탈감|분노·불신,21,19f5cdc7e74e,-1퍼 개미들 FOMO오는 최고의 수치
DM-003619,raw_dcinside.csv,703,crawler_dcinside.py,디시인사이드 주식갤 4개(제목·본문),dc_title,디시 제목,한국주식갤,,,3097222,충동·중독시그널,23,468378aa2c2d,하이닉스 레버 정리햇다 이제 더는 못참겟다
DM-003620,raw_dcinside.csv,704,crawler_dcinside.py,디시인사이드 주식갤 4개(제목·본문),dc_title,디시 제목,한국주식갤,,,3097221,,21,a191acc50d13,캬씨발 느금씨발 애미 섹스 양봉 ㅋㅋㅋ
DM-003621,raw_dcinside.csv,705,crawler_dcinside.py,디시인사이드 주식갤 4개(제목·본문),dc_title,디시 제목,한국주식갤,,,3097220,,23,fc7288774baf,아니 코스피 양전 못하게 누르는거 같은데?
DM-003622,raw_dcinside.csv,706,crawler_dcinside.py,디시인사이드 주식갤 4개(제목·본문),dc_title,디시 제목,한국주식갤,,,3097219,,15,6ede5f135630,레버리지 인버스 모두를죽인다
DM-003623,raw_dcinside.csv,707,crawler_dcinside.py,디시인사이드 주식갤 4개(제목·본문),dc_title,디시 제목,한국주식갤,,,3097218,,4,387bce2a806f,미안한데
DM-003624,raw_dcinside.csv,708,crawler_dcinside.py,디시인사이드 주식갤 4개(제목·본문),dc_title,디시 제목,한국주식갤,,,3097217,,14,1303bc481c87,1557은 든든 월마리아네
DM-003625,raw_dcinside.csv,709,crawler_dcinside.py,디시인사이드 주식갤 4개(제목·본문),dc_title,디시 제목,한국주식갤,,,3097216,,18,4baca2ec68e6,퀴즈타임이네 위냐 아래냐 ㅋㅋㅋㅋ
DM-003626,raw_dcinside.csv,710,crawler_dcinside.py,디시인사이드 주식갤 4개(제목·본문),dc_title,디시 제목,한국주식갤,,,3097215,,16,b00c4414c5ce,확실히 숏커버 온거 맞음 ㅇㅇ
DM-003627,raw_dcinside.csv,711,crawler_dcinside.py,디시인사이드 주식갤 4개(제목·본문),dc_title,디시 제목,한국주식갤,,,3097214,,32,538ff7c59d10,삼전 하루동안 ㅈㄴ 많은 일이 있었지만 결국 시초가엔딩이네
DM-003628,raw_dcinside.csv,712,crawler_dcinside.py,디시인사이드 주식갤 4개(제목·본문),dc_title,디시 제목,한국주식갤,,,3097213,,11,efe9aa2f78ed,이씨발 왜또반등하는데
DM-003629,raw_dcinside.csv,713,crawler_dcinside.py,디시인사이드 주식갤 4개(제목·본문),dc_title,디시 제목,한국주식갤,,,3097212,,9,57790192505a,삼전 외국인 동향
DM-003630,raw_dcinside.csv,714,crawler_dcinside.py,디시인사이드 주식갤 4개(제목·본문),dc_title,디시 제목,한국주식갤,,,3097211,,10,bc0181c94ae4,햄이 하나 팔아줫다
DM-003631,raw_dcinside.csv,715,crawler_dcinside.py,디시인사이드 주식갤 4개(제목·본문),dc_title,디시 제목,한국주식갤,,,3097210,,27,54f645f3cf16,코스피 “0” 을 향한 추락 직전 마지막 보합인데
DM-003632,raw_dcinside.csv,716,crawler_dcinside.py,디시인사이드 주식갤 4개(제목·본문),dc_title,디시 제목,한국주식갤,,,3097209,,39,8516d3d46470,모야모야 ~~~~~~ 횽들 왜 또 반등이야 설레게 ㅋㅋㅋㅋㅋㅋㅋㅋㅋㅋㅋ
DM-003633,raw_dcinside.csv,717,crawler_dcinside.py,디시인사이드 주식갤 4개(제목·본문),dc_title,디시 제목,한국주식갤,,,3097208,,26,d6e7d42f4a04,소로스 재귀이론대로 자연스러운 조정이 와야되는데
DM-003634,raw_dcinside.csv,718,crawler_dcinside.py,디시인사이드 주식갤 4개(제목·본문),dc_title,디시 제목,한국주식갤,,,3097207,,10,35d23feed5d3,삼전기 양전 대호황
DM-003635,raw_dcinside.csv,719,crawler_dcinside.py,디시인사이드 주식갤 4개(제목·본문),dc_title,디시 제목,한국주식갤,,,3097206,,2,243007e5f9ee,섹스
DM-003636,raw_dcinside.csv,720,crawler_dcinside.py,디시인사이드 주식갤 4개(제목·본문),dc_title,디시 제목,한국주식갤,,,3097205,,12,9b3c2ca685d0,얼마올랏다고 호들갑이야
DM-003637,raw_dcinside.csv,721,crawler_dcinside.py,디시인사이드 주식갤 4개(제목·본문),dc_title,디시 제목,한국주식갤,,,3097204,,19,d988b07d85e8,lg전자는 사면 안 되는 주식임??
DM-003638,raw_dcinside.csv,722,crawler_dcinside.py,디시인사이드 주식갤 4개(제목·본문),dc_title,디시 제목,한국주식갤,,,3097203,,8,2d7e3c8b803b,설마 번지대냐?
DM-003639,raw_dcinside.csv,723,crawler_dcinside.py,디시인사이드 주식갤 4개(제목·본문),dc_title,디시 제목,한국주식갤,,,3097202,,29,d89821643d2c,변동성이 이모양이면 레버는 롱이든 숏이든 다 죽겠는데
DM-003640,raw_dcinside.csv,724,crawler_dcinside.py,디시인사이드 주식갤 4개(제목·본문),dc_title,디시 제목,한국주식갤,,,3097201,,8,c74ad09551e7,📊 실시간 수급
DM-003641,raw_dcinside.csv,725,crawler_dcinside.py,디시인사이드 주식갤 4개(제목·본문),dc_title,디시 제목,한국주식갤,,,3097200,,8,0e9021cd57f5,삼전이 벌떡벌떡
DM-003642,raw_dcinside.csv,726,crawler_dcinside.py,디시인사이드 주식갤 4개(제목·본문),dc_title,디시 제목,한국주식갤,,,3097199,,13,713c95ad8e6e,코스닥 900까진 가려나
DM-003643,raw_dcinside.csv,727,crawler_dcinside.py,디시인사이드 주식갤 4개(제목·본문),dc_title,디시 제목,한국주식갤,,,3097198,,15,3a5d567a6047,와 근데 존나 사고싶게 하네
DM-003644,raw_dcinside.csv,728,crawler_dcinside.py,디시인사이드 주식갤 4개(제목·본문),dc_title,디시 제목,한국주식갤,,,3097197,,16,9e70dafc6567,개 씨 발 부거 뿌리게 생겼네
DM-003645,raw_dcinside.csv,729,crawler_dcinside.py,디시인사이드 주식갤 4개(제목·본문),dc_title,디시 제목,한국주식갤,,,3097196,,13,dcf4459191af,삼전의원 진짜 돌아오나요
DM-003646,raw_dcinside.csv,730,crawler_dcinside.py,디시인사이드 주식갤 4개(제목·본문),dc_title,디시 제목,한국주식갤,,,3097195,,21,9626e872f18f,삼전 23.5에 100개 샀다 가즈아~
DM-003647,raw_dcinside.csv,731,crawler_dcinside.py,디시인사이드 주식갤 4개(제목·본문),dc_title,디시 제목,한국주식갤,,,3097193,FOMO·상대적박탈감,25,d1471ab30ea8,지금 집팔고 풀대출 껴서 삼전하이닉에 탑승하라
DM-003648,raw_dcinside.csv,732,crawler_dcinside.py,디시인사이드 주식갤 4개(제목·본문),dc_title,디시 제목,한국주식갤,,,3097192,,8,b3d0b540fc2b,멘헤라무빙뭐지요
DM-003649,raw_dcinside.csv,733,crawler_dcinside.py,디시인사이드 주식갤 4개(제목·본문),dc_title,디시 제목,한국주식갤,,,3097191,,15,27f366e742e6,슈카를 주식분석때매 보진않지
DM-003650,raw_dcinside.csv,734,crawler_dcinside.py,디시인사이드 주식갤 4개(제목·본문),dc_title,디시 제목,한국주식갤,,,3097190,,20,0474fd73c3c6,짤 꼴리면 종가 호로말좆섹스양봉 출현
DM-003651,raw_dcinside.csv,735,crawler_dcinside.py,디시인사이드 주식갤 4개(제목·본문),dc_title,디시 제목,한국주식갤,,,3097189,,16,5abaf3095192,하닉 갭이란 갭은 다 채웟자나
DM-003652,raw_dcinside.csv,736,crawler_dcinside.py,디시인사이드 주식갤 4개(제목·본문),dc_title,디시 제목,한국주식갤,,,3097188,,10,a9984ae2a650,삼전 얼마에 팔거냐
DM-003653,raw_dcinside.csv,737,crawler_dcinside.py,디시인사이드 주식갤 4개(제목·본문),dc_title,디시 제목,한국주식갤,,,3097187,,22,62b7fe991470,뭔가 종가십창단 냄새가 나는거 같기도하고
DM-003654,raw_dcinside.csv,738,crawler_dcinside.py,디시인사이드 주식갤 4개(제목·본문),dc_body,디시 본문,한국주식갤,,,3097335,,31,c4941870345c,숏커버 숏스퀴즈 외치는 애들  = 도박에 미쳐버린 램혁수
DM-003655,raw_dcinside.csv,739,crawler_dcinside.py,디시인사이드 주식갤 4개(제목·본문),dc_body,디시 본문,한국주식갤,,,3097334,후회·손실고통,69,8ff1b17330c3,기관이랑 외국인 팔때 보면 다 -일때 팔던데 왜 기관 외국인보고 잘한다는거? 손실보고 던지는거 아님? 숏을 쳐서 잘한다는거?
DM-003656,raw_dcinside.csv,740,crawler_dcinside.py,디시인사이드 주식갤 4개(제목·본문),dc_body,디시 본문,한국주식갤,,,3097333,,31,42df1c92ec67,심지어 고배당주ㅋㅋ 돈많으면 코스피 안하고 저기에 넣을듯
DM-003657,raw_dcinside.csv,741,crawler_dcinside.py,디시인사이드 주식갤 4개(제목·본문),dc_body,디시 본문,한국주식갤,,,3097332,,58,907251e15399,반도체도 보합 가깝게 마무리할 것 같고 다른 코스피 코스닥 종목도 전체적으로 올랐고 모두가 행복한 하루야
DM-003658,raw_dcinside.csv,742,crawler_dcinside.py,디시인사이드 주식갤 4개(제목·본문),dc_body,디시 본문,한국주식갤,,,3097331,,12,34186aa98a09,머임 ㅅㅂ 내 인버스가
DM-003659,raw_dcinside.csv,743,crawler_dcinside.py,디시인사이드 주식갤 4개(제목·본문),dc_body,디시 본문,한국주식갤,,,3097330,,10,f94108f0cadd,다팔고 슨피하게씨발
DM-003660,raw_dcinside.csv,744,crawler_dcinside.py,디시인사이드 주식갤 4개(제목·본문),dc_body,디시 본문,한국주식갤,,,3097329,,34,a25abc1df11a,3:30분까지 황말올이지요.. - dc official App
DM-003661,raw_dcinside.csv,745,crawler_dcinside.py,디시인사이드 주식갤 4개(제목·본문),dc_body,디시 본문,한국주식갤,,,3097328,,2,0eb64dfffe98,ㄷㄷ
DM-003662,raw_dcinside.csv,746,crawler_dcinside.py,디시인사이드 주식갤 4개(제목·본문),dc_body,디시 본문,한국주식갤,,,3097327,,2,00b78c69f8ad,ㄹㅇ
DM-003663,raw_dcinside.csv,747,crawler_dcinside.py,디시인사이드 주식갤 4개(제목·본문),dc_body,디시 본문,한국주식갤,,,3097326,,10,96e7ffe561ac,이제 갈수밖에 없다
DM-003664,raw_dcinside.csv,748,crawler_dcinside.py,디시인사이드 주식갤 4개(제목·본문),dc_body,디시 본문,한국주식갤,,,3097325,,3,b0b211843b41,불가능
DM-003665,raw_dcinside.csv,749,crawler_dcinside.py,디시인사이드 주식갤 4개(제목·본문),dc_body,디시 본문,한국주식갤,,,3097324,,7,6834bfe63ae8,ㅇㅇㅇㅇㅇㅇㅇ
DM-003666,raw_dcinside.csv,750,crawler_dcinside.py,디시인사이드 주식갤 4개(제목·본문),dc_body,디시 본문,한국주식갤,,,3097323,,27,f9bcce009453,이정도도 감지덕지 - dc official App
DM-003667,raw_dcinside.csv,751,crawler_dcinside.py,디시인사이드 주식갤 4개(제목·본문),dc_body,디시 본문,한국주식갤,,,3097322,,34,d482400498c0,내일도 팔면  청문회 열어야지 - dc official App
DM-003668,raw_dcinside.csv,752,crawler_dcinside.py,디시인사이드 주식갤 4개(제목·본문),dc_body,디시 본문,한국주식갤,,,3097321,,38,f6326da51c54,걍 오늘은 주식안보는게 건강에 좋지요 - dc official App
DM-003669,raw_dcinside.csv,753,crawler_dcinside.py,디시인사이드 주식갤 4개(제목·본문),dc_body,디시 본문,한국주식갤,,,3097319,,9,7bc0e1c7b8f7,갑니다 ㅋㅋㅋㅋㅋ
DM-003670,raw_dcinside.csv,754,crawler_dcinside.py,디시인사이드 주식갤 4개(제목·본문),dc_body,디시 본문,한국주식갤,,,3097318,분노·불신,41,327d38464560,안팔고 버티면 강제로 매수하게될겁니다 단합해서 스마트개미의 힘을 보여줍시다
DM-003671,raw_dcinside.csv,755,crawler_dcinside.py,디시인사이드 주식갤 4개(제목·본문),dc_body,디시 본문,한국주식갤,,,3097316,후회·손실고통,71,ae253e18e593,저자리에서 사는건 얼마나 큰 용기가 잇어야 살 수 잇는거지에 지금 오늘 최고점 근천대 Rock rock til you drop.
DM-003672,raw_dcinside.csv,756,crawler_dcinside.py,디시인사이드 주식갤 4개(제목·본문),dc_body,디시 본문,한국주식갤,,,3097315,,15,a5f9d20d3367,1000디스크 돌파함 힌트쥼
DM-003673,raw_dcinside.csv,757,crawler_dcinside.py,디시인사이드 주식갤 4개(제목·본문),dc_body,디시 본문,한국주식갤,,,3097314,,29,3937b4e93947,갑자기 쭉쭉 빠지는게 - dc official App
DM-003674,raw_dcinside.csv,758,crawler_dcinside.py,디시인사이드 주식갤 4개(제목·본문),dc_body,디시 본문,한국주식갤,,,3097313,,22,c94b50594919,1557 고지전애서 자꾸 떨구노 ㅋㅋㅋㅋ
DM-003675,raw_dcinside.csv,759,crawler_dcinside.py,디시인사이드 주식갤 4개(제목·본문),dc_body,디시 본문,한국주식갤,,,3097310,불안·공포,174,ad64dead4bc7,"한 가지 불안한 건 기관 주도 상승이라는 거.. 외인이랑 쌍끌이면 그게 최고일텐데 7월 31일 제외하면, 어제, 오늘 다 외인은 털고 기관이 야무지게 받으면서 올리고 있음 개인 매수세는 사실상 의미없고 즉 이 코스닥 상승랠리를 이어가냐 멈추느냐는 기관에게 달렸음 내일도 기관이 사면 오르고 내일 던지면 쉬어갈 듯"
DM-003676,raw_dcinside.csv,760,crawler_dcinside.py,디시인사이드 주식갤 4개(제목·본문),dc_body,디시 본문,한국주식갤,,,3097306,FOMO·상대적박탈감|불안·공포,7192,71489c5c6d06,"맨 밑에 요약 있음. 1. 기본적인 문제상황 컴퓨터 연산은 파이프라인임. 저장장치에서 데이터를 읽고 그것을 연산하는게 컴퓨팅임. 한군데라도 지연이 발생하면 파이프라인 전체가 지연됨. 따라서 어디가 가장 느린가가 컴퓨터 전체의 속도를 결정하는 병목이 됨. 그리고 그 병목은 항상 저장장치 읽기임. 2. 왜 저장장치는 느릴까 이유는 장치에 이용하는 소자의 읽기 속도가 달라서임. 연산유닛은 sram을 씀. 메모리는 dram을 씀. ssd는 nand을 씀. 소자의 읽기 속도는 비용, 집적도, 용량과 반비례함. 빠를수록 비싸고, 미세화가 어렵고, 대용량으로 만들기 어려움. 오늘 글은 hbf에 대해 이해를 위한것으므로 nand의 특성을 좀 알아야한다. hbf는 ssd처럼 nand를 이용한거니까. 3. ram sram이나 dram은 이름이 비슷한것에서 알수 있듯이 구조가 비슷하다. 기본적으로 둘 다 휘발성임. 전원을 차단하면 곧 데이터가 사라진단것임. 이건 데이터를 저장하는 방식때문임.  이 휘발성이 디램의 속도와 관련있음(sram은 복잡하니까 스킵. 안중요함.) 자세한 메커니즘은 가독성을 위해 생략하고, 핵심만 말하자면, 디램은 캐퍼시터에 전하를 가둬놓는 방식이라 트랜지스터를 열면 전하가 바로 튀어나옴. 이 전하를 측정하는게 디램을 읽는단거고. 즉 튀어나오려는 전기를 가둬뒀다가 문을 열어서 튀어나온걸로 값을 읽는거라 빠르다고 보면 됨. 게다가 디램은 이걸 특정 셀만 선택해서 읽을수 있음. 4. nand 낸드는 절연막으로 둘러쌓인 공간에 전하를 가둬둠. 디램이 트랜지스터에 가해진 전압으로 문을 잠궈두고 있는다면, 낸드는 에너지가 아니라 그냥 부도체 물질로 전하를 가둬두는것임. 그래서 전원이 차단되어도 각 셀의 전하가 그대로 있으므로 데이터가 휘발되지 않는거고, 한번 쓴 데이터는 10년이상 보존되는것임. 그런데 이 절연막은 각 셀의 문턱전압을 높임. 그리고 낸드는 집적도를 위해 각 셀을 읽을수 있는 구조를 제거했음. 각 셀과 비트라인을 연결한것이 컨택트인데, 이것때문에 디램은 각 셀을 개별적으로 읽을수 있음. 문제는 이게 트랜지스터보다 작게만들기 힘든 구조란것임. 셀 면적 대부분을 차지하는건 트랜지스터가 아니라 컨택트임. 그래서 낸드는 컨택트를 없애버리고 셀을 직렬로 연결했음. 비유하자면 호텔 각 방의 문을 다 없애고 방 사이에 문을 뚫어서 직렬로 연결해버린것임. 첫 방과 마지막 방만 밖으로 나가는 문이 있는거지. 이러니 복도에서 각 방을 선택해서 들어가 확인할수가 없음. 그러면 어떻게 읽느냐. 복도에서 방으로 직접 들어갈수는 없지만, 각 방의 문을 개폐하는 회선은 갖춰져 있음. 그리고 방에 들어있는 전하가 많을수록 방 문은 무거워짐. 그래서 예를들어 방이 300개 직렬로 연결돼 있고, 3번방의 전하를 알고싶다면, 3번방을 제외한 나머지 모든 방 문을 리모컨으로 강제로 개방함(강한 전압으로). 그리고 첫 방에서 전류를 흘리는데, 차츰 세기를 높여가며 흘려서 끝방까지 통과하는지를 본다. 세기가 1, 2, 3일때는 끝방에 바람이 안불다가 4일때부터 불기 시작하면 방문이 열렸단거고, 4의 힘으로 방문이 열렸으니 방문의 무게(전하량)가 그정도라는 뜻이지. 즉 낸드는 공간을 많이 차지하는 컨택트(복도로 통하는 각 방 문)를 없애서 집적도를 매우 높였지만, 그 대가로 각 방을 선택적으로 읽을수 없게됐단것임. 그래서 수백개 직렬로 연결된 셀 전체를 한번에 읽어야함. 셀 하나를 읽기 위해 299개 방의 문을 열어야하는거지. 따라서 읽기가 느림. 방으로 비유를 했지만 실제 셀은 방문처럼 뚫린 구조는 아님. 전류가 통과하는 물질인데 수백개 셀이 직렬로 길게 이어져있으니 저항이 커짐. 즉 전류가 미세하게 흐름. 따라서 끝 방에서 전류를 잰다는건, 실바람이 나오는걸 손가락에 침묻혀서 느끼는거랑 비슷함. 노이즈를 구분하고 정말로 전류가 흐르는지 측정하려면 전류를 모아서 적분해야함. 양동이에 물 모으듯이. 그래서 시간이 필요함. 디램은 읽기가 나노초단위인데 낸드는 마이크로초단위임. 3000배정도 차이가 남. 5. 메모리 다시 메모리로 돌아가보자. 메모리의 역할은? cpu의 연산은 빠르고 저장장치에서 데이터를 읽어오는건 느림. 그래서 항상 cpu는 놀고 저장장치에서 데이터를 읽어오는게 파이프라인 전체의 속도를 결정함. 근데 미리 데이터를 꺼내둔다면? 반복해서 사용하는 데이터를 꺼내두고, 혹은 어떤 데이터를 꺼내야할지 미리 예측해서 꺼내놓을수 있다면? 그게 메모리임. 저장장치보다 대역폭(통로 크기)이 크고 레이턴시(지연시간)는 짧은 중간 다리에다가 대량의 데이터를 미리 꺼내놓고 연산유닛으로 넘겨주는 역할을 하는것임. 그리고 이게 ai연산에서 메모리가 중요한 이유임. ai가 작동한다는건, 입력값이 모델의 가중치와 행렬곱 된다는것임. 가중치는 매번 입력마다 전부 불려와야함. 매번 똑같은 가중치를 불러오므로, 꺼내올 데이터를 예상할수 있거나 반복적인 경우에 정확히 부합함. 그래서 ai컴퓨팅에서 메모리가 중요한것임. ssd에서 가중치를 매번 불러올 이유가 없기때문이지. 어차피 매번 똑같은 데이터를 불러오니까. 그래서 대용량 고대역폭 메모리를 만들어서 메모리 위에다 항상 가중치를 띄워두는거고. 그게 바로 hbm임. 6. 토큰원가: 배칭(batching) ai칩은 매우 비싸고 수명이 짧기때문에 ai원가는 고정비(처음 공장짓는 비용=칩값)가 대부분임. 따라서 일단 큰돈들여 공장을 지었으면 24시간 풀가동 시켜야 이윤이 커지는 구조. 그런데 ai연산은 한개의 입력에도 가중치를 전부 읽어와야한다 했지. 그게 메모리를 차지하고. 그래서 입력 한개를 바로 처리하면 이윤이 안생김. 왜냐면 가장 비싼 gpu는 팽팽 놀고있거든. 그래서 입력을 많이 모아서 한 버스에 태워보냄. 어차피 가중치는 똑같으니까. 이러면 gpu 가동률이 높아짐. 비싼 gpu가 놀지않고 일해서 토큰을 뽑아내니 이윤이 커짐. 따라서 ai경제학은 버스가 한번에 태울수 있는 사람 수(배치 크기)가 매우 중요함. 그게 대역폭이 중요한 이유임. 그래서 hbf가 hbm의 보완재로 거론되는것임. hbf는 ssd를 기판이랑 인터포저 수천개로 직접 연결해서 대역폭을 키운것이거든. ssd가 4차선도로, 디램이 300차선 도로라면 hbf는 2000차선 도로임. 7. hbf 기본적으론 낸드를 적층하고 수직통로를 뚫어 3d로 만든것을, hbm처럼 인터포저 수천개로 기판이랑 연결해서 통로를 넓힌것임. 통로가 넓으므로 데이터를 한번에 대량으로 보낼수있음. 배치크기가 커지므로 gpu가동률이 높아지지. 근데 2000차선 도로라도 자동차가 느리다면? 컴퓨팅은 파이프라인이라 했지. 파이프라인에선 반드시 이전 연산이 완료되어야 다음 연산으로 넘어갈수 있는 구간이 있음. 기본적인 저장장치-메모리-연산유닛 관계도 그렇고, 알고리즘 측면에서도 그래. 예를들어 llm은 토큰을 텍스트나 이미지가 입력되면 그걸 토큰으로 변환하고, 연산을 통해 새 토큰(출력토큰)을 생성하는데, 이때 새로 출력된 토큰도 기존 토큰을 다시 전부 참조함. (참고로 이 무식한 행위의 반복계산을 줄이려고 사용하는게 kv캐쉬임) 비유하자면 피아노랑 비슷하달까. 도 눌러보고 그 음을 들어본다음 그에 어울리는 다음 건반을 눌러보고, 아닌거같으면 다른건반 누르고... 아무튼 한 작업이 완료돼야 다음 작업으로 넘어갈수있는 워크로드가 있단것임. 그래서 이런 작업은 대역폭만 크다고 해결되는게 아님. 작업이 피드백돼야하는데 피드백이 매우 느리면 결국 속도가 안나는것임. 여기서 레이턴시가 중요함. 태생적으로 낸드는 읽기가 느려셔 레이턴시가 큼. 지연시간이 길기때문에 kv캐쉬 처리처럼 빠른 연산이 필요한 일은 할수 없음. 즉 현재 hbm은 대용량 데이터 불러오기(주로 가중치)라는 역할과, 그 데이터를 가지고 연산유닛이 작업할 공간(작업대) 역할 두가지를 하는데, hbf는 이중 첫번째것만 대체 가능하지 두번째것은 못한단것임. 8. hbf가 hbm을 얼마나 대체할수 있는가 그것은 아주 복잡한 문제임. 앞서말했듯 hbf는 대역폭에서 크게 우위지만 레이턴시에서 크게 밀려 작업대 역할을 할수 없음. 대역폭은 배치크기를 늘리고 gpu가동률을 높여주지만, 레이턴시가 병목이 되면 결국 gpu가 놀게될수 있음. 비유하자면 버스 하나에 1000명씩 태워보내도, 버스 자체가 매우 느리게 가서 gpu에서 그걸 순식간에 처리하고 다음! 이라고 해도 다음 버스가 도착하는데 시간이 오래 걸려서 결국 gpu가 놀게된단것임. 이때 한가지 해결책은 버스를 미리 보내는것임. 아까 보낸 버스 작업분량을 gpu가 다 처리하기 전에 버스를 미리 계속 보내는거야. 근데 아무 데이터나 막 보낼수는 없잖아. 게다가 gpu의 처리결과에 따라 어떤 데이터를 보내야하는지도 결정되고. 그래서 예측력과 계획력이 중요해짐. (cpu가 점점 중요해지는 이유중 하나) gpu가 어떤 결과를 내놓을지, 어떤 데이터가 필요할지 미리 어느정도 예측할수 있으면 낮은 속도를 어느정도 극복할수 있는거지. 그래서 예측, 계획 알고리즘이 발달하면 hbf가 더 활약할수 있단거지. 그러나 어땠든 작업대 역할은 절대 대체를 못하고, kv캐쉬는 매우 중요해지고 점점더 중요해지므로 hbm을 완전대체할수는 없음. 게다가 hbf는 열에 더 취약함. 이유는 스킵. 또한 둘은 칩 내부 배치에서 트레이드오프관계임. gpu가장자리가 유한하기때문에 결국 gpu에 이어질수 있는 외부 유닛도 유한하니까. 칩에 hbf를 더 박을수록 hbm을 덜 박게됨. 대역폭을 늘리고 레이턴시와 작업공간을 줄인단건데 이 트레이드오프가 어느지점에서 균형을 이루는가는 알고리즘, 엔지니어링의 물리 이슈(열, 전기), hbf수명 문제(생각보다 짧을수있음), 가격 등에 의해 결정될것임. 즉 매우 복잡한 다변수함수라 실제로 사용해서 데이터가 쌓여봐야 안다는거. 9. 해자 hbm보다 만들기 쉽다. 디램,낸드보다는 어렵다. 일단 euv가 필요없다. 미세화가 불필요하고 불가능하기때문. hbm의 첫번째 해자는 미세화된 디램에서 나오고 중국은 euv가 없어서 여기서 일단 막히는데 낸드는 그게 아니라서 따라올수 있음. 본딩, 적층 해자는 오히려 디램보다 낸드가 이걸 먼저 해왔기때문에 얕음. 디램을 만든다고 hbm적층을 쉽게 해내는건 아니지만, 낸드를 만드는 회사라면 hbf적층은 상대적으로 쉽게 할수 있음. 불량률 관리도 마찬가지임. 구조 자체가 태생적으로 불량셀을 전제한것임. 디램은 완벽해야하고 불량셀이 있으면 불량품이 되지만 hbf는 안그래. hbm만큼의 제조 해자는 없다고 볼수있다. 그러면 해자가 어디에 있는가? 설계에 있음. 원래 에러가 잘 나는 물건을 ssd의 100배 대역폭에서 처리해야 하므로 에러보정 연산을 훨씬 많이 해야함. 그리고 속도가 느린만큼 위에서 이야기한 예측, 계획(프리페치 스케쥴링) 능력이 중요한데 이건 제조사가 아니라 설계쪽에서 맡는것임. 즉 hbf은 제조해자보다는 그 안에 든 소프트에 해자가 있다고 할수있는것임. 물론 hbm도 칩메이커랑 공동설계하긴 하지만, 그냥 물리적으로 만드는게 어렵고 수율이 안나와서 해자가 깊은데 hbf은 그게 아니란거지. 따라서 중국이 매우 빠르게 추격 가능한 영역임. 만약 중국이 빠르게 노하우를 축적하고 따라붙는다면 중국식 물량공세에 의해 가격이 떨어져 마진율이 안나올수도 있을것임. 그러나 반드시 그렇다고만은 할수없고, 결국 안보, 파트너십, 그리고 어쩌면 열 관련 노하우가 해자가 될지도 모름. 결론은 또 가봐야안다는것. 그러나 기본적으론 hbm만큼 든든국밥은 아니란것. 10. 전략 근데 어쩃든 칩 하나에 hbf를 더 박으면 hbm을 덜 박게된다. 그러면 hbm을 만드는 회사에서 hbf를 개발하는건 자충수 아닌가? 맞다. 근데 안할수 없음. 이미 남들이 시작해서. 사실 샌디스크가 선두임. 그리고 샌디는 낸드만 하지 디램을 안함. hbf는 hdm을 잠식할수 있는데 샌디는 디램•hbm을 안하니 아무 걱정 없이 hbf를 만들수 있지. 샌디입장에선 낸드보다 마진율이 더 좋다는 장점밖에 없으니까. 이미 남들이 시작했다면 거기 올라탈수밖에 없음. 아무도 hbf를 안하면 좋겠지만 그게 아닐테니. 그리고 사실 하닉은 낸드로 그다지 재미 못보기도 했고. 그래서 이익이 별로 안남는 낸드사업을 ai용 hbf로 진화시켜서 이윤을 높이려는 동기가 있었을것임. 게다가 hbf도 어느정도 디램-hbm관계처럼 웨이퍼, 팹 잠식효과가 있음. hbm의 3대1 수준으로 극적인건 아니지만. 그래서 hbf를 만들수록 낸드 가격이 높아질지도 모름. 단, ssd나 usb같은거 말고 첨단낸드에 한해서. hbf 채택률(전체 첨단낸드 대비 hbf생산량)이 중요할것임. 쥐꼬리만큼 만들면 기존 낸드 물량을 줄이는 효과가 미약하니까. 한편 반드시 hbf가 hbm시장을 잠식한다는 보장도 없음. hbf가 대역폭, 용량을 키워서 토큰원가가 싸지고 그게 ai서비스 비용을 낮춰서 더 많은 기업들이 사용하게된다면 매출이 증가해서 파이 자체가 커질수도 있음. 고정된 파이를 hbm과 hbf가 나눠먹는게 아니라 hbf가 비용절감효과로 수요증가를 유발해 파이 자체를 키울수도 있다는거지. 한편 마진은 누가 많이 챙겨갈것인가? 만약 열 관리가 별 문제가 아니고 제조해자가 낮다면 소프트층이 중요해지는데, 이게 각 층마다 서로 접근 못하는 영역이라(예를들어 인터페이스는 시놉시스, 케이던스같은 회사에서 사올 가능성이 높음) 마진 잠식은 아마 로직다이에서 발생하지 않을까 함. 칩의 컨트롤러 역할을 하는게 로직다이니까. 그러므로 삼전은 낸드 세계1위, ssd자체설계, 로직다이까지 만드느 파운드리가 있으므로 hbf의 마진이 tsmc로 안빠져 나갈것임. 반면 하이닉스는 tsmc에 마진 상당부분을 뜯길 가능성이 있고. 그러므로 중국이 hbf를 따라온다 해도, 첨단로직다이가 없어서 전성비가 구린 제품으로 내수용에 그치고 글로벌 최첨단 ai데센용은 못만들지도 모름. 아무튼 삼전은 파운드리 안버린게 결국 신의한수였을 가능성이 높아보이네. 10. 요약 (1) hbf는 hbm을 대체하는 다음단계 기술이 아님. 역할이 다름. (2) 칩 내 배치 측면에선 트레이드오프관계. (3) hbf는 제조 해자가 hbm보다 낮음. 디램보단 높음. 중국이 추격하기 쉬울수 있음. (4) 제조해자보다 설계해자나 인증,생태계 해자가 더 강력할 가능성이 높음. (5) hbf가 ai칩에서 잘 작동할지, 얼마나 경제적일지는 지금으로선 알수 없음. 실제 사용으로 데이터가 쌓여봐야 알음. (6) hbf의 성공은 엔지니어링의 물리적 이슈, 대세 알고리즘, hbm가격과 hbf가격 비율 등 다양한 변수가 얽힌 복잡한 문제임. (7) 열 관리와 수율 노하우로 제조에서 해자를 못만든다면 소프트나 로직다이가 해자가 되고 마진을 포집할 가능성이 높음. 이 시나리오대로 되면 의외로 중국이 글로벌 점유율을 못가져가고 삼전이 유리할수도?"
DM-003677,raw_dcinside.csv,761,crawler_dcinside.py,디시인사이드 주식갤 4개(제목·본문),dc_body,디시 본문,한국주식갤,,,3097305,,11,24bf8fb17465,쫄려서 못하겠농...
DM-003678,raw_dcinside.csv,762,crawler_dcinside.py,디시인사이드 주식갤 4개(제목·본문),dc_body,디시 본문,한국주식갤,,,3097304,,7,a6f610b3eb92,보합 마감하며
DM-003679,raw_dcinside.csv,763,crawler_dcinside.py,디시인사이드 주식갤 4개(제목·본문),dc_body,디시 본문,한국주식갤,,,3097303,,24,65714d105d90,그리고 내일 130만 시작 ㅋㅋㅋㅋㅋㅋㅋㅋㅋ
DM-003680,raw_dcinside.csv,764,crawler_dcinside.py,디시인사이드 주식갤 4개(제목·본문),dc_body,디시 본문,한국주식갤,,,3097302,,19,a2b9903c873e,난 매일매일이 오늘 같았으면 좋겠음
DM-003681,raw_dcinside.csv,765,crawler_dcinside.py,디시인사이드 주식갤 4개(제목·본문),dc_body,디시 본문,한국주식갤,,,3097301,,5,d1147d444a05,뭐있나본데
DM-003682,raw_dcinside.csv,766,crawler_dcinside.py,디시인사이드 주식갤 4개(제목·본문),dc_body,디시 본문,한국주식갤,,,3097300,,21,395fd2e28a77,가즈아 - dc official App
DM-003683,raw_dcinside.csv,767,crawler_dcinside.py,디시인사이드 주식갤 4개(제목·본문),dc_body,디시 본문,한국주식갤,,,3097299,,5,d89681ded1c8,어이가없네
DM-003684,raw_dcinside.csv,768,crawler_dcinside.py,디시인사이드 주식갤 4개(제목·본문),dc_body,디시 본문,한국주식갤,,,3097298,,13,2f11c11d85a1,뭔가 바람이 바뀐거 같다
DM-003685,raw_dcinside.csv,769,crawler_dcinside.py,디시인사이드 주식갤 4개(제목·본문),dc_body,디시 본문,한국주식갤,,,3097297,,7,5e99f7341ed8,이게 주식이지
DM-003686,raw_dcinside.csv,770,crawler_dcinside.py,디시인사이드 주식갤 4개(제목·본문),dc_body,디시 본문,한국주식갤,,,3097295,,3,e6392e9b3d32,ㅋㅇㅋ
DM-003687,raw_dcinside.csv,771,crawler_dcinside.py,디시인사이드 주식갤 4개(제목·본문),dc_body,디시 본문,한국주식갤,,,3097294,,16,0c9cb87db769,이게 말이 되는 수치인가 진짜
DM-003688,raw_dcinside.csv,772,crawler_dcinside.py,디시인사이드 주식갤 4개(제목·본문),dc_body,디시 본문,한국주식갤,,,3097293,,12,7a0d3732bc57,응 데이트레이딩 ㅇㅈㄹ
DM-003689,raw_dcinside.csv,773,crawler_dcinside.py,디시인사이드 주식갤 4개(제목·본문),dc_body,디시 본문,한국주식갤,,,3097291,,4,e9da6680b238,^^ㅣ발
DM-003690,raw_dcinside.csv,774,crawler_dcinside.py,디시인사이드 주식갤 4개(제목·본문),dc_body,디시 본문,한국주식갤,,,3097290,,93,2b23827b94cd,토스로 처음 해봤는데 이것저것 시스템 배우면서 하느라 단타 기회 2번 놓침 3번 매수 매도 해서 42000원 넘게 벌었는데 거의 움직임이 코인 수준이라 만족스러움 ㅋㅋ
DM-003691,raw_dcinside.csv,775,crawler_dcinside.py,디시인사이드 주식갤 4개(제목·본문),dc_body,디시 본문,한국주식갤,,,3097289,분노·불신,31,a69729c057f7,우직한 의리 개미는 맞지 - dc official App
DM-003692,raw_dcinside.csv,776,crawler_dcinside.py,디시인사이드 주식갤 4개(제목·본문),dc_body,디시 본문,한국주식갤,,,3097284,,29,9698f8c78ae9,와 진짜 요새 낚시가 심하네 시장이 낚시를 해 ㅋㅋㅋ
DM-003693,raw_dcinside.csv,777,crawler_dcinside.py,디시인사이드 주식갤 4개(제목·본문),dc_body,디시 본문,한국주식갤,,,3097281,분노·불신,72,bddfa57bc045,개미가 하도 던져서 지들이 사도 잘 안오르는 분위기 아님? 물량 확보 할때 까지는 계속 절망감 주면서 조용히 물량만 모을거 같은데
DM-003694,raw_dcinside.csv,778,crawler_dcinside.py,디시인사이드 주식갤 4개(제목·본문),dc_body,디시 본문,한국주식갤,,,3097280,,7,2de174cfc192,이거제ㅋㅋㅋㅋ
DM-003695,raw_dcinside.csv,779,crawler_dcinside.py,디시인사이드 주식갤 4개(제목·본문),dc_body,디시 본문,한국주식갤,,,3097279,,42,26c09bc60704,5분봉기준 상승저항 너무 심함 한번더 박을듯 - dc official App
DM-003696,raw_dcinside.csv,780,crawler_dcinside.py,디시인사이드 주식갤 4개(제목·본문),dc_body,디시 본문,한국주식갤,,,3097278,,11,cf0e4b1f862c,레버가 없으니깐...
DM-003697,raw_dcinside.csv,781,crawler_dcinside.py,디시인사이드 주식갤 4개(제목·본문),dc_body,디시 본문,한국주식갤,,,3097277,,43,c15d116506cc,https://www.youtube.com/watch?v=Zi0Disjv-DY
DM-003698,raw_youtube.csv,2,crawler_youtube.py,유튜브 댓글(삼프로TV·슈카월드),yt_comment,유튜브 댓글,삼프로TV,2시간 전,0,P7CM0Soo8mw,,2,107625351c05,1등
DM-003699,raw_youtube.csv,3,crawler_youtube.py,유튜브 댓글(삼프로TV·슈카월드),yt_comment,유튜브 댓글,삼프로TV,16분 전,0,P7CM0Soo8mw,,6,28adbdf94227,안녕 동주~
DM-003700,raw_youtube.csv,4,crawler_youtube.py,유튜브 댓글(삼프로TV·슈카월드),yt_comment,유튜브 댓글,삼프로TV,3분 전(수정됨),0,P7CM0Soo8mw,,43,b013c78223d7,AI 발전하면 인간이 만들던 대량생산은 껌이지않나? 더이상 중국이 필요없다는거
DM-003701,raw_youtube.csv,5,crawler_youtube.py,유튜브 댓글(삼프로TV·슈카월드),yt_comment,유튜브 댓글,삼프로TV,6분 전,1,TiQvRYsugiY,,19,0516dad2541b,최병욱 전도사님 시작 3:31:25
DM-003702,raw_youtube.csv,6,crawler_youtube.py,유튜브 댓글(삼프로TV·슈카월드),yt_comment,유튜브 댓글,삼프로TV,1시간 전,0,TiQvRYsugiY,불안·공포,26,c86be7c677ae,최병욱 전도사님 요즘 너무 바빠요.건강조심하세요
DM-003703,raw_youtube.csv,7,crawler_youtube.py,유튜브 댓글(삼프로TV·슈카월드),yt_comment,유튜브 댓글,삼프로TV,59분 전,0,TiQvRYsugiY,후회·손실고통,86,a46640920048,"얼른 미장가라. 국장탈출은 지능순이다. 돌핀오고 있느니, 돌핀팬츠관련 좋은사람들 주가 오를거다. 반도체가 오르려면, 트럼프가 청경체 정도는 먹어줘야 한다."
DM-003704,raw_youtube.csv,8,crawler_youtube.py,유튜브 댓글(삼프로TV·슈카월드),yt_comment,유튜브 댓글,삼프로TV,59분 전,1,b6R9NntPR6g,,26,a51cc480aec5,오늘 정우창 부장님 정리 깔끔하고 너무 좋네요.
DM-003705,raw_youtube.csv,9,crawler_youtube.py,유튜브 댓글(삼프로TV·슈카월드),yt_comment,유튜브 댓글,삼프로TV,1시간 전,3,b6R9NntPR6g,,53,db1d39279ef4,전문가라는 사람들 말만 듣고 주식하면 실패하기 마련이다 . 개인은 주식안하는것이 돈 버는 것이다
DM-003706,raw_youtube.csv,10,crawler_youtube.py,유튜브 댓글(삼프로TV·슈카월드),yt_comment,유튜브 댓글,삼프로TV,3시간 전,2,b6R9NntPR6g,,36,46dad27f21df,N배 ETF 상장 기관의 로비+결탁 공무원 카르텔을 검사 조사해야
DM-003707,raw_youtube.csv,11,crawler_youtube.py,유튜브 댓글(삼프로TV·슈카월드),yt_comment,유튜브 댓글,삼프로TV,3시간 전,1,b6R9NntPR6g,,63,6e5e47a21b75,여도은님 고마워요. 어려운 주식시장을 물 흐르듯 자연스럽게 풀어가는 프로 앵커~~~!!! 덕분에 공부 많이 해요.
DM-003708,raw_youtube.csv,12,crawler_youtube.py,유튜브 댓글(삼프로TV·슈카월드),yt_comment,유튜브 댓글,삼프로TV,3시간 전,2,b6R9NntPR6g,,21,aca9b4cb61d3,이런 ...이야기를 듣고 있어야 하나?
DM-003709,raw_youtube.csv,13,crawler_youtube.py,유튜브 댓글(삼프로TV·슈카월드),yt_comment,유튜브 댓글,삼프로TV,2시간 전,0,b6R9NntPR6g,,7,9b585a7bdb73,감사합니다 😊
DM-003710,raw_youtube.csv,14,crawler_youtube.py,유튜브 댓글(삼프로TV·슈카월드),yt_comment,유튜브 댓글,삼프로TV,2시간 전,3,b6R9NntPR6g,,11,a9828ff277f7,하나마나한 이야기네.
DM-003711,raw_youtube.csv,15,crawler_youtube.py,유튜브 댓글(삼프로TV·슈카월드),yt_comment,유튜브 댓글,삼프로TV,3시간 전,1,b6R9NntPR6g,,11,c3fb6ded402b,정부는 뭐합니까???
DM-003712,raw_youtube.csv,16,crawler_youtube.py,유튜브 댓글(삼프로TV·슈카월드),yt_comment,유튜브 댓글,삼프로TV,2시간 전,1,b6R9NntPR6g,,29,0013a8dfcb80,우리끼리 매일 말해모하냐 보완수사폐지나 빠르지????
DM-003713,raw_youtube.csv,17,crawler_youtube.py,유튜브 댓글(삼프로TV·슈카월드),yt_comment,유튜브 댓글,삼프로TV,1시간 전,0,b6R9NntPR6g,충동·중독시그널,62,591e372fb346,욕심부리지말고 여유돈으로 아주 먼 미래를 보고 투자를 해라~~~ 대박을 노리고 빚투하니 이런 사단이 난거다!!!
DM-003714,raw_youtube.csv,18,crawler_youtube.py,유튜브 댓글(삼프로TV·슈카월드),yt_comment,유튜브 댓글,삼프로TV,3시간 전(수정됨),2,b6R9NntPR6g,,47,648885de1764,대통령과 자본시장의 믿음과 신뢰를 잡아묵고 돈 번 놈이 범인이다 이제는 책임을 물어야
DM-003715,raw_youtube.csv,19,crawler_youtube.py,유튜브 댓글(삼프로TV·슈카월드),yt_comment,유튜브 댓글,삼프로TV,3시간 전(수정됨),71,3EG8okO5yVk,,707,4e18449fb0a7,"국장에서 맨날 얘기하는 외국인은 두종류인데 첫번째는 진짜 롱텀으로 투자하는 외국 거대 연기금 큰손들. 이 외국기관들은 사팔사팔 안함. 대신 지네가 운용하는 기금에 비해 우리나라포션이 작지. 두번째가 메인인데 일명 헤지펀드 하이에나들. 얘네들 대부분 홍콩, 싱가폴에 있는 애들이고 블랙락이나 모건스탠리 등 유명한애들도 결국 국장 거래하려면 본토가 아니고 홍콩 싱가폴에 있는 지사에서 맡는거임. 결국 우리가 상상하는 노랑머리 외국인이 아닌거지. 얘네들은 국장을 ATM으로 생각하는 애들이고 정프로 의문대로 누가 지휘하는거냐 생각들정도 한몸처럼 움직이는 이유가 그 수많은 개별종목이 아니라 코스피200선물거래가 메인이고 그 파생으로 옵션, 그리고 요즘은 삼전닉스 주식선물, 그 다음이 삼전닉스 현물이 타겟이기 때문에 지네끼리 누가 어떤 포지션인지 다 알고 있고 소문으로는 한국 담당하는 애들끼리 다 텔레그램으로 연락한다고 함. 근데 이번에만 그러는게 아니라 하루이틀된 상황이 아님. 얘네들은 국장에 중장기 방향은 선물로 위, 아래, 박스 중 하나를 잡고 그 사이에서 위아래 변동성을 극대화시켜서 선물, 옵션과 현물로 털어먹는 구조임. 그래서 msci선진국 지수편입이 중요한게 진짜 큰형님들 거대자금이 롱텀으로 들어와야 지금 있는 양아치들이 장난칠 확률이 줄어드는거지. 미국시장처럼 거대시장도 시타델 같은 한 회사가 지수를 10%정도 영향 줄수 있는데 국장은 뭐 껌이지."
DM-003716,raw_youtube.csv,20,crawler_youtube.py,유튜브 댓글(삼프로TV·슈카월드),yt_comment,유튜브 댓글,삼프로TV,1시간 전(수정됨),18,3EG8okO5yVk,,34,aaeb66f6ce42,빈센트는 패널이 쉽게 한 말을 더 어렵게 다시 설명해주네 ㅋㅋ
DM-003717,raw_youtube.csv,21,crawler_youtube.py,유튜브 댓글(삼프로TV·슈카월드),yt_comment,유튜브 댓글,삼프로TV,3시간 전,52,3EG8okO5yVk,,79,1b054280901c,정영진 말이 맞아.. 음모론이 아니라 실제 그런거지.. 이거 불법인거지.. 아니면  개인들도 네트워크 만들어서 일사분란하게 움직여도 되는거지?
DM-003718,raw_youtube.csv,22,crawler_youtube.py,유튜브 댓글(삼프로TV·슈카월드),yt_comment,유튜브 댓글,삼프로TV,4시간 전(수정됨),90,3EG8okO5yVk,후회·손실고통|분노·불신,260,7518f48d0f5d,"외인들이 하고자 하는 방향대로 좌지우지 되는 국장~~그것을 연기금 등 기관들이 방어하지 못한 개쓰레기장이 돼가고 있다,  정부도 그것을 방치하고 있다, 매주마다 미니옵션은 왜 만들어놓고 외인들에게 먹잇감을 주고 있고 정부(세금)와 운용사(수수료)만 배채워주고 95%이상 손실중인 쓰잘데 없는 단일종목2배짜리 만들어 대응이나 대책도 미지근~~이러니깐 개인들만 피본다.  국장은 확실히 구조적 취약한 대표적인 시장임,  왜왜 많은 개인들이 미장으로 갔을까????????"
DM-003719,raw_youtube.csv,23,crawler_youtube.py,유튜브 댓글(삼프로TV·슈카월드),yt_comment,유튜브 댓글,삼프로TV,2시간 전(수정됨),28,3EG8okO5yVk,,48,ec6e86e73a88,영진이형 드디어 진실을 알아버렷네 ㅋㅋ  다같이 전화돌리고 화상회의하고 요이땅 하는거임
DM-003720,raw_youtube.csv,24,crawler_youtube.py,유튜브 댓글(삼프로TV·슈카월드),yt_comment,유튜브 댓글,삼프로TV,4시간 전,172,3EG8okO5yVk,,108,da0fd0848e3c,정프로 말이 진짜 의미있는 말이다 정부가 이걸 잡아야지 아님 그런 증안펀드나 이런걸로 저런 장난을 때려잡아야지 이걸 안잡고 그냥 개인들보고 주식투자 하라는건 그냥 돈 외국인들한테 갖다받쳐란말이다
DM-003721,raw_youtube.csv,25,crawler_youtube.py,유튜브 댓글(삼프로TV·슈카월드),yt_comment,유튜브 댓글,삼프로TV,1시간 전,17,3EG8okO5yVk,,98,caf197c532a9,"외국인이라고 표시하니 개인개인이 투자하는걸로 오해할 수 있는데, 시장에서 외국인이라고 하는건 외국기관입니다. 외국인이 우리나라 국장을 하는 건 거의 불가능할 정도로 어렵습니다."
DM-003722,raw_youtube.csv,26,crawler_youtube.py,유튜브 댓글(삼프로TV·슈카월드),yt_comment,유튜브 댓글,삼프로TV,3시간 전,25,3EG8okO5yVk,,78,792f8cc9fe6d,삼프로 tv 관계되신분에게 간절히 부탁합니다. 이분을 지키세요. 이분의 분석이 누구보다도 명쾌해서 누구보다도 도움됩니다.  삼프로tv 화이팅
DM-003723,raw_youtube.csv,27,crawler_youtube.py,유튜브 댓글(삼프로TV·슈카월드),yt_comment,유튜브 댓글,삼프로TV,4시간 전,94,3EG8okO5yVk,,33,212324fb1a9d,정영진 의문 나도 그렇다.. 외국인이 왜 함께 움직이는건지.
DM-003724,raw_youtube.csv,28,crawler_youtube.py,유튜브 댓글(삼프로TV·슈카월드),yt_comment,유튜브 댓글,삼프로TV,3시간 전,29,3EG8okO5yVk,,15,8e3d97b6e29b,하창완님 설명 좋고 감사해요
DM-003725,raw_youtube.csv,29,crawler_youtube.py,유튜브 댓글(삼프로TV·슈카월드),yt_comment,유튜브 댓글,삼프로TV,3시간 전,27,3EG8okO5yVk,불안·공포|분노·불신,208,c994e983efa1,아무리 생각해도 외인들 단합 같다. 외인 들어오면 코스피 오르고 빠지면 코스피 빠지니 요즘 같은 코스피 장은 개미들 쌈지돈 빼먹기  딱 좋고 이건 뭐 외인들은 누워서 떡먹기네?? 그리고 마음 안들면 미장하라고 하는데 국민들이 한창 주식에 관심이 생긴 후 폭락이 와서 대부분 물려있는데 아님 미장하라니요.. 소문이 있으면 파헤쳐보고 팩트를 알려줘야지 전문가라고 하지않을까요?
DM-003726,raw_youtube.csv,30,crawler_youtube.py,유튜브 댓글(삼프로TV·슈카월드),yt_comment,유튜브 댓글,삼프로TV,3시간 전,17,3EG8okO5yVk,,6,98f1ddba2d59,하창완 똑똑
DM-003727,raw_youtube.csv,31,crawler_youtube.py,유튜브 댓글(삼프로TV·슈카월드),yt_comment,유튜브 댓글,삼프로TV,2시간 전,14,3EG8okO5yVk,,9,e4c23e56db5f,정영진 질문좋았당
DM-003728,raw_youtube.csv,32,crawler_youtube.py,유튜브 댓글(삼프로TV·슈카월드),yt_comment,유튜브 댓글,삼프로TV,3시간 전,45,3EG8okO5yVk,,25,6933afe28077,정프로는 구독자의 궁금증을 아주 잘 알고 있어
DM-003729,raw_youtube.csv,33,crawler_youtube.py,유튜브 댓글(삼프로TV·슈카월드),yt_comment,유튜브 댓글,삼프로TV,3시간 전(수정됨),25,3EG8okO5yVk,불안·공포,164,a5e7e1f5c765,"주린이 일수록 국장은 멀리해야~~결과적으론 아주 취약한 시장입니다. 어제 외인들이 막판 선물 대량매도해서 시작은 상승중이나 갈수록 하락할것(장담, 왜 선물로 장난쳐서 배불린다음 올려도 올릴것), 매크로로는 다 좋음/ 지들도 오늘 마냥 빼기엔 분치보일거라 보기엔 어제와 같은 폭락장은 안될 듯~~"
DM-003730,raw_youtube.csv,34,crawler_youtube.py,유튜브 댓글(삼프로TV·슈카월드),yt_comment,유튜브 댓글,삼프로TV,2시간 전,8,3EG8okO5yVk,FOMO·상대적박탈감,39,5a3df8c1778f,와 외국인에 대한 궁금증을 정영진님이 물어봐주시네 나만 글케 생각하는줄
DM-003731,raw_youtube.csv,35,crawler_youtube.py,유튜브 댓글(삼프로TV·슈카월드),yt_comment,유튜브 댓글,삼프로TV,3시간 전(수정됨),24,3EG8okO5yVk,후회·손실고통|충동·중독시그널,26,32191bb965e2,본전만 올라오면 국장 정리하고 미장으로 몰빵간다
DM-003732,raw_youtube.csv,36,crawler_youtube.py,유튜브 댓글(삼프로TV·슈카월드),yt_comment,유튜브 댓글,삼프로TV,3시간 전,17,3EG8okO5yVk,,48,cc9971c14fad,그걸 최소화하라고  정부가 있는 건데..대한민국 재경관료들은 그럴능력이 있나 모르겠다.
DM-003733,raw_youtube.csv,37,crawler_youtube.py,유튜브 댓글(삼프로TV·슈카월드),yt_comment,유튜브 댓글,삼프로TV,2시간 전,9,3EG8okO5yVk,,12,f75ceea43c47,정영진 알아버렸네ㅋㅋㅋ
DM-003734,raw_youtube.csv,38,crawler_youtube.py,유튜브 댓글(삼프로TV·슈카월드),yt_comment,유튜브 댓글,삼프로TV,3시간 전(수정됨),45,3EG8okO5yVk,,66,101070f0046b,정프로님 외국인에 대한 얘기 공감갑니다😊 예리하십니다 빈센트.저분은 왜 자세히 설명을 안해주시고 슬쩍 넘어가려는 느낌.
DM-003735,raw_youtube.csv,39,crawler_youtube.py,유튜브 댓글(삼프로TV·슈카월드),yt_comment,유튜브 댓글,삼프로TV,1시간 전,3,3EG8okO5yVk,,16,47c4c28829aa,금방 할수있는게 없네그럼 ㅡㅡ
DM-003736,raw_youtube.csv,40,crawler_youtube.py,유튜브 댓글(삼프로TV·슈카월드),yt_comment,유튜브 댓글,삼프로TV,25분 전,1,3EG8okO5yVk,,21,edb82b8f245b,너도아는걸 나랏일하시는분들이 그걸모를가
DM-003737,raw_youtube.csv,41,crawler_youtube.py,유튜브 댓글(삼프로TV·슈카월드),yt_comment,유튜브 댓글,삼프로TV,16분 전,0,3EG8okO5yVk,분노·불신,195,19cf2b2381e4,"@강민초이 ㅉㅉㅉ 참 어리석네. 당연히 알지. 아는데 뭐? 증시에서 외국인들 다 퇴출시켜? 그 뒷배에는 월가의 IB들이 다 깔려있는데? 그리고 개미는 선이고 외국인은 악이라는 프레임을 가지면 주식하면 안돼지. 사팔사팔 하고 싶으면 외국인의 단기포지션이나 플레이를 이해해야하고, 롱텀으로 투자하고 싶으면 최소 3개월 단위의 방향성만 체크하면 되는거고."
DM-003738,raw_youtube.csv,42,crawler_youtube.py,유튜브 댓글(삼프로TV·슈카월드),yt_comment,유튜브 댓글,삼프로TV,36분 전,1,3EG8okO5yVk,,8,122d020789c6,나 알아요 시전
DM-003739,raw_youtube.csv,43,crawler_youtube.py,유튜브 댓글(삼프로TV·슈카월드),yt_comment,유튜브 댓글,삼프로TV,1시간 전,4,3EG8okO5yVk,,46,f2429c304fba,외국기관들이 블룸버그 단말기로 그런거 하더라도 현실적으로 잡을 방법이 없다는거...
DM-003740,raw_youtube.csv,44,crawler_youtube.py,유튜브 댓글(삼프로TV·슈카월드),yt_comment,유튜브 댓글,삼프로TV,3시간 전(수정됨),9,3EG8okO5yVk,,63,9994242f753a,외국인 선물 현물 장난질 총알 대주는 국내 기관 - 금융투자 는 제발 좀 그만 해라  이름 공개 청원 해야하나 ㅠ
DM-003741,raw_youtube.csv,45,crawler_youtube.py,유튜브 댓글(삼프로TV·슈카월드),yt_comment,유튜브 댓글,삼프로TV,37분 전,1,3EG8okO5yVk,,68,2a5e1ea046e0,시장은 그냥 놔둬야지 손대면 안되지... 정부가 이걸 왜 나서나. 그냥 규칙 정하고 그 규칙 안에서는 알아서 하는거지...
DM-003742,raw_youtube.csv,46,crawler_youtube.py,유튜브 댓글(삼프로TV·슈카월드),yt_comment,유튜브 댓글,삼프로TV,2시간 전(수정됨),0,3EG8okO5yVk,분노·불신,110,2f05f0f583a9,"중앙은행, 정부를 이런 상황에서 역으로 찾아가면 결국 비즈니스가 통합니다. 국부펀드, 기관, 글로벌헤지펀드, 정부, 여야권 세력 등등 우리나라 국민연금은 보건복지부 입니다. 보건복지부 내부구조는.."
DM-003743,raw_youtube.csv,47,crawler_youtube.py,유튜브 댓글(삼프로TV·슈카월드),yt_comment,유튜브 댓글,삼프로TV,2시간 전,5,3EG8okO5yVk,,464,3a2d7ca57e71,"정프로님이 약간 착각하는거 같은데, 외국인이라고 하니까 우리처럼 외국인 개개인이 투자하는 줄 아시나본데, 실제론 골드만삭스 모건스탠리 JP모건등 초거대 투자사들이 외국인들한테 투자받은 돈 모아서 운용 하는거임. 실제 외국인 개인이 직접 투자하는 규모보다 이게 훨씬 큼. 그러니까 이순신 장군님한테 명령받고 움직이는 병사들처럼 외국 개인이 일사분란하게 움직이는게 아니고 실제로 돈을 움직이는건 소수의 투자사들이 다 하는거지. 이건 용어의 문제도 있다고 봄. 외국인이라고 하니까 자꾸 외국인 개인들을 말하는거 같은데, 외국계투자 같은 용어로 만들었으면 이런 오해가 안생겼을거같음.  그리고 이건 심증이지만 저 거대 투자사들이 외국 시장 털어먹을때 서로 짬짜미 해서 같이 움직일 확률이 매우 높음. 그러니까 본장에서 일사 분란하게 뺐다가 야간선물시장에서 갑자기 몇조원 규모로 매수하고, 그걸 아침에 다 집어 던지고 이러는게 가능한거지."
DM-003744,raw_youtube.csv,48,crawler_youtube.py,유튜브 댓글(삼프로TV·슈카월드),yt_comment,유튜브 댓글,삼프로TV,2시간 전,3,3EG8okO5yVk,,62,de9e655d55b7,​ @불멸의꼬부기  그치요. 같이 털어먹는 거지요. 정프로가 착각했다기 보다는 합리적인 이유를 질문하는 거고요.
DM-003745,raw_youtube.csv,49,crawler_youtube.py,유튜브 댓글(삼프로TV·슈카월드),yt_comment,유튜브 댓글,삼프로TV,2시간 전,0,3EG8okO5yVk,후회·손실고통,13,2bccc1ec43cc,왜다들 고점에 처물리세요
DM-003746,raw_youtube.csv,50,crawler_youtube.py,유튜브 댓글(삼프로TV·슈카월드),yt_comment,유튜브 댓글,삼프로TV,3시간 전,8,3EG8okO5yVk,,30,034a56be3fa0,보노보노 작년까지 오후 시황 책임졌었죠. 시장 잘 봄.
DM-003747,raw_youtube.csv,51,crawler_youtube.py,유튜브 댓글(삼프로TV·슈카월드),yt_comment,유튜브 댓글,삼프로TV,3시간 전,2,3EG8okO5yVk,,5,039c37fd17f5,하창원대표
DM-003748,raw_youtube.csv,52,crawler_youtube.py,유튜브 댓글(삼프로TV·슈카월드),yt_comment,유튜브 댓글,삼프로TV,3시간 전,0,3EG8okO5yVk,,13,1a830b459c38,하창완 대표님 죄송합니다
DM-003749,raw_youtube.csv,53,crawler_youtube.py,유튜브 댓글(삼프로TV·슈카월드),yt_comment,유튜브 댓글,삼프로TV,3시간 전,1,3EG8okO5yVk,,16,fdf79e0e5071,블럭딜 장외거래...답답하다.
DM-003750,raw_youtube.csv,54,crawler_youtube.py,유튜브 댓글(삼프로TV·슈카월드),yt_comment,유튜브 댓글,삼프로TV,4시간 전(수정됨),9,3EG8okO5yVk,불안·공포,85,d7284e929411,털어먹기 좋기 때문 헤지펀드들이 약점을 노출한 다른 펀드를 다 같이 사냥해온 역사처럼 (반대로 가면 자기도 죽을거고 따라가면 콩고물 떨어지니 당연한 것)
DM-003751,raw_youtube.csv,55,crawler_youtube.py,유튜브 댓글(삼프로TV·슈카월드),yt_comment,유튜브 댓글,삼프로TV,2시간 전,1,3EG8okO5yVk,,7,fe2502219cec,현명하십니다.
DM-003752,raw_youtube.csv,56,crawler_youtube.py,유튜브 댓글(삼프로TV·슈카월드),yt_comment,유튜브 댓글,삼프로TV,2시간 전,1,3EG8okO5yVk,,39,57b52db43ba9,미장에서도 반도체 하지 마세요. AI 관련주들은 어차피 비슷해요...😢
DM-003753,raw_youtube.csv,57,crawler_youtube.py,유튜브 댓글(삼프로TV·슈카월드),yt_comment,유튜브 댓글,삼프로TV,41분 전,0,3EG8okO5yVk,,5,dea21e5f1237,잘가~~~
DM-003754,raw_youtube.csv,58,crawler_youtube.py,유튜브 댓글(삼프로TV·슈카월드),yt_comment,유튜브 댓글,삼프로TV,4시간 전(수정됨),22,3EG8okO5yVk,,64,32c94ef360f9,개인분들 주식 사지 마세요 찔끔 찔큼 사든지요 외인들 모두 아래쪽이라 선물옵션 다 하방 입니다. 현물은 의미 없고요
DM-003755,raw_youtube.csv,59,crawler_youtube.py,유튜브 댓글(삼프로TV·슈카월드),yt_comment,유튜브 댓글,삼프로TV,3시간 전,12,3EG8okO5yVk,,6,6ae6e9fddf19,정프로👍👍👍
DM-003756,raw_youtube.csv,60,crawler_youtube.py,유튜브 댓글(삼프로TV·슈카월드),yt_comment,유튜브 댓글,삼프로TV,3시간 전,11,3EG8okO5yVk,,23,a181d5df341c,증권사는 사람들이 매매많이 할수록 좋다..
DM-003757,raw_youtube.csv,61,crawler_youtube.py,유튜브 댓글(삼프로TV·슈카월드),yt_comment,유튜브 댓글,삼프로TV,4시간 전,89,3EG8okO5yVk,,21,11c798c5f75d,정영진 니가 제일 전문가다~~~ ❤❤❤
DM-003758,raw_youtube.csv,62,crawler_youtube.py,유튜브 댓글(삼프로TV·슈카월드),yt_comment,유튜브 댓글,삼프로TV,3시간 전(수정됨),9,3EG8okO5yVk,,222,1ab36b6d590b,국내에는 빅머니가 없거나 규모가 안되나봄. 개인은 돈이 부족. 확신도 부족. 방향성을 만들 수도 없음.  남은 건 외국인 헤지펀드  걔네들이 털어먹기 딱 좋은 환경.  손 놓은 정부   자사주 소각 발표든 하늘이 돕든 방향이 바뀔 때까지 몸 낮춰야. (개인들 제발 신용 레버리지 하지마 !! 그게 털어먹기 딱 좋은 거니까 )  애초에 레버리지는 폭만 키운 것 방향은 외국인 헤지펀드들이 털어먹은 것
DM-003759,raw_youtube.csv,63,crawler_youtube.py,유튜브 댓글(삼프로TV·슈카월드),yt_comment,유튜브 댓글,삼프로TV,4시간 전,17,3EG8okO5yVk,분노·불신,34,c686da6dc3d4,한국 주식은 개판이다 도박 장이다 개미들 다 죽는다 원망스럽다
DM-003760,raw_youtube.csv,64,crawler_youtube.py,유튜브 댓글(삼프로TV·슈카월드),yt_comment,유튜브 댓글,삼프로TV,2시간 전,5,3EG8okO5yVk,,111,11adc4529921,외국인 수급이 절대적인게 국장 현실이고 개인들이 떠나야 오르는게 현실이면 한국인들이 코스피에 투자할 이유가 없는듯... 최근 1년은 한여름 밤의 꿈이었고 밸류를 못찾는 1~2년전으로 돌아가는건가봐요.
DM-003761,raw_youtube.csv,65,crawler_youtube.py,유튜브 댓글(삼프로TV·슈카월드),yt_comment,유튜브 댓글,삼프로TV,3시간 전,25,3EG8okO5yVk,,37,a1b368f9f965,정영진님 때문에 삼프로 봐요♡  이런 질문 당당하게 해줘요. 최고.
DM-003762,raw_youtube.csv,66,crawler_youtube.py,유튜브 댓글(삼프로TV·슈카월드),yt_comment,유튜브 댓글,삼프로TV,3시간 전,6,3EG8okO5yVk,후회·손실고통,87,f17eec699e4c,"다 너희들 털려고 그러는거지.... 안맞으면 미장으로 고하시고, 버틸만하면 기다리시고..... 난 지고싶지 않아서 존버~~이제 -20%  반드시 먹고 나온다"
DM-003763,raw_youtube.csv,67,crawler_youtube.py,유튜브 댓글(삼프로TV·슈카월드),yt_comment,유튜브 댓글,삼프로TV,2시간 전,4,3EG8okO5yVk,,51,3e9129835aef,외국인 수급에 100% 흔들리는 시장이라면 거꾸로 가야지. 무조건 외국인 수급을 따라가야지.
DM-003764,raw_youtube.csv,68,crawler_youtube.py,유튜브 댓글(삼프로TV·슈카월드),yt_comment,유튜브 댓글,삼프로TV,42분 전,1,3EG8okO5yVk,,8,ec173db03d40,감사합니다❤❤❤
DM-003765,raw_youtube.csv,69,crawler_youtube.py,유튜브 댓글(삼프로TV·슈카월드),yt_comment,유튜브 댓글,삼프로TV,2시간 전,3,3EG8okO5yVk,,15,d990924c1938,정영진 말이 너무 공감간다.
DM-003766,raw_youtube.csv,70,crawler_youtube.py,유튜브 댓글(삼프로TV·슈카월드),yt_comment,유튜브 댓글,삼프로TV,3시간 전,14,3EG8okO5yVk,,87,227326b3e18e,선물 이런거 이제 소용없어 28에서 24까지 빠질때도 선물 옵션 추세보고 버티다가 쵼나 쳐맞았다 지금은 전문가들 이런애들 말 듣지말고 알아서 각자 도생해야됨
DM-003767,raw_youtube.csv,71,crawler_youtube.py,유튜브 댓글(삼프로TV·슈카월드),yt_comment,유튜브 댓글,삼프로TV,1시간 전,2,3EG8okO5yVk,,39,0cec9317c8fa,이분이 일반인들에겐 최고.  내렸다고 무조건 들어가지 말라고 말해주고.
DM-003768,raw_youtube.csv,72,crawler_youtube.py,유튜브 댓글(삼프로TV·슈카월드),yt_comment,유튜브 댓글,삼프로TV,3시간 전,5,3EG8okO5yVk,,10,c67878ee31be,내 변압기 아저씨!
DM-003769,raw_youtube.csv,73,crawler_youtube.py,유튜브 댓글(삼프로TV·슈카월드),yt_comment,유튜브 댓글,삼프로TV,2시간 전,3,3EG8okO5yVk,분노·불신,40,3878e488ab8e,기관들은 점심시간 통화 자주한다는 쇼츠가 ..  근데 세력은 실제합니다.
DM-003770,raw_youtube.csv,74,crawler_youtube.py,유튜브 댓글(삼프로TV·슈카월드),yt_comment,유튜브 댓글,삼프로TV,2시간 전,4,3EG8okO5yVk,후회·손실고통,67,4a85110fac16,결국 주식은  안하는게 돈 버는 거다 장이 좋아 벌기는한다 그러나 결국 주식시장에 남아있다가는 나중에는 물려서 손실이된다
DM-003771,raw_youtube.csv,75,crawler_youtube.py,유튜브 댓글(삼프로TV·슈카월드),yt_comment,유튜브 댓글,삼프로TV,35분 전,1,3EG8okO5yVk,,16,269771cb7612,빈세트씨 항상 응원합니다 ~.
DM-003772,raw_youtube.csv,76,crawler_youtube.py,유튜브 댓글(삼프로TV·슈카월드),yt_comment,유튜브 댓글,삼프로TV,1시간 전,3,3EG8okO5yVk,분노·불신,124,4bcfec710401,연기금이 방어해주라는 말은 좀 웃긴게 수익이 극대화됐을때 어느정도 정리할라고 하니까 온갖 언론이 개미 다죽일거냐는 식으로 기사써댔지..그래서 정작 윗포지션에서 정리를 못했으니 지금 나락장에 지수방위대가 막아주지를 못하고있다
DM-003773,raw_youtube.csv,77,crawler_youtube.py,유튜브 댓글(삼프로TV·슈카월드),yt_comment,유튜브 댓글,삼프로TV,2시간 전(수정됨),4,3EG8okO5yVk,,19,27142d36dfce,핵심만 말하는 정영진님 넘잼나요ㅡㅋ
DM-003774,raw_youtube.csv,78,crawler_youtube.py,유튜브 댓글(삼프로TV·슈카월드),yt_comment,유튜브 댓글,삼프로TV,1시간 전,1,3EG8okO5yVk,,12,da0e0499c451,찔끔 찔끔 사요. ㅎㅎ
DM-003775,raw_youtube.csv,79,crawler_youtube.py,유튜브 댓글(삼프로TV·슈카월드),yt_comment,유튜브 댓글,삼프로TV,2시간 전,4,3EG8okO5yVk,,13,c89fbc94e8c9,빈센트님 두 최고 전문가
DM-003776,raw_youtube.csv,80,crawler_youtube.py,유튜브 댓글(삼프로TV·슈카월드),yt_comment,유튜브 댓글,삼프로TV,1시간 전,0,3EG8okO5yVk,,18,e9b3a70eace7,@복덩이-g7i4k  ??????
DM-003777,raw_youtube.csv,81,crawler_youtube.py,유튜브 댓글(삼프로TV·슈카월드),yt_comment,유튜브 댓글,삼프로TV,3시간 전,2,3EG8okO5yVk,,37,3a348b79e758,형 그런말 함부로 뱉으면 좀 그래.....9000오면 또 안할꺼야?
DM-003778,raw_youtube.csv,82,crawler_youtube.py,유튜브 댓글(삼프로TV·슈카월드),yt_comment,유튜브 댓글,삼프로TV,2시간 전,1,3EG8okO5yVk,FOMO·상대적박탈감|후회·손실고통|분노·불신,69,c8cc0f59d9f9,@장그뤠  첨부터 급하게 9천 가지말고 천천히 지금 주가여야지. 머가 좀그래. 포모와서 8천이후에 들어온 개미들 다 물렸는데
DM-003779,raw_youtube.csv,83,crawler_youtube.py,유튜브 댓글(삼프로TV·슈카월드),yt_comment,유튜브 댓글,삼프로TV,2시간 전,1,3EG8okO5yVk,후회·손실고통,25,b5cb1d9cc959,@장그뤠 9000가면 더 못하지 고점인데 ㅡㅡ
DM-003780,raw_youtube.csv,84,crawler_youtube.py,유튜브 댓글(삼프로TV·슈카월드),yt_comment,유튜브 댓글,삼프로TV,2시간 전,0,3EG8okO5yVk,,11,f025370795bf,​ @장그뤠 그러게요
DM-003781,raw_youtube.csv,85,crawler_youtube.py,유튜브 댓글(삼프로TV·슈카월드),yt_comment,유튜브 댓글,삼프로TV,1시간 전,3,3EG8okO5yVk,,29,1c63413066df,이번에 털리고 나서 알았다.   국장은 하는게 아님.
DM-003782,raw_youtube.csv,86,crawler_youtube.py,유튜브 댓글(삼프로TV·슈카월드),yt_comment,유튜브 댓글,삼프로TV,4시간 전,32,3EG8okO5yVk,,50,1b90e8012d59,기업이 자사주를 많이 사던가 주주들을 챙겨줘서 코스피를 하는 이유를 만들어 내던가 해야될듯
DM-003783,raw_youtube.csv,87,crawler_youtube.py,유튜브 댓글(삼프로TV·슈카월드),yt_comment,유튜브 댓글,삼프로TV,1시간 전(수정됨),3,3EG8okO5yVk,불안·공포,82,c4dab059a8f1,시원시원하네 아닌건 아니라고  해야지...  맨날 저평가다...왜 떨어지는지 모르겠다..  지금이 기회다 ...이런말만 떠들더니 이제사 제대로 하네
DM-003784,raw_youtube.csv,88,crawler_youtube.py,유튜브 댓글(삼프로TV·슈카월드),yt_comment,유튜브 댓글,삼프로TV,1시간 전,3,3EG8okO5yVk,후회·손실고통|분노·불신,282,a41b3221393a,"​삼성전자 (우선주 포함 670억 여 주) 분기 배당 4회 합 1,500원(100조) + 주주환원 100조 특별배당 1,500원 = 총 배당금액 200조 원. 5% 배당 수익률(주당 3,000원) 적용 시 주가는 6만 원. ​SK하이닉스 (7억 3천여 주) 주당 5,000원 배당 시 총 배당금액 3조 6,500억 원. 주식 가치는 10만 원. ​'환상적인 대형 거품'이나 '미래 가치'라는 말에 현혹되지 마십시오. 주가는 오직 실제 지급되는 배당금으로 가치를 평가해야 무책임한 손실을 막을 수 있습니다."
DM-003785,raw_youtube.csv,89,crawler_youtube.py,유튜브 댓글(삼프로TV·슈카월드),yt_comment,유튜브 댓글,삼프로TV,4시간 전,1,3EG8okO5yVk,,20,0b6553729d4a,국장 개장과 동시에 전세계 다운^_^
DM-003786,raw_youtube.csv,90,crawler_youtube.py,유튜브 댓글(삼프로TV·슈카월드),yt_comment,유튜브 댓글,삼프로TV,3시간 전,2,3EG8okO5yVk,,11,8b2017adbbcc,이 미친 주식장 ㅎㅎ
DM-003787,raw_youtube.csv,91,crawler_youtube.py,유튜브 댓글(삼프로TV·슈카월드),yt_comment,유튜브 댓글,삼프로TV,3시간 전,4,3EG8okO5yVk,,9,bc4b6b2b2961,나듀영진님조아함❤
DM-003788,raw_youtube.csv,92,crawler_youtube.py,유튜브 댓글(삼프로TV·슈카월드),yt_comment,유튜브 댓글,삼프로TV,3시간 전,1,3EG8okO5yVk,,71,462e0e844595,뱅상 슨상께서 명언을 남기셨눼요 '에지간히 흔드네요' 적극 공감합니돠. 오늘도 보노보노상+줭프로+뱅상 슨상  사이꼬자나이꽈 고레
DM-003789,raw_youtube.csv,93,crawler_youtube.py,유튜브 댓글(삼프로TV·슈카월드),yt_comment,유튜브 댓글,삼프로TV,4시간 전(수정됨),1,3EG8okO5yVk,,38,166a03db261a,"각자 포지션 잡아 놓은 거, 다 보쟎어 변동성은 확실히 줄어 드는 듯"
DM-003790,raw_youtube.csv,94,crawler_youtube.py,유튜브 댓글(삼프로TV·슈카월드),yt_comment,유튜브 댓글,삼프로TV,1시간 전(수정됨),3,3EG8okO5yVk,,141,d794fc45663c,음모론이 맞지         정확히  맞다  아니다 할수없음  10군데 등산 코스에서  10명이 정상에 만났는데       약속해서 온건지 알수없음   연락해서 그날 등산할거다라고 충분히 할수도잇고               근데  다같이 하산하지는 않음
DM-003791,raw_youtube.csv,95,crawler_youtube.py,유튜브 댓글(삼프로TV·슈카월드),yt_comment,유튜브 댓글,삼프로TV,1시간 전,2,3EG8okO5yVk,,11,f4e19965c6a4,오늘의 결론 미장가라
DM-003792,raw_youtube.csv,96,crawler_youtube.py,유튜브 댓글(삼프로TV·슈카월드),yt_comment,유튜브 댓글,삼프로TV,2시간 전,2,3EG8okO5yVk,충동·중독시그널,43,ef6d3be15526,"6월까지 국민연금 풀매수, 7월부터 매도. 이보다 더 수급에 영향주는거는 없다"
DM-003793,raw_youtube.csv,97,crawler_youtube.py,유튜브 댓글(삼프로TV·슈카월드),yt_comment,유튜브 댓글,삼프로TV,2시간 전(수정됨),3,3EG8okO5yVk,,55,7711232c221e,코스피하지 말자!정부도 기관도 나몰라라하는 시장아닌가? 이번에 진짜 질렸다 미장으로 Go Go Go
DM-003794,raw_youtube.csv,98,crawler_youtube.py,유튜브 댓글(삼프로TV·슈카월드),yt_comment,유튜브 댓글,삼프로TV,4시간 전,8,3EG8okO5yVk,,32,629d5207255c,외국인은 개인이 아니라 펀드매니저가 운용하는 돈 아닌가요?
DM-003795,raw_youtube.csv,99,crawler_youtube.py,유튜브 댓글(삼프로TV·슈카월드),yt_comment,유튜브 댓글,삼프로TV,3시간 전,3,3EG8okO5yVk,,13,89a43c894f3c,모든 종목이 물려서~ㅠㅠ
DM-003796,raw_youtube.csv,100,crawler_youtube.py,유튜브 댓글(삼프로TV·슈카월드),yt_comment,유튜브 댓글,삼프로TV,16분 전,2,3EG8okO5yVk,,24,d72cde4a17b4,썬그라스 좀 벗고하면 안될까요 야외도 아닌데
DM-003797,raw_youtube.csv,101,crawler_youtube.py,유튜브 댓글(삼프로TV·슈카월드),yt_comment,유튜브 댓글,삼프로TV,1시간 전,2,3EG8okO5yVk,,20,6cdfed91a960,국장이 양도소득세가 없으니까 하지 ?
DM-003798,raw_youtube.csv,102,crawler_youtube.py,유튜브 댓글(삼프로TV·슈카월드),yt_comment,유튜브 댓글,삼프로TV,1시간 전,2,3EG8okO5yVk,불안·공포,305,8fe401993a92,"음모론: 맞는듯. 이번국장이 개인이 이끌어서 주식이 올랐고 외국인 리벨런싱(사실 최고치 익절 , 좋던 싫던) 익절 , 레버리지로 한국주식 자폭, 그와중에 외국인들 큰손은 레버활용 두번째 이득. 결국 구조적으로 단타가 아니면 믿고 기다린 사람은 갑자기 당하게 되어있는 구조. 방향성이 좋아서 믿고 기다리는 게 맞을 수도 있지만. 중간에 계속 가만히 있으면 당한다.  떨어지면 대응하라는 말...본인들거 다 챙기고 해준듯. 본인들만 아는 건 안가르쳐 주는 듯. 내가 모른탓,  결론은 내가 멍청한 탓, 내가 쉽게 생각한탓, 내가 남의 말을 믿은 탓,"
DM-003799,raw_youtube.csv,103,crawler_youtube.py,유튜브 댓글(삼프로TV·슈카월드),yt_comment,유튜브 댓글,삼프로TV,1시간 전,1,3EG8okO5yVk,,9,a762f09a333e,보노보노님 똑띠네
DM-003800,raw_youtube.csv,104,crawler_youtube.py,유튜브 댓글(삼프로TV·슈카월드),yt_comment,유튜브 댓글,삼프로TV,2시간 전,1,3EG8okO5yVk,,16,45ba327e17f1,국장은 안하는게 진짜 맞다……
DM-003801,raw_youtube.csv,105,crawler_youtube.py,유튜브 댓글(삼프로TV·슈카월드),yt_comment,유튜브 댓글,삼프로TV,2시간 전,2,3EG8okO5yVk,,78,cb5df04c943c,그 펀드들이 먹잇감 포착하고 다 같이 약점 포착해서 털어 먹는 거임. (개인 레버리지 신용) 레오폴드도 당한 거고. 월가에 수도 없이 많음.
DM-003802,raw_youtube.csv,106,crawler_youtube.py,유튜브 댓글(삼프로TV·슈카월드),yt_comment,유튜브 댓글,삼프로TV,1시간 전,0,3EG8okO5yVk,,30,0eebd4c561eb,외국인=개인+기관 하지만 기관이 90%는 된다고 보죠.
DM-003803,raw_youtube.csv,107,crawler_youtube.py,유튜브 댓글(삼프로TV·슈카월드),yt_comment,유튜브 댓글,삼프로TV,34분 전,1,3EG8okO5yVk,,44,aaf6122ccf98,크 반도체 롱 5적 중 대장 빈센트 아직 정신 못차렸구나 하이닉스 80만원 간다
DM-003804,raw_youtube.csv,108,crawler_youtube.py,유튜브 댓글(삼프로TV·슈카월드),yt_comment,유튜브 댓글,삼프로TV,3시간 전,1,3EG8okO5yVk,불안·공포|충동·중독시그널,38,0ee600173261,버블 삼전닉스 제자리 찾아가는 중..아직 바닥아니니 빚투는 조심하세요
DM-003805,raw_youtube.csv,109,crawler_youtube.py,유튜브 댓글(삼프로TV·슈카월드),yt_comment,유튜브 댓글,삼프로TV,2시간 전,1,3EG8okO5yVk,,28,03cf3d1daba5,국장이 힘들면 하지마라.  흠.  그걸 누가 모르나
DM-003806,raw_youtube.csv,110,crawler_youtube.py,유튜브 댓글(삼프로TV·슈카월드),yt_comment,유튜브 댓글,삼프로TV,2시간 전,0,3EG8okO5yVk,,19,c6f145a78991,이젠 짧게 시간단위로 찍어올려야할듯
DM-003807,raw_youtube.csv,111,crawler_youtube.py,유튜브 댓글(삼프로TV·슈카월드),yt_comment,유튜브 댓글,삼프로TV,3시간 전,3,3EG8okO5yVk,후회·손실고통|분노·불신,153,a53fb05477c3,"외국인이 왜 그러냐고? 돈벌려고 모르나? 주식말고 국채하면 되지. 어차피 현장에서 싸움이다. 어제 선물에서  1천억  손실 본 기관 금투증권이 바보다. 외국인 뒤에 숨어서 ""해줘! 외국인!"" 외치다 바가지 썻다. 꼬시다...개미는 광야에서 참전하는데....🐜........."
DM-003808,raw_youtube.csv,112,crawler_youtube.py,유튜브 댓글(삼프로TV·슈카월드),yt_comment,유튜브 댓글,삼프로TV,2시간 전,2,3EG8okO5yVk,,51,76a186c061fd,이번에 국장의 민낯이 제대로 들어났지 ㅣㅋ  진행자가 팩트찌르고있는대 전문가들이 인정을못하내
DM-003809,raw_youtube.csv,113,crawler_youtube.py,유튜브 댓글(삼프로TV·슈카월드),yt_comment,유튜브 댓글,삼프로TV,3시간 전,1,3EG8okO5yVk,,31,93889bfe4007,신규 진입 시점 말고 빠져 나올 타이밍도 좀 알려주세요.
DM-003810,raw_youtube.csv,114,crawler_youtube.py,유튜브 댓글(삼프로TV·슈카월드),yt_comment,유튜브 댓글,삼프로TV,1시간 전(수정됨),1,3EG8okO5yVk,,29,b41405f97d56,미장에이 저런데   빠지는구나. 대단한다. ㅠㅠㅜㅠㅠ
DM-003811,raw_youtube.csv,115,crawler_youtube.py,유튜브 댓글(삼프로TV·슈카월드),yt_comment,유튜브 댓글,삼프로TV,3시간 전,2,3EG8okO5yVk,,14,e4ecc6d45f0b,먹잇감이되어버린......
DM-003812,raw_youtube.csv,116,crawler_youtube.py,유튜브 댓글(삼프로TV·슈카월드),yt_comment,유튜브 댓글,삼프로TV,2시간 전,2,3EG8okO5yVk,,877,2c9a677fc471,"외국인은 특정할 수 없는 집단인데 외국인을 어떻게 해야한다는 그런 논쟁은 의미없음. 여러실책중에 간과되는게 바로 연기금이 국내주식 못팔게 한거임. 연기금 처럼 대형자금이 손발이 묶여있다는 패가 드러났는데 게다가 개인은 신나서 주구장창 사고 있고 그럼 살찌워서 잡아먹고 싶어지지 않겠음? 밑에서 사놓은 물량 꾸준히 팔아재낀 외국인 자금의 운용능력이 좋았던거임. 무슨 이런걸 두고 외국인이 털었네 말았네 하는건 의미도없고 적절하지도 않음. 애초에 흥분해서 시장을 왜곡시키는 정책이 자꾸 시행된게 문제임. 원래 하려던 거버넌스 개혁을 더 정밀하고 속도 조절해가면서 해야지. 주가 오르고 지지율 좋다고 똥볼차서 이모양 이꼴난거. 정프로가 의구심을 가진 외국인에 대한 내용은 애초에 확인이 불가능하고 빈센트가 말했듯이 음모론일 수 밖에 없는 영역임. 다만 외국인에 대해 더 주목하는 이유는 외국인으로 잡히는 햇지펀드나, 해외 자금들이 자금의 규모가 비교도 안될 정도로 크기 때문임. 미국 전체 금융시장에 비한다면 한국의 금융시장은 조족지혈이라 밀면 밀 수 있다는게 핵심임. 여기서 뇌피셜을 더하면 글로벌 햇지펀드 몇군데가 모여서 ""야 한국 많이 오른김에 연말까지 밀어서 한번 싹 털어먹자""라고 했을 수도 있지. 물론 이런 상황에서 언제든지 배신자가 나와서 같이 밀기로한 다른 자금을 털어먹을 수도 있는거임. 이런 저런 상황을 가정해보면 시장은 특정 그룹이 이끌기에는 너무 크고 평균회귀한다 즉 시장이 효율적일거다 라고 생각하게 되는거임. 빌리언스같은 드라마를 보면 이런 음모론에 관한 시나리오를 좀 디테일하게 볼 수 있음. 아무튼 이런 시장의 비효율성이 의심된다고 해도 외국인 투자를 막을것도 아니고(시장의 비효율을 잡자고 시장을 죽이는꼴임)  금융산업을 키우는것만이 해법임."
DM-003813,raw_youtube.csv,117,crawler_youtube.py,유튜브 댓글(삼프로TV·슈카월드),yt_comment,유튜브 댓글,삼프로TV,3시간 전,24,3EG8okO5yVk,,26,d95be1e8222d,정영진질문을 막아버리는 빈센트는 무슨~~~???
DM-003814,raw_youtube.csv,118,crawler_youtube.py,유튜브 댓글(삼프로TV·슈카월드),yt_comment,유튜브 댓글,삼프로TV,3시간 전,1,3EG8okO5yVk,불안·공포,34,226e3af95685,폭락했다 말아올렸다하락중  허구헌날 하락중 수급도  바닥이라고
DM-003815,raw_youtube.csv,119,crawler_youtube.py,유튜브 댓글(삼프로TV·슈카월드),yt_comment,유튜브 댓글,삼프로TV,3시간 전,34,3EG8okO5yVk,,61,8734735da94d,지방선거 이기려고 국민연금 레버리지 ETF 주가 끌어 올려놓고 외국인만 돈 벌어 간다. 젊은이들 죽을 지경이다
DM-003816,raw_youtube.csv,120,crawler_youtube.py,유튜브 댓글(삼프로TV·슈카월드),yt_comment,유튜브 댓글,삼프로TV,1시간 전,2,3EG8okO5yVk,,11,585869607d73,하닉 내려간다~잉~~
DM-003817,raw_youtube.csv,121,crawler_youtube.py,유튜브 댓글(삼프로TV·슈카월드),yt_comment,유튜브 댓글,삼프로TV,3시간 전,8,3EG8okO5yVk,,52,940546f5cf5c,"삼전 27.2만원,  하닉 172만 돌파하고 지지해서 매수해도 늦지 않는다~~적극 동감한 부분"
DM-003818,raw_youtube.csv,122,crawler_youtube.py,유튜브 댓글(삼프로TV·슈카월드),yt_comment,유튜브 댓글,삼프로TV,2시간 전,0,3EG8okO5yVk,불안·공포|분노·불신,25,8aa1891337e8,개미들이 국장해야 증권사에 떨어지는게 많나보네
DM-003819,raw_youtube.csv,123,crawler_youtube.py,유튜브 댓글(삼프로TV·슈카월드),yt_comment,유튜브 댓글,삼프로TV,2시간 전,0,3EG8okO5yVk,,22,b6b7f060472a,우리나라 기관들도 짬짜미 하는 것 같은데
DM-003820,raw_youtube.csv,124,crawler_youtube.py,유튜브 댓글(삼프로TV·슈카월드),yt_comment,유튜브 댓글,삼프로TV,2시간 전,1,3EG8okO5yVk,후회·손실고통,183,f6bbda9fca5f,"확실히 돌아 섰을 때? ㅋㅋ 그때가 언제요? 적당히 싼가격에 사서 적당한 가격에 팔거나 웃돈 붙여서 파는것, +분배되는 회사의 수익(배당)으로 이익을 보는 것이 성투, 반대로 손실보는 것이 투자실패, 확실히 돌아서는 시점이라고 확신하고 투자해서 화들짝 아닌것 같아서 팔았더니 천정부지로 올라서 화들짝, 주식시장에 전문가라니 ㅎㅎ"
DM-003821,raw_youtube.csv,125,crawler_youtube.py,유튜브 댓글(삼프로TV·슈카월드),yt_comment,유튜브 댓글,삼프로TV,3시간 전,0,3EG8okO5yVk,,61,2abbe7b53a6e,안녕하세요 매일 명강 잘듣고있습니다 삼프로님 선글라스 착용이 항상 궁금했어요 미남얼굴 왜  가리시는지 궁금해요
DM-003822,raw_youtube.csv,126,crawler_youtube.py,유튜브 댓글(삼프로TV·슈카월드),yt_comment,유튜브 댓글,삼프로TV,2시간 전,0,3EG8okO5yVk,,45,08b91746a094,국장은 정말 상승 하락 크지않은 배당주만 투자하세요. 멀리보면 여기말곤 답이 없음
DM-003823,raw_youtube.csv,127,crawler_youtube.py,유튜브 댓글(삼프로TV·슈카월드),yt_comment,유튜브 댓글,삼프로TV,2시간 전(수정됨),1,3EG8okO5yVk,,38,3c797f0f27e4,죽창+드럼통 날아온다.  선수 보호 차원.  눈치 존나 보네 진짜..
DM-003824,raw_youtube.csv,128,crawler_youtube.py,유튜브 댓글(삼프로TV·슈카월드),yt_comment,유튜브 댓글,삼프로TV,2시간 전,0,3EG8okO5yVk,,12,76cc1280933d,빈센트님 소신 좋은데?
DM-003825,raw_youtube.csv,129,crawler_youtube.py,유튜브 댓글(삼프로TV·슈카월드),yt_comment,유튜브 댓글,삼프로TV,2시간 전,1,3EG8okO5yVk,,19,2a38d4bbf68d,눈치 빠른 사람들 선거때 다 팔았죠
DM-003826,raw_youtube.csv,130,crawler_youtube.py,유튜브 댓글(삼프로TV·슈카월드),yt_comment,유튜브 댓글,삼프로TV,3시간 전,0,3EG8okO5yVk,,55,740963599d1d,하쌤이 끝부분에 삼전과 하닉 프로그램 매수매도 잡히는 부분 설명해주신 것이 이해가 잘 안됩니다.ㅠㅠ
DM-003827,raw_youtube.csv,131,crawler_youtube.py,유튜브 댓글(삼프로TV·슈카월드),yt_comment,유튜브 댓글,삼프로TV,2시간 전(수정됨),1,3EG8okO5yVk,,180,b2fda1c26567,음모론이 아니라 등가교환법칙으로 따져들여가야지 대중들 무지성을 좀 타파하지 않을까 싶은데. 메이커가 이번 아센을 징벌한것처럼 음모가 아니라 암약이 더 적합한 표현인거같습니다. 정프로 말이 맞는데 그렇다면 또다른방도가 있는가? 하면 또 없기에 기술적분석에 의지하고 있는게 대다수라 그나마 분석이 상대적 유효한 미장을 하는거죠
DM-003828,raw_youtube.csv,132,crawler_youtube.py,유튜브 댓글(삼프로TV·슈카월드),yt_comment,유튜브 댓글,삼프로TV,2시간 전,1,3EG8okO5yVk,,88,57484015cc9a,삼전닉스만 올라야 하나? 오늘은 그래도 코스닥이나 코스피 여타 다른기업들도 양전하는 기업들 많고 순환매 도는거 같아서 오히려 주식시장이 나름 건강해진거 같은데
DM-003829,raw_youtube.csv,133,crawler_youtube.py,유튜브 댓글(삼프로TV·슈카월드),yt_comment,유튜브 댓글,삼프로TV,3분 전,0,3EG8okO5yVk,,25,a7a79e840dc5,투자공부 할 필요 없네요 ~~ 미장이 답이예요
DM-003830,raw_youtube.csv,134,crawler_youtube.py,유튜브 댓글(삼프로TV·슈카월드),yt_comment,유튜브 댓글,삼프로TV,1시간 전(수정됨),1,3EG8okO5yVk,분노·불신,139,d634452e00a8,노동자들이 힘들게 일해 벌어도 뭐하나.....미제놈들께  상납하는 구조인데..... 어느나라 어느곳에서나  개미는 죽어 나간다..... 알면서도 억지로 주가 끌어 올린 정부탓이고 그리고 욕심만.... 많은 국민 탓이다.  국민연금 물어내라~~~~~~
DM-003831,raw_youtube.csv,135,crawler_youtube.py,유튜브 댓글(삼프로TV·슈카월드),yt_comment,유튜브 댓글,삼프로TV,1시간 전,1,3EG8okO5yVk,후회·손실고통,11,262e9b8053c3,마이너스다  뭘 올라
DM-003832,raw_youtube.csv,136,crawler_youtube.py,유튜브 댓글(삼프로TV·슈카월드),yt_comment,유튜브 댓글,삼프로TV,1시간 전,1,3EG8okO5yVk,,75,ae4a6210619e,개인들은 주식 하지마라  아는 건 5 모르는건 95인 상태에서 주식투자하니까 외국인이 다 털어먹지 외환위기는 개인투자자들이 초래할것이다
DM-003833,raw_youtube.csv,137,crawler_youtube.py,유튜브 댓글(삼프로TV·슈카월드),yt_comment,유튜브 댓글,삼프로TV,1시간 전,1,3EG8okO5yVk,,30,0f0839fe255d,솔직히 2버레버는 핑계고 하락주범은 외인 70 기관30
DM-003834,raw_youtube.csv,138,crawler_youtube.py,유튜브 댓글(삼프로TV·슈카월드),yt_comment,유튜브 댓글,삼프로TV,43분 전,1,3EG8okO5yVk,,17,dd16b2ab91b5,빈 저거 삐끼다. 저것도 한패야
DM-003835,raw_youtube.csv,139,crawler_youtube.py,유튜브 댓글(삼프로TV·슈카월드),yt_comment,유튜브 댓글,삼프로TV,4시간 전,0,3EG8okO5yVk,,9,3f513cef3a4f,듬성 사지 마시라
DM-003836,raw_youtube.csv,140,crawler_youtube.py,유튜브 댓글(삼프로TV·슈카월드),yt_comment,유튜브 댓글,삼프로TV,2시간 전,0,3EG8okO5yVk,,22,5f1f567ff0b7,연기금이 던진다니 풋옵션잡고 기다리는거지
DM-003837,raw_youtube.csv,141,crawler_youtube.py,유튜브 댓글(삼프로TV·슈카월드),yt_comment,유튜브 댓글,삼프로TV,2시간 전,2,3EG8okO5yVk,,49,5bd34d5753d3,8:51 전문가가 말해주는데 뭐 어떻게 돈 벌어보겠다고 국장에서 깝치냐 달러 환전이나해라
DM-003838,raw_youtube.csv,142,crawler_youtube.py,유튜브 댓글(삼프로TV·슈카월드),yt_comment,유튜브 댓글,삼프로TV,1시간 전,1,3EG8okO5yVk,,17,e4895de4dd40,빈센트 너 왜 자꾸 나오니~~~
DM-003839,raw_youtube.csv,143,crawler_youtube.py,유튜브 댓글(삼프로TV·슈카월드),yt_comment,유튜브 댓글,삼프로TV,1시간 전,1,3EG8okO5yVk,분노·불신,77,0b10d2f9c94c,개미들이 기대안하는 코스닥먼저 올려라 외인들아.. 코스닥 계속 올리면 삼전닉스 코스피 팔고 개미들 이동할건데.. 그때가 삼전닉스 바닥이다!
DM-003840,raw_youtube.csv,144,crawler_youtube.py,유튜브 댓글(삼프로TV·슈카월드),yt_comment,유튜브 댓글,삼프로TV,1시간 전,0,3EG8okO5yVk,,47,bf2606e50c83,주식하면서 볼것들이 너무많아져서  점점 힘들어집니다   이제 저축이나  해얏나나봅니다
DM-003841,raw_youtube.csv,145,crawler_youtube.py,유튜브 댓글(삼프로TV·슈카월드),yt_comment,유튜브 댓글,삼프로TV,23분 전,0,3EG8okO5yVk,,16,a92cfd620b56,맞아 국장은 아닌것 같아요.ㅠ
DM-003842,raw_youtube.csv,146,crawler_youtube.py,유튜브 댓글(삼프로TV·슈카월드),yt_comment,유튜브 댓글,삼프로TV,4시간 전,6,3EG8okO5yVk,,15,a37e7f13c6e8,이래서 미장을 해야 하는거야
DM-003843,raw_youtube.csv,147,crawler_youtube.py,유튜브 댓글(삼프로TV·슈카월드),yt_comment,유튜브 댓글,삼프로TV,3시간 전,0,3EG8okO5yVk,,4,0ce8259f4328,외국인이
DM-003844,raw_youtube.csv,148,crawler_youtube.py,유튜브 댓글(삼프로TV·슈카월드),yt_comment,유튜브 댓글,삼프로TV,3시간 전,1,3EG8okO5yVk,,12,8a05b1ebc5bb,국장하지마라! ㅎ ㅇㅋ
DM-003845,raw_youtube.csv,149,crawler_youtube.py,유튜브 댓글(삼프로TV·슈카월드),yt_comment,유튜브 댓글,삼프로TV,3시간 전,8,3EG8okO5yVk,후회·손실고통,21,63a21e91a5f4,미정이 진리다  국장 탈출은 지능순이다
DM-003846,raw_youtube.csv,150,crawler_youtube.py,유튜브 댓글(삼프로TV·슈카월드),yt_comment,유튜브 댓글,삼프로TV,2시간 전,1,3EG8okO5yVk,후회·손실고통|분노·불신,119,2fc042175f0e,웃긴게 미장 가자한 초보개미들 미장가서도 투자한다는게 마이크론 샌디스크 속슬임 ㅋㅋㅋ 미장간 서학개미들도 손실율 크다는데 ㅋㅋ 미장도 공부하고 종목 잘골라야 수익보지 어중간하면 미장도 세금은 세금대로 뜯기고 손실큼
DM-003847,raw_youtube.csv,151,crawler_youtube.py,유튜브 댓글(삼프로TV·슈카월드),yt_comment,유튜브 댓글,삼프로TV,2시간 전,0,3EG8okO5yVk,,9,868c60140639,미장도 비슷함..
DM-003848,raw_youtube.csv,152,crawler_youtube.py,유튜브 댓글(삼프로TV·슈카월드),yt_comment,유튜브 댓글,삼프로TV,2시간 전,0,3EG8okO5yVk,,14,e11bf9cd9c9f,국장하지마라 그냥 미장해라
DM-003849,raw_youtube.csv,153,crawler_youtube.py,유튜브 댓글(삼프로TV·슈카월드),yt_comment,유튜브 댓글,삼프로TV,2시간 전(수정됨),1,3EG8okO5yVk,불안·공포|후회·손실고통,184,2de9d77a0126,아니왜댓글에 정부가 뭘하라는것이지 주식장은 도박이야 정부는 좋은 제도만 만들면 되는거고 연기금은 계획대로 사팔하면 되는것  지금 주식장이 왜이렇게 되었는가이게주식이야 이런걸 집팔아 주식하라는 정부 정부 눈치보며 고점에 안판 연기금 환장의 콜라보 이번 미친 상승장 외국인만 배터짐 이번에 알았으면 주식은 무섭다는걸  제발 공부합시다
DM-003850,raw_youtube.csv,154,crawler_youtube.py,유튜브 댓글(삼프로TV·슈카월드),yt_comment,유튜브 댓글,삼프로TV,1시간 전,0,3EG8okO5yVk,,89,0c96b74fa460,우리나라도 주주환원정책을 마니해쥬야 주식투자할 맛이 나지 아님 투자할 필요할 있을까  저축이나하던가 미장으로 가야지 외국인의 출금인 국장인인데 정부는 뭐하는건지
DM-003851,raw_youtube.csv,155,crawler_youtube.py,유튜브 댓글(삼프로TV·슈카월드),yt_comment,유튜브 댓글,삼프로TV,4시간 전,19,3EG8okO5yVk,,25,379b5a82c2a2,정영진물음에 대충대답하고 확 주제를 넘겨버리네
DM-003852,raw_youtube.csv,156,crawler_youtube.py,유튜브 댓글(삼프로TV·슈카월드),yt_comment,유튜브 댓글,삼프로TV,4시간 전,1,3EG8okO5yVk,,35,da5fba54a2ae,다아는걸 뭘 아무도 몰른다는건지ㅎㅎ 진짜 모르는거면 접어야지ㅎㅎ
DM-003853,raw_youtube.csv,157,crawler_youtube.py,유튜브 댓글(삼프로TV·슈카월드),yt_comment,유튜브 댓글,삼프로TV,3시간 전,1,3EG8okO5yVk,,5,9797462f3e69,빚내지마라
DM-003854,raw_youtube.csv,158,crawler_youtube.py,유튜브 댓글(삼프로TV·슈카월드),yt_comment,유튜브 댓글,삼프로TV,2시간 전,0,3EG8okO5yVk,,18,63b8117ac9b6,오늘도 하락행진이고만. 무슨~~~
DM-003855,raw_youtube.csv,159,crawler_youtube.py,유튜브 댓글(삼프로TV·슈카월드),yt_comment,유튜브 댓글,삼프로TV,3시간 전,3,3EG8okO5yVk,,31,be70c4949b47,통정 매매를 의심 하는데 국장을 떠나라하네 미친거 아냐?
DM-003856,raw_youtube.csv,160,crawler_youtube.py,유튜브 댓글(삼프로TV·슈카월드),yt_comment,유튜브 댓글,삼프로TV,3시간 전,0,3EG8okO5yVk,,10,6e53ef0bdcda,이걸 산뒤에 올리내
DM-003857,raw_youtube.csv,161,crawler_youtube.py,유튜브 댓글(삼프로TV·슈카월드),yt_comment,유튜브 댓글,삼프로TV,49분 전,0,3EG8okO5yVk,,51,b2bb725678be,요즘 코스닥 상한가는... 직원들 월급은 제때 주냐..? 이런거 샀다 물리고 누굴 원망하냐?
DM-003858,raw_youtube.csv,162,crawler_youtube.py,유튜브 댓글(삼프로TV·슈카월드),yt_comment,유튜브 댓글,삼프로TV,1시간 전,0,3EG8okO5yVk,,72,38887d74bbac,외국인들이 생각이 다 똑같으면 왜 레오폴드는 시타델한테 청산당했을까?  그냥 생각이 동일하게 겹칠때 큰 방향성이 나오는것일 뿐이다
DM-003859,raw_youtube.csv,163,crawler_youtube.py,유튜브 댓글(삼프로TV·슈카월드),yt_comment,유튜브 댓글,삼프로TV,23분 전,0,3EG8okO5yVk,,9,77ca57f2450c,개인은 너무 불쌍
DM-003860,raw_youtube.csv,164,crawler_youtube.py,유튜브 댓글(삼프로TV·슈카월드),yt_comment,유튜브 댓글,삼프로TV,4시간 전,13,3EG8okO5yVk,,27,a51e8f7b3b5b,아 팀으로 움직이냐 물었는데 딴소리만 하시네요..
DM-003861,raw_youtube.csv,165,crawler_youtube.py,유튜브 댓글(삼프로TV·슈카월드),yt_comment,유튜브 댓글,삼프로TV,3시간 전,3,3EG8okO5yVk,,75,c982d00f1189,외인들이 맘대로 하게 왜 내버려두나 ㅡ 도대쳎이 나라는 정부가 존재하는지 기관이 존재하는지 ㅡ 이들은 아주  어디 있는지 찾을수가 없다
DM-003862,raw_youtube.csv,166,crawler_youtube.py,유튜브 댓글(삼프로TV·슈카월드),yt_comment,유튜브 댓글,삼프로TV,57분 전,0,3EG8okO5yVk,,11,c809bbca37fc,이미 물려 있습니다.
DM-003863,raw_youtube.csv,167,crawler_youtube.py,유튜브 댓글(삼프로TV·슈카월드),yt_comment,유튜브 댓글,삼프로TV,1시간 전,0,3EG8okO5yVk,분노·불신,72,8fd5c28cfa3e,기업은 뭐하냐고 자사주 안사??? 지들 돈벌고 성과금 잔치하고 기업은 뭐하냐고 정부도 역할하고 그냥 개미들보러 알아서 하라는건진짜
DM-003864,raw_youtube.csv,168,crawler_youtube.py,유튜브 댓글(삼프로TV·슈카월드),yt_comment,유튜브 댓글,삼프로TV,1시간 전,0,3EG8okO5yVk,,18,7bc64fc60285,빈센트 아웃!! 부끄러운줄 모르네
DM-003865,raw_youtube.csv,169,crawler_youtube.py,유튜브 댓글(삼프로TV·슈카월드),yt_comment,유튜브 댓글,삼프로TV,2시간 전,0,3EG8okO5yVk,,20,43b8c570eb09,맨날 외인타령. 연기금이 더 던지는데
DM-003866,raw_youtube.csv,170,crawler_youtube.py,유튜브 댓글(삼프로TV·슈카월드),yt_comment,유튜브 댓글,삼프로TV,44분 전,0,3EG8okO5yVk,,8,e355094b5d10,그냥 시즌종료임
DM-003867,raw_youtube.csv,171,crawler_youtube.py,유튜브 댓글(삼프로TV·슈카월드),yt_comment,유튜브 댓글,삼프로TV,2분 전,0,3EG8okO5yVk,,140,3b21efc75805,정프로 핵심을 찌르는 질문이다 전문가들 나와서 매일 외인 외인 외인 지들도 모르면서 이럴거라면 국장은 하지말자  정부는 손놓거나 늦장대응 전문가들은 매일 국장임에도 외인만 외쳐 한심하고 취약한 시장에 지들 수수료 먹을라고 헛소리만 늘어놔 이게 맞아??
DM-003868,raw_youtube.csv,172,crawler_youtube.py,유튜브 댓글(삼프로TV·슈카월드),yt_comment,유튜브 댓글,삼프로TV,3시간 전,0,3EG8okO5yVk,,57,79d8c2d6d3d7,거기 먹을 게 있으니까 따라 가는 거 반대로 가면 죽고. (이번에 털린 헤지펀드 비롯 수도 없이 많음)
DM-003869,raw_youtube.csv,173,crawler_youtube.py,유튜브 댓글(삼프로TV·슈카월드),yt_comment,유튜브 댓글,삼프로TV,31분 전,0,3EG8okO5yVk,,38,32d280db544f,분석은 쓸모없다 그냥 외인기관이 기분좋으면 사는거고 아니면 마는거지~
DM-003870,raw_youtube.csv,174,crawler_youtube.py,유튜브 댓글(삼프로TV·슈카월드),yt_comment,유튜브 댓글,삼프로TV,3시간 전,5,3EG8okO5yVk,후회·손실고통,67,a366c88e24af,"아마 이번에 물린 많은분들 최소한 손해를 만회하게 되면 국장 탈출 많이 하겠네.... 증권사도 특화된 증권사 추천,,.."
DM-003871,raw_youtube.csv,175,crawler_youtube.py,유튜브 댓글(삼프로TV·슈카월드),yt_comment,유튜브 댓글,삼프로TV,58분 전,0,3EG8okO5yVk,,40,89d4173921e9,"내 지인은 차라리 2500때가 더 수익이 좋았다던데, 정프로 손해 많나봐"
DM-003872,raw_youtube.csv,176,crawler_youtube.py,유튜브 댓글(삼프로TV·슈카월드),yt_comment,유튜브 댓글,삼프로TV,40분 전,0,3EG8okO5yVk,,230,a469e01d046d,삼전하닉의 펀더멘탈은 용이고 주가는 뱀이예요. 용이 솟아오르자 뱀이 저도 용인줄 알고 뛰어올랐어요. 거기에 금융당국이 단일종목레버리지라는 날개를 뱀에게 달아주었어요. 그러자 뱀은 신이 나서 더 높이 날아서 용을 쫒아갔어요. 그걸 보던 불나방들이 뱀을 용이라 착각하고 뱀을 따라갔어요. 그런데 뱀은 땅바닥으로 고꾸라졌고 불나방들도 바닥에 떨어졌어요. 뱀은 정신차리면 다시 올라가겠지만 불나방들은 안타까울 뿐입니다.
DM-003873,raw_youtube.csv,177,crawler_youtube.py,유튜브 댓글(삼프로TV·슈카월드),yt_comment,유튜브 댓글,삼프로TV,44분 전,0,3EG8okO5yVk,,41,5700a84577b5,홀짝 쇼 여유있는 사람이야 괜찮겠지만.. 중요한 돈 넣은 사람은 어떡하냐?
DM-003874,raw_youtube.csv,178,crawler_youtube.py,유튜브 댓글(삼프로TV·슈카월드),yt_comment,유튜브 댓글,삼프로TV,2시간 전,15,3EG8okO5yVk,,16,0458f82508ee,"빈센트 아웃, 애널 자격 없음"
DM-003875,raw_youtube.csv,179,crawler_youtube.py,유튜브 댓글(삼프로TV·슈카월드),yt_comment,유튜브 댓글,삼프로TV,4시간 전(수정됨),45,3EG8okO5yVk,,134,faff37a6d46f,삼프로 애내들 하나증권에서 돈 받고 같이 방송하는 같은데.. 도움이 아니라 완전 반대로 얘기하는 수준 삼프로 수준이 저질 수준임 6월 초에 삼전닉스 팔아야 한다고 숨은 고수들이 얘기 할 때   삼프로 에서는 계속 사라고 한 것이 팩트임!!!
DM-003876,raw_youtube.csv,180,crawler_youtube.py,유튜브 댓글(삼프로TV·슈카월드),yt_comment,유튜브 댓글,삼프로TV,3시간 전,11,3EG8okO5yVk,후회·손실고통,18,0e774842f3f6,"빈센트=빈깡통,돌파리,월급받고사나"
DM-003877,raw_youtube.csv,181,crawler_youtube.py,유튜브 댓글(삼프로TV·슈카월드),yt_comment,유튜브 댓글,삼프로TV,3시간 전,8,3EG8okO5yVk,,20,4cdf9113b0bd,ㅋㅋㅋㅋ 오늘 방송 재밌네 ㅋㅋㅋㅋㅋ
DM-003878,raw_youtube.csv,182,crawler_youtube.py,유튜브 댓글(삼프로TV·슈카월드),yt_comment,유튜브 댓글,삼프로TV,2시간 전,0,3EG8okO5yVk,,28,52e79f3ce9fa,조용히 입 다물어라. 우리나라에 주식 전문가 없다.
DM-003879,raw_youtube.csv,183,crawler_youtube.py,유튜브 댓글(삼프로TV·슈카월드),yt_comment,유튜브 댓글,삼프로TV,1시간 전,0,3EG8okO5yVk,,11,7bb4a99e7817,빈센트는 신뢰가 안감
DM-003880,raw_youtube.csv,184,crawler_youtube.py,유튜브 댓글(삼프로TV·슈카월드),yt_comment,유튜브 댓글,삼프로TV,1시간 전,0,3EG8okO5yVk,,25,9f9dbc0ae9a0,하나마나한 이야기를 정성들여서 길게 하는 방송
DM-003881,raw_youtube.csv,185,crawler_youtube.py,유튜브 댓글(삼프로TV·슈카월드),yt_comment,유튜브 댓글,삼프로TV,41분 전,0,3EG8okO5yVk,FOMO·상대적박탈감,6,d073a422b881,하나만한소리
DM-003882,raw_youtube.csv,186,crawler_youtube.py,유튜브 댓글(삼프로TV·슈카월드),yt_comment,유튜브 댓글,삼프로TV,3시간 전,8,3EG8okO5yVk,,62,0e616860d10f,"빈센트  김동한프로랑 주말 방송에서 깔끔하게 인정하고, 빗을 갚고 싶다고 했던 얘기 너무 인상적이고 멋졌습니다."
DM-003883,raw_youtube.csv,187,crawler_youtube.py,유튜브 댓글(삼프로TV·슈카월드),yt_comment,유튜브 댓글,삼프로TV,2시간 전,5,3EG8okO5yVk,,32,a9ac8a81e899,빈센트는 자꾸 질문만하는게 웃기네.. 니가답해 너도전문간데
DM-003884,raw_youtube.csv,188,crawler_youtube.py,유튜브 댓글(삼프로TV·슈카월드),yt_comment,유튜브 댓글,삼프로TV,38분 전(수정됨),0,3EG8okO5yVk,,8,388ba7f8f6c8,ㅋㅋ전문가 ㅋㅋ
DM-003885,raw_youtube.csv,189,crawler_youtube.py,유튜브 댓글(삼프로TV·슈카월드),yt_comment,유튜브 댓글,삼프로TV,4시간 전,4,3EG8okO5yVk,분노·불신,141,cc21591530d6,하. 배경광고 눈에 거슬리네. 주식대여서비스.... 주식 빌려주면 소액이지만 이자 받아 먹긴하지. 근데 주식 빌린 넘은?? 바로 공매도 때려서 주가하락에 이용해먹지.  주식 빌려준 개미한테  푼돈 쥐어주고 뒤통수 치는거지.  이런걸 모를일 없을건데...
DM-003886,raw_youtube.csv,190,crawler_youtube.py,유튜브 댓글(삼프로TV·슈카월드),yt_comment,유튜브 댓글,삼프로TV,4시간 전,12,3EG8okO5yVk,,10,2b1e30d8aec5,빈.나오지마토나온다
DM-003887,raw_youtube.csv,191,crawler_youtube.py,유튜브 댓글(삼프로TV·슈카월드),yt_comment,유튜브 댓글,삼프로TV,3시간 전,1,3EG8okO5yVk,,24,81c0b8bba7a9,풋콜은 단시간 확 변해서 지표로 보기엔 그닥
DM-003888,raw_youtube.csv,192,crawler_youtube.py,유튜브 댓글(삼프로TV·슈카월드),yt_comment,유튜브 댓글,삼프로TV,3시간 전,4,3EG8okO5yVk,,24,703101a73118,국장하지마시라 이말 함부로 하지 마시라~~~
DM-003889,raw_youtube.csv,193,crawler_youtube.py,유튜브 댓글(삼프로TV·슈카월드),yt_comment,유튜브 댓글,삼프로TV,2시간 전,1,3EG8okO5yVk,,15,4bdf4a9072a9,누가 그런발칙한 판단하는데?
DM-003890,raw_youtube.csv,194,crawler_youtube.py,유튜브 댓글(삼프로TV·슈카월드),yt_comment,유튜브 댓글,삼프로TV,2시간 전,5,3EG8okO5yVk,불안·공포|분노·불신,851,a2fc36a016ce,"방송 나오는 증권사 소속 애널리스트 말은 절대로 믿는거 아님. 상승장에서는 애널들 말처럼 주가가 오르니까 뭔가 대단한 분석가인것처럼 보이지만,  하락장에서는 개미들을 저점 방어선으로 쓰는게 증권사 애널리스트들임. 8월에는 다를거다, 8월은 상승장이다 이런 증권사 소속 애널리스트들 한둘이 아닌데, 어제 봐봐 삼성전자를 외국인보다 더 많이 판게 국내 기관임. 증권사 소속 애널들이 외국인 동향은 못 읽어도 국내 기관들, 특히 본인 소속 증권사가 살지 팔지도 모르진 않을건데, 어제 하루만 투신 + 투자사들이 삼전만 6백만주를 팔아치우는데 이걸 몰라서 개미들한테 계속 사라고 했을까?  개미들이 사야 증권사는 수수료 수익벌어서 좋고, 또 지들이 가진 삼전 주식 뺄때 개미들이 저점 방어해줘서 좋고, 뭐로 보나 하락장에서 개미들이 매수를 계속 해야 지들한테 좋으니까 계속 사라고 속이면서 꼬드기는거임. 이거에 당하면 답도 없음. 24년 9월 모건 스탠리가 삼전 하이닉스 매도 리포트 냈을 때도 방송 나오는 애널리스트들은 모건스탠리 말은 믿지 말라면서 만약에 이걸로 삼전 주가가 빠지면 더 사라더니 그때 기관들은 삼전 겁나 팔아먹었음. 그리고 그해 겨울에 삼전이 4만9900원 저점 찍으니까 애널들이 나와서 당분간 삼전은 쉽지 않을거 같다. 이렇게 급락하면 횡보장이 길게 온다 이러면서 일단 삼전 팔고 2차전지 등 다른 섹터를 노려보자 이런 소리 했는데, 이때 기관들은 삼전 매수 겁나 많이 했음 ㅋㅋㅋ  하락장에서는 방송 나오는 애널들이 하는 말하고 실제 기관들이 매수 매도하는거 완전 다름. 그러니까 이런 방송 나와서 맨날 사라고 하는 애널들 말을 믿지 말고 기관들이 실제로 사는지 파는지 데이터 보고 투자하는게 훨씬 나음."
DM-003891,raw_youtube.csv,195,crawler_youtube.py,유튜브 댓글(삼프로TV·슈카월드),yt_comment,유튜브 댓글,삼프로TV,3시간 전,2,3EG8okO5yVk,,10,fb603636d9d7,증권사 직원들 많네
DM-003892,raw_youtube.csv,196,crawler_youtube.py,유튜브 댓글(삼프로TV·슈카월드),yt_comment,유튜브 댓글,삼프로TV,4시간 전,1,3EG8okO5yVk,,16,044f52ebaa53,숨은고수 ?? 웃기고 자빠졌네
DM-003893,raw_youtube.csv,197,crawler_youtube.py,유튜브 댓글(삼프로TV·슈카월드),yt_comment,유튜브 댓글,삼프로TV,2시간 전,1,3EG8okO5yVk,,60,46a026216770,투자는 본인 책임입니다 유튜브 보면서 전문가들이 사라는거 산다고 다 돈벌면 대한민국에 부자 아닌사람이 없겠죠
DM-003894,raw_youtube.csv,198,crawler_youtube.py,유튜브 댓글(삼프로TV·슈카월드),yt_comment,유튜브 댓글,삼프로TV,1시간 전,0,3EG8okO5yVk,충동·중독시그널,130,626d9998f936,물론 본인 책임이 맞지만   빈센트  저 사람 이야기 첨엔 통하는듯했죠. 주린이들은~^ 무슨 기도가 통해? 진실을 알고 실력을 키우는거죠.  원칙에  맞게 행동하면 됩니다.  전 3개월만에 깨달았네요. 절대 몰빵하지 말것. 빚내지말구
DM-003895,raw_youtube.csv,199,crawler_youtube.py,유튜브 댓글(삼프로TV·슈카월드),yt_comment,유튜브 댓글,삼프로TV,4시간 전,5,3EG8okO5yVk,,13,0be31cdf15df,사라고 산건 본인이잖음?
DM-003896,raw_youtube.csv,200,crawler_youtube.py,유튜브 댓글(삼프로TV·슈카월드),yt_comment,유튜브 댓글,삼프로TV,4시간 전,5,3EG8okO5yVk,,31,35b6081532de,투자는 본인 탓임 ㅇㅇ뽀찌 찔러준거아니면 남탓 하면 안됨
DM-003897,raw_youtube.csv,201,crawler_youtube.py,유튜브 댓글(삼프로TV·슈카월드),yt_comment,유튜브 댓글,삼프로TV,2시간 전,0,3EG8okO5yVk,,14,46254eb4c4e0,​@닥정꾸맞는말씀 이십니다
DM-003898,raw_youtube.csv,202,crawler_youtube.py,유튜브 댓글(삼프로TV·슈카월드),yt_comment,유튜브 댓글,삼프로TV,2시간 전,0,3EG8okO5yVk,,6,eac9432eaeb6,빈센트님 짱
DM-003899,raw_youtube.csv,203,crawler_youtube.py,유튜브 댓글(삼프로TV·슈카월드),yt_comment,유튜브 댓글,삼프로TV,1시간 전,0,3EG8okO5yVk,,27,2d2af4a773b2,@복덩이-g7i4k  이 분 빈센트 엄만가...?
DM-003900,raw_youtube.csv,204,crawler_youtube.py,유튜브 댓글(삼프로TV·슈카월드),yt_comment,유튜브 댓글,삼프로TV,2시간 전,1,3EG8okO5yVk,,3,224a288614c3,좋아요
DM-003901,raw_youtube.csv,205,crawler_youtube.py,유튜브 댓글(삼프로TV·슈카월드),yt_comment,유튜브 댓글,삼프로TV,1시간 전,0,3EG8okO5yVk,,22,bf3797211b6a,애널리스트라 실전매매 경험 거의 없을 듯
DM-003902,raw_youtube.csv,206,crawler_youtube.py,유튜브 댓글(삼프로TV·슈카월드),yt_comment,유튜브 댓글,삼프로TV,3시간 전,0,3EG8okO5yVk,,8,d61aea10e47a,미경이 거울봐라
DM-003903,raw_youtube.csv,207,crawler_youtube.py,유튜브 댓글(삼프로TV·슈카월드),yt_comment,유튜브 댓글,삼프로TV,1시간 전(수정됨),1,3EG8okO5yVk,,48,3d027db1fe68,"언제는 공산당이냐 정부가 왜개입하느냐, 언제는 왜 공적역활으로못하느냐, 내돈잃기는 싫지"
DM-003904,raw_youtube.csv,208,crawler_youtube.py,유튜브 댓글(삼프로TV·슈카월드),yt_comment,유튜브 댓글,삼프로TV,2시간 전,4,3EG8okO5yVk,,26,d5e6aa5342ff,빈센트님 항상 건강하시고 인사이트 감사합니다 ❤
DM-003905,raw_youtube.csv,209,crawler_youtube.py,유튜브 댓글(삼프로TV·슈카월드),yt_comment,유튜브 댓글,삼프로TV,1시간 전,1,3EG8okO5yVk,,10,27ac54eaa87d,빈센트님 화이팅!!
DM-003906,raw_youtube.csv,210,crawler_youtube.py,유튜브 댓글(삼프로TV·슈카월드),yt_comment,유튜브 댓글,삼프로TV,3시간 전,3,3EG8okO5yVk,,14,2c1fb2c35ca8,빈센트 보고싶어 들어옵니다
DM-003907,raw_youtube.csv,211,crawler_youtube.py,유튜브 댓글(삼프로TV·슈카월드),yt_comment,유튜브 댓글,삼프로TV,2시간 전,2,3EG8okO5yVk,,60,61afef3eeeee,이  친구는 부르지 마세요. 그리고...기도의 영역? 그러면 주식시장 폐쇄 해야.  .정프로의 지적은 명품.
DM-003908,raw_youtube.csv,212,crawler_youtube.py,유튜브 댓글(삼프로TV·슈카월드),yt_comment,유튜브 댓글,삼프로TV,2시간 전,1,3EG8okO5yVk,,14,acaa5d5a595a,빈센트님 정프로님  최고다
DM-003909,raw_youtube.csv,213,crawler_youtube.py,유튜브 댓글(삼프로TV·슈카월드),yt_comment,유튜브 댓글,삼프로TV,3시간 전,1,3EG8okO5yVk,,23,d0f3d26ecb92,그럼 국장하지미셔라? 저게 대답이냐 ㅋㅋㅋ
DM-003910,raw_youtube.csv,214,crawler_youtube.py,유튜브 댓글(삼프로TV·슈카월드),yt_comment,유튜브 댓글,삼프로TV,3시간 전,3,3EG8okO5yVk,,10,ea6418f39a24,빈센트 집에 가세요
DM-003911,raw_youtube.csv,215,crawler_youtube.py,유튜브 댓글(삼프로TV·슈카월드),yt_comment,유튜브 댓글,삼프로TV,2시간 전,0,3EG8okO5yVk,,43,6d9ac2fee76e,썬글라스 끼고 나온 사람은 뭔가 감출 것이 많은 사람인가? 그러면 나오지 마라
DM-003912,raw_youtube.csv,216,crawler_youtube.py,유튜브 댓글(삼프로TV·슈카월드),yt_comment,유튜브 댓글,삼프로TV,3시간 전,1,3EG8okO5yVk,후회·손실고통,19,5b79e9a00142,본전  근처만가도 주식안하고  싶다
DM-003913,raw_youtube.csv,217,crawler_youtube.py,유튜브 댓글(삼프로TV·슈카월드),yt_comment,유튜브 댓글,삼프로TV,3시간 전(수정됨),5,3EG8okO5yVk,FOMO·상대적박탈감|분노·불신,204,64dbbbff84d9,저** 웃기넹~음모론이 상황상 그리돌아가니 생기는 의구심인데~~그걸 쉴드치는 느낌은 나만이 아닐것같구~뭐 국장하지마라?? 세력의 힘으로 모든게 흘러가는 상황을 누구나 의심하게된다면~그런걸 일부인정하고~살아갈 방법을 얘기하던가~~애써 그런걸 피해가려는게 신뢰가 제로~빈센트도 약간 그런 뉘앙스~~정영진이 정상적인 의구심의 표현이라고 여겨짐~~쟈는 표리부동의 표본같넹~
DM-003914,raw_youtube.csv,218,crawler_youtube.py,유튜브 댓글(삼프로TV·슈카월드),yt_comment,유튜브 댓글,삼프로TV,2시간 전,0,3EG8okO5yVk,,8,016f2eee00c8,빈센트님 최고다
DM-003915,raw_youtube.csv,219,crawler_youtube.py,유튜브 댓글(삼프로TV·슈카월드),yt_comment,유튜브 댓글,삼프로TV,5시간 전,1,BIRb5vYYuZo,분노·불신,2480,6f3d02619455,"✨주식의 시대 제.대.로 배우자!✨삼프로 구독 서비스 🔥박병창&이선엽&김장열&이권희&장우진&박명석을 지금 만나보세요! 👉https://bit.ly/46OIrLB  ======================== 🌄 3PRO 두근두근 오늘의 핫딜! 😍 💻 LG그램 11세대 테라급 최초, 87만원! 👉 https://web.rethinkmall.com/link/20287 🍳 대상 볶음요리 4+2팩 최초, 2만원대! 👉 https://web.rethinkmall.com/link/20290 ======================== 🚨 [투자자라면 놓치지 마세요!] 3PRO 도슨트 총출동! 투자 전문가들과 함께하는 2026 3PRO 테크 탐방 👉 https://bit.ly/3Rbnfec ======================== [삼프로X리빙아트] 🍳르베토 초경량 유리 글라스 에어프라이어 3.5L 👉 https://smartstore.naver.com/livingart/products/11106990769 ======================== [삼프로X슬립앤슬립] 🌜아이스넷(Ice-net) 냉감패드 👉 https://sleepnsleepmall.com/product/detail.html?product_no=491 ======================== 📊 자동으로 청약해주는 일육공 🎁 일육공 앱 설치와 청약하고 만원 받기 👉 https://i6o.onelink.me/eGH9/share?pid=youtube_organic&af_sub1=3protv ======================== 📺프로그램 편성표 [06:00-07:20] 월스트리트 모닝브리핑 (월가 뉴스레터, 글로벌 인터뷰) [07:20-08:40] 오늘아침 라이브 (뉴스3, 마켓 인사이드) [08:40-10:00] 더블 밸류업 (개장방송) [10:00-11:00] 아침N투자 [11:00-12:00] 크립토 PLUS ----------------------------------- [15:20-16:30] 클로징벨 라이브 (마감방송) [16:30-17:15] 여의도 인사이트 [17:15-18:00] 집중, 오늘의 주식 [18:00-19:50] 주린이 구조대 ======================== 🏫 전문가(연사) 섭외 및 기업교육 문의 👉 https://bit.ly/3EofRlH ======================== 📢 광고없이 오디오 듣는 법 - 삼프로 앱을 설치하시면, 유튜브 프리미엄 없이도 유튜브를 오디오로 들으실 수 있습니다. - 삼프로TV, 언더스탠딩, 지구본 연구소, 위즈덤 칼리지, 압권 등 모든 3PRO 채널의 방송을 쉽고 빠르게 찾을 수 있어요. - 지금 바로 3PRO 앱 또는 웹을 만나보세요! 👉 https://3protv.page.link/S7cX ======================== 🗂 방송 자료 다운로드 방법 👉 [방송] - [신의자료실]에 들어가시면 됩니다. 3PRO 웹사이트 : https://apps.3protv.com/original/pds  3PRO 모바일 앱 : onelink.to/6gkezx ======================== 🙋‍♂3PRO 고객센터 - (전화) 1877-4344 - (메일) edu.help@3protv.com - (1:1 문의 게시판) https://apps.3protv.com/myqna/write - 전화는 평일 10:00-17:00 (점심시간 12:00-13:00) 에 운영됩니다. - 주말에는 3PRO 앱/웹에 1:1 문의를 남겨주시면 감사하겠습니다. ======================== 💼 비즈니스 문의 채널 안내 - '삼프로TV' 광고/협업 및 영상 제작대행 문의 : (메일)ad@3protv.com (전화) 010-2090-6748  (설문) https://forms.gle/16UjV3bPBN3Yv7X4A - 전문가(연사) 섭외 및 기업교육 문의 :  (메일) edu@3protv.com (전화) 02-2118-0704~0705 (웹사이트) https://bit.ly/3EofRlH - 언더스탠딩 문의 : (메일) to.understanding.official@gmail.com ======================== 📢 사칭 주의 - 삼프로TV의 구성원과 삼프로TV 출연자는 문자메시지/카카오톡/전화/텔레그램 등을 통해 절대 개인적인 투자권유 및 리딩방, SNS 가입을 권유하지 않습니다. - 만일 이러한 연락을 받으셨다면 모두 사기이므로, 링크를 클릭하지 마시고 피해가 없도록 주의하시기 바랍니다. ======================== ❤ 당부 말씀 - 삼프로TV는 시청자의 다양한 해석과 의견을 존중합니다. 또한, 콘텐츠에 대한 비판과 평가도 언제나 환영합니다. - 하지만, 출연자에 대한 근거없는 비난, 욕설, 인신공격, 비하성 표현이 담긴 댓글은 안내없이 삭제될 수 있습니다.  - 삼프로TV가 건강한 소통의 장이 될 수 있도록 도와주세요. 늘 감사합니다^^  #삼프로TV #삼프로 #3protv"
DM-003916,raw_youtube.csv,220,crawler_youtube.py,유튜브 댓글(삼프로TV·슈카월드),yt_comment,유튜브 댓글,삼프로TV,4시간 전,22,BIRb5vYYuZo,,59,c45b1e5a806e,걍 나도몰라! 돈주니깐 나와서 썰푸는겨~~ 오를수도있고 내릴수도있고! 이건 100% 내말이 맞아~~ ㅋㅋㅋ
DM-003917,raw_youtube.csv,221,crawler_youtube.py,유튜브 댓글(삼프로TV·슈카월드),yt_comment,유튜브 댓글,삼프로TV,5시간 전,21,BIRb5vYYuZo,,35,ae679f72795d,반도체 특히 메모리 반도체는 한 6개월 잊고 계심이 낫겠습니다.
DM-003918,raw_youtube.csv,222,crawler_youtube.py,유튜브 댓글(삼프로TV·슈카월드),yt_comment,유튜브 댓글,삼프로TV,4시간 전,18,BIRb5vYYuZo,,5,04d1593d7989,흘러내린다
DM-003919,raw_youtube.csv,223,crawler_youtube.py,유튜브 댓글(삼프로TV·슈카월드),yt_comment,유튜브 댓글,삼프로TV,4시간 전,6,BIRb5vYYuZo,,22,6294c0de7d83,명창 박병창님의 춘향가 들어 보겠습니다.
DM-003920,raw_youtube.csv,224,crawler_youtube.py,유튜브 댓글(삼프로TV·슈카월드),yt_comment,유튜브 댓글,삼프로TV,5시간 전,0,BIRb5vYYuZo,,10,31289bcbfbd0,오늘도 감사합니다😊
DM-003921,raw_youtube.csv,225,crawler_youtube.py,유튜브 댓글(삼프로TV·슈카월드),yt_comment,유튜브 댓글,삼프로TV,5시간 전,0,BIRb5vYYuZo,,7,4216be063c9e,감사드립니다🎉
DM-003922,raw_youtube.csv,226,crawler_youtube.py,유튜브 댓글(삼프로TV·슈카월드),yt_comment,유튜브 댓글,삼프로TV,4시간 전(수정됨),15,BIRb5vYYuZo,,38,e59ee72bb6a4,그냥 전문가 같지도 않은 애들 불러놓고 말장난 하지 말고 다른거 해라
DM-003923,raw_youtube.csv,227,crawler_youtube.py,유튜브 댓글(삼프로TV·슈카월드),yt_comment,유튜브 댓글,삼프로TV,3시간 전,3,BIRb5vYYuZo,,543,4c52be54c436,"이번 영상 핵심 요약  1. 국내 증시는 급등 이후 차익실현이 나타났지만 기술적으로는 반등 가능성이 남아 있다고 분석했다. 2. 미국 빅테크는 AI 투자 효과가 실적으로 확인되며 시장 신뢰를 회복하고 있다. 3. 오라클와 아마존의 강세는 AI 인프라 투자 확대가 계속되고 있음을 보여주는 신호로 평가했다. 4. 엔비디아를 비롯한 AI 반도체 기업은 여전히 장기 성장성이 유효하다고 전망했다. 5. 미국 제조업 지표 개선은 반도체와 AI 투자 확대에 긍정적인 환경을 제공하고 있다. 6. 시장은 AI·반도체·전력기기·바이오 등 업종 간 순환매가 이어지는 모습으로 분석했다. 7. 국내 코스닥은 반도체 소부장까지 동반 강세를 보여야 상승 흐름이 이어질 수 있다고 설명했다. 8. 현금 비중을 과도하게 늘리기보다 실적이 좋은 종목을 중심으로 대응하는 전략을 제시했다. 9. 국채금리와 환율, 지정학적 리스크는 계속 확인해야 할 핵심 변수로 꼽았다. 10. 종합적으로 AI와 반도체 중심의 상승 추세는 유지될 가능성이 높으며 단기 조정보다는 실적과 장기 성장성에 주목해야 한다."
DM-003924,raw_youtube.csv,228,crawler_youtube.py,유튜브 댓글(삼프로TV·슈카월드),yt_comment,유튜브 댓글,삼프로TV,5시간 전,8,BIRb5vYYuZo,,66,35290b804b20,코스피 오늘도 떡락 중~~어디까지 떡락할까? 국장 반도체는 끝??? 그 끝이 안보이네..이러니 국장이 개판이라는거지~~
DM-003925,raw_youtube.csv,229,crawler_youtube.py,유튜브 댓글(삼프로TV·슈카월드),yt_comment,유튜브 댓글,삼프로TV,3시간 전,4,BIRb5vYYuZo,,14,0d3fd078535b,추임새 너무 넣어서 거슬림
DM-003926,raw_youtube.csv,230,crawler_youtube.py,유튜브 댓글(삼프로TV·슈카월드),yt_comment,유튜브 댓글,삼프로TV,5시간 전,3,BIRb5vYYuZo,,62,955989caceb7,이쯤 되면 방송시간을 바꿔야하는거아님? 미장열릴때 방송해야하는게 아닐까? 그래야 할말이 더 많고 예측도될거같은데
DM-003927,raw_youtube.csv,231,crawler_youtube.py,유튜브 댓글(삼프로TV·슈카월드),yt_comment,유튜브 댓글,삼프로TV,4시간 전,4,BIRb5vYYuZo,,6,60c460704cbd,오후에오른다
DM-003928,raw_youtube.csv,232,crawler_youtube.py,유튜브 댓글(삼프로TV·슈카월드),yt_comment,유튜브 댓글,삼프로TV,4시간 전,5,BIRb5vYYuZo,,11,06c84e521e72,다 틀린 말씀이였네요
DM-003929,raw_youtube.csv,233,crawler_youtube.py,유튜브 댓글(삼프로TV·슈카월드),yt_comment,유튜브 댓글,삼프로TV,4시간 전,1,BIRb5vYYuZo,,15,6181cecaada6,밑이 없네요 징글징글 합니다
DM-003930,raw_youtube.csv,234,crawler_youtube.py,유튜브 댓글(삼프로TV·슈카월드),yt_comment,유튜브 댓글,삼프로TV,4시간 전,8,BIRb5vYYuZo,,42,aad57922361b,오르긴ㅋ 미국 본장때 올리고 우리장 시작할때 다빼는거 이제 익숙하지않음???
DM-003931,raw_youtube.csv,235,crawler_youtube.py,유튜브 댓글(삼프로TV·슈카월드),yt_comment,유튜브 댓글,삼프로TV,4시간 전(수정됨),15,BIRb5vYYuZo,,15,a164d44ddab4,오늘도 빠지는데 뭐가 올라?
DM-003932,raw_youtube.csv,236,crawler_youtube.py,유튜브 댓글(삼프로TV·슈카월드),yt_comment,유튜브 댓글,삼프로TV,5시간 전(수정됨),13,BIRb5vYYuZo,불안·공포,229,8c46be41ee32,"오늘 올라?? 어제와 그제 30% 너무 많이 급등했기 때문에 좀 더 조정받아야 한다. 상반기 100% 오른 급등장에서 외국인들 그렇게 파는데도 리스크관리 차원에서 같이 비중 줄이라는 코멘트 한 줄 못했던 시장전문가들, 이후 30~40% 폭락장에서 맞지도 않는 하루 하루 바닥권 접근 분할매수 틀린 전망들 이젠 많이 실망했다. 욕 먹기가 싫었는지, 용기가 없었는지, 실력이 없었는지 그 중 어떤 것이든지 ...."
DM-003933,raw_youtube.csv,237,crawler_youtube.py,유튜브 댓글(삼프로TV·슈카월드),yt_comment,유튜브 댓글,삼프로TV,4시간 전,4,BIRb5vYYuZo,,6,11a09ef8d6cd,데이터낭비다
DM-003934,raw_youtube.csv,238,crawler_youtube.py,유튜브 댓글(삼프로TV·슈카월드),yt_comment,유튜브 댓글,삼프로TV,5시간 전,1,BIRb5vYYuZo,,45,2bd7b6cf08a2,코스닥 올랐다고 말하면 안된다 한달내리고 오늘 좀 상승한다고 올랐다라는 표현자체가
DM-003935,raw_youtube.csv,239,crawler_youtube.py,유튜브 댓글(삼프로TV·슈카월드),yt_comment,유튜브 댓글,삼프로TV,1시간 전,0,BIRb5vYYuZo,,10,8d09455a70ef,6개웡 후에 봐요❤
DM-003936,raw_youtube.csv,240,crawler_youtube.py,유튜브 댓글(삼프로TV·슈카월드),yt_comment,유튜브 댓글,삼프로TV,2시간 전,0,BIRb5vYYuZo,,20,8e5a0d4059ba,ㅋㅋ 지금 12시 20분 더 빠지는중
DM-003937,raw_youtube.csv,241,crawler_youtube.py,유튜브 댓글(삼프로TV·슈카월드),yt_comment,유튜브 댓글,삼프로TV,4시간 전,0,BIRb5vYYuZo,,53,f84115d7ff5e,주식 주도주 -->https://www.youtube.com/watch?v=gPfzKpUkEsU
DM-003938,raw_youtube.csv,242,crawler_youtube.py,유튜브 댓글(삼프로TV·슈카월드),yt_comment,유튜브 댓글,삼프로TV,5시간 전,1,BIRb5vYYuZo,,39,d8e1089d11f5,오전에는 단타들 꼬셔서 코스피 하락. 그나마 코스닥이 반등하는건 다행.
DM-003939,raw_youtube.csv,243,crawler_youtube.py,유튜브 댓글(삼프로TV·슈카월드),yt_comment,유튜브 댓글,삼프로TV,4시간 전,6,BIRb5vYYuZo,,24,5551d762a3f1,"무슨말인지  삼전닉스""  _4%인데 뭐요?,"
DM-003940,raw_youtube.csv,244,crawler_youtube.py,유튜브 댓글(삼프로TV·슈카월드),yt_comment,유튜브 댓글,삼프로TV,4시간 전,0,BIRb5vYYuZo,,13,cf2c7a72e04b,오늘 상승장 맞네 ㅎㅎㅎ
DM-003941,raw_youtube.csv,245,crawler_youtube.py,유튜브 댓글(삼프로TV·슈카월드),yt_comment,유튜브 댓글,삼프로TV,5시간 전,0,BIRb5vYYuZo,,22,ab5c3e3d1f1b,다른건 다 올라도 삼전닉스는 못오름...
DM-003942,raw_youtube.csv,246,crawler_youtube.py,유튜브 댓글(삼프로TV·슈카월드),yt_comment,유튜브 댓글,삼프로TV,3시간 전,2,BIRb5vYYuZo,,8,43c373fae263,안살아남 끝난듯
DM-003943,raw_youtube.csv,247,crawler_youtube.py,유튜브 댓글(삼프로TV·슈카월드),yt_comment,유튜브 댓글,삼프로TV,5시간 전,7,BIRb5vYYuZo,불안·공포,3,72b0e122582b,폭락중
DM-003944,raw_youtube.csv,248,crawler_youtube.py,유튜브 댓글(삼프로TV·슈카월드),yt_comment,유튜브 댓글,삼프로TV,3시간 전,1,BIRb5vYYuZo,,64,016d5d987be2,기다리면 오르것지뭐 주식은 기다리면 언젠가는 오르더라 대형주들은 기다리면 먹게 돼있더라 주식은 그냥 기다림인거 같다
DM-003945,raw_youtube.csv,249,crawler_youtube.py,유튜브 댓글(삼프로TV·슈카월드),yt_comment,유튜브 댓글,삼프로TV,4시간 전,0,BIRb5vYYuZo,,18,3e8dd64da346,진짜 미친장이다. 코스닥만 오르고
DM-003946,raw_youtube.csv,250,crawler_youtube.py,유튜브 댓글(삼프로TV·슈카월드),yt_comment,유튜브 댓글,삼프로TV,2시간 전,0,BIRb5vYYuZo,분노·불신,18,f9d0f19d991b,모든 전문가가 개미지옥을 만들었어
DM-003947,raw_youtube.csv,251,crawler_youtube.py,유튜브 댓글(삼프로TV·슈카월드),yt_comment,유튜브 댓글,삼프로TV,4시간 전,3,BIRb5vYYuZo,,7,21a9074a4dd5,맞는게 없냐?
DM-003948,raw_youtube.csv,252,crawler_youtube.py,유튜브 댓글(삼프로TV·슈카월드),yt_comment,유튜브 댓글,삼프로TV,4시간 전,19,BIRb5vYYuZo,,14,78e96e60ae26,이 사람은 전문가가 맞나.
DM-003949,raw_youtube.csv,253,crawler_youtube.py,유튜브 댓글(삼프로TV·슈카월드),yt_comment,유튜브 댓글,삼프로TV,4시간 전,1,BIRb5vYYuZo,,10,b0caef78a573,계속 빠지는데요 😢
DM-003950,raw_youtube.csv,254,crawler_youtube.py,유튜브 댓글(삼프로TV·슈카월드),yt_comment,유튜브 댓글,삼프로TV,5시간 전,18,BIRb5vYYuZo,,38,662809925000,잘 맞추지도 못하면서 올라간다고 뭘그리 확신하나....정말 한심하네.
DM-003951,raw_youtube.csv,255,crawler_youtube.py,유튜브 댓글(삼프로TV·슈카월드),yt_comment,유튜브 댓글,삼프로TV,4시간 전,0,BIRb5vYYuZo,,22,65b8b4ca0244,헐 이사님  차별화~~~~   고맙습니다
DM-003952,raw_youtube.csv,256,crawler_youtube.py,유튜브 댓글(삼프로TV·슈카월드),yt_comment,유튜브 댓글,삼프로TV,17분 전,0,BIRb5vYYuZo,,4,cb42a34e2971,떨궜어요
DM-003953,raw_youtube.csv,257,crawler_youtube.py,유튜브 댓글(삼프로TV·슈카월드),yt_comment,유튜브 댓글,삼프로TV,4시간 전,0,BIRb5vYYuZo,,8,2be2d67aece9,비정상이라는거네
DM-003954,raw_youtube.csv,258,crawler_youtube.py,유튜브 댓글(삼프로TV·슈카월드),yt_comment,유튜브 댓글,삼프로TV,5시간 전,15,BIRb5vYYuZo,,10,7ee43b833239,다시 다 쳐내리네요
DM-003955,raw_youtube.csv,259,crawler_youtube.py,유튜브 댓글(삼프로TV·슈카월드),yt_comment,유튜브 댓글,삼프로TV,3시간 전,0,BIRb5vYYuZo,,13,45260e9ae702,먼저 기자님 휴가갔어요?
DM-003956,raw_youtube.csv,260,crawler_youtube.py,유튜브 댓글(삼프로TV·슈카월드),yt_comment,유튜브 댓글,삼프로TV,1시간 전,1,BIRb5vYYuZo,분노·불신,67,a7ec55e74215,대한민국만 반도체 만들면 호황이다  하지만 다른 국가도 만들고 있다는 것 결국 경쟁이고 언젠간 거품이 빠지는 것이 반도체
DM-003957,raw_youtube.csv,261,crawler_youtube.py,유튜브 댓글(삼프로TV·슈카월드),yt_comment,유튜브 댓글,삼프로TV,1시간 전,0,BIRb5vYYuZo,,1,a842629afdcd,예
DM-003958,raw_youtube.csv,262,crawler_youtube.py,유튜브 댓글(삼프로TV·슈카월드),yt_comment,유튜브 댓글,삼프로TV,38분 전,0,BIRb5vYYuZo,,27,fc95a8ac1d91,멀 자꾸 맞출라고 노력하나요. 어케 맞춰 ㅋㅋ 😂
DM-003959,raw_youtube.csv,263,crawler_youtube.py,유튜브 댓글(삼프로TV·슈카월드),yt_comment,유튜브 댓글,삼프로TV,3시간 전,0,BIRb5vYYuZo,,14,eab8cd72d16d,alcls아마존 신고가라니
DM-003960,raw_youtube.csv,264,crawler_youtube.py,유튜브 댓글(삼프로TV·슈카월드),yt_comment,유튜브 댓글,삼프로TV,4시간 전,6,BIRb5vYYuZo,,29,c7d2073f80f0,오르는 날이 맞아요? ㅋㅋㅋㅋㅋㅋㅋㅋㅋㅋㅋㅋㅋㅋㅋㅋㅋ
DM-003961,raw_youtube.csv,265,crawler_youtube.py,유튜브 댓글(삼프로TV·슈카월드),yt_comment,유튜브 댓글,삼프로TV,2시간 전,0,BIRb5vYYuZo,,63,3bd157261035,네이버카카오가 오르는 이유 : 호재나왔을때 시장이 빠졌음 그래서 지금 오르는것임 지금들어가면 100퍼 물림 이상~
DM-003962,raw_youtube.csv,266,crawler_youtube.py,유튜브 댓글(삼프로TV·슈카월드),yt_comment,유튜브 댓글,삼프로TV,1시간 전,0,BIRb5vYYuZo,,26,8f553d859318,에널리스트분들 참 힘들겠어요 뭐하나 맞는게 없네
DM-003963,raw_youtube.csv,267,crawler_youtube.py,유튜브 댓글(삼프로TV·슈카월드),yt_comment,유튜브 댓글,삼프로TV,1시간 전,0,BIRb5vYYuZo,,44,fbd016415a2b,코스닥이 훨씬 급등하는 데 여전히 삼전 하이닉스만 진단하는 주식 예능방속 삼프로
DM-003964,raw_youtube.csv,268,crawler_youtube.py,유튜브 댓글(삼프로TV·슈카월드),yt_comment,유튜브 댓글,삼프로TV,2시간 전,0,BIRb5vYYuZo,,65,15e82a9068ee,한국은 믿을수 없는 시장이 됨. 이런 시장에 누가 투자할까? 한국인들도 미장으로 돌리는데. 쪽박깨는 정부정책이 원인.
DM-003965,raw_youtube.csv,269,crawler_youtube.py,유튜브 댓글(삼프로TV·슈카월드),yt_comment,유튜브 댓글,삼프로TV,5시간 전,8,BIRb5vYYuZo,,11,a4f06a0c01dc,오늘 오른다고요???
DM-003966,raw_youtube.csv,270,crawler_youtube.py,유튜브 댓글(삼프로TV·슈카월드),yt_comment,유튜브 댓글,삼프로TV,5시간 전,7,BIRb5vYYuZo,,98,d221cf416d70,니들 바보야? 반도체 죽이고 AI 빅테크 살리기하잖아. 결국 실적이 제아무리 좋아도 삼전닉스 주가는 하락이야. 앞으로 목표주가 조사해서 틀리는 금융사에 강력한 페널티를 줘야한다
DM-003967,raw_youtube.csv,271,crawler_youtube.py,유튜브 댓글(삼프로TV·슈카월드),yt_comment,유튜브 댓글,삼프로TV,34분 전,0,BIRb5vYYuZo,,5,91f94280cbf6,망했어요~
DM-003968,raw_youtube.csv,272,crawler_youtube.py,유튜브 댓글(삼프로TV·슈카월드),yt_comment,유튜브 댓글,삼프로TV,2시간 전,0,BIRb5vYYuZo,,9,fcd8e8a55662,감사합니다~* 🎉
DM-003969,raw_youtube.csv,273,crawler_youtube.py,유튜브 댓글(삼프로TV·슈카월드),yt_comment,유튜브 댓글,삼프로TV,4시간 전,7,BIRb5vYYuZo,,14,2a381a10881c,야! 임마 똑바로 방송해라
DM-003970,raw_youtube.csv,274,crawler_youtube.py,유튜브 댓글(삼프로TV·슈카월드),yt_comment,유튜브 댓글,삼프로TV,7시간 전,3,rKt6k8GejzU,분노·불신,2480,de072a84cf7d,"🌄 3PRO 두근두근 오늘의 핫딜! 😍 💻 LG그램 11세대 테라급 최초, 87만원! 👉 https://web.rethinkmall.com/link/20287 🍳 대상 볶음요리 4+2팩 최초, 2만원대! 👉 https://web.rethinkmall.com/link/20290 ======================== 🚨 [투자자라면 놓치지 마세요!] 3PRO 도슨트 총출동! 투자 전문가들과 함께하는 2026 3PRO 테크 탐방 👉 https://bit.ly/3Rbnfec ======================== ✨주식의 시대 제.대.로 배우자!✨삼프로 구독 서비스 🔥박병창&이선엽&김장열&이권희&장우진&박명석을 지금 만나보세요! 👉https://bit.ly/46OIrLB  ======================== [삼프로X리빙아트] 🍳르베토 초경량 유리 글라스 에어프라이어 3.5L 👉 https://smartstore.naver.com/livingart/products/11106990769 ======================== [삼프로X슬립앤슬립] 🌜아이스넷(Ice-net) 냉감패드 👉 https://sleepnsleepmall.com/product/detail.html?product_no=491 ======================== 📊 자동으로 청약해주는 일육공 🎁 일육공 앱 설치와 청약하고 만원 받기 👉 https://i6o.onelink.me/eGH9/share?pid=youtube_organic&af_sub1=3protv ======================== 📺프로그램 편성표 [06:00-07:20] 월스트리트 모닝브리핑 (월가 뉴스레터, 글로벌 인터뷰) [07:20-08:40] 오늘아침 라이브 (뉴스3, 마켓 인사이드) [08:40-10:00] 더블 밸류업 (개장방송) [10:00-11:00] 아침N투자 [11:00-12:00] 크립토 PLUS ----------------------------------- [15:20-16:30] 클로징벨 라이브 (마감방송) [16:30-17:15] 여의도 인사이트 [17:15-18:00] 집중, 오늘의 주식 [18:00-19:50] 주린이 구조대 ======================== 🏫 전문가(연사) 섭외 및 기업교육 문의 👉 https://bit.ly/3EofRlH ======================== 📢 광고없이 오디오 듣는 법 - 삼프로 앱을 설치하시면, 유튜브 프리미엄 없이도 유튜브를 오디오로 들으실 수 있습니다. - 삼프로TV, 언더스탠딩, 지구본 연구소, 위즈덤 칼리지, 압권 등 모든 3PRO 채널의 방송을 쉽고 빠르게 찾을 수 있어요. - 지금 바로 3PRO 앱 또는 웹을 만나보세요! 👉 https://3protv.page.link/S7cX ======================== 🗂 방송 자료 다운로드 방법 👉 [방송] - [신의자료실]에 들어가시면 됩니다. 3PRO 웹사이트 : https://apps.3protv.com/original/pds  3PRO 모바일 앱 : onelink.to/6gkezx ======================== 🙋‍♂3PRO 고객센터 - (전화) 1877-4344 - (메일) edu.help@3protv.com - (1:1 문의 게시판) https://apps.3protv.com/myqna/write - 전화는 평일 10:00-17:00 (점심시간 12:00-13:00) 에 운영됩니다. - 주말에는 3PRO 앱/웹에 1:1 문의를 남겨주시면 감사하겠습니다. ======================== 💼 비즈니스 문의 채널 안내 - '삼프로TV' 광고/협업 및 영상 제작대행 문의 : (메일)ad@3protv.com (전화) 010-2090-6748  (설문) https://forms.gle/16UjV3bPBN3Yv7X4A - 전문가(연사) 섭외 및 기업교육 문의 :  (메일) edu@3protv.com (전화) 02-2118-0704~0705 (웹사이트) https://bit.ly/3EofRlH - 언더스탠딩 문의 : (메일) to.understanding.official@gmail.com ======================== 📢 사칭 주의 - 삼프로TV의 구성원과 삼프로TV 출연자는 문자메시지/카카오톡/전화/텔레그램 등을 통해 절대 개인적인 투자권유 및 리딩방, SNS 가입을 권유하지 않습니다. - 만일 이러한 연락을 받으셨다면 모두 사기이므로, 링크를 클릭하지 마시고 피해가 없도록 주의하시기 바랍니다. ======================== ❤ 당부 말씀 - 삼프로TV는 시청자의 다양한 해석과 의견을 존중합니다. 또한, 콘텐츠에 대한 비판과 평가도 언제나 환영합니다. - 하지만, 출연자에 대한 근거없는 비난, 욕설, 인신공격, 비하성 표현이 담긴 댓글은 안내없이 삭제될 수 있습니다.  - 삼프로TV가 건강한 소통의 장이 될 수 있도록 도와주세요. 늘 감사합니다^^  #삼프로TV #삼프로 #3protv"
DM-003971,raw_youtube.csv,275,crawler_youtube.py,유튜브 댓글(삼프로TV·슈카월드),yt_comment,유튜브 댓글,삼프로TV,1시간 전,1,rKt6k8GejzU,,15,bd6d901d9628,자세한 설명 감사합니다 ^^
DM-003972,raw_youtube.csv,276,crawler_youtube.py,유튜브 댓글(삼프로TV·슈카월드),yt_comment,유튜브 댓글,삼프로TV,2시간 전,0,rKt6k8GejzU,,14,b28e363c6aa1,좋은 의견 정보 감사합니다
DM-003973,raw_youtube.csv,277,crawler_youtube.py,유튜브 댓글(삼프로TV·슈카월드),yt_comment,유튜브 댓글,삼프로TV,5시간 전,4,rKt6k8GejzU,후회·손실고통,14,466a76621a82,바닥과 고점을 아시나봐요?
DM-003974,raw_youtube.csv,278,crawler_youtube.py,유튜브 댓글(삼프로TV·슈카월드),yt_comment,유튜브 댓글,삼프로TV,3시간 전,0,rKt6k8GejzU,불안·공포,38,1613d9c4e894,"마이크론이 떨어지면, 아마존, MS가 올라가고. 대체주식이 있는 미국"
DM-003975,raw_youtube.csv,279,crawler_youtube.py,유튜브 댓글(삼프로TV·슈카월드),yt_comment,유튜브 댓글,삼프로TV,35분 전,0,rKt6k8GejzU,,11,b696fcc7c021,매모리는 아예 끝난듯
DM-003976,raw_youtube.csv,280,crawler_youtube.py,유튜브 댓글(삼프로TV·슈카월드),yt_comment,유튜브 댓글,삼프로TV,6시간 전,3,rKt6k8GejzU,,10,93b2c91fcfb5,비메모리면 뭔데요?
DM-003977,raw_youtube.csv,281,crawler_youtube.py,유튜브 댓글(삼프로TV·슈카월드),yt_comment,유튜브 댓글,삼프로TV,4시간 전,0,rKt6k8GejzU,불안·공포,43,86523772a751,삼전닉스 바닥은 일년전 주가입니다..대폭락시작이니 레버리지하다가는 개박사납니다
DM-003978,raw_youtube.csv,282,crawler_youtube.py,유튜브 댓글(삼프로TV·슈카월드),yt_comment,유튜브 댓글,삼프로TV,3시간 전,0,rKt6k8GejzU,,13,da2550a33651,그넘에 메모리 끝난듯ㅋㅋ
DM-003979,raw_youtube.csv,283,crawler_youtube.py,유튜브 댓글(삼프로TV·슈카월드),yt_comment,유튜브 댓글,삼프로TV,2시간 전,1,rKt6k8GejzU,,15,eac8a28f1fcb,크게보면 마이크론 뺀 나머지
DM-003980,raw_youtube.csv,284,crawler_youtube.py,유튜브 댓글(삼프로TV·슈카월드),yt_comment,유튜브 댓글,삼프로TV,4시간 전,0,rKt6k8GejzU,,58,e442cfeca642,비메모리는 cpu gpu 그런데 이런것 모르고 투자 하나요? 은행에 저축 하세요 투자하시면 잃을듯 하네요
DM-003981,raw_youtube.csv,285,crawler_youtube.py,유튜브 댓글(삼프로TV·슈카월드),yt_comment,유튜브 댓글,삼프로TV,2시간 전,0,rKt6k8GejzU,,11,96c4910456bb,메모리 제외한 반도체
DM-003982,raw_youtube.csv,286,crawler_youtube.py,유튜브 댓글(삼프로TV·슈카월드),yt_comment,유튜브 댓글,삼프로TV,6시간 전,7,rKt6k8GejzU,,37,50dee9f95cf8,영상을 제발 봐주면 안되겠니. 영상에서 종목까지 예시로 들어주는데.
DM-003983,raw_youtube.csv,287,crawler_youtube.py,유튜브 댓글(삼프로TV·슈카월드),yt_comment,유튜브 댓글,삼프로TV,2시간 전,0,rKt6k8GejzU,,49,8ee94f7f322d,"27년초까지는 한국주식 좋을 거라 기대합니다  코스닥 가자너요, AI도 그렇게 평가해요😊"
DM-003984,raw_youtube.csv,288,crawler_youtube.py,유튜브 댓글(삼프로TV·슈카월드),yt_comment,유튜브 댓글,삼프로TV,7시간 전,3,jUhsBTSZLOc,분노·불신,2502,d78b7815243e,"🌄 3PRO 두근두근 오늘의 핫딜! 😍 💻 LG그램 11세대 테라급 최초, 87만원! 👉 https://web.rethinkmall.com/link/20287 🍳 대상 볶음요리 4+2팩 최초, 2만원대! 👉 https://web.rethinkmall.com/link/20290 ======================== 🚨 [투자자라면 놓치지 마세요!] 3PRO 도슨트 총출동! 투자 전문가들과 함께하는 2026 3PRO 테크 탐방 👉 https://bit.ly/3Rbnfec ======================== ✨주식의 시대 제.대.로 배우자!✨삼프로 구독 서비스 🔥박병창&이선엽&김장열&이권희&장우진&박명석을 지금 만나보세요! 👉https://bit.ly/46OIrLB  ======================== [삼프로X리빙아트] 🍳르베토 초경량 유리 글라스 에어프라이어 3.5L 👉 https://smartstore.naver.com/livingart/products/11106990769 ======================== [삼프로X슬립앤슬립] 🌜아이스넷(Ice-net) 냉감패드 👉 https://sleepnsleepmall.com/product/detail.html?product_no=491 ======================== 📊 자동으로 청약해주는 일육공 🎁 일육공 앱 설치와 청약하고 만원 받기 👉 https://i6o.onelink.me/eGH9/share?pid=youtube_organic&af_sub1=3protv ======================== 📺프로그램 편성표 [06:00-07:20] 월스트리트 모닝브리핑 (월가 뉴스레터, 글로벌 인터뷰) [07:20-08:40] 오늘아침 라이브 (뉴스3, 마켓 인사이드) [08:40-10:00] 더블 밸류업 (개장방송) [10:00-11:00] 아침N투자 [11:00-12:00] 크립토 PLUS ----------------------------------- [15:20-16:30] 클로징벨 라이브 (마감방송) [16:30-17:15] 여의도 인사이트 [17:15-18:00] 집중, 오늘의 주식 [18:00-19:50] 주린이 구조대 ======================== 🏫 전문가(연사) 섭외 및 기업교육 문의 👉 https://bit.ly/3EofRlH ======================== 📢 광고없이 오디오 듣는 법 - 삼프로 앱을 설치하시면, 유튜브 프리미엄 없이도 유튜브를 오디오로 들으실 수 있습니다. - 삼프로TV, 언더스탠딩, 지구본 연구소, 위즈덤 칼리지, 압권 등 모든 3PRO 채널의 방송을 쉽고 빠르게 찾을 수 있어요. - 지금 바로 3PRO 앱 또는 웹을 만나보세요! 👉 https://3protv.page.link/S7cX ======================== 🗂 방송 자료 다운로드 방법 👉 [방송] - [신의자료실]에 들어가시면 됩니다. 3PRO 웹사이트 : https://apps.3protv.com/original/pds  3PRO 모바일 앱 : onelink.to/6gkezx ======================== 🙋‍♂3PRO 고객센터 - (전화) 1877-4344 - (메일) edu.help@3protv.com - (1:1 문의 게시판) https://apps.3protv.com/myqna/write - 전화는 평일 10:00-17:00 (점심시간 12:00-13:00) 에 운영됩니다. - 주말에는 3PRO 앱/웹에 1:1 문의를 남겨주시면 감사하겠습니다. ======================== 💼 비즈니스 문의 채널 안내 - '삼프로TV' 광고/협업 및 영상 제작대행 문의 : (메일)ad@3protv.com (전화) 010-2090-6748  (설문) https://forms.gle/16UjV3bPBN3Yv7X4A - 전문가(연사) 섭외 및 기업교육 문의 :  (메일) edu@3protv.com (전화) 02-2118-0704~0705 (웹사이트) https://bit.ly/3EofRlH - 언더스탠딩 문의 : (메일) to.understanding.official@gmail.com ======================== 📢 사칭 주의 - 삼프로TV의 구성원과 삼프로TV 출연자는 문자메시지/카카오톡/전화/텔레그램 등을 통해 절대 개인적인 투자권유 및 리딩방, SNS 가입을 권유하지 않습니다. - 만일 이러한 연락을 받으셨다면 모두 사기이므로, 링크를 클릭하지 마시고 피해가 없도록 주의하시기 바랍니다. ======================== ❤ 당부 말씀 - 삼프로TV는 시청자의 다양한 해석과 의견을 존중합니다. 또한, 콘텐츠에 대한 비판과 평가도 언제나 환영합니다. - 하지만, 출연자에 대한 근거없는 비난, 욕설, 인신공격, 비하성 표현이 담긴 댓글은 안내없이 삭제될 수 있습니다.  - 삼프로TV가 건강한 소통의 장이 될 수 있도록 도와주세요. 늘 감사합니다^^  #팔란티어 #알파벳 #아마존 #샌디스크 #삼프로TV #삼프로 #3protv"
DM-003985,raw_youtube.csv,289,crawler_youtube.py,유튜브 댓글(삼프로TV·슈카월드),yt_comment,유튜브 댓글,삼프로TV,6시간 전,4,jUhsBTSZLOc,,23,2f77734aca9e,41:22 박명석 선생님의 T 모먼트😂😂😂
DM-003986,raw_youtube.csv,290,crawler_youtube.py,유튜브 댓글(삼프로TV·슈카월드),yt_comment,유튜브 댓글,삼프로TV,1시간 전,1,jUhsBTSZLOc,,7,43a923b88731,감사합니다 🎉
DM-003987,raw_youtube.csv,291,crawler_youtube.py,유튜브 댓글(삼프로TV·슈카월드),yt_comment,유튜브 댓글,삼프로TV,7시간 전,2,jUhsBTSZLOc,,6,02daed4173d9,부러운 미장
DM-003988,raw_youtube.csv,292,crawler_youtube.py,유튜브 댓글(삼프로TV·슈카월드),yt_comment,유튜브 댓글,삼프로TV,1시간 전,0,jUhsBTSZLOc,FOMO·상대적박탈감|분노·불신,43,e89e0df5b102,써클인터넷그룹 재료소멸이야 내가투자할떼는 소외종목. ㅋㅋㅋ 익절후 개미대거탑승
DM-003989,raw_youtube.csv,293,crawler_youtube.py,유튜브 댓글(삼프로TV·슈카월드),yt_comment,유튜브 댓글,삼프로TV,1시간 전,0,Mmre5PhOKj8,분노·불신,2445,a6ea4a8fef84,"✨주식의 시대 제.대.로 배우자!✨삼프로 구독 서비스 🔥박병창&이선엽&김장열&이권희&장우진&박명석을 지금 만나보세요! 👉https://bit.ly/46OIrLB  ======================== 🌄 3PRO 두근두근 오늘의 핫딜! 😍 🥩 최현석 함박 10팩 최초, 3만원대! 👉 https://web.rethinkmall.com/link/20266 👕 폴로티 셋업 2+2 최초, 3만원대! 👉 https://web.rethinkmall.com/link/20268 ======================== 🚨 [투자자라면 놓치지 마세요!] 3PRO 도슨트 총출동! 투자 전문가들과 함께하는 2026 3PRO 테크 탐방 👉 https://bit.ly/3Rbnfec ======================== [삼프로X네이처샵] 레몬머틀 릴렉스 핫딜 세트 🎁티백5포증정 👉 https://upstanding.co.kr/surl/P/30 ======================== [삼프로X슬립앤슬립] 🌜아이스넷(Ice-net) 냉감패드 👉 https://sleepnsleepmall.com/product/detail.html?product_no=491 ======================== 📊 자동으로 청약해주는 일육공 🎁 일육공 앱 설치와 청약하고 만원 받기 👉 https://i6o.onelink.me/eGH9/share?pid=youtube_organic&af_sub1=3protv ======================== 📺프로그램 편성표 [06:00-07:20] 월스트리트 모닝브리핑 (월가 뉴스레터, 글로벌 인터뷰) [07:20-08:40] 오늘아침 라이브 (뉴스3, 마켓 인사이드) [08:40-10:00] 더블 밸류업 (개장방송) [10:00-11:00] 아침N투자 [11:00-12:00] 크립토 PLUS ----------------------------------- [15:20-16:30] 클로징벨 라이브 (마감방송) [16:30-17:15] 여의도 인사이트 [17:15-18:00] 집중, 오늘의 주식 [18:00-19:50] 주린이 구조대 ======================== 🏫 전문가(연사) 섭외 및 기업교육 문의 👉 https://bit.ly/3EofRlH ======================== 📢 광고없이 오디오 듣는 법 - 삼프로 앱을 설치하시면, 유튜브 프리미엄 없이도 유튜브를 오디오로 들으실 수 있습니다. - 삼프로TV, 언더스탠딩, 지구본 연구소, 위즈덤 칼리지, 압권 등 모든 3PRO 채널의 방송을 쉽고 빠르게 찾을 수 있어요. - 지금 바로 3PRO 앱 또는 웹을 만나보세요! 👉 https://3protv.page.link/S7cX ======================== 🗂 방송 자료 다운로드 방법 👉 [방송] - [신의자료실]에 들어가시면 됩니다. 3PRO 웹사이트 : https://apps.3protv.com/original/pds  3PRO 모바일 앱 : onelink.to/6gkezx ======================== 🙋‍♂3PRO 고객센터 - (전화) 1877-4344 - (메일) edu.help@3protv.com - (1:1 문의 게시판) https://apps.3protv.com/myqna/write - 전화는 평일 10:00-17:00 (점심시간 12:00-13:00) 에 운영됩니다. - 주말에는 3PRO 앱/웹에 1:1 문의를 남겨주시면 감사하겠습니다. ======================== 💼 비즈니스 문의 채널 안내 - '삼프로TV' 광고/협업 및 영상 제작대행 문의 : (메일)ad@3protv.com (전화) 010-2090-6748  (설문) https://forms.gle/16UjV3bPBN3Yv7X4A - 전문가(연사) 섭외 및 기업교육 문의 :  (메일) edu@3protv.com (전화) 02-2118-0704~0705 (웹사이트) https://bit.ly/3EofRlH - 언더스탠딩 문의 : (메일) to.understanding.official@gmail.com ======================== 📢 사칭 주의 - 삼프로TV의 구성원과 삼프로TV 출연자는 문자메시지/카카오톡/전화/텔레그램 등을 통해 절대 개인적인 투자권유 및 리딩방, SNS 가입을 권유하지 않습니다. - 만일 이러한 연락을 받으셨다면 모두 사기이므로, 링크를 클릭하지 마시고 피해가 없도록 주의하시기 바랍니다. ======================== ❤ 당부 말씀 - 삼프로TV는 시청자의 다양한 해석과 의견을 존중합니다. 또한, 콘텐츠에 대한 비판과 평가도 언제나 환영합니다. - 하지만, 출연자에 대한 근거없는 비난, 욕설, 인신공격, 비하성 표현이 담긴 댓글은 안내없이 삭제될 수 있습니다.  - 삼프로TV가 건강한 소통의 장이 될 수 있도록 도와주세요. 늘 감사합니다^^  #삼프로TV #삼프로 #3protv"
DM-003990,raw_youtube.csv,294,crawler_youtube.py,유튜브 댓글(삼프로TV·슈카월드),yt_comment,유튜브 댓글,삼프로TV,16시간 전,2,Mmre5PhOKj8,,28,934259beafef,내일도 하락이네요 ㅠㅠ 반도체 얼마나 빠질까 두렵다
DM-003991,raw_youtube.csv,295,crawler_youtube.py,유튜브 댓글(삼프로TV·슈카월드),yt_comment,유튜브 댓글,삼프로TV,15시간 전,2,Mmre5PhOKj8,,32,9fbb75807523,34:33 민준아... 한국이 베네수엘라는....오바다..
DM-003992,raw_youtube.csv,296,crawler_youtube.py,유튜브 댓글(삼프로TV·슈카월드),yt_comment,유튜브 댓글,삼프로TV,9시간 전,1,Mmre5PhOKj8,,25,d41e9fafcde7,자꾸 정부 편을 들지말고 국민 편을 들어라 ㆍ
DM-003993,raw_youtube.csv,297,crawler_youtube.py,유튜브 댓글(삼프로TV·슈카월드),yt_comment,유튜브 댓글,삼프로TV,15시간 전,0,Mmre5PhOKj8,,48,9631083e817e,암만생각해도 잣댄거같다... 아~~~~무리생각해도 잣댄거같어... 나도 한강행인가...
DM-003994,raw_youtube.csv,298,crawler_youtube.py,유튜브 댓글(삼프로TV·슈카월드),yt_comment,유튜브 댓글,삼프로TV,16시간 전,0,Mmre5PhOKj8,,13,368400557282,이분이나오신다고?ㅋㅌㅋㅋ
DM-003995,raw_youtube.csv,299,crawler_youtube.py,유튜브 댓글(삼프로TV·슈카월드),yt_comment,유튜브 댓글,삼프로TV,15시간 전,1,Mmre5PhOKj8,,42,5d6043988d45,편하게 아니라 모르겠다 포기 한거지 ㅋㅋㅋ 그랜저 하나가 날라가 버린 조정장
DM-003996,raw_youtube.csv,300,crawler_youtube.py,유튜브 댓글(삼프로TV·슈카월드),yt_comment,유튜브 댓글,삼프로TV,15시간 전,3,Mmre5PhOKj8,,36,51fb4f68f5bf,저거 비꼬는거임ㅋㅋㅋ 저딴 주장하는 사람들이 실제로 있어서ㅋㅋㅋㅋ
DM-003997,raw_youtube.csv,301,crawler_youtube.py,유튜브 댓글(삼프로TV·슈카월드),yt_comment,유튜브 댓글,삼프로TV,15시간 전,0,Mmre5PhOKj8,,19,8c6f1e2788bc,@yubinlee8845  앜ㅋㅋㅋ
DM-003998,raw_youtube.csv,302,crawler_youtube.py,유튜브 댓글(삼프로TV·슈카월드),yt_comment,유튜브 댓글,삼프로TV,39분 전,0,Pfu8rWMGwoQ,분노·불신,2448,4f443eafdddf,"✨주식의 시대 제.대.로 배우자!✨삼프로 구독 서비스 🔥박병창&이선엽&김장열&이권희&장우진&박명석을 지금 만나보세요! 👉https://bit.ly/46OIrLB  ======================== 🌄 3PRO 두근두근 오늘의 핫딜! 😍 🥩 최현석 함박 10팩 최초, 3만원대! 👉 https://web.rethinkmall.com/link/20266 👕 폴로티 셋업 2+2 최초, 3만원대! 👉 https://web.rethinkmall.com/link/20268 ======================== 🚨 [투자자라면 놓치지 마세요!] 3PRO 도슨트 총출동! 투자 전문가들과 함께하는 2026 3PRO 테크 탐방 👉 https://bit.ly/3Rbnfec ======================== [삼프로X네이처샵] 레몬머틀 릴렉스 핫딜 세트 🎁티백5포증정 👉 https://upstanding.co.kr/surl/P/30 ======================== [삼프로X슬립앤슬립] 🌜아이스넷(Ice-net) 냉감패드 👉 https://sleepnsleepmall.com/product/detail.html?product_no=491 ======================== 📊 자동으로 청약해주는 일육공 🎁 일육공 앱 설치와 청약하고 만원 받기 👉 https://i6o.onelink.me/eGH9/share?pid=youtube_organic&af_sub1=3protv ======================== 📺프로그램 편성표 [06:00-07:20] 월스트리트 모닝브리핑 (월가 뉴스레터, 글로벌 인터뷰) [07:20-08:40] 오늘아침 라이브 (뉴스3, 마켓 인사이드) [08:40-10:00] 더블 밸류업 (개장방송) [10:00-11:00] 아침N투자 [11:00-12:00] 크립토 PLUS ----------------------------------- [15:20-16:30] 클로징벨 라이브 (마감방송) [16:30-17:15] 여의도 인사이트 [17:15-18:00] 집중, 오늘의 주식 [18:00-19:50] 주린이 구조대 ======================== 🏫 전문가(연사) 섭외 및 기업교육 문의 👉 https://bit.ly/3EofRlH ======================== 📢 광고없이 오디오 듣는 법 - 삼프로 앱을 설치하시면, 유튜브 프리미엄 없이도 유튜브를 오디오로 들으실 수 있습니다. - 삼프로TV, 언더스탠딩, 지구본 연구소, 위즈덤 칼리지, 압권 등 모든 3PRO 채널의 방송을 쉽고 빠르게 찾을 수 있어요. - 지금 바로 3PRO 앱 또는 웹을 만나보세요! 👉 https://3protv.page.link/S7cX ======================== 🗂️ 방송 자료 다운로드 방법 👉 [방송] - [신의자료실]에 들어가시면 됩니다. 3PRO 웹사이트 : https://apps.3protv.com/original/pds  3PRO 모바일 앱 : onelink.to/6gkezx ======================== 🙋‍♂️3PRO 고객센터 - (전화) 1877-4344 - (메일) edu.help@3protv.com - (1:1 문의 게시판) https://apps.3protv.com/myqna/write - 전화는 평일 10:00-17:00 (점심시간 12:00-13:00) 에 운영됩니다. - 주말에는 3PRO 앱/웹에 1:1 문의를 남겨주시면 감사하겠습니다. ======================== 💼 비즈니스 문의 채널 안내 - '삼프로TV' 광고/협업 및 영상 제작대행 문의 : (메일)ad@3protv.com (전화) 010-2090-6748  (설문) https://forms.gle/16UjV3bPBN3Yv7X4A - 전문가(연사) 섭외 및 기업교육 문의 :  (메일) edu@3protv.com (전화) 02-2118-0704~0705 (웹사이트) https://bit.ly/3EofRlH - 언더스탠딩 문의 : (메일) to.understanding.official@gmail.com ======================== 📢 사칭 주의 - 삼프로TV의 구성원과 삼프로TV 출연자는 문자메시지/카카오톡/전화/텔레그램 등을 통해 절대 개인적인 투자권유 및 리딩방, SNS 가입을 권유하지 않습니다. - 만일 이러한 연락을 받으셨다면 모두 사기이므로, 링크를 클릭하지 마시고 피해가 없도록 주의하시기 바랍니다. ======================== ❤️ 당부 말씀 - 삼프로TV는 시청자의 다양한 해석과 의견을 존중합니다. 또한, 콘텐츠에 대한 비판과 평가도 언제나 환영합니다. - 하지만, 출연자에 대한 근거없는 비난, 욕설, 인신공격, 비하성 표현이 담긴 댓글은 안내없이 삭제될 수 있습니다.  - 삼프로TV가 건강한 소통의 장이 될 수 있도록 도와주세요. 늘 감사합니다^^  #삼프로TV #삼프로 #3protv"
DM-003999,raw_youtube.csv,303,crawler_youtube.py,유튜브 댓글(삼프로TV·슈카월드),yt_comment,유튜브 댓글,삼프로TV,17시간 전,5,Pfu8rWMGwoQ,후회·손실고통,12,60efbefd39d6,증권주 반토막 났어요😢
DM-004000,raw_youtube.csv,304,crawler_youtube.py,유튜브 댓글(삼프로TV·슈카월드),yt_comment,유튜브 댓글,삼프로TV,17시간 전,4,Pfu8rWMGwoQ,,20,79bf2ef7af34,냉철한  조언 늘 잘 듣고있습니다~!
DM-004001,raw_youtube.csv,305,crawler_youtube.py,유튜브 댓글(삼프로TV·슈카월드),yt_comment,유튜브 댓글,삼프로TV,18시간 전,9,Pfu8rWMGwoQ,,12,1ac9465bca28,상 거지가 다됬다  ㆍ
DM-004002,raw_youtube.csv,306,crawler_youtube.py,유튜브 댓글(삼프로TV·슈카월드),yt_comment,유튜브 댓글,삼프로TV,16시간 전,3,Pfu8rWMGwoQ,,23,08a3d946dfab,다 물려있는데 현금이 있냐구요~ 말이 좋지
DM-004003,raw_youtube.csv,307,crawler_youtube.py,유튜브 댓글(삼프로TV·슈카월드),yt_comment,유튜브 댓글,삼프로TV,16시간 전,2,Pfu8rWMGwoQ,,17,609eaa5240a0,처음 방문했는데 진심인것 같네요
DM-004004,raw_youtube.csv,308,crawler_youtube.py,유튜브 댓글(삼프로TV·슈카월드),yt_comment,유튜브 댓글,삼프로TV,16시간 전,2,Pfu8rWMGwoQ,,20,51bf550338f1,이분은 목소리도 좋고 그래도 믿음이감
DM-004005,raw_youtube.csv,309,crawler_youtube.py,유튜브 댓글(삼프로TV·슈카월드),yt_comment,유튜브 댓글,삼프로TV,17시간 전,4,Pfu8rWMGwoQ,,47,16c194dee007,그렇게 털리고 또 전문가란 사람들 방송 보고있는 나도 참 한심하다. 어찌 살아야하나?
DM-004006,raw_youtube.csv,310,crawler_youtube.py,유튜브 댓글(삼프로TV·슈카월드),yt_comment,유튜브 댓글,삼프로TV,17시간 전,3,Pfu8rWMGwoQ,후회·손실고통,35,1e0af5fd45f2,40%이상 물렸으면 다 팔고 저점에서 다시 재매수 하는게 나을듯
DM-004007,raw_youtube.csv,311,crawler_youtube.py,유튜브 댓글(삼프로TV·슈카월드),yt_comment,유튜브 댓글,삼프로TV,18시간 전,6,Pfu8rWMGwoQ,,31,a4fc77f704dc,아무도 믿지마라 이런거 볼시간에 조은기업 찾고 공부하세요
DM-004008,raw_youtube.csv,312,crawler_youtube.py,유튜브 댓글(삼프로TV·슈카월드),yt_comment,유튜브 댓글,삼프로TV,16시간 전(수정됨),2,Pfu8rWMGwoQ,,41,8414c6320eeb,그래도 ai관련주를 사야된다 반도체 로봇 전력 조선 방산 이정도면 끝 ..
DM-004009,raw_youtube.csv,313,crawler_youtube.py,유튜브 댓글(삼프로TV·슈카월드),yt_comment,유튜브 댓글,삼프로TV,16시간 전(수정됨),3,Pfu8rWMGwoQ,,187,1869d3480cd3,'반도체 잘 나갈때 다른거 봐야된다고 했다. 반도체 약세일때 반도체 봐야 된다고 했다. 나는 그랬다.' 이런말 좀 하지 맙시다. 지금도 어제도 몇년 전에도 이런말 하는 사람 한트럭은 됐고 삼류 주식 책에도 그정도는 다 나옵니다. 객장에서 초보 꼬실때나 하는 말을 시청자를 얼마나 알로봤으면 방송에서 뭘 그리 혼자 잘 한 것처럼 합니까.
DM-004010,raw_youtube.csv,314,crawler_youtube.py,유튜브 댓글(삼프로TV·슈카월드),yt_comment,유튜브 댓글,삼프로TV,17시간 전,1,Pfu8rWMGwoQ,,3,bd9fdf99d50f,반대로
DM-004011,raw_youtube.csv,315,crawler_youtube.py,유튜브 댓글(삼프로TV·슈카월드),yt_comment,유튜브 댓글,삼프로TV,16시간 전(수정됨),1,Pfu8rWMGwoQ,,175,138bd2b15d56,"이 미친도박판 시장의 근본적인 원인은 삼전닉스 레버리지출시로 코스피시장과 코스닥시장의 균형점이 깨졌기 때문이고, 유일한 해법은 정부가 하루속히 코스닥시장의 정상화로 균형점을 찿아줘야 합니다, 그래야 금융시장의 안정화를 찿을 수 있고, 개인투자자들의 해외투기적 이탈을 최소화해 피해를 줄이고 환율안정도 가능해집니다,"
DM-004012,raw_youtube.csv,316,crawler_youtube.py,유튜브 댓글(삼프로TV·슈카월드),yt_comment,유튜브 댓글,삼프로TV,17시간 전,3,Pfu8rWMGwoQ,,19,f2dd9af01c5d,이쯤되면 삼프로폐지학야하는거 아님?
DM-004013,raw_youtube.csv,317,crawler_youtube.py,유튜브 댓글(삼프로TV·슈카월드),yt_comment,유튜브 댓글,삼프로TV,17시간 전,3,Pfu8rWMGwoQ,,6,38a4f0563c41,이제와서요?
DM-004014,raw_youtube.csv,318,crawler_youtube.py,유튜브 댓글(삼프로TV·슈카월드),yt_comment,유튜브 댓글,삼프로TV,17시간 전,8,Pfu8rWMGwoQ,,29,fde85887830e,이재규 차장님만큼 진실로 조언해주는 사람 많지 않다.
DM-004015,raw_youtube.csv,319,crawler_youtube.py,유튜브 댓글(삼프로TV·슈카월드),yt_comment,유튜브 댓글,삼프로TV,17시간 전,0,Pfu8rWMGwoQ,,20,fb250e78fe87,끝나버린 반도체 ㅎㅎㅎㅎㅎㅎㅎㅎㅎㅎㅎ
DM-004016,raw_youtube.csv,320,crawler_youtube.py,유튜브 댓글(삼프로TV·슈카월드),yt_comment,유튜브 댓글,삼프로TV,17시간 전,3,Pfu8rWMGwoQ,,17,cd645158b167,또 약팔고 계시네 뭘 또 사요!
DM-004017,raw_youtube.csv,321,crawler_youtube.py,유튜브 댓글(삼프로TV·슈카월드),yt_comment,유튜브 댓글,삼프로TV,3시간 전,0,Pfu8rWMGwoQ,불안·공포,55,8320562b947e,@토푸리아-t8t  이런생각 위험함.  회사 동료 이렇게 하다가 골로 갔음요. 귀신도 모름 주가는.
DM-004018,raw_youtube.csv,322,crawler_youtube.py,유튜브 댓글(삼프로TV·슈카월드),yt_comment,유튜브 댓글,삼프로TV,16시간 전,0,Pfu8rWMGwoQ,,19,8254fd264c50,말이안대는 소리. 브로커의 헛소리요
DM-004019,raw_youtube.csv,323,crawler_youtube.py,유튜브 댓글(삼프로TV·슈카월드),yt_comment,유튜브 댓글,삼프로TV,18시간 전(수정됨),28,Pfu8rWMGwoQ,후회·손실고통|충동·중독시그널,43,f9180969ffe8,니들 삼프로 애널놈들때문에 이미 삼전 하닉에 몰빵 물린사람들은 어쩌라는거냐.?
DM-004020,raw_youtube.csv,324,crawler_youtube.py,유튜브 댓글(삼프로TV·슈카월드),yt_comment,유튜브 댓글,삼프로TV,17시간 전,1,Pfu8rWMGwoQ,,9,d7a266203e98,방송 시간 때우기
DM-004021,raw_youtube.csv,325,crawler_youtube.py,유튜브 댓글(삼프로TV·슈카월드),yt_comment,유튜브 댓글,삼프로TV,18시간 전,24,Pfu8rWMGwoQ,,30,33ee9b9b3b80,이사람들 다 헛소리 지껄이는거로 점점 확인이되는 국장.
DM-004022,raw_youtube.csv,326,crawler_youtube.py,유튜브 댓글(삼프로TV·슈카월드),yt_comment,유튜브 댓글,삼프로TV,18시간 전,0,Pfu8rWMGwoQ,,16,c182dc801d5c,그래도 차익 20프로 입니다.
DM-004023,raw_youtube.csv,327,crawler_youtube.py,유튜브 댓글(삼프로TV·슈카월드),yt_comment,유튜브 댓글,삼프로TV,5시간 전,0,Pfu8rWMGwoQ,,71,59caa28b47ae,재규차장님이 저렇게 애원을 하는데 ㅋ ㅋ 귓등으로도 안들으면 답이없지... 반도체가 바이오랑 비중이 같아질때 이미 꺽었다고 본다
DM-004024,raw_youtube.csv,328,crawler_youtube.py,유튜브 댓글(삼프로TV·슈카월드),yt_comment,유튜브 댓글,삼프로TV,17시간 전,0,Pfu8rWMGwoQ,후회·손실고통|충동·중독시그널,66,b6a662ad853f,몰빵이고 나발이고 이미 반도체만 남았다고 하면서 사람들 거의 반도체에 들어와 물렸을텐데 균형 잡을 돈이 있나 모르겠네.
DM-004025,raw_youtube.csv,329,crawler_youtube.py,유튜브 댓글(삼프로TV·슈카월드),yt_comment,유튜브 댓글,삼프로TV,17시간 전,0,Pfu8rWMGwoQ,충동·중독시그널,69,0fb866e32970,"기본을 잘 지키라는 말, 삼닉에 몰빵하지말고 여러 종목 분산해라. 삼닉 비중 좀 줄여라(상반기 같지 않다), 빚내서 하지마라"
DM-004026,raw_youtube.csv,330,crawler_youtube.py,유튜브 댓글(삼프로TV·슈카월드),yt_comment,유튜브 댓글,삼프로TV,10시간 전,0,Pfu8rWMGwoQ,,18,c773ea3d2b76,결국 반도체는 답이 없다는 얘기네
DM-004027,raw_youtube.csv,331,crawler_youtube.py,유튜브 댓글(삼프로TV·슈카월드),yt_comment,유튜브 댓글,삼프로TV,5시간 전,0,Pfu8rWMGwoQ,,35,8861565ceff2,다 물려있는데 비중을 줄이라니요 ㅠㅠ 80% 반도체에 물려있네여
DM-004028,raw_youtube.csv,332,crawler_youtube.py,유튜브 댓글(삼프로TV·슈카월드),yt_comment,유튜브 댓글,삼프로TV,18시간 전,6,Pfu8rWMGwoQ,,20,c881736d427f,그래도 비교적 이 사람은 냉철한 편임
DM-004029,raw_youtube.csv,333,crawler_youtube.py,유튜브 댓글(삼프로TV·슈카월드),yt_comment,유튜브 댓글,삼프로TV,8시간 전,0,Pfu8rWMGwoQ,,66,dbb2d40ef1f4,"많은 전문가분들이 현금 비중을 늘리라고 하시던데요, 그 현금은 언제 어떻게 사용하는 건가요? 다들 늘리라고만 해서..."
DM-004030,raw_youtube.csv,334,crawler_youtube.py,유튜브 댓글(삼프로TV·슈카월드),yt_comment,유튜브 댓글,삼프로TV,1시간 전,0,Pfu8rWMGwoQ,,21,fb85654ba19b,반도체못가고다른게가네 올한해내내이러려나
DM-004031,raw_youtube.csv,335,crawler_youtube.py,유튜브 댓글(삼프로TV·슈카월드),yt_comment,유튜브 댓글,삼프로TV,17시간 전,0,Pfu8rWMGwoQ,,7,34b9096902bc,여주사라면서요
DM-004032,raw_youtube.csv,336,crawler_youtube.py,유튜브 댓글(삼프로TV·슈카월드),yt_comment,유튜브 댓글,삼프로TV,11시간 전,0,Pfu8rWMGwoQ,,8,01f2a4624ed9,다르긴 뭐가달라
DM-004033,raw_youtube.csv,337,crawler_youtube.py,유튜브 댓글(삼프로TV·슈카월드),yt_comment,유튜브 댓글,삼프로TV,14시간 전,0,Pfu8rWMGwoQ,,25,b7dcdac806aa,여주사 밀사...이게 3프로에서 나온거 아닌가
DM-004034,raw_youtube.csv,338,crawler_youtube.py,유튜브 댓글(삼프로TV·슈카월드),yt_comment,유튜브 댓글,삼프로TV,13시간 전,0,Pfu8rWMGwoQ,,32,e9c2ee844117,삼프로 하는 말은 결국 또 사라는 말 ㅋㅋ (믿으면 조짐)
DM-004035,raw_youtube.csv,339,crawler_youtube.py,유튜브 댓글(삼프로TV·슈카월드),yt_comment,유튜브 댓글,삼프로TV,17시간 전,3,Pfu8rWMGwoQ,분노·불신,25,758ed42dec72,오를때 더 담고 내릴때 덜면 그냥 개미아님??
DM-004036,raw_youtube.csv,340,crawler_youtube.py,유튜브 댓글(삼프로TV·슈카월드),yt_comment,유튜브 댓글,삼프로TV,17시간 전,0,Pfu8rWMGwoQ,,146,51155f97344c,삼전 하이닉스 안오르면 생길일 하락 슈퍼사이클 코스피 지수 ETF대량매도 코스피 200지수 종목 하락 지수하락 코스피 지수 ETF매도 코스피 200지수 편입종목하락 지수하락 ... . . . 슈퍼사이클 완성  반도체 쉬면 좋다? 다 게소리임 두종목안가면 다 못감
DM-004037,raw_youtube.csv,341,crawler_youtube.py,유튜브 댓글(삼프로TV·슈카월드),yt_comment,유튜브 댓글,삼프로TV,17시간 전(수정됨),8,Pfu8rWMGwoQ,불안·공포,51,c099468e398a,할려면 윤센처럼 미리조심 하라하던가 지수8천에는 반도체 팔지말라면서 이제와서 다른거보라구여?
DM-004038,raw_youtube.csv,342,crawler_youtube.py,유튜브 댓글(삼프로TV·슈카월드),yt_comment,유튜브 댓글,삼프로TV,18시간 전,2,Pfu8rWMGwoQ,,39,3180e04081b9,죄다 앞으로 전망 안좋다 반도체 피해라  이럴 때 반도체 들어가야 됨.
DM-004039,raw_youtube.csv,343,crawler_youtube.py,유튜브 댓글(삼프로TV·슈카월드),yt_comment,유튜브 댓글,삼프로TV,17시간 전,0,Pfu8rWMGwoQ,,13,745de78470de,윤센이 ㄹㅇ 혜안이 ㅋㅋ
DM-004040,raw_youtube.csv,344,crawler_youtube.py,유튜브 댓글(삼프로TV·슈카월드),yt_comment,유튜브 댓글,삼프로TV,15시간 전(수정됨),1,Pfu8rWMGwoQ,분노·불신,279,d4cd2f959ed5,이재규상무님의 진심이 담긴 열변을 많은 개미분들이 경청하여 뼈에 새기길 바랍니다 저도 큰 울림 받고 갑니다 제가 수익을 보고있으니 마음이 안정돼서 상무님 코멘트 경청하는거지  수익도 안 나고 계좌 개 박살나있으면 누구 말인들 귀에 들어올까 싶습니다 많은 분들이 이재규상무님의 진심을 깊이 새기시길 댓글들 보니 확실히 다치고 아프신분들 진짜 많아요 이재규상무님의 진심이 담긴 열변이 이 분들에게 과연 통할 수 있을지  삼프로에서 빨리 이재규상무도 멤버쉽 출시하셔야합니다 이제 더 큰 물에서 노셔야합니다
DM-004041,raw_youtube.csv,345,crawler_youtube.py,유튜브 댓글(삼프로TV·슈카월드),yt_comment,유튜브 댓글,삼프로TV,16시간 전,0,Pfu8rWMGwoQ,,18,62be751ae73c,뭔 맨날 시장 보고 말을 바꾸는지
DM-004042,raw_youtube.csv,346,crawler_youtube.py,유튜브 댓글(삼프로TV·슈카월드),yt_comment,유튜브 댓글,삼프로TV,16시간 전,0,Pfu8rWMGwoQ,불안·공포,33,f6facf0e9536,결국 반도체 떨어지몀 팔아라. 코스닥 오르면 사라… ㅋㅋㅋㅋ
DM-004043,raw_youtube.csv,347,crawler_youtube.py,유튜브 댓글(삼프로TV·슈카월드),yt_comment,유튜브 댓글,삼프로TV,16시간 전,0,Pfu8rWMGwoQ,,15,3dce12757749,크 딴 주식을 사라고 ^ ^
DM-004044,raw_youtube.csv,348,crawler_youtube.py,유튜브 댓글(삼프로TV·슈카월드),yt_comment,유튜브 댓글,삼프로TV,16시간 전,0,Pfu8rWMGwoQ,,16,ec8232c63676,이제와서 무슨 물건은 괘변이야
DM-004045,raw_youtube.csv,349,crawler_youtube.py,유튜브 댓글(삼프로TV·슈카월드),yt_comment,유튜브 댓글,삼프로TV,16시간 전,0,Pfu8rWMGwoQ,,17,5f872ccf26c0,하나마나한 얘기를 진지하게 하네
DM-004046,raw_youtube.csv,350,crawler_youtube.py,유튜브 댓글(삼프로TV·슈카월드),yt_comment,유튜브 댓글,삼프로TV,15시간 전,0,Pfu8rWMGwoQ,,11,fcd80f57b010,이사람 말바꾸기 시작
DM-004047,raw_youtube.csv,351,crawler_youtube.py,유튜브 댓글(삼프로TV·슈카월드),yt_comment,유튜브 댓글,삼프로TV,15시간 전,0,Pfu8rWMGwoQ,,22,218abb0a0bf2,지금 얘기하면 나도 삼프로 방송한다 ㅋㅋ
DM-004048,raw_youtube.csv,352,crawler_youtube.py,유튜브 댓글(삼프로TV·슈카월드),yt_comment,유튜브 댓글,슈카월드,19시간 전,2.8천,tT1Km_wKo_M,,25,7bdb2abbd92e,어떻게 한 나라의 대표지수가 개잡주 차트...
DM-004049,raw_youtube.csv,353,crawler_youtube.py,유튜브 댓글(삼프로TV·슈카월드),yt_comment,유튜브 댓글,슈카월드,17시간 전,1.1천,tT1Km_wKo_M,,47,c92ad339eb78,시바 내용이 너무 충격적이라 모자 현란한 것도 20분만에 알아차림.ㅋㅋㅋㅋㅋㅋㅋㅋㅋㅋ
DM-004050,raw_youtube.csv,354,crawler_youtube.py,유튜브 댓글(삼프로TV·슈카월드),yt_comment,유튜브 댓글,슈카월드,19시간 전,2.2천,tT1Km_wKo_M,,24,3b5b48436542,고도로 발달한 국장은 코인과 구별할 수 없다
DM-004051,raw_youtube.csv,355,crawler_youtube.py,유튜브 댓글(삼프로TV·슈카월드),yt_comment,유튜브 댓글,슈카월드,17시간 전,683,tT1Km_wKo_M,,87,8bc3f6c9c130,"자살 사건 규제 보도는 진짜 역사 대대로 남을 병크다 ㅋㅋㅋㅋㅋㅋㅋㅋㅋㅋㅋㅋ   자살을 만든것도 나라,  숨기는 것도 나라:face-blue-smiling:"
DM-004052,raw_youtube.csv,356,crawler_youtube.py,유튜브 댓글(삼프로TV·슈카월드),yt_comment,유튜브 댓글,슈카월드,19시간 전,1.3천,tT1Km_wKo_M,,25,9e65d9e80f6e,'저게 먼저 반등할것처럼 꼬리를 쳤다니까??'
DM-004053,raw_youtube.csv,357,crawler_youtube.py,유튜브 댓글(삼프로TV·슈카월드),yt_comment,유튜브 댓글,슈카월드,18시간 전,52,tT1Km_wKo_M,분노·불신,64,b9cfd0d58079,개미죽이는 살충장이다 진짜... 요즘 개미들 안거많고 독해졌다고 큰손세력들 더독한 약들고옴... 미친듯이 흔들림 하
DM-004054,raw_youtube.csv,358,crawler_youtube.py,유튜브 댓글(삼프로TV·슈카월드),yt_comment,유튜브 댓글,슈카월드,19시간 전,1.8천,tT1Km_wKo_M,,18,f404dd223498,제1 원칙: 국장은 하지 않는다.
DM-004055,raw_youtube.csv,359,crawler_youtube.py,유튜브 댓글(삼프로TV·슈카월드),yt_comment,유튜브 댓글,슈카월드,18시간 전,426,tT1Km_wKo_M,,61,f7a20506b61c,전세계 사람들이 실시간으로 코리아주식으로 레버리지 하는바람에 카지노업계가 망하고 있다라는게 업계의 정설입니다.
DM-004056,raw_youtube.csv,360,crawler_youtube.py,유튜브 댓글(삼프로TV·슈카월드),yt_comment,유튜브 댓글,슈카월드,19시간 전,196,tT1Km_wKo_M,,29,4fe41ef1290a,제1원칙-절대국장을하지마라 제2원칙-제1원칙을준수하라
DM-004057,raw_youtube.csv,361,crawler_youtube.py,유튜브 댓글(삼프로TV·슈카월드),yt_comment,유튜브 댓글,슈카월드,19시간 전,275,tT1Km_wKo_M,,47,021d601302c0,ㅋㅋㅋㅋ 월가에서 얼마나 좋았을까 저런 먹잇감이 잇다는게...세상을 지배하는건 월가여
DM-004058,raw_youtube.csv,362,crawler_youtube.py,유튜브 댓글(삼프로TV·슈카월드),yt_comment,유튜브 댓글,슈카월드,18시간 전,332,tT1Km_wKo_M,,62,4d2b802d2833,코스피 6천대부터 조정 진하게 맞았으면 이렇게 개판은 안났을텐데... 조정없이 너무행복하게 9000까지간게 독약
DM-004059,raw_youtube.csv,363,crawler_youtube.py,유튜브 댓글(삼프로TV·슈카월드),yt_comment,유튜브 댓글,슈카월드,14시간 전,16,tT1Km_wKo_M,,46,5b5e7a604af0,분할 매수로 모든 갈고리에 낚였습니다.. 이제 인간 보단 물고기에 가까워진 기분..
DM-004060,raw_youtube.csv,364,crawler_youtube.py,유튜브 댓글(삼프로TV·슈카월드),yt_comment,유튜브 댓글,슈카월드,18시간 전,302,tT1Km_wKo_M,,17,6d94004faac3,개인이 문제라고하는 우리 용범씨
DM-004061,raw_youtube.csv,365,crawler_youtube.py,유튜브 댓글(삼프로TV·슈카월드),yt_comment,유튜브 댓글,슈카월드,18시간 전,35,tT1Km_wKo_M,,30,ffaad384c864,답은 슨피랑 나스닥이다 제1원칙 절대 국장을 하지 마라
DM-004062,raw_youtube.csv,366,crawler_youtube.py,유튜브 댓글(삼프로TV·슈카월드),yt_comment,유튜브 댓글,슈카월드,19시간 전(수정됨),163,tT1Km_wKo_M,분노·불신,27,5a5f587b0cb0,개미털기를 무슨 상하한가로 터니깐 안털릴수가 없다
DM-004063,raw_youtube.csv,367,crawler_youtube.py,유튜브 댓글(삼프로TV·슈카월드),yt_comment,유튜브 댓글,슈카월드,17시간 전,35,tT1Km_wKo_M,FOMO·상대적박탈감,81,40db7cb712e4,솔직히 알만한 사람 중에 국장 들어온 이유가 포모 때문인거지  국장의 정상화라든가 코리아 디스카운트가 해결되었다던가 그런 걸 기대한 건 아니잖아~
DM-004064,raw_youtube.csv,368,crawler_youtube.py,유튜브 댓글(삼프로TV·슈카월드),yt_comment,유튜브 댓글,슈카월드,19시간 전(수정됨),817,tT1Km_wKo_M,,19,5d7a232c6aa7,김용범 구속기원 아들이 금융권 ㅋㅋ
DM-004065,raw_youtube.csv,369,crawler_youtube.py,유튜브 댓글(삼프로TV·슈카월드),yt_comment,유튜브 댓글,슈카월드,16시간 전,18,tT1Km_wKo_M,,29,ed2176008f28,병이 이래서 생기는구나..깨달았다. .험한 여름이였다
DM-004066,raw_youtube.csv,370,crawler_youtube.py,유튜브 댓글(삼프로TV·슈카월드),yt_comment,유튜브 댓글,슈카월드,19시간 전,111,tT1Km_wKo_M,,26,948a5f1f0fea,ISA도 개정한다는데 걍 서민들 다 갈아먹는구나
DM-004067,raw_youtube.csv,371,crawler_youtube.py,유튜브 댓글(삼프로TV·슈카월드),yt_comment,유튜브 댓글,슈카월드,16시간 전,14,tT1Km_wKo_M,,67,3c22763f83a0,형 진짜 7월 너무 힘들었아 ..ㅜㅜ 눈물나 ... ㅜㅜ  진짜 지난 주 2연속 서킷 걸리는 거 보고 토할 뻔 했어...
DM-004068,raw_youtube.csv,372,crawler_youtube.py,유튜브 댓글(삼프로TV·슈카월드),yt_comment,유튜브 댓글,슈카월드,15시간 전,72,tT1Km_wKo_M,,35,0997f84381f8,개잡주는 위로 쏘기라도 하지 저건 임상 실패해서 망한 주식차트임
DM-004069,raw_youtube.csv,373,crawler_youtube.py,유튜브 댓글(삼프로TV·슈카월드),yt_comment,유튜브 댓글,슈카월드,13시간 전,10,tT1Km_wKo_M,,62,31434609d2c3,"​ @donstop_fit  먄날 시체 처럼 누워있는 박스피 보다는, 사후 경직 마냥 발딱 거리는게 차라리 좋음"
DM-004070,raw_youtube.csv,374,crawler_youtube.py,유튜브 댓글(삼프로TV·슈카월드),yt_comment,유튜브 댓글,슈카월드,17시간 전,62,tT1Km_wKo_M,분노·불신,28,44a266089d81,코스피가 작전주 무빙이에요 말이 안되요 최근 흐름이
DM-004071,raw_youtube.csv,375,crawler_youtube.py,유튜브 댓글(삼프로TV·슈카월드),yt_comment,유튜브 댓글,슈카월드,14시간 전,6,tT1Km_wKo_M,,14,e3aafae7467c,이제 국장 드러버서 안함.
DM-004072,raw_youtube.csv,376,crawler_youtube.py,유튜브 댓글(삼프로TV·슈카월드),yt_comment,유튜브 댓글,슈카월드,18시간 전,58,tT1Km_wKo_M,,10,375ef736f6b3,용범이 대단하긴 혀
DM-004073,raw_youtube.csv,377,crawler_youtube.py,유튜브 댓글(삼프로TV·슈카월드),yt_comment,유튜브 댓글,슈카월드,18시간 전,47,tT1Km_wKo_M,,26,522602cc58e7,​ @용가리통뼈-m2u 금마는 그분의 스피커일뿐
DM-004074,raw_youtube.csv,378,crawler_youtube.py,유튜브 댓글(삼프로TV·슈카월드),yt_comment,유튜브 댓글,슈카월드,16시간 전,8,tT1Km_wKo_M,,40,03054bd84606,​ @용가리통뼈-m2u 레버리지 때문이면 지금 개떡상해야지 왜떨어짐 ㅋㅋ
DM-004075,raw_youtube.csv,379,crawler_youtube.py,유튜브 댓글(삼프로TV·슈카월드),yt_comment,유튜브 댓글,슈카월드,18시간 전,132,tT1Km_wKo_M,,12,a99fa73ab485,나라가 박살났다는 증거
DM-004076,raw_youtube.csv,380,crawler_youtube.py,유튜브 댓글(삼프로TV·슈카월드),yt_comment,유튜브 댓글,슈카월드,17시간 전,60,tT1Km_wKo_M,,48,6e157cc64760,@백구형-VoV​​⁠행복주택 입주를 축하드립니다. 입주 전 주소 회신 부탁드립니다. 😊
DM-004077,raw_youtube.csv,381,crawler_youtube.py,유튜브 댓글(삼프로TV·슈카월드),yt_comment,유튜브 댓글,슈카월드,14시간 전,0,tT1Km_wKo_M,후회·손실고통,31,eb8c63b44598,@백구형-VoV 얼마나 잃었을지 감도 안온다 ㅋㅋㅋㅋㅋㅋ
DM-004078,raw_youtube.csv,382,crawler_youtube.py,유튜브 댓글(삼프로TV·슈카월드),yt_comment,유튜브 댓글,슈카월드,4시간 전,1,tT1Km_wKo_M,,14,482013d4211d,코인판은 일상인데 ㅋㅋㅋㅋ
DM-004079,raw_youtube.csv,383,crawler_youtube.py,유튜브 댓글(삼프로TV·슈카월드),yt_comment,유튜브 댓글,슈카월드,1시간 전,0,tT1Km_wKo_M,,31,49a096865ab7,@GoldBar-g2u-h8k그러니까 정상이 아니라는거지
DM-004080,raw_youtube.csv,384,crawler_youtube.py,유튜브 댓글(삼프로TV·슈카월드),yt_comment,유튜브 댓글,슈카월드,15시간 전,0,tT1Km_wKo_M,,32,0034c063d9cc,레오폴드 아셴브레너의 AI 헤지펀드 몰락 사건 때문아닐까?
DM-004081,raw_youtube.csv,385,crawler_youtube.py,유튜브 댓글(삼프로TV·슈카월드),yt_comment,유튜브 댓글,슈카월드,12시간 전,0,tT1Km_wKo_M,,12,2f7a6667322b,ㅋㅋㅋㄱㅋㅋㅋㅋㄱㅋㅋㅋ
DM-004082,raw_youtube.csv,386,crawler_youtube.py,유튜브 댓글(삼프로TV·슈카월드),yt_comment,유튜브 댓글,슈카월드,18시간 전,39,tT1Km_wKo_M,,20,64466c82623d,그만큼 조선이 무근본 국가시라는 거지
DM-004083,raw_youtube.csv,387,crawler_youtube.py,유튜브 댓글(삼프로TV·슈카월드),yt_comment,유튜브 댓글,슈카월드,15시간 전,7,tT1Km_wKo_M,,37,933a33e082f5,이것이 K 주식인것을 몰랐을까.. 우리모두 공범이고 국민 주식이다.
DM-004084,raw_youtube.csv,388,crawler_youtube.py,유튜브 댓글(삼프로TV·슈카월드),yt_comment,유튜브 댓글,슈카월드,18시간 전,6,tT1Km_wKo_M,,12,a9a26e3761eb,수업료 냈다고 생각해라
DM-004085,raw_youtube.csv,389,crawler_youtube.py,유튜브 댓글(삼프로TV·슈카월드),yt_comment,유튜브 댓글,슈카월드,18시간 전,21,tT1Km_wKo_M,,60,a2a8256e0457,프사 꾹 형들이 좋아하는 연예인 후방라이브터진거 있음 어린얘들은 누르지마 얼굴보고 깜짝 놀랬으면 개추는 필수
DM-004086,raw_youtube.csv,390,crawler_youtube.py,유튜브 댓글(삼프로TV·슈카월드),yt_comment,유튜브 댓글,슈카월드,17시간 전,2,tT1Km_wKo_M,,24,5a69ef9f779e,ㅋㅋ 미장 샌디 마이크론 보면 기절하겠네..
DM-004087,raw_youtube.csv,391,crawler_youtube.py,유튜브 댓글(삼프로TV·슈카월드),yt_comment,유튜브 댓글,슈카월드,17시간 전,6,tT1Km_wKo_M,,24,8e20a57c3af0,@까는맛  걔넨 오르긴 더오르고 덜내렸는데?
DM-004088,raw_youtube.csv,392,crawler_youtube.py,유튜브 댓글(삼프로TV·슈카월드),yt_comment,유튜브 댓글,슈카월드,18시간 전,11,tT1Km_wKo_M,분노·불신,146,f678790392b2,"래버리지,인버스는 이제 이유를 붙이면 안됨  이유붙이는건 더 피말리게 하는거임. 그냥 이번장은 주식가격이 전종목 엄청비싸서 조금 내렸다로 바꿔서 바라보면 하락이 정상적이게 됨  그만큼 외국인 큰손이 가격이라는 메리트로 유혹하는거임. 과거하고 다른 반도체발 거품임"
DM-004089,raw_youtube.csv,393,crawler_youtube.py,유튜브 댓글(삼프로TV·슈카월드),yt_comment,유튜브 댓글,슈카월드,17시간 전(수정됨),1,tT1Km_wKo_M,,44,15270489fcbc,​​ @KAS-n6x1i  전종목이 비싸서? ????? 조금 내렸다???????
DM-004090,raw_youtube.csv,394,crawler_youtube.py,유튜브 댓글(삼프로TV·슈카월드),yt_comment,유튜브 댓글,슈카월드,12시간 전,0,tT1Km_wKo_M,,33,ff2d4efc3c99,이게 무슨상관인지 자세하게 설명좀 해줘봐 무턱대고  까지말고
DM-004091,raw_youtube.csv,395,crawler_youtube.py,유튜브 댓글(삼프로TV·슈카월드),yt_comment,유튜브 댓글,슈카월드,9시간 전,3,tT1Km_wKo_M,,107,e9060c602970,"​ @크나우스 아직도 모른다고? 경제대공황수준의 악재여야 벌어질일들이 아무렇지도 않게 ""그냥"" 일어난다니까? 치안으로치면  화재 ㅁ약 ㅅ범죄 납치 이런범죄가 들끓는느낌이라고하면 이해가 되나요?"
DM-004092,raw_youtube.csv,396,crawler_youtube.py,유튜브 댓글(삼프로TV·슈카월드),yt_comment,유튜브 댓글,슈카월드,5시간 전,0,tT1Km_wKo_M,,8,7786e0a9e99c,미국은 안그럼?
DM-004093,raw_youtube.csv,397,crawler_youtube.py,유튜브 댓글(삼프로TV·슈카월드),yt_comment,유튜브 댓글,슈카월드,16시간 전,8,tT1Km_wKo_M,,18,5c95524eb9fd,그게 니라 탓이냐?니그들 탓이지.
DM-004094,raw_youtube.csv,398,crawler_youtube.py,유튜브 댓글(삼프로TV·슈카월드),yt_comment,유튜브 댓글,슈카월드,8시간 전,7,tT1Km_wKo_M,,25,5fe226612d08,​ @kong6942 오를 땐 나라 덕이라던데
DM-004095,raw_youtube.csv,399,crawler_youtube.py,유튜브 댓글(삼프로TV·슈카월드),yt_comment,유튜브 댓글,슈카월드,18시간 전,3,tT1Km_wKo_M,,25,675b83d89d14,이런 개쉬운 장에서 돈을 못 먹고 있다뇨...
DM-004096,raw_youtube.csv,400,crawler_youtube.py,유튜브 댓글(삼프로TV·슈카월드),yt_comment,유튜브 댓글,슈카월드,18시간 전,60,tT1Km_wKo_M,,40,9bcb604c96bd,@서로-사랑하자  ㅋㅋ 이런놈도 꺼드럭대는거 보니까 아직 바닥 한참남았노
DM-004097,raw_youtube.csv,401,crawler_youtube.py,유튜브 댓글(삼프로TV·슈카월드),yt_comment,유튜브 댓글,슈카월드,18시간 전,9,tT1Km_wKo_M,,20,4d3c0c171917,@서로-사랑하자  자산 100억 됨?
DM-004098,raw_youtube.csv,402,crawler_youtube.py,유튜브 댓글(삼프로TV·슈카월드),yt_comment,유튜브 댓글,슈카월드,18시간 전,2,tT1Km_wKo_M,,33,fb90fa94ec4c,​ @서로-사랑하자 숏숏롱숏숏롱롱롱숏장에서 어떻게 먹었나보네
DM-004099,raw_youtube.csv,403,crawler_youtube.py,유튜브 댓글(삼프로TV·슈카월드),yt_comment,유튜브 댓글,슈카월드,18시간 전,2,tT1Km_wKo_M,,43,2b66319514f4,@tjddlfma-n9n  쉴세없이 오르다 조정 좀만 됐는데 아직 한참 남았지
DM-004100,raw_youtube.csv,404,crawler_youtube.py,유튜브 댓글(삼프로TV·슈카월드),yt_comment,유튜브 댓글,슈카월드,17시간 전,1,tT1Km_wKo_M,,30,7271ca8f2451,​ @tjddlfma-n9n 긁힌 사람 34명 개욱기네
DM-004101,raw_youtube.csv,405,crawler_youtube.py,유튜브 댓글(삼프로TV·슈카월드),yt_comment,유튜브 댓글,슈카월드,17시간 전,2,tT1Km_wKo_M,,19,ecdcd5021a66,​@성욱강-o2n성욱이 자산 얼만데
DM-004102,raw_youtube.csv,406,crawler_youtube.py,유튜브 댓글(삼프로TV·슈카월드),yt_comment,유튜브 댓글,슈카월드,7시간 전,1,tT1Km_wKo_M,불안·공포,46,bcd9b026358a,​ @임창규-v6w 그게 좀이냐? 9천에서 5천대 떨어지는게 한달도 안 걸린듯한데?
DM-004103,raw_youtube.csv,407,crawler_youtube.py,유튜브 댓글(삼프로TV·슈카월드),yt_comment,유튜브 댓글,슈카월드,7시간 전,1,tT1Km_wKo_M,후회·손실고통,42,5cbe2b36163b,​ @tjddlfma-n9n 이런놈은 얼마나 위에서 물렸는자 감도 안옴 ㅋㅋ
DM-004104,raw_youtube.csv,408,crawler_youtube.py,유튜브 댓글(삼프로TV·슈카월드),yt_comment,유튜브 댓글,슈카월드,7시간 전,0,tT1Km_wKo_M,,43,70cb3d15ab18,​@얏옹-q1x오를때도 한달이야 ㅋ 그리고 2400부터 오른건 왜 빼냐 추하다
DM-004105,raw_youtube.csv,409,crawler_youtube.py,유튜브 댓글(삼프로TV·슈카월드),yt_comment,유튜브 댓글,슈카월드,17시간 전,0,tT1Km_wKo_M,,68,3fc8069b7a75,​ @UCJwqdp_y1tIDueidvDR4UKQ  네 저번주에도 131에 사서 170에 전량 매도함ㅋㅋㅋ 개꿀딱임ㅋㅋㅋㅋ
DM-004106,raw_youtube.csv,410,crawler_youtube.py,유튜브 댓글(삼프로TV·슈카월드),yt_comment,유튜브 댓글,슈카월드,17시간 전,1,tT1Km_wKo_M,,20,867152e37c13,​ @서로-사랑하자 미래를 보시나요?
DM-004107,raw_youtube.csv,411,crawler_youtube.py,유튜브 댓글(삼프로TV·슈카월드),yt_comment,유튜브 댓글,슈카월드,17시간 전(수정됨),0,tT1Km_wKo_M,불안·공포,120,2dadad1b1aff,​​ @dndhdu12  채널링으로 떨어지는 중인데 채널 상단에 닿으면 팔고 하단에 닿거나 가까울 때 사면 돈복사 오지게 되는데 멍청하게 가만히 냅두는 애들 보면 겁나 답답함. 참고로 오늘 미장은 개떡락 빅숏임ㅅㄱㅇ
DM-004108,raw_youtube.csv,412,crawler_youtube.py,유튜브 댓글(삼프로TV·슈카월드),yt_comment,유튜브 댓글,슈카월드,17시간 전,2,tT1Km_wKo_M,,21,ca7b455ca94a,​ @서로-사랑하자 네 그래요..화이팅
DM-004109,raw_youtube.csv,413,crawler_youtube.py,유튜브 댓글(삼프로TV·슈카월드),yt_comment,유튜브 댓글,슈카월드,16시간 전,0,tT1Km_wKo_M,,80,716b242e53bc,​ @dndhdu12 뒤늦게 들어온사람이 잘못인거임 트럼프 당선당시 테슬라400불일때 삼전닉스 샀으면 m7주식 산것보다 10배이상 돈 다 벌었음
DM-004110,raw_youtube.csv,414,crawler_youtube.py,유튜브 댓글(삼프로TV·슈카월드),yt_comment,유튜브 댓글,슈카월드,7시간 전,1,tT1Km_wKo_M,,63,2bcfa350aedb,​ @서로-사랑하자 미장 개떡상했는데ㅋㅋㅋㅋㅋ 한시간뒤도 못맞추면서 무슨ㅋㅋ 하이닉스한주 살돈은있나ㅋㅋ  개웃기네
DM-004111,raw_youtube.csv,415,crawler_youtube.py,유튜브 댓글(삼프로TV·슈카월드),yt_comment,유튜브 댓글,슈카월드,7시간 전,0,tT1Km_wKo_M,,28,e526c6d82aad,​@아따마a 괜찮음ㅋㅋㅋ 그동안 많이 먹어놔서요ㅎㅎ
DM-004112,raw_youtube.csv,416,crawler_youtube.py,유튜브 댓글(삼프로TV·슈카월드),yt_comment,유튜브 댓글,슈카월드,7시간 전,0,tT1Km_wKo_M,,14,c1ed80e3b106,​@병든나무어떤 미친넘이?
DM-004113,raw_youtube.csv,417,crawler_youtube.py,유튜브 댓글(삼프로TV·슈카월드),yt_comment,유튜브 댓글,슈카월드,6시간 전,2,tT1Km_wKo_M,,15,8d8af3c31687,​ @kong6942 ㅈㅁㅇ
DM-004114,raw_youtube.csv,418,crawler_youtube.py,유튜브 댓글(삼프로TV·슈카월드),yt_comment,유튜브 댓글,슈카월드,17시간 전,2,tT1Km_wKo_M,후회·손실고통,57,10f56c49c217,"@오주환-t6u 마이크론은 비슷하고, 샌디스크는 뒤지게 올랐지만 고점대비 50%빠졌어요. 뒤지게 빠졌죠"
DM-004115,raw_youtube.csv,419,crawler_youtube.py,유튜브 댓글(삼프로TV·슈카월드),yt_comment,유튜브 댓글,슈카월드,16시간 전,0,tT1Km_wKo_M,,59,6a4e6794ade6,​ @오주환-t6u 미장도 전체적으로 다운분위기임 테슬라도 400불 안되고 엔비도 230불 회복도 못하자늠
DM-004116,raw_youtube.csv,420,crawler_youtube.py,유튜브 댓글(삼프로TV·슈카월드),yt_comment,유튜브 댓글,슈카월드,17시간 전,6,tT1Km_wKo_M,,19,ccc596810d37,@Topopoala44503 드럼?
DM-004117,raw_youtube.csv,421,crawler_youtube.py,유튜브 댓글(삼프로TV·슈카월드),yt_comment,유튜브 댓글,슈카월드,16시간 전,8,tT1Km_wKo_M,,10,6f667a2a3560,​ @밥도둑둘리 🛢
DM-004118,raw_youtube.csv,422,crawler_youtube.py,유튜브 댓글(삼프로TV·슈카월드),yt_comment,유튜브 댓글,슈카월드,14시간 전,0,tT1Km_wKo_M,,23,61878c2fdff5,​@Topopoala44503어둠이냐 ㄷㄷ
DM-004119,raw_youtube.csv,423,crawler_youtube.py,유튜브 댓글(삼프로TV·슈카월드),yt_comment,유튜브 댓글,슈카월드,15시간 전,2,tT1Km_wKo_M,,19,4d896990dde0,​예??  님계좌 박살이 아니고요?
DM-004120,raw_youtube.csv,424,crawler_youtube.py,유튜브 댓글(삼프로TV·슈카월드),yt_comment,유튜브 댓글,슈카월드,14시간 전,1,tT1Km_wKo_M,,33,e9a29edb6eb0,@백구형-VoV  경상수지나 경제성장률은 아무 문제 없는디?
DM-004121,raw_youtube.csv,425,crawler_youtube.py,유튜브 댓글(삼프로TV·슈카월드),yt_comment,유튜브 댓글,슈카월드,11시간 전,9,tT1Km_wKo_M,,52,6293d6a8ab35,​ @taylorjeong6202  주가지수가 어쩌고하다가 그것마저 망하니 경상수지 타령 ㅋㅋ
DM-004122,raw_youtube.csv,426,crawler_youtube.py,유튜브 댓글(삼프로TV·슈카월드),yt_comment,유튜브 댓글,슈카월드,5시간 전,1,tT1Km_wKo_M,,28,f6a290ac568b,@oioi-152ㅋㅋㅋㅋㅋㅋㅋㅋㅋㅋㅋㅋㅋㅋㅋㅋㅋㅋㅋ
DM-004123,raw_youtube.csv,427,crawler_youtube.py,유튜브 댓글(삼프로TV·슈카월드),yt_comment,유튜브 댓글,슈카월드,17시간 전,18,tT1Km_wKo_M,,42,5452ac81ccfb,​@백구형-VoV나라가 박살난건 코스피 2400일때지 6400일때겠냐 😂😂😂
DM-004124,raw_youtube.csv,428,crawler_youtube.py,유튜브 댓글(삼프로TV·슈카월드),yt_comment,유튜브 댓글,슈카월드,16시간 전,34,tT1Km_wKo_M,,44,96e64742b87e,@jackskim7452  코스피가 2400일때는 -33%씩 안빠졌는뎁쇼....
DM-004125,raw_youtube.csv,429,crawler_youtube.py,유튜브 댓글(삼프로TV·슈카월드),yt_comment,유튜브 댓글,슈카월드,16시간 전,18,tT1Km_wKo_M,,68,df0e28cc55cf,@jackskim7452  베네수엘라랑 터키도 지수 올랐는데 그게 나라가 좋아서 올라간거냐 화폐가치가 날라가서 올라간거지.
DM-004126,raw_youtube.csv,430,crawler_youtube.py,유튜브 댓글(삼프로TV·슈카월드),yt_comment,유튜브 댓글,슈카월드,16시간 전,3,tT1Km_wKo_M,,31,cd4dbfeb18e2,​ @jackskim7452  박스피라는 단어를 모르나?
DM-004127,raw_youtube.csv,431,crawler_youtube.py,유튜브 댓글(삼프로TV·슈카월드),yt_comment,유튜브 댓글,슈카월드,16시간 전,13,tT1Km_wKo_M,,52,e37324756e5f,@jackskim7452 진지하게 6400 개잡주 무빙해서 돈 번게 전부 한국인이라고 생각함?
DM-004128,raw_youtube.csv,432,crawler_youtube.py,유튜브 댓글(삼프로TV·슈카월드),yt_comment,유튜브 댓글,슈카월드,15시간 전,9,tT1Km_wKo_M,,50,07c6ad970b94,​ @jackskim7452  중국인 댓글부대들은 왜 전부 미국이름 써요? 진짜 궁금해요😂
DM-004129,raw_youtube.csv,433,crawler_youtube.py,유튜브 댓글(삼프로TV·슈카월드),yt_comment,유튜브 댓글,슈카월드,15시간 전,4,tT1Km_wKo_M,,93,29a7a2c5c497,@jackskim7452  증권가에서 일하면 어느정도 파악 가능한데 우리나라 사람들 전체 이득 본 사람 50%도 안된다 ㅋㅋ 병슨아... 외인이 다 쳐먹고 간거야 ㅋㅋ
DM-004130,raw_youtube.csv,434,crawler_youtube.py,유튜브 댓글(삼프로TV·슈카월드),yt_comment,유튜브 댓글,슈카월드,16시간 전,3,tT1Km_wKo_M,,28,2c9a4f8dc22d,​ @pipipapa-i9r 인버스 레버리지 모름?
DM-004131,raw_youtube.csv,435,crawler_youtube.py,유튜브 댓글(삼프로TV·슈카월드),yt_comment,유튜브 댓글,슈카월드,14시간 전,7,tT1Km_wKo_M,,24,e5538cbf89b0,@pipipapa-i9r  지능 90????
DM-004132,raw_youtube.csv,436,crawler_youtube.py,유튜브 댓글(삼프로TV·슈카월드),yt_comment,유튜브 댓글,슈카월드,2시간 전,0,tT1Km_wKo_M,,24,b4d4013b7eb7,@pipipapa-i9r 이게 그짝 평균지능
DM-004133,raw_youtube.csv,437,crawler_youtube.py,유튜브 댓글(삼프로TV·슈카월드),yt_comment,유튜브 댓글,슈카월드,11시간 전,9,tT1Km_wKo_M,,23,e21cd7caf6f4,​ @123-x7n7i  도박판이 옳다고?
DM-004134,raw_youtube.csv,438,crawler_youtube.py,유튜브 댓글(삼프로TV·슈카월드),yt_comment,유튜브 댓글,슈카월드,8시간 전,6,tT1Km_wKo_M,,33,f9de1034fdb5,​@oioi-152 니들이 만든 도박판인데 ㅋㅋ 뭔 남탓함?
DM-004135,raw_youtube.csv,439,crawler_youtube.py,유튜브 댓글(삼프로TV·슈카월드),yt_comment,유튜브 댓글,슈카월드,1시간 전,0,tT1Km_wKo_M,,22,edcb9aefe3ff,​ @123-x7n7i 국평5 수준 ㅋㅋ
DM-004136,raw_youtube.csv,440,crawler_youtube.py,유튜브 댓글(삼프로TV·슈카월드),yt_comment,유튜브 댓글,슈카월드,16시간 전,67,tT1Km_wKo_M,,29,18f191342dcf,ㅋㅋㅋㅋㅋㅋㅋㅋㅋㅋ 덧글보고 겨우 눈치챔 ㅋㅋㅋㅋㅋㅋ
DM-004137,raw_youtube.csv,441,crawler_youtube.py,유튜브 댓글(삼프로TV·슈카월드),yt_comment,유튜브 댓글,슈카월드,16시간 전,19,tT1Km_wKo_M,,23,d8e4174eead8,이걸 눈치 못 챗네 ㅋㅋㅋㅋㅋ 아 ㅋㅋㅋ=
DM-004138,raw_youtube.csv,442,crawler_youtube.py,유튜브 댓글(삼프로TV·슈카월드),yt_comment,유튜브 댓글,슈카월드,16시간 전,56,tT1Km_wKo_M,,11,eb188a4a14f2,지금 모자가 중요해?
DM-004139,raw_youtube.csv,443,crawler_youtube.py,유튜브 댓글(삼프로TV·슈카월드),yt_comment,유튜브 댓글,슈카월드,15시간 전,41,tT1Km_wKo_M,,38,d97e3e955306,소주 세병 정도 먹고 영상보면 모자부터 보입니다. 현실을 잊었거든요.
DM-004140,raw_youtube.csv,444,crawler_youtube.py,유튜브 댓글(삼프로TV·슈카월드),yt_comment,유튜브 댓글,슈카월드,16시간 전,9,tT1Km_wKo_M,,11,c0f841f62a73,ㅋㅋㅋㅋㅋㅋㅋㅋㅋㅋㅋ
DM-004141,raw_youtube.csv,445,crawler_youtube.py,유튜브 댓글(삼프로TV·슈카월드),yt_comment,유튜브 댓글,슈카월드,14시간 전,9,tT1Km_wKo_M,,26,fb52fb69a9fd,ㅋㅋㅋㅋㅋㅋㅋㅋㅋㅋㅋ 다봣는데 이거 보고 알앗네
DM-004142,raw_youtube.csv,446,crawler_youtube.py,유튜브 댓글(삼프로TV·슈카월드),yt_comment,유튜브 댓글,슈카월드,8시간 전,8,tT1Km_wKo_M,,9,6b93306f360e,보라색맛 났어!!
DM-004143,raw_youtube.csv,447,crawler_youtube.py,유튜브 댓글(삼프로TV·슈카월드),yt_comment,유튜브 댓글,슈카월드,2시간 전,7,tT1Km_wKo_M,,31,275740285939,충격적이고 무거운 얘기일수록 요란한 모자로 밸런스를 맞춤
DM-004144,raw_youtube.csv,448,crawler_youtube.py,유튜브 댓글(삼프로TV·슈카월드),yt_comment,유튜브 댓글,슈카월드,8시간 전,6,tT1Km_wKo_M,,20,d082b08e330a,그르네요ㅋㅋ 무슨 포켓몬 야도킹 같네
DM-004145,raw_youtube.csv,449,crawler_youtube.py,유튜브 댓글(삼프로TV·슈카월드),yt_comment,유튜브 댓글,슈카월드,53분 전,0,tT1Km_wKo_M,,30,62993f16ec17,@u @user-uj8fu4oz5v 룰루 모자 아입니까
DM-004146,raw_youtube.csv,450,crawler_youtube.py,유튜브 댓글(삼프로TV·슈카월드),yt_comment,유튜브 댓글,슈카월드,15시간 전,1,tT1Km_wKo_M,,9,db8c100b54ba,ㅋㅋㅋㅋㅋㅋ ㄹㅇ
DM-004147,raw_youtube.csv,451,crawler_youtube.py,유튜브 댓글(삼프로TV·슈카월드),yt_comment,유튜브 댓글,슈카월드,7시간 전,1,tT1Km_wKo_M,,2,78b516d2ea96,ㅁㅊ
DM-004148,raw_youtube.csv,452,crawler_youtube.py,유튜브 댓글(삼프로TV·슈카월드),yt_comment,유튜브 댓글,슈카월드,5시간 전,0,tT1Km_wKo_M,불안·공포,71,833e2fb38e29,나스닥 슨피 두배짜리만 해서 국장 차트를 올해 처음봄. 근데 보기만해도 막 심장이 두근거림. 국장 미쳤다 진짴ㅋㅋㅋㅋㅋㅋㅋㅋㅋㅋ
DM-004149,raw_youtube.csv,453,crawler_youtube.py,유튜브 댓글(삼프로TV·슈카월드),yt_comment,유튜브 댓글,슈카월드,19시간 전,98,tT1Km_wKo_M,,37,d868cce69ac9,요즘 코인이 더 무빙 없음 ㅋㅋㅋㅋ 비트 하루에 많아야 2~3%무빙
DM-004150,raw_youtube.csv,454,crawler_youtube.py,유튜브 댓글(삼프로TV·슈카월드),yt_comment,유튜브 댓글,슈카월드,19시간 전,24,tT1Km_wKo_M,,21,6fe2dce97a13,내가 볼땐 비트코인/이더리움보다 더함…
DM-004151,raw_youtube.csv,455,crawler_youtube.py,유튜브 댓글(삼프로TV·슈카월드),yt_comment,유튜브 댓글,슈카월드,19시간 전,21,tT1Km_wKo_M,,8,2f43d406c748,코스피 = 도박
DM-004152,raw_youtube.csv,456,crawler_youtube.py,유튜브 댓글(삼프로TV·슈카월드),yt_comment,유튜브 댓글,슈카월드,19시간 전,11,tT1Km_wKo_M,,21,314abd392cae,비트도 아니고 알트급 무빙이라는거임ㅋㅋ
DM-004153,raw_youtube.csv,457,crawler_youtube.py,유튜브 댓글(삼프로TV·슈카월드),yt_comment,유튜브 댓글,슈카월드,18시간 전,5,tT1Km_wKo_M,,28,3e5ceedc5230,요즘 코인은 돈 많이 빠져나가서 별로 안움직임...
DM-004154,raw_youtube.csv,458,crawler_youtube.py,유튜브 댓글(삼프로TV·슈카월드),yt_comment,유튜브 댓글,슈카월드,19시간 전,4,tT1Km_wKo_M,,5,0cbb125019d8,주식=도박
DM-004155,raw_youtube.csv,459,crawler_youtube.py,유튜브 댓글(삼프로TV·슈카월드),yt_comment,유튜브 댓글,슈카월드,19시간 전,4,tT1Km_wKo_M,후회·손실고통,17,8862c4bfb103,실제로 코인 거래대금 반토막ㅋㅋ
DM-004156,raw_youtube.csv,460,crawler_youtube.py,유튜브 댓글(삼프로TV·슈카월드),yt_comment,유튜브 댓글,슈카월드,18시간 전,4,tT1Km_wKo_M,,28,a7da4471994c,비트코인저정도 아닙니다. 변동성이 코스피못따라갑니다
DM-004157,raw_youtube.csv,461,crawler_youtube.py,유튜브 댓글(삼프로TV·슈카월드),yt_comment,유튜브 댓글,슈카월드,18시간 전,3,tT1Km_wKo_M,,27,d24db1458d1e,실제로 코스피 전체가 비트코인보다 변동성 큼 요즘
DM-004158,raw_youtube.csv,462,crawler_youtube.py,유튜브 댓글(삼프로TV·슈카월드),yt_comment,유튜브 댓글,슈카월드,17시간 전,3,tT1Km_wKo_M,후회·손실고통,10,2eea4c68fcf3,국장 탈출은 지능순
DM-004159,raw_youtube.csv,463,crawler_youtube.py,유튜브 댓글(삼프로TV·슈카월드),yt_comment,유튜브 댓글,슈카월드,18시간 전,1,tT1Km_wKo_M,,3,56a0329b2474,ㅋㅋㅋ
DM-004160,raw_youtube.csv,464,crawler_youtube.py,유튜브 댓글(삼프로TV·슈카월드),yt_comment,유튜브 댓글,슈카월드,18시간 전,1,tT1Km_wKo_M,,9,6f9cb657236e,고도?? 발달??
DM-004161,raw_youtube.csv,465,crawler_youtube.py,유튜브 댓글(삼프로TV·슈카월드),yt_comment,유튜브 댓글,슈카월드,18시간 전,1,tT1Km_wKo_M,,74,1e4f99347494,코인 1년전 1010 청산빔 이전에 김프가 기본 4~5는 기본일 정도로 국장급이었음 요즘엔 역프인거보니 그놈들 싸그리 국장으로 들어감
DM-004162,raw_youtube.csv,466,crawler_youtube.py,유튜브 댓글(삼프로TV·슈카월드),yt_comment,유튜브 댓글,슈카월드,17시간 전,1,tT1Km_wKo_M,,87,e4659563e00a,유튜버들은 우리돈 벌어주지 않는다 저거들 일기장에 쓸꺼 자꾸  잡음만 만들어 심법에 방해만 될뿐ㅋㅋㅋ 주식은 세월을 깔아야 누가 편하게 쉽게 벌게 해주냐ㅋㅋ
DM-004163,raw_youtube.csv,467,crawler_youtube.py,유튜브 댓글(삼프로TV·슈카월드),yt_comment,유튜브 댓글,슈카월드,14시간 전,1,tT1Km_wKo_M,,41,411840f1ce2a,진지하게 누가 총 겨누고 전재산 하닉 or 비트코인 사라하면 차라리 비트삼
DM-004164,raw_youtube.csv,468,crawler_youtube.py,유튜브 댓글(삼프로TV·슈카월드),yt_comment,유튜브 댓글,슈카월드,19시간 전,62,tT1Km_wKo_M,,30,68c6e9bb5506,솔직히 말해. 돈 잃으니깐 레버리지 탓하는거잖아?  네
DM-004165,raw_youtube.csv,469,crawler_youtube.py,유튜브 댓글(삼프로TV·슈카월드),yt_comment,유튜브 댓글,슈카월드,19시간 전,17,tT1Km_wKo_M,,30,dc59082f8399,​ @Dohan06 코스닥투자자는 피해자이니 욕해도 됨
DM-004166,raw_youtube.csv,470,crawler_youtube.py,유튜브 댓글(삼프로TV·슈카월드),yt_comment,유튜브 댓글,슈카월드,18시간 전,0,tT1Km_wKo_M,,23,7cf1776bcc37,광기의 증거네 하이먼 민스키 모델 따라갈듯
DM-004167,raw_youtube.csv,471,crawler_youtube.py,유튜브 댓글(삼프로TV·슈카월드),yt_comment,유튜브 댓글,슈카월드,17시간 전,0,tT1Km_wKo_M,,6,ed509c5ef1ca,코인하라니까
DM-004168,raw_youtube.csv,472,crawler_youtube.py,유튜브 댓글(삼프로TV·슈카월드),yt_comment,유튜브 댓글,슈카월드,16시간 전,0,tT1Km_wKo_M,,12,3aa81879cd75,발달 맞아 이거? ㅋㅋ
DM-004169,raw_youtube.csv,473,crawler_youtube.py,유튜브 댓글(삼프로TV·슈카월드),yt_comment,유튜브 댓글,슈카월드,10시간 전,0,tT1Km_wKo_M,,12,433a0f4ff967,ㅋㅋㅋㅋㅋㅋㅋㅋㅋㅋㅋ😂
DM-004170,raw_youtube.csv,474,crawler_youtube.py,유튜브 댓글(삼프로TV·슈카월드),yt_comment,유튜브 댓글,슈카월드,8시간 전,0,tT1Km_wKo_M,,98,0316b86ce928,애초에 비트코인 거래대금 최상위국가가 한국임 ㅋㅋㅋ 한국인 투자 성향 = 도박 참고로 테슬라 변동성이 가장 클 때도 한국인이 해외 국가 중 1위였고 레버리지 단타도 가장 많았음
DM-004171,raw_youtube.csv,475,crawler_youtube.py,유튜브 댓글(삼프로TV·슈카월드),yt_comment,유튜브 댓글,슈카월드,6시간 전,0,tT1Km_wKo_M,,19,8ba35ef0de0a,전성기로 따져도 코인보다 더함 ㅋㅋ
DM-004172,raw_youtube.csv,476,crawler_youtube.py,유튜브 댓글(삼프로TV·슈카월드),yt_comment,유튜브 댓글,슈카월드,1시간 전,0,tT1Km_wKo_M,,19,1bd226848835,ㅋㅋㅋㅋㅋㅋㅋ 이럴때 쓰는말이였냐고
DM-004173,raw_youtube.csv,477,crawler_youtube.py,유튜브 댓글(삼프로TV·슈카월드),yt_comment,유튜브 댓글,슈카월드,19시간 전,14,tT1Km_wKo_M,,31,a40c5e84347f,국장이 도박이 아니라 한국인이 투자하는 주식이 도박(…)
DM-004174,raw_youtube.csv,478,crawler_youtube.py,유튜브 댓글(삼프로TV·슈카월드),yt_comment,유튜브 댓글,슈카월드,18시간 전,22,tT1Km_wKo_M,,12,b0b35725bae1,국장은 장소가 아니다.
DM-004175,raw_youtube.csv,479,crawler_youtube.py,유튜브 댓글(삼프로TV·슈카월드),yt_comment,유튜브 댓글,슈카월드,18시간 전,8,tT1Km_wKo_M,,33,0e1ac5492e02,"@shuri125  한국인이 거래하는 곳, 그곳이 국장이다."
DM-004176,raw_youtube.csv,480,crawler_youtube.py,유튜브 댓글(삼프로TV·슈카월드),yt_comment,유튜브 댓글,슈카월드,18시간 전,0,tT1Km_wKo_M,,28,cd2efe3c08dd,모든 투자는 본인 지능탓 돌맹이 들고 힘껏 내리쳐라
DM-004177,raw_youtube.csv,481,crawler_youtube.py,유튜브 댓글(삼프로TV·슈카월드),yt_comment,유튜브 댓글,슈카월드,16시간 전,0,tT1Km_wKo_M,,47,5128232c5625,​ @vtr-l2d  잡주와 구분할수 없는데 우량주라 할수 있나요? 레이디두 아또물림
DM-004178,raw_youtube.csv,482,crawler_youtube.py,유튜브 댓글(삼프로TV·슈카월드),yt_comment,유튜브 댓글,슈카월드,16시간 전(수정됨),0,tT1Km_wKo_M,,24,1f46f5abff02,​​ @vtr-l2d 고로 테슬라는 국장이다
DM-004179,raw_youtube.csv,483,crawler_youtube.py,유튜브 댓글(삼프로TV·슈카월드),yt_comment,유튜브 댓글,슈카월드,18시간 전,10,tT1Km_wKo_M,,34,6fccee38c6ea,​ @전생유방 코스닥은ㅋㅋ 찢햄에게 정상화 당하셨잖아 한잔해~
DM-004180,raw_youtube.csv,484,crawler_youtube.py,유튜브 댓글(삼프로TV·슈카월드),yt_comment,유튜브 댓글,슈카월드,18시간 전,0,tT1Km_wKo_M,,27,09a38768ef5f,​ @전생유방 그딴걸 투자할거면 본인 지능을...
DM-004181,raw_youtube.csv,485,crawler_youtube.py,유튜브 댓글(삼프로TV·슈카월드),yt_comment,유튜브 댓글,슈카월드,17시간 전,2,tT1Km_wKo_M,,21,5da8bda379f1,@전생유방 거긴 원래 테마주 놀이터잖어
DM-004182,raw_youtube.csv,486,crawler_youtube.py,유튜브 댓글(삼프로TV·슈카월드),yt_comment,유튜브 댓글,슈카월드,9시간 전,55,tT1Km_wKo_M,,7,9dcb982c726f,언론통제아님?
DM-004183,raw_youtube.csv,487,crawler_youtube.py,유튜브 댓글(삼프로TV·슈카월드),yt_comment,유튜브 댓글,슈카월드,7시간 전,1,tT1Km_wKo_M,,13,852a85fb1e95,넌 이미 죽어있다 ㅋㅋㅋ
DM-004184,raw_youtube.csv,488,crawler_youtube.py,유튜브 댓글(삼프로TV·슈카월드),yt_comment,유튜브 댓글,슈카월드,3시간 전,1,tT1Km_wKo_M,,67,0ffddcb47b9a,코인하락때 자살사건 보도하니까 다들 따라서 죽어버림 가족동반살자부터... 애 죽이고 지도죽을려다 살아버리는 사건도 있었음
DM-004185,raw_youtube.csv,489,crawler_youtube.py,유튜브 댓글(삼프로TV·슈카월드),yt_comment,유튜브 댓글,슈카월드,14시간 전,30,tT1Km_wKo_M,,38,07be458f0367,팩트 : 이번에 논란인 자살예방보도준칙은 2024년 11월에 제정됐다
DM-004186,raw_youtube.csv,490,crawler_youtube.py,유튜브 댓글(삼프로TV·슈카월드),yt_comment,유튜브 댓글,슈카월드,6시간 전,14,tT1Km_wKo_M,,36,a1784a1fe54d,​ @DotRoll-bu7pz 근데 여태 뭐하다가 허겁지겁 함??
DM-004187,raw_youtube.csv,491,crawler_youtube.py,유튜브 댓글(삼프로TV·슈카월드),yt_comment,유튜브 댓글,슈카월드,5시간 전,14,tT1Km_wKo_M,,45,53b1927636f9,@DotRoll-bu7pz  팩트는 ㅈㄹ 그걸 이시기에 한다는게 중요한건데 ㅋㅋㅋ
DM-004188,raw_youtube.csv,492,crawler_youtube.py,유튜브 댓글(삼프로TV·슈카월드),yt_comment,유튜브 댓글,슈카월드,14시간 전,16,tT1Km_wKo_M,,28,ecd9667ad901,베르테르 효과 때문에 오히려 자살율이 늘어날거에요.
DM-004189,raw_youtube.csv,493,crawler_youtube.py,유튜브 댓글(삼프로TV·슈카월드),yt_comment,유튜브 댓글,슈카월드,8시간 전,0,tT1Km_wKo_M,,32,51f3f0f494e9,​ @Uminam-j7m  구더기 무서워서 장 못담그는 격
DM-004190,raw_youtube.csv,494,crawler_youtube.py,유튜브 댓글(삼프로TV·슈카월드),yt_comment,유튜브 댓글,슈카월드,13시간 전,14,tT1Km_wKo_M,,72,dd293dd0fb24,@Uminam-j7m  근데 그건 유명인이 자살하거나 자살을 다른 작품이 센세이션을 일으켰을 때라 이번 사항과는 결이 좀 다르지.
DM-004191,raw_youtube.csv,495,crawler_youtube.py,유튜브 댓글(삼프로TV·슈카월드),yt_comment,유튜브 댓글,슈카월드,14시간 전,15,tT1Km_wKo_M,,122,ffc6f978f852,"그 보도로 수많은 사람이 목숨을 잃는다. 다들 속앓이는 안 털어놓지만 요즘 주식 안하는 사람이 어디 있나. 네 가장 소중한 가족, 친구들일 수 있다. 그 목숨의 무게를 생각한다면 어찌 병크라며 가벼이 치부할 수 있겠는가"
DM-004192,raw_youtube.csv,496,crawler_youtube.py,유튜브 댓글(삼프로TV·슈카월드),yt_comment,유튜브 댓글,슈카월드,4시간 전,0,tT1Km_wKo_M,,46,9a2c2e364bdb,"그건 세계 언론에서 합의로 막음 자살,우울증 같은 원인보도를 막음 도미노현상 때문에"
DM-004193,raw_youtube.csv,497,crawler_youtube.py,유튜브 댓글(삼프로TV·슈카월드),yt_comment,유튜브 댓글,슈카월드,8시간 전,1,tT1Km_wKo_M,,30,06d55d6cfda9,만들다니? 누가 국장에 투자하라고 국가에서 칼협 했냐?
DM-004194,raw_youtube.csv,498,crawler_youtube.py,유튜브 댓글(삼프로TV·슈카월드),yt_comment,유튜브 댓글,슈카월드,13시간 전,25,tT1Km_wKo_M,,182,997b5162acbb,@TaeTae_xoxo  오히려 주변에 자살을 고민하는 사람이 많구나 라고 심각성을 깨달아야지 그냥 숨기려고 급급하는건 해결책이 아니다. 원인을 어떻게 해결할까 생각해야지 소위 일본에서 '냄새가 나는 것은 덮어두고 열지 말아야 한다'는 식으로 쉬쉬하는 식으로 가는거랑 똑같은거야. 결국 오늘도 내일도 똑같은 상황이 벌어지겠지.
DM-004195,raw_youtube.csv,499,crawler_youtube.py,유튜브 댓글(삼프로TV·슈카월드),yt_comment,유튜브 댓글,슈카월드,12시간 전(수정됨),11,tT1Km_wKo_M,,121,4740fba73b85,"​​ @TaeTae_xoxo  상대가 말을 하면 그 맥락을 읽고 이해해야지..엉뚱한 의도하지도 않았던걸로 꼬투리잡고,  도덕적 우월감 느끼고..역겨움 정말;; 일상에서도 그런성격 드러내면 딱 왕따당하기 좋은 스타일.."
DM-004196,raw_youtube.csv,500,crawler_youtube.py,유튜브 댓글(삼프로TV·슈카월드),yt_comment,유튜브 댓글,슈카월드,10시간 전,4,tT1Km_wKo_M,,71,3a23ea6ba109,@watermellon3  맥락을 읽고 이해는 한 거 같은데? 그럼에도 불구하고 그렇게밖에 할 수 없었던 이유를 대변하는거잖아.
DM-004197,raw_youtube.csv,501,crawler_youtube.py,유튜브 댓글(삼프로TV·슈카월드),yt_comment,유튜브 댓글,슈카월드,8시간 전,3,tT1Km_wKo_M,,42,0117182f4c3a,@watermellon3  댓글에 내용은 없고 혐오와 증오밖에 담겨있지 않네
DM-004198,raw_youtube.csv,502,crawler_youtube.py,유튜브 댓글(삼프로TV·슈카월드),yt_comment,유튜브 댓글,슈카월드,42분 전,0,tT1Km_wKo_M,,34,98bdb46fe8e3,​ @watermellon3  생각이 다른거지 맥락은 정확함.
DM-004199,raw_youtube.csv,503,crawler_youtube.py,유튜브 댓글(삼프로TV·슈카월드),yt_comment,유튜브 댓글,슈카월드,8시간 전,0,tT1Km_wKo_M,,28,796982d0e1ba,​ @TaeTae_xoxo 주식하라고 누가 칼협함?
DM-004200,raw_youtube.csv,504,crawler_youtube.py,유튜브 댓글(삼프로TV·슈카월드),yt_comment,유튜브 댓글,슈카월드,13시간 전,7,tT1Km_wKo_M,,17,b28c756e6bc0,군중효과가 안좋게도 일어나 잖아
DM-004201,raw_youtube.csv,505,crawler_youtube.py,유튜브 댓글(삼프로TV·슈카월드),yt_comment,유튜브 댓글,슈카월드,6시간 전,1,tT1Km_wKo_M,,39,c284b39eb2f3,​ @yjj2826  이번 보도 규제도 유명인 관련인걸로 알고 있는데?
DM-004202,raw_youtube.csv,506,crawler_youtube.py,유튜브 댓글(삼프로TV·슈카월드),yt_comment,유튜브 댓글,슈카월드,6시간 전,0,tT1Km_wKo_M,,26,5d417324cb99,​ @stk7251  몰라  일단 째맹이는 아님
DM-004203,raw_youtube.csv,507,crawler_youtube.py,유튜브 댓글(삼프로TV·슈카월드),yt_comment,유튜브 댓글,슈카월드,4시간 전(수정됨),1,tT1Km_wKo_M,,114,ebf2a3fe3e06,​​ @stk7251  팩트 : 4.0이 2024년에 새로 제정된거고 당연히 지금까지 3.0이 시행되고 있었다.   여태까지 뭐하다가 지금하냐 운운하는건 자긴 뭔지도 모르고 검색도 안해봤다고 자랑하는건가?
DM-004204,raw_youtube.csv,508,crawler_youtube.py,유튜브 댓글(삼프로TV·슈카월드),yt_comment,유튜브 댓글,슈카월드,18시간 전,49,tT1Km_wKo_M,분노·불신,15,cfa23be916f8,ㄴㄴ 개미들의 눈물이 증거임
DM-004205,raw_youtube.csv,509,crawler_youtube.py,유튜브 댓글(삼프로TV·슈카월드),yt_comment,유튜브 댓글,슈카월드,19시간 전,22,tT1Km_wKo_M,,5,d58fb90b4256,미워 ㅠㅠ
DM-004206,raw_youtube.csv,510,crawler_youtube.py,유튜브 댓글(삼프로TV·슈카월드),yt_comment,유튜브 댓글,슈카월드,17시간 전,12,tT1Km_wKo_M,,13,84c7b514c0e8,퍈사님 이렇게 된겁니다.
DM-004207,raw_youtube.csv,511,crawler_youtube.py,유튜브 댓글(삼프로TV·슈카월드),yt_comment,유튜브 댓글,슈카월드,14시간 전,4,tT1Km_wKo_M,충동·중독시그널,19,8c9a9d1252e8,근데 밑꼬리 달리면 못참긴해 ㅋㅋㅋ
DM-004208,raw_youtube.csv,512,crawler_youtube.py,유튜브 댓글(삼프로TV·슈카월드),yt_comment,유튜브 댓글,슈카월드,18시간 전,1,tT1Km_wKo_M,,3,2d86c2a659e3,???
DM-004209,raw_youtube.csv,513,crawler_youtube.py,유튜브 댓글(삼프로TV·슈카월드),yt_comment,유튜브 댓글,슈카월드,6시간 전,1,tT1Km_wKo_M,,30,5ffb4529a69e,솔직히 언젠가 떨어질줄 알앗는데 너무 한순간에 떨어졋지
DM-004210,raw_youtube.csv,514,crawler_youtube.py,유튜브 댓글(삼프로TV·슈카월드),yt_comment,유튜브 댓글,슈카월드,15시간 전,0,tT1Km_wKo_M,,7,86bef177e3ec,참았어야지..
DM-004211,raw_youtube.csv,515,crawler_youtube.py,유튜브 댓글(삼프로TV·슈카월드),yt_comment,유튜브 댓글,슈카월드,15시간 전,0,tT1Km_wKo_M,,16,e427e2060bf2,ㄱㄱ범이 되어버린 한국인들..
DM-004212,raw_youtube.csv,516,crawler_youtube.py,유튜브 댓글(삼프로TV·슈카월드),yt_comment,유튜브 댓글,슈카월드,11시간 전,2,tT1Km_wKo_M,불안·공포,86,b667dc808857,"실질적으로 중국 식민지인 2026년 대한민국에서,  5천만명 국민 그 누구도 절대로 말을 하면 안되는 진실 : 이번 한국 주식 대폭락의 진짜 원인은 중국."
DM-004213,raw_youtube.csv,517,crawler_youtube.py,유튜브 댓글(삼프로TV·슈카월드),yt_comment,유튜브 댓글,슈카월드,4시간 전,0,tT1Km_wKo_M,,39,4c5fdbf26f0a,@trajectory-g7c  심정은 이해하지만 현생을 사세요. ㅋㅋㅋ
DM-004214,raw_youtube.csv,518,crawler_youtube.py,유튜브 댓글(삼프로TV·슈카월드),yt_comment,유튜브 댓글,슈카월드,34분 전,0,tT1Km_wKo_M,,48,0e4389936de0,그동안은 기초교육이였고 이제 응용교육임 ㅋㅋㅋㅋㅋㅋㅋㅋㅋ 이대로가단 심화교육까시 금방임
DM-004215,raw_youtube.csv,519,crawler_youtube.py,유튜브 댓글(삼프로TV·슈카월드),yt_comment,유튜브 댓글,슈카월드,19시간 전,134,tT1Km_wKo_M,,15,a836ebec7a52,죄송합니다죄송합니다죄송합니다
DM-004216,raw_youtube.csv,520,crawler_youtube.py,유튜브 댓글(삼프로TV·슈카월드),yt_comment,유튜브 댓글,슈카월드,19시간 전,348,tT1Km_wKo_M,,20,921d7189a5c0,제2원칙: 1원칙을 절대 잊지 않는다
DM-004217,raw_youtube.csv,521,crawler_youtube.py,유튜브 댓글(삼프로TV·슈카월드),yt_comment,유튜브 댓글,슈카월드,17시간 전,22,tT1Km_wKo_M,,26,5d793be18117,@Ihpoeyoiten  진짜 쌉 명언임 ㅋㅋㅋ
DM-004218,raw_youtube.csv,522,crawler_youtube.py,유튜브 댓글(삼프로TV·슈카월드),yt_comment,유튜브 댓글,슈카월드,19시간 전,149,tT1Km_wKo_M,,33,0a518c7f50e1,"""국장은 장소가 아니다. 한국인이 있는 곳이 곧 국장이다."""
DM-004219,raw_youtube.csv,523,crawler_youtube.py,유튜브 댓글(삼프로TV·슈카월드),yt_comment,유튜브 댓글,슈카월드,7시간 전,0,tT1Km_wKo_M,,26,f92f8b019799,@halmaize-oz5to 미장 ㅋㅋㅋㅋㅋㅋㅋ
DM-004220,raw_youtube.csv,524,crawler_youtube.py,유튜브 댓글(삼프로TV·슈카월드),yt_comment,유튜브 댓글,슈카월드,17시간 전(수정됨),25,tT1Km_wKo_M,,22,b2b3d5a23339,제3원칙: etf는 미장 지수추종만 산다
DM-004221,raw_youtube.csv,525,crawler_youtube.py,유튜브 댓글(삼프로TV·슈카월드),yt_comment,유튜브 댓글,슈카월드,16시간 전,11,tT1Km_wKo_M,,99,653ca1a4ca99,"​ @m-cresol 두에빌, 에코프로, 현대차 등등 코스피, 코스닥 종목 안가리고 그냥 소문난 것들 조금씩 들어갔는데, 지금 +10% 이상인건 S&P500, 나스닥 100..."
DM-004222,raw_youtube.csv,526,crawler_youtube.py,유튜브 댓글(삼프로TV·슈카월드),yt_comment,유튜브 댓글,슈카월드,19시간 전,93,tT1Km_wKo_M,,36,beb271ff5ac5,"제3원칙 : ""한국인들을 피해라. 한국인이 있는 곳이 국장이다."""
DM-004223,raw_youtube.csv,527,crawler_youtube.py,유튜브 댓글(삼프로TV·슈카월드),yt_comment,유튜브 댓글,슈카월드,17시간 전,17,tT1Km_wKo_M,분노·불신,70,2c2b4ced3038,월가 입장에선 거의 뭐 탈북자한테 사기치는거마냥 쉬운 먹잇감이었을듯 20년 전에나 먹히던 사기가 간만에 먹히면 얼마나 짜릿할까
DM-004224,raw_youtube.csv,528,crawler_youtube.py,유튜브 댓글(삼프로TV·슈카월드),yt_comment,유튜브 댓글,슈카월드,19시간 전,13,tT1Km_wKo_M,,132,f19ef83ae5d3,카지노랑 다를 바가 없어서 잃는 사람 돈이 버는 사람 지갑으로 들어가는 거나 마찬가지입니다. 정말로 예리한 감각과 흔들리지 않는 원칙이 있으면 돈 벌기 괜찮은 곳이지만 95%가 소수의 지갑을 채워 주는 거나 마찬가지라고 생각해야 합니다.
DM-004225,raw_youtube.csv,529,crawler_youtube.py,유튜브 댓글(삼프로TV·슈카월드),yt_comment,유튜브 댓글,슈카월드,17시간 전,7,tT1Km_wKo_M,FOMO·상대적박탈감|불안·공포,149,14c1e74b944d,이거 진짜다... 올해 반도체 오른거 참다참다 안 돼서 미장 익절하고 들어갔다가 이익금 전부 잃고 다시 미장왔다. 삼전 닉스 포모 오면 마이크론을 사라. 반도체 지수가 떨어지더라도 마크롱이 덜 떨어진다. 국장은 하지 않는다라는 제1원칙과 2원칙을 항상 준수해라....
DM-004226,raw_youtube.csv,530,crawler_youtube.py,유튜브 댓글(삼프로TV·슈카월드),yt_comment,유튜브 댓글,슈카월드,18시간 전,3,tT1Km_wKo_M,분노·불신,29,2dc9b3d40809,국장 주가 조작해도 그들은 별 타격 없는 개잡주 모음
DM-004227,raw_youtube.csv,531,crawler_youtube.py,유튜브 댓글(삼프로TV·슈카월드),yt_comment,유튜브 댓글,슈카월드,14시간 전,3,tT1Km_wKo_M,,28,9287ec82f1d8,국장이 문제가 아니라 니들이 문제란 생각은 안해봤냐
DM-004228,raw_youtube.csv,532,crawler_youtube.py,유튜브 댓글(삼프로TV·슈카월드),yt_comment,유튜브 댓글,슈카월드,4시간 전,0,tT1Km_wKo_M,,49,b3cb21a767fd,​ @iliilliiiliil8385 장애새긴가 ㅋㅋㅋ 코스피 나스닥 변동성 비교가안됨?
DM-004229,raw_youtube.csv,533,crawler_youtube.py,유튜브 댓글(삼프로TV·슈카월드),yt_comment,유튜브 댓글,슈카월드,14시간 전,0,tT1Km_wKo_M,,35,65f81b0982c8,​ @iliilliiiliil8385  이건또 뭔 개소리지 ㅋㅋ
DM-004230,raw_youtube.csv,534,crawler_youtube.py,유튜브 댓글(삼프로TV·슈카월드),yt_comment,유튜브 댓글,슈카월드,15시간 전,2,tT1Km_wKo_M,,11,c1f96d5f4890,2원칙을 잊었어요ㅜㅜ
DM-004231,raw_youtube.csv,535,crawler_youtube.py,유튜브 댓글(삼프로TV·슈카월드),yt_comment,유튜브 댓글,슈카월드,7시간 전,1,tT1Km_wKo_M,불안·공포,96,7e92e90e148f,노노.. 국장 = 미국 반도체장 -> 미장도 반도체 산 사람들은 똑같은거 겪는중. 왜냐면 내가 미장만 하는데 롤러코스터 타고 토하는중이거든요... 살려죠요~~~~~~~~~~
DM-004232,raw_youtube.csv,536,crawler_youtube.py,유튜브 댓글(삼프로TV·슈카월드),yt_comment,유튜브 댓글,슈카월드,7시간 전,1,tT1Km_wKo_M,,53,11db161ab2ea,미장에 물려서 뒤지던 애들이 코스피 보고 배아파서 떨어져라 떨어져라 기도하더니 진짜 작살남 ㅋㅋ
DM-004233,raw_youtube.csv,537,crawler_youtube.py,유튜브 댓글(삼프로TV·슈카월드),yt_comment,유튜브 댓글,슈카월드,16시간 전,0,tT1Km_wKo_M,,18,0f97d77b3320,이렇게 말하고 안해야 돈벌지 ㅋㅋ
DM-004234,raw_youtube.csv,538,crawler_youtube.py,유튜브 댓글(삼프로TV·슈카월드),yt_comment,유튜브 댓글,슈카월드,13시간 전,0,tT1Km_wKo_M,불안·공포,5,4eb039e49766,살려줘~~
DM-004235,raw_youtube.csv,539,crawler_youtube.py,유튜브 댓글(삼프로TV·슈카월드),yt_comment,유튜브 댓글,슈카월드,13시간 전,0,tT1Km_wKo_M,,32,fb8cad39f7f7,주식 시작하면서 국장은 쳐다도 안봤다 앞으로도 안 볼 예정
DM-004236,raw_youtube.csv,540,crawler_youtube.py,유튜브 댓글(삼프로TV·슈카월드),yt_comment,유튜브 댓글,슈카월드,8시간 전,0,tT1Km_wKo_M,,20,9b412c8b03b5,제4원칙:개잡주와 단타를 하지 않는다
DM-004237,raw_youtube.csv,541,crawler_youtube.py,유튜브 댓글(삼프로TV·슈카월드),yt_comment,유튜브 댓글,슈카월드,6시간 전,0,tT1Km_wKo_M,,1,36c05e38bef1,굿
DM-004238,raw_youtube.csv,542,crawler_youtube.py,유튜브 댓글(삼프로TV·슈카월드),yt_comment,유튜브 댓글,슈카월드,6시간 전,0,tT1Km_wKo_M,,12,0d7a2b3840d0,제일뤈치이이이익 ㅋㅋㅋ
DM-004239,raw_youtube.csv,543,crawler_youtube.py,유튜브 댓글(삼프로TV·슈카월드),yt_comment,유튜브 댓글,슈카월드,18시간 전,23,tT1Km_wKo_M,FOMO·상대적박탈감|후회·손실고통,62,708dec0f28d5,제 1원칙 외치는 무세들 특 남달 국장으로 다 벌때 혼자 포모와서 개같이물리고손실 ---->다시 1원칙 무새가됨
DM-004240,raw_youtube.csv,544,crawler_youtube.py,유튜브 댓글(삼프로TV·슈카월드),yt_comment,유튜브 댓글,슈카월드,18시간 전,7,tT1Km_wKo_M,,49,cfd14a39de1c,​@from_from_0쳐다도안보고슨피만 7년째 샀는데 2배 먹었는데 신경 하나도 안쓰고
DM-004241,raw_youtube.csv,545,crawler_youtube.py,유튜브 댓글(삼프로TV·슈카월드),yt_comment,유튜브 댓글,슈카월드,19시간 전,20,tT1Km_wKo_M,,12,93fc578a4717,국장이 문제같지?ㅋㅋㅋ
DM-004242,raw_youtube.csv,546,crawler_youtube.py,유튜브 댓글(삼프로TV·슈카월드),yt_comment,유튜브 댓글,슈카월드,18시간 전,16,tT1Km_wKo_M,,42,00f7633167dc,@lunanim 확실한건 10년단위 장기투자 하기에 코스피는 적절하지 않네요
DM-004243,raw_youtube.csv,547,crawler_youtube.py,유튜브 댓글(삼프로TV·슈카월드),yt_comment,유튜브 댓글,슈카월드,18시간 전,7,tT1Km_wKo_M,,16,b257cfba135f,​ @lunanim 아무래도😅
DM-004244,raw_youtube.csv,548,crawler_youtube.py,유튜브 댓글(삼프로TV·슈카월드),yt_comment,유튜브 댓글,슈카월드,18시간 전,2,tT1Km_wKo_M,,17,15870d2c1d7d,이제 슬슬 매집 시작시간 이구나
DM-004245,raw_youtube.csv,549,crawler_youtube.py,유튜브 댓글(삼프로TV·슈카월드),yt_comment,유튜브 댓글,슈카월드,17시간 전,2,tT1Km_wKo_M,,27,238728043ab0,적어도 아직까지는 국장에서 돈 벌고  있는 중임.
DM-004246,raw_youtube.csv,550,crawler_youtube.py,유튜브 댓글(삼프로TV·슈카월드),yt_comment,유튜브 댓글,슈카월드,2주 전,1.9천,5Rhtr2hJ0us,,37,7177bf8ab9f3,"걸려도 남는장사, 안걸리면 더 많이 남는 장사 담합 대체 왜안함??"
DM-004247,raw_youtube.csv,551,crawler_youtube.py,유튜브 댓글(삼프로TV·슈카월드),yt_comment,유튜브 댓글,슈카월드,2주 전,960,5Rhtr2hJ0us,,15,04f46aa8f18b,담합하는 게 이득인 담합민국
DM-004248,raw_youtube.csv,552,crawler_youtube.py,유튜브 댓글(삼프로TV·슈카월드),yt_comment,유튜브 댓글,슈카월드,2주 전,311,5Rhtr2hJ0us,,106,74662157893f,"담합이익보다 벌금이 약하니, 사실상 벌금이 아닌 세금수준.. 소득이 확실하니 세금같은 벌금이 무서울리가.. 범죄자는 벌금도 천문학적으로 나오고 실형도 때리고, 사주도 실형가능해야 안하지 에휴"
DM-004249,raw_youtube.csv,553,crawler_youtube.py,유튜브 댓글(삼프로TV·슈카월드),yt_comment,유튜브 댓글,슈카월드,2주 전,513,5Rhtr2hJ0us,,26,82fa6b7881b0,난 오히려 담합이 아니라고 했으면 더 놀랐을 듯
DM-004250,raw_youtube.csv,554,crawler_youtube.py,유튜브 댓글(삼프로TV·슈카월드),yt_comment,유튜브 댓글,슈카월드,2주 전,383,5Rhtr2hJ0us,,15,a511938155ea,담합 안하면 바보인 대한민국
DM-004251,raw_youtube.csv,555,crawler_youtube.py,유튜브 댓글(삼프로TV·슈카월드),yt_comment,유튜브 댓글,슈카월드,2주 전,601,5Rhtr2hJ0us,,29,0ea3029e4f62,매출액의20%? ?? 20배로 해봐라 누가 담합하겠냐
DM-004252,raw_youtube.csv,556,crawler_youtube.py,유튜브 댓글(삼프로TV·슈카월드),yt_comment,유튜브 댓글,슈카월드,2주 전,810,5Rhtr2hJ0us,,28,3123a07f286f,곧 슈카형 또 구설수 오르겠내  '바른말을 한 죄'
DM-004253,raw_youtube.csv,557,crawler_youtube.py,유튜브 댓글(삼프로TV·슈카월드),yt_comment,유튜브 댓글,슈카월드,2주 전,123,5Rhtr2hJ0us,,109,d401546b2ce7,"주유소 휘발유가 오를때.. 블라인드에 정유사 기름집애들 죄다 ""이거은 다 이유가 있는것이여~~ 절대 폭리나 담합이 아니다. 국제 가격에 따라 올렸을뿐""하고 피의 쉴드 치는거 보고 진짜 개극혐이었음"
DM-004254,raw_youtube.csv,558,crawler_youtube.py,유튜브 댓글(삼프로TV·슈카월드),yt_comment,유튜브 댓글,슈카월드,2주 전,45,5Rhtr2hJ0us,,72,096633dd0a60,한국도 20% 말고 피해액에 3배 저런식으로 해야지...지금은 담합해도  안걸리면 장땡이고 걸려도 조금 들버는 정도니까 자꾸 하지
DM-004255,raw_youtube.csv,559,crawler_youtube.py,유튜브 댓글(삼프로TV·슈카월드),yt_comment,유튜브 댓글,슈카월드,2주 전,40,5Rhtr2hJ0us,후회·손실고통,29,8140148361f5,정유사 손실 운운하던 경제관련 유투버들도 반성해야된다
DM-004256,raw_youtube.csv,560,crawler_youtube.py,유튜브 댓글(삼프로TV·슈카월드),yt_comment,유튜브 댓글,슈카월드,2주 전,141,5Rhtr2hJ0us,,88,7054bbb642c2,개 웃겼던게 커뮤니티에 기름값 얘기만 뜨면 기름집 직원들인지 뭔지 득달같이 달려들어서 반박하고 기름값이 왜 올랐는지 열변을 토 하던데 ㅋㅋㅋ 결국 담합이었네?
DM-004257,raw_youtube.csv,561,crawler_youtube.py,유튜브 댓글(삼프로TV·슈카월드),yt_comment,유튜브 댓글,슈카월드,2주 전(수정됨),19,5Rhtr2hJ0us,,22,3292969e2b27,벌금을 지금보다 1000배는 더 물어야됨
DM-004258,raw_youtube.csv,562,crawler_youtube.py,유튜브 댓글(삼프로TV·슈카월드),yt_comment,유튜브 댓글,슈카월드,2주 전(수정됨),12,5Rhtr2hJ0us,,61,9f2ac7a8a1ec,"담합을 하면 징벌적 손해배상을 매기고, 만약 배상금 안내고 배째면 강제로 대출을 받게해서 골수까지 빼먹어야함."
DM-004259,raw_youtube.csv,563,crawler_youtube.py,유튜브 댓글(삼프로TV·슈카월드),yt_comment,유튜브 댓글,슈카월드,2주 전,37,5Rhtr2hJ0us,,18,5f0ba9a4da9d,담합에 무엇보다 진심인 유튜버..
DM-004260,raw_youtube.csv,564,crawler_youtube.py,유튜브 댓글(삼프로TV·슈카월드),yt_comment,유튜브 댓글,슈카월드,2주 전,6,5Rhtr2hJ0us,,49,aeb70387bda1,법 무서운건 몰라도 돈 무서운건 아주 잘알기때문에 법을 빨리 바꿔서 돈으로 조져야지 !!
DM-004261,raw_youtube.csv,565,crawler_youtube.py,유튜브 댓글(삼프로TV·슈카월드),yt_comment,유튜브 댓글,슈카월드,2주 전,211,5Rhtr2hJ0us,,30,2efff0f028c6,그냥 담합으로 발생한 매출 10배 토해내게 하면 안되나
DM-004262,raw_youtube.csv,566,crawler_youtube.py,유튜브 댓글(삼프로TV·슈카월드),yt_comment,유튜브 댓글,슈카월드,2주 전,7,5Rhtr2hJ0us,,71,181902617547,"담합은  국가는 세금걷어 좋고,기업은 초과이득나산 좋고  결국 피해는 소비자만 보는 구조가 아닌가 싶다. 담합 장려 하는건지도."
DM-004263,raw_youtube.csv,567,crawler_youtube.py,유튜브 댓글(삼프로TV·슈카월드),yt_comment,유튜브 댓글,슈카월드,2주 전,3,5Rhtr2hJ0us,,6,e57a6b5af5f6,감사합니다.
DM-004264,raw_youtube.csv,568,crawler_youtube.py,유튜브 댓글(삼프로TV·슈카월드),yt_comment,유튜브 댓글,슈카월드,2주 전,3,5Rhtr2hJ0us,,22,d2009251bc06,일해라 국회!! 이상한 법 만들지 말고.
DM-004265,raw_youtube.csv,569,crawler_youtube.py,유튜브 댓글(삼프로TV·슈카월드),yt_comment,유튜브 댓글,슈카월드,2주 전,7,5Rhtr2hJ0us,,37,2706094df823,결국 국민만 피해 보는 구조임. 과증금을 200%해야 꿈도 못꾸지.
DM-004266,raw_youtube.csv,570,crawler_youtube.py,유튜브 댓글(삼프로TV·슈카월드),yt_comment,유튜브 댓글,슈카월드,2주 전,41,5Rhtr2hJ0us,,10,80b9a753853f,그래서 해버리기~~
DM-004267,raw_youtube.csv,571,crawler_youtube.py,유튜브 댓글(삼프로TV·슈카월드),yt_comment,유튜브 댓글,슈카월드,2주 전,24,5Rhtr2hJ0us,,206,50637da7256c,정유사 애네들은 불황도 없음. 반도체 성과급 가지고 온갖 욕 했겠지만 애네들은 진짜 언론에서도 안 다뤄주는 만큼 그냥 조용히 성과급도 빵빵하게 챙겨감. 그러니 파업을 안하지. 여수 산단에서 일하는 사람은 알거야. GS칼텍스가 아주 옛날에 딱 1번 파업했다 그럤음. 답함해서 영업이익 챙기고 국제 유가 오르면 비싸게 팔면 되고 내려가면 재고 쌓아났다가 조금씩 풀면 되거든
DM-004268,raw_youtube.csv,572,crawler_youtube.py,유튜브 댓글(삼프로TV·슈카월드),yt_comment,유튜브 댓글,슈카월드,2주 전,7,5Rhtr2hJ0us,,83,696d6ec737c9,​ @caffelatte3058 정유사는 파업을 안하는게 아니라 국가산업이라 사실상 못한다고 봐야지 줫도 말 같지도 않은 지식으로 개소리 좀 그만해라
DM-004269,raw_youtube.csv,573,crawler_youtube.py,유튜브 댓글(삼프로TV·슈카월드),yt_comment,유튜브 댓글,슈카월드,2주 전(수정됨),86,5Rhtr2hJ0us,,94,8caa40ee1ec4,여러회사가 성장하면서 가격경쟁 해야하는데 우리나라처럼 모든 업종에서 대기업이 독식하는 자리라 아무리 지나도 안없어질듯 근데 국민들 대기업 살리라고 난리치니까 절대 안바뀜
DM-004270,raw_youtube.csv,574,crawler_youtube.py,유튜브 댓글(삼프로TV·슈카월드),yt_comment,유튜브 댓글,슈카월드,2주 전,42,5Rhtr2hJ0us,,56,555d6e25807e,​ @대한민국-j7n7m  ???: 대기업 쫓아내고 중국 기업들 들여올려는 수작이다~ 사서 애국하자~
DM-004271,raw_youtube.csv,575,crawler_youtube.py,유튜브 댓글(삼프로TV·슈카월드),yt_comment,유튜브 댓글,슈카월드,2주 전,28,5Rhtr2hJ0us,,49,944340c710f3,​ @대한민국-j7n7m 그런거치곤 대기업이 제공하는 일자리 비중은 바닥중의 바닥인 나라
DM-004272,raw_youtube.csv,576,crawler_youtube.py,유튜브 댓글(삼프로TV·슈카월드),yt_comment,유튜브 댓글,슈카월드,2주 전,62,5Rhtr2hJ0us,,70,8725827a7842,@대한민국-j7n7m  잡으려하면 이러니까 기업이 다 해외로나가지! 기업이 잘돼야 나라가 잘되는데 아이고 나라망했다 이럼 ㄷㄷ
DM-004273,raw_youtube.csv,577,crawler_youtube.py,유튜브 댓글(삼프로TV·슈카월드),yt_comment,유튜브 댓글,슈카월드,2주 전(수정됨),5,5Rhtr2hJ0us,,24,3532abff04b7,왜 안함이라니?  관행으로 많이 해오셨잖아~
DM-004274,raw_youtube.csv,578,crawler_youtube.py,유튜브 댓글(삼프로TV·슈카월드),yt_comment,유튜브 댓글,슈카월드,2주 전,9,5Rhtr2hJ0us,,31,d6ab36aab1d5,@ledboos5777  그래서 이번에도 했잖아 한잔 해
DM-004275,raw_youtube.csv,579,crawler_youtube.py,유튜브 댓글(삼프로TV·슈카월드),yt_comment,유튜브 댓글,슈카월드,2주 전,1,5Rhtr2hJ0us,,11,da8901e97606,나 같아도 무조건 함
DM-004276,raw_youtube.csv,580,crawler_youtube.py,유튜브 댓글(삼프로TV·슈카월드),yt_comment,유튜브 댓글,슈카월드,2주 전,1,5Rhtr2hJ0us,,21,8c7ca0ebc98c,출산은 죄악 세상은 지옥 명심 또 명심
DM-004277,raw_youtube.csv,581,crawler_youtube.py,유튜브 댓글(삼프로TV·슈카월드),yt_comment,유튜브 댓글,슈카월드,2주 전,0,5Rhtr2hJ0us,,18,55fbaf7a21da,근데 세금은 걸려도 더많이 남는데
DM-004278,raw_youtube.csv,582,crawler_youtube.py,유튜브 댓글(삼프로TV·슈카월드),yt_comment,유튜브 댓글,슈카월드,2주 전,0,5Rhtr2hJ0us,,18,03bbe008949e,걸리면 1명이 2년 쉬다가 오기😂
DM-004279,raw_youtube.csv,583,crawler_youtube.py,유튜브 댓글(삼프로TV·슈카월드),yt_comment,유튜브 댓글,슈카월드,2주 전,0,5Rhtr2hJ0us,,19,47037264e3f7,응 그래서 항상 하고있어 ㅋㅋㅋㅋㅋ
DM-004280,raw_youtube.csv,584,crawler_youtube.py,유튜브 댓글(삼프로TV·슈카월드),yt_comment,유튜브 댓글,슈카월드,2주 전,0,5Rhtr2hJ0us,,11,ef48d6c15388,그래서 하고있음 ㅋㅋ
DM-004281,raw_youtube.csv,585,crawler_youtube.py,유튜브 댓글(삼프로TV·슈카월드),yt_comment,유튜브 댓글,슈카월드,2주 전,0,5Rhtr2hJ0us,,46,9b3de304e1c7,심지어 월급도 담합이라는거임 ㅋㅋ 물가올리는거 담합하면서 월급은 최대한 안올리는부분
DM-004282,raw_youtube.csv,586,crawler_youtube.py,유튜브 댓글(삼프로TV·슈카월드),yt_comment,유튜브 댓글,슈카월드,2주 전,0,5Rhtr2hJ0us,,50,93f4f2331f90,물가 올린 주범들임 ㅋㅋㅋㅋㅋㅋㅋㅋㅋㅋ 최저시급 이아니라 이게 물가 주범임 ㅋㅋㅋㅋㅋㅋㅋㅋ
DM-004283,raw_youtube.csv,587,crawler_youtube.py,유튜브 댓글(삼프로TV·슈카월드),yt_comment,유튜브 댓글,슈카월드,2주 전,0,5Rhtr2hJ0us,,13,9084d7c542ed,기업하기 함든나라 ㅋㅋㅋ
DM-004284,raw_youtube.csv,588,crawler_youtube.py,유튜브 댓글(삼프로TV·슈카월드),yt_comment,유튜브 댓글,슈카월드,2주 전,0,5Rhtr2hJ0us,,88,0e67e32b33ff,재벌 찬양 애국보수들 어디감 ㅋㅋ. 니들 돈 털어먹어서 부자되는 재벌 기득권들한테 착취당하는게 좋으면 니들만 당해. 불법파견 안하는 대기업이 어디있냐 ㅋㅋㅋㅋ
DM-004285,raw_youtube.csv,589,crawler_youtube.py,유튜브 댓글(삼프로TV·슈카월드),yt_comment,유튜브 댓글,슈카월드,2주 전,14,5Rhtr2hJ0us,,82,3d0b3b60194f,갈라파고스라 그래여 Bp같은 대형 정유사가 들어와야하는데 나라에서 막는건 둘째치고 뭐만 할려고 하면 일자리 다 뺏는다고 시위하니까 맨날 이꼴나는거임
DM-004286,raw_youtube.csv,590,crawler_youtube.py,유튜브 댓글(삼프로TV·슈카월드),yt_comment,유튜브 댓글,슈카월드,2주 전,0,5Rhtr2hJ0us,,124,1f8374ca325a,@까네-c3h 아니예요 진짜 돈이 안돼서 안들어와요 저도 해외 정유사 들어오면 좋겠는데 국내 휘발유가격이 생각보다 낮아서(세금 제외) 유통비 인건비 등 더하면 적자예요 정제 시설을 국내에 지어야 영업이익 1%라도 가져갑니다
DM-004287,raw_youtube.csv,591,crawler_youtube.py,유튜브 댓글(삼프로TV·슈카월드),yt_comment,유튜브 댓글,슈카월드,2주 전,0,5Rhtr2hJ0us,,29,4d4be88b7dfd,그래서 담합했는데 왜 욕하지 참 꼬우면 니들도 하던가
DM-004288,raw_youtube.csv,592,crawler_youtube.py,유튜브 댓글(삼프로TV·슈카월드),yt_comment,유튜브 댓글,슈카월드,2주 전,0,5Rhtr2hJ0us,,49,3a5902df963a,그게 이득이라고 생각하시면 정유회사 주식 사시면 됩니다 그 이득을 나도 받을 수 있습니다
DM-004289,raw_youtube.csv,593,crawler_youtube.py,유튜브 댓글(삼프로TV·슈카월드),yt_comment,유튜브 댓글,슈카월드,2주 전,0,5Rhtr2hJ0us,,4,93198a205bb3,너도해라
DM-004290,raw_youtube.csv,594,crawler_youtube.py,유튜브 댓글(삼프로TV·슈카월드),yt_comment,유튜브 댓글,슈카월드,2주 전,3,5Rhtr2hJ0us,,13,1ba6f59ca38b,​ @밤이길더니 ㅋㅋㅋㅋ
DM-004291,raw_youtube.csv,595,crawler_youtube.py,유튜브 댓글(삼프로TV·슈카월드),yt_comment,유튜브 댓글,슈카월드,2주 전,2,5Rhtr2hJ0us,,16,45fc1fd16557,@밤이길더니  묘하네 ㅋㅋㅋㅋ
DM-004292,raw_youtube.csv,596,crawler_youtube.py,유튜브 댓글(삼프로TV·슈카월드),yt_comment,유튜브 댓글,슈카월드,2주 전,38,5Rhtr2hJ0us,,50,6ca8d58d277b,@대한민국-j7n7m  본인은 보조금받으면서 살거나 백수여도 마음만은 대기업재벌들임 ㅋㅋㅋ
DM-004293,raw_youtube.csv,597,crawler_youtube.py,유튜브 댓글(삼프로TV·슈카월드),yt_comment,유튜브 댓글,슈카월드,2주 전,6,5Rhtr2hJ0us,,41,ced11e1a7416,​ @seongwanhong1582 강자편에 붙어야 마음의 위안이라도 되지
DM-004294,raw_youtube.csv,598,crawler_youtube.py,유튜브 댓글(삼프로TV·슈카월드),yt_comment,유튜브 댓글,슈카월드,2주 전,4,5Rhtr2hJ0us,,48,7a03b4eda5a3,​ @대한민국-j7n7m  막상 그 대기업 아니면 ㅈ도 아니긴 함 구조가 그럼 ㅇㅇ;;
DM-004295,raw_youtube.csv,599,crawler_youtube.py,유튜브 댓글(삼프로TV·슈카월드),yt_comment,유튜브 댓글,슈카월드,2주 전,19,5Rhtr2hJ0us,분노·불신,105,6c1c03b3d2fc,​ @HoMr.-zf3cb 국가산업??ㅋㅋㅋㅋㅋ정유사가 사기업이지 공기업이었나?? 아니면 뭐 현직임? 매년 노사 임금협상 다 하고 결과 다 공유되는 마당에 헛소리는 니가 쳐  하고 있노ㅋㅋ
DM-004296,raw_youtube.csv,600,crawler_youtube.py,유튜브 댓글(삼프로TV·슈카월드),yt_comment,유튜브 댓글,슈카월드,2주 전(수정됨),5,5Rhtr2hJ0us,,86,4babb236ac6d,​​ @caffelatte3058  국가 전략시설이라 예비군도 따로받거나 안받거나 그러더라 그리고 2005년 모 정유 노조 개처발린 뒤로 그냥 아닥하고있음
DM-004297,raw_youtube.csv,601,crawler_youtube.py,유튜브 댓글(삼프로TV·슈카월드),yt_comment,유튜브 댓글,슈카월드,2주 전,18,5Rhtr2hJ0us,,22,51e9477024f1,누가 대한민국이 기업하기 어렵다고 하는가
DM-004298,raw_youtube.csv,602,crawler_youtube.py,유튜브 댓글(삼프로TV·슈카월드),yt_comment,유튜브 댓글,슈카월드,2주 전(수정됨),15,5Rhtr2hJ0us,분노·불신,12,62ba59d75b74,사기/횡령/배임도...
DM-004299,raw_youtube.csv,603,crawler_youtube.py,유튜브 댓글(삼프로TV·슈카월드),yt_comment,유튜브 댓글,슈카월드,2주 전,3,5Rhtr2hJ0us,,10,6262f313c4c3,대마불사는 영원하다
DM-004300,raw_youtube.csv,604,crawler_youtube.py,유튜브 댓글(삼프로TV·슈카월드),yt_comment,유튜브 댓글,슈카월드,2주 전,3,5Rhtr2hJ0us,,5,4b398e5abb59,국명바꾸자
DM-004301,raw_youtube.csv,605,crawler_youtube.py,유튜브 댓글(삼프로TV·슈카월드),yt_comment,유튜브 댓글,슈카월드,2주 전,0,5Rhtr2hJ0us,,43,5719dfe30c4d,담합으로 나온 수익도 세금으로 나오니까 국가 입장에서는 노 상관이니까 ㅋㅋㅋㅋ
DM-004302,raw_youtube.csv,606,crawler_youtube.py,유튜브 댓글(삼프로TV·슈카월드),yt_comment,유튜브 댓글,슈카월드,2주 전,0,5Rhtr2hJ0us,,16,cab44fbd88f0,세금도 아님 거의 수수료수준임
DM-004303,raw_youtube.csv,607,crawler_youtube.py,유튜브 댓글(삼프로TV·슈카월드),yt_comment,유튜브 댓글,슈카월드,2주 전,11,5Rhtr2hJ0us,,48,22546c7f2e3c,국가도 담합하면 가격 비싸니 세금 더 많이 걷고 담합걸려도 세금 걷으니 ㄹㅇ 창조경제네
DM-004304,raw_youtube.csv,608,crawler_youtube.py,유튜브 댓글(삼프로TV·슈카월드),yt_comment,유튜브 댓글,슈카월드,2주 전,15,5Rhtr2hJ0us,,31,fa8872ab33ac,ㄹㅇ 당연히 담합한줄알고 있었는데 이제서야 알았음 이거?
DM-004305,raw_youtube.csv,609,crawler_youtube.py,유튜브 댓글(삼프로TV·슈카월드),yt_comment,유튜브 댓글,슈카월드,2주 전,4,5Rhtr2hJ0us,,36,4324449afc4d,국민들 달래줄려고 ㅋㅋ 저렇게 발표해도 정유사 눈하나 깜빡 안함ㅋ
DM-004306,raw_youtube.csv,610,crawler_youtube.py,유튜브 댓글(삼프로TV·슈카월드),yt_comment,유튜브 댓글,슈카월드,2주 전,0,5Rhtr2hJ0us,,12,2434cf434f65,ㅋㅋㅋㅋㄱㅋㅋㅋㄱㅋㅋㅋ
DM-004307,raw_youtube.csv,611,crawler_youtube.py,유튜브 댓글(삼프로TV·슈카월드),yt_comment,유튜브 댓글,슈카월드,2주 전,0,5Rhtr2hJ0us,,13,7c768d683073,ㅋㅋㅋㅋㅋㅋㅋㅋㅋㅋㅋㅋㅋ
DM-004308,raw_youtube.csv,612,crawler_youtube.py,유튜브 댓글(삼프로TV·슈카월드),yt_comment,유튜브 댓글,슈카월드,2주 전,23,5Rhtr2hJ0us,,31,1bb8103ca03c,회장을 징역때려야 안하지~  금액이 높을수록 형량이 높게
DM-004309,raw_youtube.csv,613,crawler_youtube.py,유튜브 댓글(삼프로TV·슈카월드),yt_comment,유튜브 댓글,슈카월드,2주 전,2,5Rhtr2hJ0us,,58,3bb75f964ffe,담합으로 낸 수익 몰수에서 그치면 안걸리면 장땡 걸리면 쩔수지 뭐.. 법 개정해서 징벌적 배상 들어가야함
DM-004310,raw_youtube.csv,614,crawler_youtube.py,유튜브 댓글(삼프로TV·슈카월드),yt_comment,유튜브 댓글,슈카월드,2주 전,1,5Rhtr2hJ0us,,17,580671966353,애초에 법이 그러면 안할꺼아님?
DM-004311,raw_youtube.csv,615,crawler_youtube.py,유튜브 댓글(삼프로TV·슈카월드),yt_comment,유튜브 댓글,슈카월드,2주 전,15,5Rhtr2hJ0us,,144,c1e6d8d549fe,"삼성전자 2025년 매출 대비 영업이익이 13.8프로 정도 되는데, 20프로면 담합해서 번 돈(담합안했어도 어느 정도 벌었을 돈) 싹 다 몰수하겠다는 취지임. 단, 담합기간을 입증하기 쉽지 않아 10년짜리 담합도 2-3년치 자료만 있으면 3년치밖에 못 가져감"
DM-004312,raw_youtube.csv,616,crawler_youtube.py,유튜브 댓글(삼프로TV·슈카월드),yt_comment,유튜브 댓글,슈카월드,2주 전,0,5Rhtr2hJ0us,,41,35c25e7fed07,​ @안현빈-j1t 일단 얼마나 부당하게 매출을 올린건지 조사가 필요할듯?
DM-004313,raw_youtube.csv,617,crawler_youtube.py,유튜브 댓글(삼프로TV·슈카월드),yt_comment,유튜브 댓글,슈카월드,2주 전,0,5Rhtr2hJ0us,,73,4ba9aa3907ef,3배를 하는 미국에서도 단합하는데. 증거없다고 넘어가는 꼬라지 봐라 ㅋㅋ. 애국보수 트럼프 답게 친기업 정책으로 불법행위 눈감아주네
DM-004314,raw_youtube.csv,618,crawler_youtube.py,유튜브 댓글(삼프로TV·슈카월드),yt_comment,유튜브 댓글,슈카월드,2주 전,26,5Rhtr2hJ0us,,27,88a068d66be3,20프로?이정도면 국가도 담합에 참여한거지.ㅋㅋㅋ
DM-004315,raw_youtube.csv,619,crawler_youtube.py,유튜브 댓글(삼프로TV·슈카월드),yt_comment,유튜브 댓글,슈카월드,2주 전,28,5Rhtr2hJ0us,,41,2962a2dede3a,이익이 아니라 매출의 20프로면 존나크긴해 이익에 비례하는건 말이 안되지만
DM-004316,raw_youtube.csv,620,crawler_youtube.py,유튜브 댓글(삼프로TV·슈카월드),yt_comment,유튜브 댓글,슈카월드,2주 전,2,5Rhtr2hJ0us,,29,905afff4936f,정유사 평균 순이익이 한자리 수 인걸 감안하면 높긴함
DM-004317,raw_youtube.csv,621,crawler_youtube.py,유튜브 댓글(삼프로TV·슈카월드),yt_comment,유튜브 댓글,슈카월드,2주 전,12,5Rhtr2hJ0us,,23,27d7a7be7953,진짜 이런 놈들은 뭐하는 인간들일까 ㅋㅋㅋ
DM-004318,raw_youtube.csv,622,crawler_youtube.py,유튜브 댓글(삼프로TV·슈카월드),yt_comment,유튜브 댓글,슈카월드,2주 전,0,5Rhtr2hJ0us,,8,b7ef9c8c2d2e,ㅋㅋㅋ 고용은?
DM-004319,raw_youtube.csv,623,crawler_youtube.py,유튜브 댓글(삼프로TV·슈카월드),yt_comment,유튜브 댓글,슈카월드,2주 전,3,5Rhtr2hJ0us,,54,1eabb74bbd91,영업이익이 몇 프로인줄 알고 얘기하는거야? 월 매출 1억 가게가 1억씩 남는 줄 아나보네 ㅋㅋㅋㅋ
DM-004320,raw_youtube.csv,624,crawler_youtube.py,유튜브 댓글(삼프로TV·슈카월드),yt_comment,유튜브 댓글,슈카월드,2주 전,5,5Rhtr2hJ0us,불안·공포,47,67e22003b6ec,​ @정호영-f4q 그러니까 그렇게해야 겁나서라도 담합 안하지 않겠냐는 의도 같아요.
DM-004321,raw_youtube.csv,625,crawler_youtube.py,유튜브 댓글(삼프로TV·슈카월드),yt_comment,유튜브 댓글,슈카월드,2주 전(수정됨),2,5Rhtr2hJ0us,,102,a322d90c55b9,@정호영-f4q   담합하다 걸리면 과징금 과태료 벌금 액수를 회사 망할정도로 늘려서 아예 저런짓을 생각도 못하게 원천봉쇄하자는 얘기.... 를 풀어서 말 안하면 알아듣기 힘드실까요?
DM-004322,raw_youtube.csv,626,crawler_youtube.py,유튜브 댓글(삼프로TV·슈카월드),yt_comment,유튜브 댓글,슈카월드,2주 전,10,5Rhtr2hJ0us,,36,26192e04d399,20배 때려서 회사 망하면  바로 새로운 공급망을 만들 수 있음?
DM-004323,raw_youtube.csv,627,crawler_youtube.py,유튜브 댓글(삼프로TV·슈카월드),yt_comment,유튜브 댓글,슈카월드,2주 전,28,5Rhtr2hJ0us,,44,383fc7ed2c05,​ @user-on6vf5ie1r  일단 그 회사보단 나은 공급망은 나올거같은데
DM-004324,raw_youtube.csv,628,crawler_youtube.py,유튜브 댓글(삼프로TV·슈카월드),yt_comment,유튜브 댓글,슈카월드,2주 전,3,5Rhtr2hJ0us,,38,12439f1d2aa7,@user-on6vf5ie1r  누가 칼들고 담합하라고 협박함...?
DM-004325,raw_youtube.csv,629,crawler_youtube.py,유튜브 댓글(삼프로TV·슈카월드),yt_comment,유튜브 댓글,슈카월드,2주 전,2,5Rhtr2hJ0us,,44,0f26d8d9cb17,@user-on6vf5ie1r  이딴걸 일침이라 생각하고 말한거겠지ㅋㅋㅋㅋㅋ 캬
DM-004326,raw_youtube.csv,630,crawler_youtube.py,유튜브 댓글(삼프로TV·슈카월드),yt_comment,유튜브 댓글,슈카월드,2주 전,7,5Rhtr2hJ0us,,67,60ecea2cc551,​ @100coin6  4개 회사가 98프로의 지분을 가졌다는데 4개회사가 망하면 어떻게 공급망이 나은 회사가 뿅 생김;
DM-004327,raw_youtube.csv,631,crawler_youtube.py,유튜브 댓글(삼프로TV·슈카월드),yt_comment,유튜브 댓글,슈카월드,2주 전,23,5Rhtr2hJ0us,,55,3e3c7e7d9d75,@user-on6vf5ie1r  회사가 망한다고 인프라가 사라지는 게 아님 윗댓 말대로 인수하면 됨
DM-004328,raw_youtube.csv,632,crawler_youtube.py,유튜브 댓글(삼프로TV·슈카월드),yt_comment,유튜브 댓글,슈카월드,2주 전,10,5Rhtr2hJ0us,불안·공포,56,fe66bc1c4a94,"​ @user-on6vf5ie1r 걱정 ㄴㄴ, 권력과 자본은 공기와 같음 절대로 진공상태를 허용안하지"
DM-004329,raw_youtube.csv,633,crawler_youtube.py,유튜브 댓글(삼프로TV·슈카월드),yt_comment,유튜브 댓글,슈카월드,2주 전,5,5Rhtr2hJ0us,,98,ca11c2b67b5f,​ @user-on6vf5ie1r 글고 웃긴게 저런 논리면 길거리에 침뱉는것도 사형하자는거랑 똑같은 논리임 ㅋㅋㅋ 적당한 처벌이 있어야지 무조건 과하게 처벌한다고 능사가 아닌데
DM-004330,raw_youtube.csv,634,crawler_youtube.py,유튜브 댓글(삼프로TV·슈카월드),yt_comment,유튜브 댓글,슈카월드,2주 전,1,5Rhtr2hJ0us,,63,bf2a30dc5d1d,​ @user-on6vf5ie1r 그렇게 법안을 세게하면 회사 망하니까 아예 시도조차 안할꺼니 더 이득이라는 거죠
DM-004331,raw_youtube.csv,635,crawler_youtube.py,유튜브 댓글(삼프로TV·슈카월드),yt_comment,유튜브 댓글,슈카월드,2주 전,32,5Rhtr2hJ0us,,64,7f812228833e,​ @user-on6vf5ie1r 그회사 망하면 인수할 회사 하나 없겠음? 님 말대로면 공급망 날로 먹을 수 있는데
DM-004332,raw_youtube.csv,636,crawler_youtube.py,유튜브 댓글(삼프로TV·슈카월드),yt_comment,유튜브 댓글,슈카월드,2주 전,0,5Rhtr2hJ0us,,94,95e594e01120,담합을 하면 망해야 됨 그래야 담합을 안 하지  미국에선 담합으로 인한 피해액의 최대 세 배만큼 피해자들이 손해배상 청구할 수 있음 과징금에 개인 징역은 별도로 들어가고
DM-004333,raw_youtube.csv,637,crawler_youtube.py,유튜브 댓글(삼프로TV·슈카월드),yt_comment,유튜브 댓글,슈카월드,2주 전,14,5Rhtr2hJ0us,,45,159acdd2f879,@user-on6vf5ie1r  담합 안하면 되는데 왜 하는걸 전제로 말하냐 ㅋㅋ
DM-004334,raw_youtube.csv,638,crawler_youtube.py,유튜브 댓글(삼프로TV·슈카월드),yt_comment,유튜브 댓글,슈카월드,2주 전,10,5Rhtr2hJ0us,불안·공포,57,a92b212b1893,​ @user-on6vf5ie1r  그런 걱정은 우리가 안해도 됨 다 알아서 다른 회사가 잘 성장할테니
DM-004335,raw_youtube.csv,639,crawler_youtube.py,유튜브 댓글(삼프로TV·슈카월드),yt_comment,유튜브 댓글,슈카월드,2주 전(수정됨),8,5Rhtr2hJ0us,,76,4b4199e2029e,@user-on6vf5ie1r  일단 망하는 기업은 생겨야 새로운 기업이라도 촉발되죠. 기존의 것만 이어가지는 것도 불건전한 환경입니다.
DM-004336,raw_youtube.csv,640,crawler_youtube.py,유튜브 댓글(삼프로TV·슈카월드),yt_comment,유튜브 댓글,슈카월드,2주 전,3,5Rhtr2hJ0us,,64,769095f98d60,@user-on6vf5ie1r  그.. 담합을 하지 말고 정직한 가격과 성실한 정책으로 장사하는 옵션은 없나요..?
DM-004337,raw_youtube.csv,641,crawler_youtube.py,유튜브 댓글(삼프로TV·슈카월드),yt_comment,유튜브 댓글,슈카월드,2주 전,1,5Rhtr2hJ0us,,4,fcff34d84005,닉값하셈
DM-004338,raw_youtube.csv,642,crawler_youtube.py,유튜브 댓글(삼프로TV·슈카월드),yt_comment,유튜브 댓글,슈카월드,2주 전,28,5Rhtr2hJ0us,,24,e9ee23dc205d,소금빵 생각하면 바른말 안 해도 어차피...
DM-004339,raw_youtube.csv,643,crawler_youtube.py,유튜브 댓글(삼프로TV·슈카월드),yt_comment,유튜브 댓글,슈카월드,2주 전,5,5Rhtr2hJ0us,,19,c08a55f167d3,정유사를 향한 혐오조장 불법정보ㄷㄷ
DM-004340,raw_youtube.csv,644,crawler_youtube.py,유튜브 댓글(삼프로TV·슈카월드),yt_comment,유튜브 댓글,슈카월드,2주 전,2,5Rhtr2hJ0us,,5,6caa3472c1bd,소금빵쟁이
DM-004341,raw_youtube.csv,645,crawler_youtube.py,유튜브 댓글(삼프로TV·슈카월드),yt_comment,유튜브 댓글,슈카월드,2주 전,5,5Rhtr2hJ0us,,34,3814c6fe04da,"김해 사는 노인의 영상 제목이 떠올랐다면, 당신은 위기입니다."
DM-004342,raw_youtube.csv,646,crawler_youtube.py,유튜브 댓글(삼프로TV·슈카월드),yt_comment,유튜브 댓글,슈카월드,2주 전,5,5Rhtr2hJ0us,,49,9c837667d723,바른말이 아닌데 기름이 비싼건 세금 때문임 근데 왜 마녀사냥을하며 다른곳으로 시선을 돌림
DM-004343,raw_youtube.csv,647,crawler_youtube.py,유튜브 댓글(삼프로TV·슈카월드),yt_comment,유튜브 댓글,슈카월드,2주 전,62,5Rhtr2hJ0us,,64,11cfad01c04e,"@삼-f2w  유류세율은 최근 상승률이랑 별개인 상수인데 왜 변수인 양, 영상의 포인트와 겹치지도 않는 주장을 함?"
DM-004344,raw_youtube.csv,648,crawler_youtube.py,유튜브 댓글(삼프로TV·슈카월드),yt_comment,유튜브 댓글,슈카월드,2주 전,3,5Rhtr2hJ0us,,43,f700c2b07f0a,​ @삼-f2w  기름이 리터당 1억을 해도 세금 때문이라고 하겠네 ㅋㅋㅋㅋㅋ
DM-004345,raw_youtube.csv,649,crawler_youtube.py,유튜브 댓글(삼프로TV·슈카월드),yt_comment,유튜브 댓글,슈카월드,2주 전,0,5Rhtr2hJ0us,,23,5cc734f44f18,​ @삼-f2w  정확하게 알고오세요 ^^
DM-004346,raw_youtube.csv,650,crawler_youtube.py,유튜브 댓글(삼프로TV·슈카월드),yt_comment,유튜브 댓글,슈카월드,2주 전,17,5Rhtr2hJ0us,,39,eaca2cc62910,​ @Rutsphalt  쟤 같은 애들이 소금빵 사태 같은거 저지름ㅋㅋ
DM-004347,raw_youtube.csv,651,crawler_youtube.py,유튜브 댓글(삼프로TV·슈카월드),yt_comment,유튜브 댓글,슈카월드,2주 전,1,5Rhtr2hJ0us,,46,c69c8ff2fd63,@Rutsphalt  쟤들은 생각이 없어서 저런 스탠스를 취할 수 밖에 없는 거임.
DM-004348,raw_youtube.csv,652,crawler_youtube.py,유튜브 댓글(삼프로TV·슈카월드),yt_comment,유튜브 댓글,슈카월드,2주 전,0,5Rhtr2hJ0us,,26,800cb53e5e4e,​ @곰쿠마-q7i 뭘? 세금 때매 기름비싼거?
DM-004349,raw_youtube.csv,653,crawler_youtube.py,유튜브 댓글(삼프로TV·슈카월드),yt_comment,유튜브 댓글,슈카월드,2주 전,0,5Rhtr2hJ0us,,27,4cea41329a2c,​ @삼-f2w 뭐라냐 ㅋㅋ 세금 얼마나 붙는다고
DM-004350,raw_youtube.csv,654,crawler_youtube.py,유튜브 댓글(삼프로TV·슈카월드),yt_comment,유튜브 댓글,슈카월드,2주 전,0,5Rhtr2hJ0us,,38,601aaca9bfe8,​@얏옹-q1x얼마 붙는데 알고 끄적여 진짜 혐오스러워서 통탄할일이다
DM-004351,raw_youtube.csv,655,crawler_youtube.py,유튜브 댓글(삼프로TV·슈카월드),yt_comment,유튜브 댓글,슈카월드,2주 전,0,5Rhtr2hJ0us,,18,0740d3ed684a,@얏옹-q1x절반이 세금임 ㅋㅋㅋ
DM-004352,raw_youtube.csv,656,crawler_youtube.py,유튜브 댓글(삼프로TV·슈카월드),yt_comment,유튜브 댓글,슈카월드,2주 전,7,5Rhtr2hJ0us,,34,eda64f10bc0a,​ @삼-f2w 뭐 세금 때문에 비싼거면 담합한게 안한게 됨?
DM-004353,raw_youtube.csv,657,crawler_youtube.py,유튜브 댓글(삼프로TV·슈카월드),yt_comment,유튜브 댓글,슈카월드,2주 전,1,5Rhtr2hJ0us,,96,9576b940e927,​ @우엉이우엉우엉 이해 못 했냐 담합도 영향은 있는데 썸네일이랑 영상 제목이랑 내용이 담합 때문에 기름이 비싸다고 하잖음 근데 세금은 왜 ㅈㄹ안함 이게 논리적이고 맞는거냐
DM-004354,raw_youtube.csv,658,crawler_youtube.py,유튜브 댓글(삼프로TV·슈카월드),yt_comment,유튜브 댓글,슈카월드,2주 전,5,5Rhtr2hJ0us,,62,1d6b898a6157,@삼-f2w  이란전쟁 이후로 세금 인하했는데도 휘발유가격 올라갔잖음 그럼 세금 영향이 크다고 보는게 맞는거임?
DM-004355,raw_youtube.csv,659,crawler_youtube.py,유튜브 댓글(삼프로TV·슈카월드),yt_comment,유튜브 댓글,슈카월드,2주 전,0,5Rhtr2hJ0us,,20,cb1ba430ccb8,@설록차-l7n ㅇㅇ ㅈ만큼 줄였으니
DM-004356,raw_youtube.csv,660,crawler_youtube.py,유튜브 댓글(삼프로TV·슈카월드),yt_comment,유튜브 댓글,슈카월드,2주 전,0,5Rhtr2hJ0us,,29,d878b116c275,@antec9075  ㅇㅇ 그러니까 영향이 덜 한거지
DM-004357,raw_youtube.csv,661,crawler_youtube.py,유튜브 댓글(삼프로TV·슈카월드),yt_comment,유튜브 댓글,슈카월드,2주 전,0,5Rhtr2hJ0us,,47,35333f8cc6f1,​ @설록차-l7n 그래도 담합 영향보다는 크다 이거다 롱스톤 같은것들 진짜 대단하다
DM-004358,raw_youtube.csv,662,crawler_youtube.py,유튜브 댓글(삼프로TV·슈카월드),yt_comment,유튜브 댓글,슈카월드,2주 전,0,5Rhtr2hJ0us,,17,79964a85e3da,​ @삼-f2w 롱스톤이 왜나옴
DM-004359,raw_youtube.csv,663,crawler_youtube.py,유튜브 댓글(삼프로TV·슈카월드),yt_comment,유튜브 댓글,슈카월드,13일 전,0,5Rhtr2hJ0us,,50,eb977e181680,​ @설록차-l7n 돌덩이 돌대가리라고 역시 세금이 영향커도 담합 빼액 하고싶은 수준인건가
DM-004360,raw_youtube.csv,664,crawler_youtube.py,유튜브 댓글(삼프로TV·슈카월드),yt_comment,유튜브 댓글,슈카월드,13일 전,0,5Rhtr2hJ0us,,60,df51356a3507,​ @삼-f2w 이란전쟁이후 급격하게 휘발유가 올라간게 세금 때문이라는거냐 논리적으로 반박을 해라 떼쓰지말고
DM-004361,raw_youtube.csv,665,crawler_youtube.py,유튜브 댓글(삼프로TV·슈카월드),yt_comment,유튜브 댓글,슈카월드,2주 전,7,5Rhtr2hJ0us,,67,e436ce86c9aa,그때 이야기 나오던건 욕을 개인 소매 주유소 보고 하니까 나오던 얘기임. 지금 담합 내용 보면 소매점 주유소도 피해자네?
DM-004362,raw_youtube.csv,666,crawler_youtube.py,유튜브 댓글(삼프로TV·슈카월드),yt_comment,유튜브 댓글,슈카월드,2주 전,3,5Rhtr2hJ0us,,21,e4dd4c0935bb,응 올해도 천프로 낭낭하게 받아갈게~~
DM-004363,raw_youtube.csv,667,crawler_youtube.py,유튜브 댓글(삼프로TV·슈카월드),yt_comment,유튜브 댓글,슈카월드,2주 전,2,5Rhtr2hJ0us,,29,9fac42ed9f39,지하철 무임승차도 걸리면 5배인가 50배 이러드만;;
DM-004364,raw_youtube.csv,668,crawler_youtube.py,유튜브 댓글(삼프로TV·슈카월드),yt_comment,유튜브 댓글,슈카월드,13일 전,0,5Rhtr2hJ0us,,42,462261e0bec9,​ @Depserver 그러네ㅋㅋㅋㅋㅋㅋㅋㅋㅋ 그냥 법이 지들 좃대로임ㅋㅋㅋ
DM-004365,raw_youtube.csv,669,crawler_youtube.py,유튜브 댓글(삼프로TV·슈카월드),yt_comment,유튜브 댓글,슈카월드,2주 전,8,5Rhtr2hJ0us,,34,0ceeea5b1a4b,현직 사람들은 정유사들이 장난질친다고 얘기가 이미 돌고있었음.
DM-004366,raw_youtube.csv,670,crawler_youtube.py,유튜브 댓글(삼프로TV·슈카월드),yt_comment,유튜브 댓글,슈카월드,2주 전,0,5Rhtr2hJ0us,,29,d417976e3273,​ @jhi7629 지들끼리만 쳐 돌리면 머하노 ㅋㅋ
DM-004367,raw_youtube.csv,671,crawler_youtube.py,유튜브 댓글(삼프로TV·슈카월드),yt_comment,유튜브 댓글,슈카월드,2주 전,24,5Rhtr2hJ0us,,24,43bd66fc676c,차라리 미국처럼  반갈죽 하는게 더 나을지도
DM-004368,raw_youtube.csv,672,crawler_youtube.py,유튜브 댓글(삼프로TV·슈카월드),yt_comment,유튜브 댓글,슈카월드,2주 전,11,5Rhtr2hJ0us,,33,9aa05018ce5e,@Semicon-x7b  영상본거맞음? 미국도 못한다함 ㅋㅋ
DM-004369,raw_youtube.csv,673,crawler_youtube.py,유튜브 댓글(삼프로TV·슈카월드),yt_comment,유튜브 댓글,슈카월드,2주 전,1,5Rhtr2hJ0us,,34,035f66f4cc84,토해내게 하면 안되고 이득의 1.5배 정도 가격 낮춰서 팔면됨
DM-004370,raw_youtube.csv,674,crawler_youtube.py,유튜브 댓글(삼프로TV·슈카월드),yt_comment,유튜브 댓글,슈카월드,2주 전,0,5Rhtr2hJ0us,,34,32bde2c3df20,​ @BP-ui6bv  1개기업이면 모를까 연대하면 어렵다고요
DM-004371,raw_youtube.csv,675,crawler_youtube.py,유튜브 댓글(삼프로TV·슈카월드),yt_comment,유튜브 댓글,슈카월드,2주 전,1,5Rhtr2hJ0us,,39,e1d01f869b4c,매출 10배면 낼 돈이 없을 거 같은데 매출 2~3배만 해도 괜찮을 듯
DM-004372,raw_youtube.csv,676,crawler_youtube.py,유튜브 댓글(삼프로TV·슈카월드),yt_comment,유튜브 댓글,슈카월드,2주 전,6,5Rhtr2hJ0us,후회·손실고통,65,c6dd7482c0ae,기업 하나면 몰라도 여러개는 못조짐 괜히 연대해서 담합하는게 아닙니다 저기에 걸린사람수만해도 꽤나올텐데 할수있겠어요?
DM-004373,raw_youtube.csv,677,crawler_youtube.py,유튜브 댓글(삼프로TV·슈카월드),yt_comment,유튜브 댓글,슈카월드,2주 전,28,5Rhtr2hJ0us,,44,86d5a86099b0,​ @dogcrazy8864 해야지. 힘든가의 문제가 아니고 해야 하는 문제지.
DM-004374,raw_youtube.csv,678,crawler_youtube.py,유튜브 댓글(삼프로TV·슈카월드),yt_comment,유튜브 댓글,슈카월드,2주 전(수정됨),4,5Rhtr2hJ0us,FOMO·상대적박탈감,121,5b1ac4d9d8f3,​​ @투미드제라스-v5q  1개만 조지면 상관없는데 저기 전부다 조지게되면 당장 생활인프라부터 박살날수있는데요? 대체재가 있는것도 아닌데 쿠팡 하나만 조지는것도 애먹는데 정유사 여러곳을 조진다? 이거는 불가능합니다.
DM-004375,raw_youtube.csv,679,crawler_youtube.py,유튜브 댓글(삼프로TV·슈카월드),yt_comment,유튜브 댓글,슈카월드,2주 전,2,5Rhtr2hJ0us,,40,54c722e7f05a,@dogcrazy8864  그럼 담합해야겠네요. 잡지말죠 뭐 불가능한건데
DM-004376,raw_youtube.csv,680,crawler_youtube.py,유튜브 댓글(삼프로TV·슈카월드),yt_comment,유튜브 댓글,슈카월드,2주 전,1,5Rhtr2hJ0us,,70,f498b5b781a4,"@dogcrazy8864  출혈 감수 하더라도 일단 하라고, 그럼 계속 하게 놔 둘거임? 빨리 해야 미래가 바뀌지 무슨 ㅋㅋㅋ"
DM-004377,raw_youtube.csv,681,crawler_youtube.py,유튜브 댓글(삼프로TV·슈카월드),yt_comment,유튜브 댓글,슈카월드,2주 전,0,5Rhtr2hJ0us,FOMO·상대적박탈감,71,bf9455e866a9,​ @tww2682  출혈감수하고 하는건 맞는데 그러다 과다출혈나면 사망인데? 그래서 본보기로 하나만 진짜 쎄게 조지고 끝내야지
DM-004378,raw_youtube.csv,682,crawler_youtube.py,유튜브 댓글(삼프로TV·슈카월드),yt_comment,유튜브 댓글,슈카월드,2주 전,0,5Rhtr2hJ0us,,33,5b2d2041467b,​ @dogcrazy8864 아 그게 맞네 싸게 먹힐듯 ㅈㅅ
DM-004379,raw_youtube.csv,683,crawler_youtube.py,유튜브 댓글(삼프로TV·슈카월드),yt_comment,유튜브 댓글,슈카월드,2주 전,16,5Rhtr2hJ0us,,53,d546df35370f,​ @크와앙-t8w 과거 록펠러 가문의 스탠다드 오일을 20개 회사로 갈랐던 사건을 말한겁니다.
DM-004380,raw_youtube.csv,684,crawler_youtube.py,유튜브 댓글(삼프로TV·슈카월드),yt_comment,유튜브 댓글,슈카월드,2주 전,5,5Rhtr2hJ0us,,65,abf54f093b31,@Semicon-x7b  언제적 스탠다드 오일 ㅋㅋ 마이크로소프트 가르려다 말았던 순간부터 반독점법은 유명무실해졌음.
DM-004381,raw_youtube.csv,685,crawler_youtube.py,유튜브 댓글(삼프로TV·슈카월드),yt_comment,유튜브 댓글,슈카월드,2주 전,13,5Rhtr2hJ0us,,162,55317b6a96e0,@NuttyV2  마이크로소프트가 윈도우 독점으로 반갈죽은 면했지만 그 시기에 법적 대응 하느라 일을 제대로 못해서 구글과 애플이 성장했지. 결국 반독점법 덕분에 다른 회사 성장한거고 현재도 반독점법 때문에 안드로이드 강제 매각하라고 법적 소송에 휘말려있음. 유명무실 해졌다는건 님 뇌피셜임
DM-004382,raw_youtube.csv,686,crawler_youtube.py,유튜브 댓글(삼프로TV·슈카월드),yt_comment,유튜브 댓글,슈카월드,2주 전,4,5Rhtr2hJ0us,,76,669c5f3f3cd1,​ @NuttyV2 마소도 블자 에딕티비전 삼키는 과정에서 반독점으로 소송당해서 콜옵 강제로 플스 진영에 납품중인데 유명무실같은 소리하네
DM-004383,raw_youtube.csv,687,crawler_youtube.py,유튜브 댓글(삼프로TV·슈카월드),yt_comment,유튜브 댓글,슈카월드,2주 전,0,5Rhtr2hJ0us,,86,d40d555a933f,​ @ET-19  마소와 구글 애플은 전혀 다른 영역에서 성장했는데용 ㅎㅎ 컴퓨터 관련이면 모든게 같은 바구니라고 생각하시면 그렇게 생각하실 수도 있겠네요
DM-004384,raw_youtube.csv,688,crawler_youtube.py,유튜브 댓글(삼프로TV·슈카월드),yt_comment,유튜브 댓글,슈카월드,2주 전,5,5Rhtr2hJ0us,,62,00e8e9ac1334,유류 금액의 40%가 나라세금이에요 이런것도 조사해줬으면해요. 사실 정유사는 이익이얼마남지않은 박리다매형식이에요
DM-004385,raw_youtube.csv,689,crawler_youtube.py,유튜브 댓글(삼프로TV·슈카월드),yt_comment,유튜브 댓글,슈카월드,2주 전,109,5Rhtr2hJ0us,,15,f31b0c04fe8a,이걸 지금까지 몰랏을까 ㅋㅋ
DM-004386,raw_youtube.csv,690,crawler_youtube.py,유튜브 댓글(삼프로TV·슈카월드),yt_comment,유튜브 댓글,슈카월드,2주 전,17,5Rhtr2hJ0us,,15,3862a5ead1f4,나라에 도둑놈들이 너무 많다
DM-004387,raw_youtube.csv,691,crawler_youtube.py,유튜브 댓글(삼프로TV·슈카월드),yt_comment,유튜브 댓글,슈카월드,2주 전,3,5Rhtr2hJ0us,,28,45073e3f9f11,이렇게 보면 대한민국은 담합으로 움직이는 나라인듯…
DM-004388,raw_youtube.csv,692,crawler_youtube.py,유튜브 댓글(삼프로TV·슈카월드),yt_comment,유튜브 댓글,슈카월드,2주 전,2,5Rhtr2hJ0us,,42,8249c4c81f11,과거에 솜방망이 처벌 했다고 지금도 그러하면 정말 썩은 공정위가 되는 거죠!
DM-004389,raw_youtube.csv,693,crawler_youtube.py,유튜브 댓글(삼프로TV·슈카월드),yt_comment,유튜브 댓글,슈카월드,2주 전,7,5Rhtr2hJ0us,,20,c5dba9a42e17,역시 대한민국 담합 안 하면 섭하지~
DM-004390,raw_youtube.csv,694,crawler_youtube.py,유튜브 댓글(삼프로TV·슈카월드),yt_comment,유튜브 댓글,슈카월드,2주 전,0,5Rhtr2hJ0us,,11,68302b347de9,매번 반복되는 현상!
DM-004391,raw_youtube.csv,695,crawler_youtube.py,유튜브 댓글(삼프로TV·슈카월드),yt_comment,유튜브 댓글,슈카월드,2주 전,7,5Rhtr2hJ0us,,161,7105c09d77dc,경제 범죄를 저질러도 법조계 공직자를 매수하던가 김앤장같은 전관 로펌을 고용하면 무죄로 풀어버리고 설사 대대적으로 이슈되서 그게 안 되더라도 어짜피 범죄 수익의 1%도 안 되는 푼돈을 내면 일사부재리로 종결내버리니 경제 범죄가 나날이 증가만 할 뿐 절대 안 바뀌지. 미친 나라 그 자체다.
DM-004392,raw_youtube.csv,696,crawler_youtube.py,유튜브 댓글(삼프로TV·슈카월드),yt_comment,유튜브 댓글,슈카월드,2주 전(수정됨),2,5Rhtr2hJ0us,분노·불신,62,bd3c94e779a4,대한민국은 나라가 플랫폼 기업이야 벌금인지 수수료인지 모르는 소정의 대가를 받고 사기 담합 눈감아주는 장터 제공
DM-004393,raw_youtube.csv,697,crawler_youtube.py,유튜브 댓글(삼프로TV·슈카월드),yt_comment,유튜브 댓글,슈카월드,2주 전,68,5Rhtr2hJ0us,,11,748835493085,설레이는 댓글창 열기
DM-004394,raw_youtube.csv,698,crawler_youtube.py,유튜브 댓글(삼프로TV·슈카월드),yt_comment,유튜브 댓글,슈카월드,2주 전,67,5Rhtr2hJ0us,,20,92ee91224f5f,기름값 오르는 속도로 달려왔습니다!!
DM-004395,raw_youtube.csv,699,crawler_youtube.py,유튜브 댓글(삼프로TV·슈카월드),yt_comment,유튜브 댓글,슈카월드,2주 전,163,5Rhtr2hJ0us,분노·불신,46,9b16c67a74a0,재매이햄이 전쟁초기에 정유사 출고상한제 발표하니까  기업죽이기라던 일부 세력들...
DM-004396,raw_youtube.csv,700,crawler_youtube.py,유튜브 댓글(삼프로TV·슈카월드),yt_comment,유튜브 댓글,슈카월드,2주 전,7,5Rhtr2hJ0us,,23,48dea258b91f,기름으로 장난치면 기름부어 태워버려야지..
DM-004397,raw_youtube.csv,701,crawler_youtube.py,유튜브 댓글(삼프로TV·슈카월드),yt_comment,유튜브 댓글,슈카월드,2주 전(수정됨),158,5Rhtr2hJ0us,,67,0340268a4600,정유사가 무슨 동내 구멍가게도 아니고 나라 경제를 좌지우지하는 가격인데 담합을 거르지못한 정책도 없고 나라가 개판이라는거
DM-004398,raw_youtube.csv,702,crawler_youtube.py,유튜브 댓글(삼프로TV·슈카월드),yt_comment,유튜브 댓글,슈카월드,2주 전,39,5Rhtr2hJ0us,,32,48c5c5d940fe,8:36 ㅋㅋㅋㅋ 자진신고는 그거 아님? 이번 순번은 나다
DM-004399,raw_youtube.csv,703,crawler_youtube.py,유튜브 댓글(삼프로TV·슈카월드),yt_comment,유튜브 댓글,슈카월드,2주 전,0,5Rhtr2hJ0us,,31,d7c903506b86,"이렇게 국민들이 고통 받는데, 왜 법이 바뀌지를 않는거냐"
DM-004400,raw_youtube.csv,704,crawler_youtube.py,유튜브 댓글(삼프로TV·슈카월드),yt_comment,유튜브 댓글,슈카월드,2주 전,1,5Rhtr2hJ0us,,1,ef2a3a99e89f,❤
DM-004401,raw_youtube.csv,705,crawler_youtube.py,유튜브 댓글(삼프로TV·슈카월드),yt_comment,유튜브 댓글,슈카월드,2주 전,2,5Rhtr2hJ0us,,41,94b5529bfa22,4월인가? 식용유랑 라면가격 인하한다는 소식 있었는데..하긴 했나 몰겠네요
DM-004402,raw_youtube.csv,706,crawler_youtube.py,유튜브 댓글(삼프로TV·슈카월드),yt_comment,유튜브 댓글,슈카월드,2주 전,1,5Rhtr2hJ0us,,38,e4fdc4f26e0c,피해는 국민들이 보고 과징금으로 이익은 나라가? 누구를 위한 처벌이냐
DM-004403,raw_youtube.csv,707,crawler_youtube.py,유튜브 댓글(삼프로TV·슈카월드),yt_comment,유튜브 댓글,슈카월드,2주 전,2,5Rhtr2hJ0us,,42,f08a0f4e81ed,담합에 배상금이 너무 적어서 그래.  회사가 망하게 벌금을 때려야 없어지는겨
DM-004404,raw_youtube.csv,708,crawler_youtube.py,유튜브 댓글(삼프로TV·슈카월드),yt_comment,유튜브 댓글,슈카월드,2주 전,2,5Rhtr2hJ0us,,20,bafd05aa729c,아는데 모른체해주는거임 욕먹기 싫어서
DM-004405,raw_youtube.csv,709,crawler_youtube.py,유튜브 댓글(삼프로TV·슈카월드),yt_comment,유튜브 댓글,슈카월드,2주 전,7,5Rhtr2hJ0us,,30,49531242e2d6,그럼 영상 올라오기 전에 왔어야하는데 많이 늦으셨네요~
DM-004406,raw_youtube.csv,710,crawler_youtube.py,유튜브 댓글(삼프로TV·슈카월드),yt_comment,유튜브 댓글,슈카월드,2주 전,0,5Rhtr2hJ0us,FOMO·상대적박탈감,9,4fea898e71f4,조금 늦었습니다.
DM-004407,raw_youtube.csv,711,crawler_youtube.py,유튜브 댓글(삼프로TV·슈카월드),yt_comment,유튜브 댓글,슈카월드,2주 전,0,5Rhtr2hJ0us,,9,9663439e5ad0,헉 또 오른대요?
DM-004408,raw_youtube.csv,712,crawler_youtube.py,유튜브 댓글(삼프로TV·슈카월드),yt_comment,유튜브 댓글,슈카월드,2주 전,27,5Rhtr2hJ0us,,33,023b7e8d98d0,깔껀까고 빨껀빠는건데 이런거는 이악물고 아무튼 모르쇠임 ㅋㅋ
DM-004409,raw_youtube.csv,713,crawler_youtube.py,유튜브 댓글(삼프로TV·슈카월드),yt_comment,유튜브 댓글,슈카월드,2주 전,9,5Rhtr2hJ0us,,13,9e1eef4bc619,검찰이 정유사 때려 잡음
DM-004410,raw_youtube.csv,714,crawler_youtube.py,유튜브 댓글(삼프로TV·슈카월드),yt_comment,유튜브 댓글,슈카월드,2주 전,3,5Rhtr2hJ0us,,7,70b99e6c5fa7,공산당 천지네
DM-004411,raw_youtube.csv,715,crawler_youtube.py,유튜브 댓글(삼프로TV·슈카월드),yt_comment,유튜브 댓글,슈카월드,2주 전,53,5Rhtr2hJ0us,,70,c3da6e261dc6,​ @제우3321 담합은 미국이 제일 잘때려잡음ㅋㅋㅋㅋ그리고 독과점은 미국이 제일 쎄게 때림. 니말은 미국이 공산국가라는거임?
DM-004412,raw_youtube.csv,716,crawler_youtube.py,유튜브 댓글(삼프로TV·슈카월드),yt_comment,유튜브 댓글,슈카월드,2주 전,9,5Rhtr2hJ0us,,24,ccd000021d3c,@제우3321 혹시 담합이 뭔지 모르는거임?
DM-004413,raw_youtube.csv,717,crawler_youtube.py,유튜브 댓글(삼프로TV·슈카월드),yt_comment,유튜브 댓글,슈카월드,2주 전,17,5Rhtr2hJ0us,,24,67e5ae3f4efb,담합은 지금까지 있어왔고 개판이면 묵인했겠지
DM-004414,raw_youtube.csv,718,crawler_youtube.py,유튜브 댓글(삼프로TV·슈카월드),yt_comment,유튜브 댓글,슈카월드,2주 전,13,5Rhtr2hJ0us,,212,4edffbea0cfa,"​ @woo4830  ㅇㅇ 구설수에 올린다는거 자체가 해결하려는 의지가 있다는거라고 생각함.  어처피 1,2년 짜리가 아니란거, 그동안 다햇다는거 누가모르겟음? 기름에 엮인 회사들은 점점 커지기만 하는데 정작 기름값은 오르기만 하고 절대 내리지않는데 ㅋㅋ 문제는 서민들이 이런 불만을 얘기해봤자 그 누구도 바로잡긴 커녕 공론화조차 안햇는데 이제라도 얘기가 나오는게 다행인거지..."
DM-004415,raw_youtube.csv,719,crawler_youtube.py,유튜브 댓글(삼프로TV·슈카월드),yt_comment,유튜브 댓글,슈카월드,2주 전,17,5Rhtr2hJ0us,,65,746c81c58c69,적어도 수사후 언론사에서 얘기를 하잖아요.. 수면위로 뜨지도않고 죽을때까지도 모를수도있는겁니다.. 어쨋든 잘 정리되길
DM-004416,raw_youtube.csv,720,crawler_youtube.py,유튜브 댓글(삼프로TV·슈카월드),yt_comment,유튜브 댓글,슈카월드,2주 전,15,5Rhtr2hJ0us,,27,e1981b6fc44b,이때까지 담합없다가 지금 생긴줄아나 ㅋㅋㅋㅋㅋㅋㅋ
DM-004417,raw_youtube.csv,721,crawler_youtube.py,유튜브 댓글(삼프로TV·슈카월드),yt_comment,유튜브 댓글,슈카월드,2주 전,1,5Rhtr2hJ0us,,4,172c72631f83,멍청하긴
DM-004418,raw_youtube.csv,722,crawler_youtube.py,유튜브 댓글(삼프로TV·슈카월드),yt_comment,유튜브 댓글,슈카월드,2주 전,21,5Rhtr2hJ0us,,50,15f6f9333239,정유사들의 도덕적인 잘못은 지적하지 않고 그저 나라탓을 한다니 물질만능주의가 너무 만연하네
DM-004419,raw_youtube.csv,723,crawler_youtube.py,유튜브 댓글(삼프로TV·슈카월드),yt_comment,유튜브 댓글,슈카월드,2주 전,0,5Rhtr2hJ0us,,27,c9714d294015,@밀롱가-t5q ??:알았다면 공범 몰랐다면 무능
DM-004420,raw_youtube.csv,724,crawler_youtube.py,유튜브 댓글(삼프로TV·슈카월드),yt_comment,유튜브 댓글,슈카월드,2주 전,0,5Rhtr2hJ0us,,107,70dcb4167a99,​ @밀롱가-t5q  일단 입법/사법에선 사인에 대해 '자유로울 경우 죄를 범하고 싶어하는 경향이 있다'고 보고있음. 그들의 해석에 따르면 책임을 물을 대상은 사인이 아닌 국가기관이 되긴 함.
DM-004421,raw_youtube.csv,725,crawler_youtube.py,유튜브 댓글(삼프로TV·슈카월드),yt_comment,유튜브 댓글,슈카월드,2주 전,0,5Rhtr2hJ0us,,7,42d1a939c850,심각하다...
DM-004422,raw_youtube.csv,726,crawler_youtube.py,유튜브 댓글(삼프로TV·슈카월드),yt_comment,유튜브 댓글,슈카월드,2주 전,1,5Rhtr2hJ0us,,29,a6af803998f8,법적처벌 빡센 미국에서도 계란값 담합이 일어났는데..
DM-004423,raw_youtube.csv,727,crawler_youtube.py,유튜브 댓글(삼프로TV·슈카월드),yt_comment,유튜브 댓글,슈카월드,2주 전,1,5Rhtr2hJ0us,,49,ab00ece7e73a,@밀롱가-t5q  도덕으로 나라운영은 안되지 사회주의국가도 아니고 자본주의 국가에서;;;
DM-004424,raw_youtube.csv,728,crawler_youtube.py,유튜브 댓글(삼프로TV·슈카월드),yt_comment,유튜브 댓글,슈카월드,2주 전,7,5Rhtr2hJ0us,,63,2134f56a50e5,"@venusalen-p4o  도덕을 등한시하니까 다 개판인 거지, 애초에 사회주의와 자본주의는 도덕과 관련이 없음"
DM-004425,raw_youtube.csv,729,crawler_youtube.py,유튜브 댓글(삼프로TV·슈카월드),yt_comment,유튜브 댓글,슈카월드,2주 전,1,5Rhtr2hJ0us,,149,5dc1f4f301b1,@venusalen-p4o  도덕이라는 말랑말랑한 단어를 사용하니까 거부감이 드나 보군요. '모럴 해저드' 라고 근사한 단어를  쓰면 마음이 더 편해지실까요? 음...  완전 같은 의미도 아니기도 하고... 그게 보통 '도덕적' 해이라고 번역되는 건 잠깐 무시하고요.
DM-004426,raw_youtube.csv,730,crawler_youtube.py,유튜브 댓글(삼프로TV·슈카월드),yt_comment,유튜브 댓글,슈카월드,2주 전,0,5Rhtr2hJ0us,,101,5c1bedb0c87f,​ @부계정-v5i 사회주의와 자본주의와는 관련 없겠지만 기업은 도덕을 따지는 단체가 아님 효율만 나온다면 애들도 가져다 쓰는게 기업임  기업한테 도덕적인 책임을 바라는게 이상한거임
DM-004427,raw_youtube.csv,731,crawler_youtube.py,유튜브 댓글(삼프로TV·슈카월드),yt_comment,유튜브 댓글,슈카월드,2주 전,1,5Rhtr2hJ0us,,67,d95bbb7fe8a4,@밀롱가-t5q  ? 당연히 국회의원들을 욕해야 하는거 아님? 법을 제대로 안만들고 있으니까? 왠 정유사 도덕을 운운함?
DM-004428,raw_youtube.csv,732,crawler_youtube.py,유튜브 댓글(삼프로TV·슈카월드),yt_comment,유튜브 댓글,슈카월드,2주 전,3,5Rhtr2hJ0us,,115,3d11cc333a17,​ @로오댕 '독점규제 및 공정거래에 관한 법률'이 작동하고 그 법에 의해 제제 당하고 있는 현장을 목격하고 계십니다. 이 법이 없다면 봉이 김선달이 담합과 독과점으로 경제를 쥐고 흔드는 현상이 지속됐겠죠.
DM-004429,raw_youtube.csv,733,crawler_youtube.py,유튜브 댓글(삼프로TV·슈카월드),yt_comment,유튜브 댓글,슈카월드,2주 전,0,5Rhtr2hJ0us,,70,cf29f68ead7a,​ @GoBoSeong 그 법이 있으나 마나 하니까 하는 말이잖아요? 법를 고치는 것도 국회의원이 할 일인데 안하고 있잖아요?
DM-004430,raw_youtube.csv,734,crawler_youtube.py,유튜브 댓글(삼프로TV·슈카월드),yt_comment,유튜브 댓글,슈카월드,2주 전,0,5Rhtr2hJ0us,,102,ed73d5726884,​ @로오댕 논점은 둘다 욕해야 마땅하다는건데 왜 정유사쪽은 욕 안하고 나라 욕만 하냐는거죠 조두순 죄질에 비해 솜방망이 처벌 당했을때 조두순 욕을 안하는건 이상한게 맞잖슴? 그런거임
DM-004431,raw_youtube.csv,735,crawler_youtube.py,유튜브 댓글(삼프로TV·슈카월드),yt_comment,유튜브 댓글,슈카월드,2주 전,0,5Rhtr2hJ0us,,50,a27677fabfe3,​ @로오댕 기름집한테 검은돈 안먹은 국개의원 찾기가 어려울듯 ㅋㅋ 이러니 관행이 이어지지
DM-004432,raw_youtube.csv,736,crawler_youtube.py,유튜브 댓글(삼프로TV·슈카월드),yt_comment,유튜브 댓글,슈카월드,2주 전,2,5Rhtr2hJ0us,,196,edd83d663754,"@로오댕  범죄가 일어났을 때, 범죄자를 욕해선 절대 안 되나요? 아무튼 나라 탓이니까? 욕 먹을 상황에서 욕하는 사람을 비난하는 건, 사실상 옹호 행위에 가깝습니다. 법이 미흡하다는 님의 주장은 물론 옳죠. 하지만, 거기에 정유사를 사실상 옹호하는 의견까지 덧붙여진 순간, 님은 '법적으로 큰 문제가 아니니, 쟤들은 옳다!' 라고 주장하는 셈입니다."
DM-004433,raw_youtube.csv,737,crawler_youtube.py,유튜브 댓글(삼프로TV·슈카월드),yt_comment,유튜브 댓글,슈카월드,2주 전,0,5Rhtr2hJ0us,,97,a1513b07c622,​@구구-s9s아니 정유사는 당연히 욕 처먹어야 하는거고 그건 그냥 인간은 숨을 쉰다 급이니까 굳이 말 할 필요 없으니까 쟤들이 저러고 다닐 수 있게 방치하는 국회을 욕해야지
DM-004434,raw_youtube.csv,738,crawler_youtube.py,유튜브 댓글(삼프로TV·슈카월드),yt_comment,유튜브 댓글,슈카월드,2주 전,0,5Rhtr2hJ0us,,78,7d5613de776f,@로오댕  ㅋㅋㅋ 이제까지 정유사들이 실컷 해먹다가 이제와서 잡은건데 지금 현 국회의원 욕을 하는게 말이됨? 이제라도 잡았으면 잘한거아니야?
DM-004435,raw_youtube.csv,739,crawler_youtube.py,유튜브 댓글(삼프로TV·슈카월드),yt_comment,유튜브 댓글,슈카월드,2주 전(수정됨),0,5Rhtr2hJ0us,,136,f65fceda7667,​@qweryyrchj 인간의 이기심의 극치는 기업을 통해 볼수있음  무슨말을 하고싶은지는 모르겠지만 법 위에 도덕적으로 살수 있는거지 도덕 위에 법으로 살수는 없다고 생각함 도덕적이지 못한건 모든 기업이 다 그럼 법으로 그 통제를 해야하는거지
DM-004436,raw_youtube.csv,740,crawler_youtube.py,유튜브 댓글(삼프로TV·슈카월드),yt_comment,유튜브 댓글,슈카월드,2주 전,1,5Rhtr2hJ0us,,159,58508971fb8d,"@venusalen-p4o  기업윤리라는 말이 있음  상식적으로 기업이 윤리를 지키지 않는 것이 이상한 거지, 이윤을 추구한다고 윤리를 저버려도 된다는 건…  기업이 본래 악한 존재라면 왜 사회가 이를 용인하겠음? 이런 말이야말로 아무리 좋게 말해도 자본주의를 필요악이라 보는 시선이지"
DM-004437,raw_youtube.csv,741,crawler_youtube.py,유튜브 댓글(삼프로TV·슈카월드),yt_comment,유튜브 댓글,슈카월드,2주 전,0,5Rhtr2hJ0us,,154,7d4801ad0541,"​ @부계정-v5i  르네상스 이후부터 기업들이 어떻게 자리잡았는지, 대기업들이 어떻게 대기업의 지위를 유지하는지, 인건비를 어떻게 줄이는지 찾아보면 수두룩 빽빽함 기업이 원래 악한 존재라는게 아님 그냥 기업은 ㅈㄴ 효율적인길, 최고의 이득을 가져다주는 길들만 보게 태어난거임"
DM-004438,raw_youtube.csv,742,crawler_youtube.py,유튜브 댓글(삼프로TV·슈카월드),yt_comment,유튜브 댓글,슈카월드,2주 전,5,5Rhtr2hJ0us,,8,3ab7609f8de2,줄빠따 순서ㅋㅋ
DM-004439,raw_youtube.csv,743,crawler_youtube.py,유튜브 댓글(삼프로TV·슈카월드),yt_comment,유튜브 댓글,슈카월드,2주 전,0,5Rhtr2hJ0us,,15,6bc26806e52f,먼저맞는매도 더 낫다 사실판
DM-004440,raw_youtube.csv,744,crawler_youtube.py,유튜브 댓글(삼프로TV·슈카월드),yt_comment,유튜브 댓글,슈카월드,2주 전,1,5Rhtr2hJ0us,,29,6245c2a6af46,결국은 소비자가 세금을 더 낸것과 다를게 없는 wwe
DM-004441,raw_youtube.csv,745,crawler_youtube.py,유튜브 댓글(삼프로TV·슈카월드),yt_comment,유튜브 댓글,슈카월드,2주 전,0,5Rhtr2hJ0us,,11,787c5d662537,담합에 진심인 유튜버
DM-004442,raw_youtube.csv,746,crawler_youtube.py,유튜브 댓글(삼프로TV·슈카월드),yt_comment,유튜브 댓글,슈카월드,3주 전,802,FNT-gOjT8Kw,,28,be6f100a0693,이건 진짜 우리나라 얘기랑 다르잖아 ㅋㅋㅋㅋㅋㅋㅋㅋ
DM-004443,raw_youtube.csv,747,crawler_youtube.py,유튜브 댓글(삼프로TV·슈카월드),yt_comment,유튜브 댓글,슈카월드,3주 전,936,FNT-gOjT8Kw,,55,1a9fef527990,근데 자꾸 땅넓다고 하는데 지금 한국도 지방에 노는 땅 많은데 거기 가서 살라하면 안살잖아요..ㅋㅋ
DM-004444,raw_youtube.csv,748,crawler_youtube.py,유튜브 댓글(삼프로TV·슈카월드),yt_comment,유튜브 댓글,슈카월드,3주 전,7,FNT-gOjT8Kw,,143,f2781a4192eb,"재밌고 유익한 영상들 잘 보고 있습니다. 요즘 동식물이나 역사 컨텐츠가 없어서 서운합니다 워낙 이슈들이 많이 터지다보니 중요한 주제들만으로도 이미 차고넘치겠지만, 기회가 될 때 스트레스 없이 부담 없이 볼 수 있는 영상도 올려주시면 좋겠습니다!! 감사합니다"
DM-004445,raw_youtube.csv,749,crawler_youtube.py,유튜브 댓글(삼프로TV·슈카월드),yt_comment,유튜브 댓글,슈카월드,3주 전,1,FNT-gOjT8Kw,,13,3f77d68af997,좋은 내용 감사합니다 ❤
DM-004446,raw_youtube.csv,750,crawler_youtube.py,유튜브 댓글(삼프로TV·슈카월드),yt_comment,유튜브 댓글,슈카월드,3주 전,7,FNT-gOjT8Kw,,26,01e2fa09ab06,12:32 알아! 를 여기서 들을 줄은.. 😂😂
DM-004447,raw_youtube.csv,751,crawler_youtube.py,유튜브 댓글(삼프로TV·슈카월드),yt_comment,유튜브 댓글,슈카월드,3주 전,10,FNT-gOjT8Kw,,201,d9f4bb934ab5,단독주책을 살면서도 옆집 사람이 마음에 안들면 그 집을 사버려서 비워둘 정도로 프라이버시에 민감한 미국인들에게 한국식 아파트는 진입징벽이 너무 높음 뉴욕이나 샌프란에 아파트 많은데 뭐가 문제냐 할텐데 미국은 같은 나라라도 생활습관이 천차만별임 평생을 한적한 단독주택 지역에 살았던 사람은 누구와 벽을 마주하고 같이 생활하는건 상상도 못하는 미국인이 절대 다수임
DM-004448,raw_youtube.csv,752,crawler_youtube.py,유튜브 댓글(삼프로TV·슈카월드),yt_comment,유튜브 댓글,슈카월드,3주 전(수정됨),614,FNT-gOjT8Kw,,37,2873fb49faef,우리나라같은 아파트 보급하면 홈파티중에 아래층에서 샷건 쏠수도...
DM-004449,raw_youtube.csv,753,crawler_youtube.py,유튜브 댓글(삼프로TV·슈카월드),yt_comment,유튜브 댓글,슈카월드,3주 전(수정됨),0,FNT-gOjT8Kw,,57,30fda7354647,듣다가 잠들어서 3번째 듣는중..  항상 감사합니다. 스포티파이 팟캐스트도 더 올라왔으면 좋겠어요...
DM-004450,raw_youtube.csv,754,crawler_youtube.py,유튜브 댓글(삼프로TV·슈카월드),yt_comment,유튜브 댓글,슈카월드,3주 전,7,FNT-gOjT8Kw,,76,043c45973b2e,"기본적인 도덕성, 치안 이 두가지가 한국하고 외국하고 달라도 너무 다릅니다 막말로 저런 공공거주 지역에서는 총기사건 나면 헬게이트 열려요"
DM-004451,raw_youtube.csv,755,crawler_youtube.py,유튜브 댓글(삼프로TV·슈카월드),yt_comment,유튜브 댓글,슈카월드,3주 전,437,FNT-gOjT8Kw,,78,28f9c2d92a7d,결국 저런 문화적으로 보이는 부분도 파고들어가면 현실적인 문제가 있다는.. 일본 경차 선호도 작은걸 선호하는 문화가 아니라 자동차세 때문이죠
DM-004452,raw_youtube.csv,756,crawler_youtube.py,유튜브 댓글(삼프로TV·슈카월드),yt_comment,유튜브 댓글,슈카월드,3일 전,2,FNT-gOjT8Kw,,61,d2180c99b083,8:20 와.... 진짜 푸른 공간이 함께 하는 집들과 아파트만 빽빽이 채워진 공간을 비교하니 숨이 막힙니다.
DM-004453,raw_youtube.csv,757,crawler_youtube.py,유튜브 댓글(삼프로TV·슈카월드),yt_comment,유튜브 댓글,슈카월드,3주 전,6,FNT-gOjT8Kw,,56,d6adecf612dc,"그럼 엘리베이터 유지,수리 하는 비용도 엄청 비싸고 그러면 월세도 같이 올라가는게 당연하게 대고 ,,"
DM-004454,raw_youtube.csv,758,crawler_youtube.py,유튜브 댓글(삼프로TV·슈카월드),yt_comment,유튜브 댓글,슈카월드,3주 전,5,FNT-gOjT8Kw,,27,8ceeb53550f6,아파트 져서 저기는 바로 층간소음나면 총이여 건법
DM-004455,raw_youtube.csv,759,crawler_youtube.py,유튜브 댓글(삼프로TV·슈카월드),yt_comment,유튜브 댓글,슈카월드,3주 전,0,FNT-gOjT8Kw,,19,03c881d5d572,슈카형 서킷브레이크 또 터졌어🎉🎉😂
DM-004456,raw_youtube.csv,760,crawler_youtube.py,유튜브 댓글(삼프로TV·슈카월드),yt_comment,유튜브 댓글,슈카월드,3주 전,26,FNT-gOjT8Kw,,29,adef6bc97e20,저기 아파트 보급률 높아지면 밤낯으로 총소리 엄청날듯
DM-004457,raw_youtube.csv,761,crawler_youtube.py,유튜브 댓글(삼프로TV·슈카월드),yt_comment,유튜브 댓글,슈카월드,3주 전,31,FNT-gOjT8Kw,,17,b5819ffdf0b6,귀족노조 근원이 미국인거 모르냐
DM-004458,raw_youtube.csv,762,crawler_youtube.py,유튜브 댓글(삼프로TV·슈카월드),yt_comment,유튜브 댓글,슈카월드,3주 전,15,FNT-gOjT8Kw,,44,c6a56b7379a1,그렇네..옛날에는 왜 미국에 아파트를 안 짓나 생각했는데 저기는 '총'이 있구나
DM-004459,raw_youtube.csv,763,crawler_youtube.py,유튜브 댓글(삼프로TV·슈카월드),yt_comment,유튜브 댓글,슈카월드,3주 전,2,FNT-gOjT8Kw,,24,64ed340a3fb7,"12:33 ???: ""알아"" (대충 그브금)"
DM-004460,raw_youtube.csv,764,crawler_youtube.py,유튜브 댓글(삼프로TV·슈카월드),yt_comment,유튜브 댓글,슈카월드,3주 전,6,FNT-gOjT8Kw,,56,a531e6370de2,우리나라 택시들과 엘레베이터 노조를 보니  대부분의 사람들은 서서히 말라죽기를 택하는 경향이 있는건가
DM-004461,raw_youtube.csv,765,crawler_youtube.py,유튜브 댓글(삼프로TV·슈카월드),yt_comment,유튜브 댓글,슈카월드,3주 전,31,FNT-gOjT8Kw,불안·공포,24,1afd7e5ff648,근데 층간소음으로 총격일어날까봐 좀 무섭긴함
DM-004462,raw_youtube.csv,766,crawler_youtube.py,유튜브 댓글(삼프로TV·슈카월드),yt_comment,유튜브 댓글,슈카월드,3주 전,7,FNT-gOjT8Kw,,125,25fae255ac12,미국 동포인데 엘에이 공항 착륙 직전에 엘에이 시를 보시면 아파트가 거의 없고 60년대 1/2층 자택 밖에 없어서 심각하죠. 그리고 부유층 지역은 절대로 15층 아파트 못 짓게 법안을 만들죠. 아파트= 내 집 가치가 떨어진다
DM-004463,raw_youtube.csv,767,crawler_youtube.py,유튜브 댓글(삼프로TV·슈카월드),yt_comment,유튜브 댓글,슈카월드,3주 전,2,FNT-gOjT8Kw,,9,f045aae23b3b,1:28 1:31
DM-004464,raw_youtube.csv,768,crawler_youtube.py,유튜브 댓글(삼프로TV·슈카월드),yt_comment,유튜브 댓글,슈카월드,3주 전,5,FNT-gOjT8Kw,,30,aae4b5c567b3,어디든 노조묻으면 나락가던데 우리나라 요즘 진짜 힘드네
DM-004465,raw_youtube.csv,769,crawler_youtube.py,유튜브 댓글(삼프로TV·슈카월드),yt_comment,유튜브 댓글,슈카월드,2주 전,2,FNT-gOjT8Kw,,15,be010cf4d413,@I9얏둉저장소7Rp4 닉값
DM-004466,raw_youtube.csv,770,crawler_youtube.py,유튜브 댓글(삼프로TV·슈카월드),yt_comment,유튜브 댓글,슈카월드,3주 전,4,FNT-gOjT8Kw,,41,4e3d63a08c34,@I9얏둉저장소7Rp4  그럼 노조가 없는 중국은 지금 경제 대호황중? ㅋ
DM-004467,raw_youtube.csv,771,crawler_youtube.py,유튜브 댓글(삼프로TV·슈카월드),yt_comment,유튜브 댓글,슈카월드,3주 전,4,FNT-gOjT8Kw,,55,fa3b9d950d10,아니 니네 하고픈 아무말 쓸거면 일기장에 쓰라고ㅋㅋㅋ 왜 굳이 남의 영상 댓글에 쓰는건데ㅋㅋㅋㅋㅋㅋ
DM-004468,raw_youtube.csv,772,crawler_youtube.py,유튜브 댓글(삼프로TV·슈카월드),yt_comment,유튜브 댓글,슈카월드,3주 전,13,FNT-gOjT8Kw,,57,b7d302151e49,​ @캡틴토마토  아침에 일어나서 양치를 하고 냉면 육수랑 라면사리로 냉면을 만들어 먹었다. 맛있었다.
DM-004469,raw_youtube.csv,773,crawler_youtube.py,유튜브 댓글(삼프로TV·슈카월드),yt_comment,유튜브 댓글,슈카월드,3주 전,25,FNT-gOjT8Kw,,14,71041ebf0c88,@캡틴토마토  어디 아픔?
DM-004470,raw_youtube.csv,774,crawler_youtube.py,유튜브 댓글(삼프로TV·슈카월드),yt_comment,유튜브 댓글,슈카월드,2주 전,4,FNT-gOjT8Kw,,27,56a7bc30a049,@andrewkim2591  우리보다 호황이긴 함
DM-004471,raw_youtube.csv,775,crawler_youtube.py,유튜브 댓글(삼프로TV·슈카월드),yt_comment,유튜브 댓글,슈카월드,2주 전,4,FNT-gOjT8Kw,,46,6119ddc96d13,@junyoungjung9345  노조 파워가 강한 미국은 개발도상국 됐겠네 ㅋㅋㅋ
DM-004472,raw_youtube.csv,776,crawler_youtube.py,유튜브 댓글(삼프로TV·슈카월드),yt_comment,유튜브 댓글,슈카월드,3주 전,124,FNT-gOjT8Kw,,46,e500e3a9c9bc,"이게 맞는 말임. 뉴욕, 샌프란 같은 곳 땅 너무 좁아 사람들이 바다에 빠질지경임."
DM-004473,raw_youtube.csv,777,crawler_youtube.py,유튜브 댓글(삼프로TV·슈카월드),yt_comment,유튜브 댓글,슈카월드,3주 전,27,FNT-gOjT8Kw,,41,df6ae3fc93a6,​ @MCMLXXV-MMX 게다가 집값 땜에 절대 고층아파트도 못 짓게 함
DM-004474,raw_youtube.csv,778,crawler_youtube.py,유튜브 댓글(삼프로TV·슈카월드),yt_comment,유튜브 댓글,슈카월드,3주 전,26,FNT-gOjT8Kw,,31,3f4dafca5a6c,하이퍼루프 만들어달라고 ㅋㅋ 그럼 가서 살거라고 아 ㅋㅋ
DM-004475,raw_youtube.csv,779,crawler_youtube.py,유튜브 댓글(삼프로TV·슈카월드),yt_comment,유튜브 댓글,슈카월드,2주 전,1,FNT-gOjT8Kw,,27,ec88f6cd01da,​@Madwalker-ca(교통비 월 200만원)
DM-004476,raw_youtube.csv,780,crawler_youtube.py,유튜브 댓글(삼프로TV·슈카월드),yt_comment,유튜브 댓글,슈카월드,3주 전,6,FNT-gOjT8Kw,,25,5d83cca515d4,​@Madwalker-ca요금ktx5배라도요?
DM-004477,raw_youtube.csv,781,crawler_youtube.py,유튜브 댓글(삼프로TV·슈카월드),yt_comment,유튜브 댓글,슈카월드,3주 전,136,FNT-gOjT8Kw,,85,2b320ea4bbe6,지방가면 미분양 아파트 천지빼깔임. 근데 아무도 안 삼. 일자리도 없고 인프라도 후지니까. 미국도 똑같음. 일자리는 다 도시에 있고 인프라도 마찬가지임.
DM-004478,raw_youtube.csv,782,crawler_youtube.py,유튜브 댓글(삼프로TV·슈카월드),yt_comment,유튜브 댓글,슈카월드,3주 전,1,FNT-gOjT8Kw,,50,b5ab3ab81266,​ @ohwilliam8517  맞아요 미분양 많긴 하죠.. 지방도 지방 나름이라지만 ..
DM-004479,raw_youtube.csv,783,crawler_youtube.py,유튜브 댓글(삼프로TV·슈카월드),yt_comment,유튜브 댓글,슈카월드,3주 전,24,FNT-gOjT8Kw,,39,8921684948d1,​ @ohwilliam8517 지방도 조금만 도심으로 가면 6억 시작임
DM-004480,raw_youtube.csv,784,crawler_youtube.py,유튜브 댓글(삼프로TV·슈카월드),yt_comment,유튜브 댓글,슈카월드,3주 전,3,FNT-gOjT8Kw,,25,dd5739b66237,@ohwilliam8517 지방 미분양도 비쌈
DM-004481,raw_youtube.csv,785,crawler_youtube.py,유튜브 댓글(삼프로TV·슈카월드),yt_comment,유튜브 댓글,슈카월드,3주 전,2,FNT-gOjT8Kw,,46,d69d0d8c353d,엄청 지방까지 갈 필요도 없음 경기남부 평택만 봐도 저렴하고 살기좋은 매물 차고넘침
DM-004482,raw_youtube.csv,786,crawler_youtube.py,유튜브 댓글(삼프로TV·슈카월드),yt_comment,유튜브 댓글,슈카월드,3주 전,0,FNT-gOjT8Kw,,1,2d14ab97cc3d,;
DM-004483,raw_youtube.csv,787,crawler_youtube.py,유튜브 댓글(삼프로TV·슈카월드),yt_comment,유튜브 댓글,슈카월드,3주 전,0,FNT-gOjT8Kw,,23,aa1a72948a75,헛똑똑 여기다가 따봉 넣으준사람들 반성해라
DM-004484,raw_youtube.csv,788,crawler_youtube.py,유튜브 댓글(삼프로TV·슈카월드),yt_comment,유튜브 댓글,슈카월드,9일 전,0,FNT-gOjT8Kw,,77,fedcb22dc552,의료기관만 제대로 되면 지방 시골에서 살 의향 있음 근데 그게 안되니깐 문제 다른 인프라는 다 참을 수 있어도 의료기관은 타협할만것도 아님
DM-004485,raw_youtube.csv,789,crawler_youtube.py,유튜브 댓글(삼프로TV·슈카월드),yt_comment,유튜브 댓글,슈카월드,5일 전(수정됨),0,FNT-gOjT8Kw,,54,deba992c4754,인프라가 잘 안돼있잖아요 ㅋㅋ 그나마 경기도면 몰라도.. 광역시마저 광주나 대구 이런 곳은 처참함
DM-004486,raw_youtube.csv,790,crawler_youtube.py,유튜브 댓글(삼프로TV·슈카월드),yt_comment,유튜브 댓글,슈카월드,3주 전,11,FNT-gOjT8Kw,,48,23b95b9080da,일자리랑 인프라만 만들어 주면 충분히 분산되는데 일단 광역시 급에라도 좀 분산시켜줘야함
DM-004487,raw_youtube.csv,791,crawler_youtube.py,유튜브 댓글(삼프로TV·슈카월드),yt_comment,유튜브 댓글,슈카월드,3주 전,2,FNT-gOjT8Kw,,92,a6f4aaa0c76b,​ @화이팅-g9v  이미 늦음. 수도권에 집중되어 있어서 인프라도 기업도 다 수도권에 있는데 어캐함. 그 인프라는 어디서 따오고 기업 유치 행정 다 돈 인데 ...
DM-004488,raw_youtube.csv,792,crawler_youtube.py,유튜브 댓글(삼프로TV·슈카월드),yt_comment,유튜브 댓글,슈카월드,3주 전,1,FNT-gOjT8Kw,,48,6c9a42a82e49,@화이팅-g9v  왜? 그렇게 해야해? 이런건 누구나 생각하지 먼가 문제가 있지않을가요
DM-004489,raw_youtube.csv,793,crawler_youtube.py,유튜브 댓글(삼프로TV·슈카월드),yt_comment,유튜브 댓글,슈카월드,3주 전,7,FNT-gOjT8Kw,,24,ef51fb6a985c,미국은 재택근무 비중이 한국보다 높은거로 암
DM-004490,raw_youtube.csv,794,crawler_youtube.py,유튜브 댓글(삼프로TV·슈카월드),yt_comment,유튜브 댓글,슈카월드,3주 전,3,FNT-gOjT8Kw,,36,0c713ede9021,@taijjun3320 암? 그런식으로 요즈 말하면 잘못된걸로 암
DM-004491,raw_youtube.csv,795,crawler_youtube.py,유튜브 댓글(삼프로TV·슈카월드),yt_comment,유튜브 댓글,슈카월드,3주 전,6,FNT-gOjT8Kw,,42,c9ae7422ba3d,살고싶은집 달라했음?  더 레버리지 당겨서 가격이 오를 투자상품을 원하는거지
DM-004492,raw_youtube.csv,796,crawler_youtube.py,유튜브 댓글(삼프로TV·슈카월드),yt_comment,유튜브 댓글,슈카월드,3주 전,5,FNT-gOjT8Kw,,85,3dfb2266fd3a,20년쯤뒤에 모든차가 통합 자율주행시스템으로 운영된다면 출퇴근시 차에서 자거나 쉬거나 씻을 수 있어서 충남 충북 강원까지 생활반경 넓어질지도 모르죠ㅎㅎㅎ
DM-004493,raw_youtube.csv,797,crawler_youtube.py,유튜브 댓글(삼프로TV·슈카월드),yt_comment,유튜브 댓글,슈카월드,3주 전,1,FNT-gOjT8Kw,,50,2e391ed90295,@러브샷-w9z  모든사람이 다 자기 차 끌고나오면 출근시간이 3배로 늘겠는데? ㅋㅋㅋㅋㅋ
DM-004494,raw_youtube.csv,798,crawler_youtube.py,유튜브 댓글(삼프로TV·슈카월드),yt_comment,유튜브 댓글,슈카월드,3주 전,0,FNT-gOjT8Kw,,34,1bced725dcee,@러브샷-w9z  차에서 자고 씻고 다할거면 집을 뭐하러 사요
DM-004495,raw_youtube.csv,799,crawler_youtube.py,유튜브 댓글(삼프로TV·슈카월드),yt_comment,유튜브 댓글,슈카월드,3주 전,0,FNT-gOjT8Kw,,41,4671951a264b,@러브샷-w9z  이게 정답 모르죠 일어나지 않을일을 왜벌써 ㅈㄹ 병이야~
DM-004496,raw_youtube.csv,800,crawler_youtube.py,유튜브 댓글(삼프로TV·슈카월드),yt_comment,유튜브 댓글,슈카월드,3주 전,4,FNT-gOjT8Kw,,27,61f4cd354961,거기가서 살고 싶음. 근데 거기엔 일자리가 없자너
DM-004497,raw_youtube.csv,801,crawler_youtube.py,유튜브 댓글(삼프로TV·슈카월드),yt_comment,유튜브 댓글,슈카월드,3주 전,0,FNT-gOjT8Kw,,212,274590933efa,"​ @souprain541 그쵸. 저도 지방살고, 직장이 안정적이라 저렴한 신축아파트 구매해서 편하게 살면서 주변 사람들에게 지방도 살기좋다고 말하는 편입니다만, 일자리가 없으면 말짱황이지요. 설령 있다해도 그사람에게 그 일자리가 맞을지도 알수없고요.  지금까지 여러 지인에게 제 지역으로 이주를 권해보았습니다만, 두명정도만 제대로 정착했고 나머지는 일자리 찾아 다시 더나더군요."
DM-004498,raw_youtube.csv,802,crawler_youtube.py,유튜브 댓글(삼프로TV·슈카월드),yt_comment,유튜브 댓글,슈카월드,2주 전,0,FNT-gOjT8Kw,,26,c78bf977332f,@souprain541  그건 살고 싶지않은거임
DM-004499,raw_youtube.csv,803,crawler_youtube.py,유튜브 댓글(삼프로TV·슈카월드),yt_comment,유튜브 댓글,슈카월드,3주 전,3,FNT-gOjT8Kw,,71,e6b17d7dbf33,그.. 미국은 지방에 일자리와 인프라가 넘치냐고요..ㅋㅋㅋㅋ 조금만 생각해보세요. 왜 지방에 자꾸 제조업 만들어달라고 협박하는지
DM-004500,raw_youtube.csv,804,crawler_youtube.py,유튜브 댓글(삼프로TV·슈카월드),yt_comment,유튜브 댓글,슈카월드,3주 전,1,FNT-gOjT8Kw,,37,52341b4621fd,샌프란 거의 2층이잖아요. (미국 가족 있음) 용적률 올려!!!!!
DM-004501,raw_youtube.csv,805,crawler_youtube.py,유튜브 댓글(삼프로TV·슈카월드),yt_comment,유튜브 댓글,슈카월드,3주 전,1,FNT-gOjT8Kw,,129,8c65ef50dd4d,무주택자들은 진짜 이 말이 뭔 말인지 이해를 못해요 ㅋㅋㅋ 살(live) 만한 신축 아파트 신도시에 공급 터지도록 많은데 살 (buy) 만한 아파트는 애초에 부족한게 정상인 상황인걸 인지부조화와서 인정을 못하고 집값 잡아달라함 ㅋㅋ
DM-004502,raw_youtube.csv,806,crawler_youtube.py,유튜브 댓글(삼프로TV·슈카월드),yt_comment,유튜브 댓글,슈카월드,3주 전,0,FNT-gOjT8Kw,,3,e3167d130637,똑소리
DM-004503,raw_youtube.csv,807,crawler_youtube.py,유튜브 댓글(삼프로TV·슈카월드),yt_comment,유튜브 댓글,슈카월드,3주 전,0,FNT-gOjT8Kw,,11,9731ca9066cd,한국시골도 집값 높음
DM-004504,raw_youtube.csv,808,crawler_youtube.py,유튜브 댓글(삼프로TV·슈카월드),yt_comment,유튜브 댓글,슈카월드,3주 전,0,FNT-gOjT8Kw,,52,61499efd06f5,미국은 한국처럼 대도시에 모여사는 곳이 아니에요 ㅋㅋ 대도시 인구비율이 한국보다 훨씬 낮습니다
DM-004505,raw_youtube.csv,809,crawler_youtube.py,유튜브 댓글(삼프로TV·슈카월드),yt_comment,유튜브 댓글,슈카월드,3주 전,0,FNT-gOjT8Kw,,18,a5f0791c1cf7,차라리 한국정도면 괜찮음 ㅋㅋㅋㅋ
DM-004506,raw_youtube.csv,810,crawler_youtube.py,유튜브 댓글(삼프로TV·슈카월드),yt_comment,유튜브 댓글,슈카월드,3주 전,0,FNT-gOjT8Kw,,26,1072ec9fcaf4,이런말 하는애들이 멍청 ㅋㅋㅋ 인프라는일자리??
DM-004507,raw_youtube.csv,811,crawler_youtube.py,유튜브 댓글(삼프로TV·슈카월드),yt_comment,유튜브 댓글,슈카월드,3주 전(수정됨),2,FNT-gOjT8Kw,,133,d3ee3b202c79,@김사랑-j3s  근데 도로정체의 원인 차가 많은것도 문제지만 끼어들기같은 운전 습관이 도로정체를 유발함. 모든차들이 자율주행보다 더 나아가 유기적으로 움직이면 도로정체도 지금보다 줄어들수 있음. 그럼 제한속도도 지금보다 높일수도 있을테고
DM-004508,raw_youtube.csv,812,crawler_youtube.py,유튜브 댓글(삼프로TV·슈카월드),yt_comment,유튜브 댓글,슈카월드,3주 전,0,FNT-gOjT8Kw,,61,ef5f5e0fe4af,​ @swframe347  오 이것도 꽤 좋은 통찰일지도 모름 기술과 환경이바뀌면 차가 집이될 수 있지않을까?
DM-004509,raw_youtube.csv,813,crawler_youtube.py,유튜브 댓글(삼프로TV·슈카월드),yt_comment,유튜브 댓글,슈카월드,3주 전,4,FNT-gOjT8Kw,,200,3cff74a4a451,​ @밀비-t3t 그래서 반독립해야함. 수도권만 대한민국이고 나머지는 동남아 오지취급이니 지방은 대한민국 아니니... 그래서  미국처럼 연방제 국가가되어. 수도권주. 지방연합주 분리되어  독자적인법가진 특색있게 가야한다고봄. 그게 좋죠? 수도권분들도? 우리지방사람들도  우리지방에서 사업돈벌어서 수도권으로  쭉쭉가는거보면 기분나쁘거든요... 그래서 갈라져야함
DM-004510,raw_youtube.csv,814,crawler_youtube.py,유튜브 댓글(삼프로TV·슈카월드),yt_comment,유튜브 댓글,슈카월드,3주 전(수정됨),0,FNT-gOjT8Kw,,77,3391de0ffa39,​@lee-rf2eu 그...그런다고 수도권에 있는 인프라가 다른데로 올까요? 아니면 인프라가 생길까요? 그인프라 만들 돈은 어디서....
DM-004511,raw_youtube.csv,815,crawler_youtube.py,유튜브 댓글(삼프로TV·슈카월드),yt_comment,유튜브 댓글,슈카월드,1일 전,0,FNT-gOjT8Kw,,39,311889af1d67,@orange3808  평택 저렴한 곳 ㅋㅋㅋㅋ살아봄? 축사냄새 오진다
DM-004512,raw_youtube.csv,816,crawler_youtube.py,유튜브 댓글(삼프로TV·슈카월드),yt_comment,유튜브 댓글,슈카월드,3주 전,0,FNT-gOjT8Kw,,54,271559244b51,​ @orange3808 저렴하고 살기좋다는 뭐다? 집값이 안오르는동네다라는뜻. 그건 무슨뜻이다?
DM-004513,raw_youtube.csv,817,crawler_youtube.py,유튜브 댓글(삼프로TV·슈카월드),yt_comment,유튜브 댓글,슈카월드,12일 전,0,FNT-gOjT8Kw,,46,83a1ce901750,@elkein99 무슨 뜻인데? 뭐 대단한 비밀이라도 있어? 그런데 띄어쓰기 몰라?
DM-004514,raw_youtube.csv,818,crawler_youtube.py,유튜브 댓글(삼프로TV·슈카월드),yt_comment,유튜브 댓글,슈카월드,3주 전,0,FNT-gOjT8Kw,,49,8f4a132c1653,​ @user-kl7sh7nw4m  광역시급 지방이 아니라 진짜 시 이름만 달고 있는 곳
DM-004515,raw_youtube.csv,819,crawler_youtube.py,유튜브 댓글(삼프로TV·슈카월드),yt_comment,유튜브 댓글,슈카월드,2주 전,3,FNT-gOjT8Kw,,57,e97a3ce2d7e6,@ACE-sw2sp   진짜 그냥 시인데도 5억 6억 넘침. 그 아래로 가려면 군 수준으로 낮춰야 함.
DM-004516,raw_youtube.csv,820,crawler_youtube.py,유튜브 댓글(삼프로TV·슈카월드),yt_comment,유튜브 댓글,슈카월드,2주 전,0,FNT-gOjT8Kw,,57,25fc70362368,​ @seyoscar 경기도권 시 말씀이신지요? 시 이름만 달고 있는 곳에 6억짜리 못봤는데 어딜까요?
DM-004517,raw_youtube.csv,821,crawler_youtube.py,유튜브 댓글(삼프로TV·슈카월드),yt_comment,유튜브 댓글,슈카월드,2주 전,0,FNT-gOjT8Kw,,20,3265e3abf003,펜트하우스나 대형평수 말고 국평으로요
DM-004518,raw_youtube.csv,822,crawler_youtube.py,유튜브 댓글(삼프로TV·슈카월드),yt_comment,유튜브 댓글,슈카월드,2주 전,4,FNT-gOjT8Kw,,85,7386237963a9,@ACE-sw2sp   그냥 천안만 가도 84타입 기본 6억이 넘네요. 아니면 뭐 30년 넘은 구축은 싸다 이런 말씀 하시려는 거면 뭐. 할 말 없구요.
DM-004519,raw_youtube.csv,823,crawler_youtube.py,유튜브 댓글(삼프로TV·슈카월드),yt_comment,유튜브 댓글,슈카월드,2주 전,1,FNT-gOjT8Kw,,63,72f1d67e31ce,​ @seyoscar  천안을 들고 오시면 ㅋㅋ... 거기는 천안 아산 합하면 100만이에요. 거의 광역시급이죠.
DM-004520,raw_youtube.csv,824,crawler_youtube.py,유튜브 댓글(삼프로TV·슈카월드),yt_comment,유튜브 댓글,슈카월드,2주 전,3,FNT-gOjT8Kw,,92,6e993d93de05,@ACE-sw2sp  군산 정도까지 내려가니까 84타입 4억 정도 하는군요. 현대산업개발 아이파크 같은게요. ㅋㅋㅋ 4억 정도로 내려가면 좀 만족스러운 결과이실까요?
DM-004521,raw_youtube.csv,825,crawler_youtube.py,유튜브 댓글(삼프로TV·슈카월드),yt_comment,유튜브 댓글,슈카월드,2주 전,2,FNT-gOjT8Kw,,47,6051150a470f,@ACE-sw2sp   아아 또 뭐 광역시급이라 거긴 또 안 되고 그래요? 알겠습니다
DM-004522,raw_youtube.csv,826,crawler_youtube.py,유튜브 댓글(삼프로TV·슈카월드),yt_comment,유튜브 댓글,슈카월드,2주 전,2,FNT-gOjT8Kw,,111,378b33a9a4e1,@ACE-sw2sp  인구가 많은데는 다 빼야하면 막 뭐 청주도 빼야하고 전주도 빼야하고 창원도 빼야하고 막 그렇겠다. 그쵸? 거긴 막 지방도 아니고 엄청나게 거대한 대도시니까요. ㅋㅋㅋㅋㅋㅋㅋㅋㅋㅋ
DM-004523,raw_youtube.csv,827,crawler_youtube.py,유튜브 댓글(삼프로TV·슈카월드),yt_comment,유튜브 댓글,슈카월드,2주 전,2,FNT-gOjT8Kw,,134,6981fe9f937a,​ @seyoscar 어디서 존나 화가 나신 건지? ㅋㅋ 님이 지방도 신축 분양 전부 6억 이상이라고 하길래 아닌 경우가 아직 많다고 했던 건데요? 지방이 꼭 비싸다고 억지 써야 하는 이유가 있으신건지? 제대로 꼴받으셨네. 좀 가라앉히세요.
DM-004524,raw_youtube.csv,828,crawler_youtube.py,유튜브 댓글(삼프로TV·슈카월드),yt_comment,유튜브 댓글,슈카월드,12일 전,0,FNT-gOjT8Kw,,35,d2f1bf03c11a,@user-kl7sh7nw4m  6억은 수도권 수준 가격이지..
DM-004525,raw_youtube.csv,829,crawler_youtube.py,유튜브 댓글(삼프로TV·슈카월드),yt_comment,유튜브 댓글,슈카월드,12일 전,0,FNT-gOjT8Kw,,49,83d44bf3240d,@seyoscar  댓글을 제대로 읽지도 않고 부다다다 달아 놓고 비아냥 거리기까지 하네
DM-004526,raw_youtube.csv,830,crawler_youtube.py,유튜브 댓글(삼프로TV·슈카월드),yt_comment,유튜브 댓글,슈카월드,11일 전(수정됨),2,FNT-gOjT8Kw,,100,a881005d46b0,"​​ @noname-o9t7w 댁은 진심 깡 시골 가셔서, 정말, 아~~~~무 것도 없는, 농사짓고 2억 미만 아파트(이름은 아파트지만 아파트가 아닌;;;)에서 사셔야 할 듯..."
DM-004527,raw_youtube.csv,831,crawler_youtube.py,유튜브 댓글(삼프로TV·슈카월드),yt_comment,유튜브 댓글,슈카월드,3주 전,0,FNT-gOjT8Kw,,22,66557714f078,@liliiliilliil 요금은 공짜야
DM-004528,raw_youtube.csv,832,crawler_youtube.py,유튜브 댓글(삼프로TV·슈카월드),yt_comment,유튜브 댓글,슈카월드,3주 전,1,FNT-gOjT8Kw,후회·손실고통,65,3d31f2e74b96,친구 손절 너무 많이하셧네요 팩트충이라는 말이 갑자기 나온게 아니에요 한번 말들어보세요 본인한테 도움이 많이 될거에요
DM-004529,raw_youtube.csv,833,crawler_youtube.py,유튜브 댓글(삼프로TV·슈카월드),yt_comment,유튜브 댓글,슈카월드,3주 전,4,FNT-gOjT8Kw,,51,1a455b1afb90,@rising_goon 집값때문이아니라 조망권 땅꺼짐 일거같네용 집값은 올라가져 높이지을수록
DM-004530,raw_youtube.csv,834,crawler_youtube.py,유튜브 댓글(삼프로TV·슈카월드),yt_comment,유튜브 댓글,슈카월드,3주 전,0,FNT-gOjT8Kw,,24,5972b9ad3c3a,@쭈밍-u2v 높이지으면 내려가겠지 친구야?
DM-004531,raw_youtube.csv,835,crawler_youtube.py,유튜브 댓글(삼프로TV·슈카월드),yt_comment,유튜브 댓글,슈카월드,3주 전,4,FNT-gOjT8Kw,,261,5d05022e06ca,​ @쭈밍-u2v 아니요 집이란건  선호도 높은게 집값이 올라가잖아요 뉴욕이런데는 높은 빌딩도 많이 올라가지만 미국인들 기본은 단독주택은 선호하거든요 그래서 못짓게  해요 우리는 이런공동주택이 빌라든 아파트든 임대도 되고 분양도 다 할수 있는데 저기는 아파트는 거의 임대에요 그러니깐 못  사는 사람들이 사는곳이란거에요 그럼 분양형 공동주택은 뭐라고 하냐 콘도나 멘션이라고 하더라구요 그런건 엄청 고급형입니다 근데 기본은 단독주택 선호고 작은 집도 못 짓게 하더라구요
DM-004532,raw_youtube.csv,836,crawler_youtube.py,유튜브 댓글(삼프로TV·슈카월드),yt_comment,유튜브 댓글,슈카월드,3주 전,62,FNT-gOjT8Kw,불안·공포,187,164240a49b11,"그렇지 않습니다. 미국도 아파트가 있긴 있죠. 그런데, 층간 소음이 심하고, 계단이 나무로 된 곳도 있어서, 올라갔다 내려갔다 하는 소리가 집안에서 다 들립니다.  그래서 서로 조심하면서 살고 있습니다. 저는 한국처럼 별 생각없이 오르락 내리락 했더니, 며칠 후 제가 살든 집 문에 조심히 계단을 이용하라는 종이 쪽지가 붙어 있더군요."
DM-004533,raw_youtube.csv,837,crawler_youtube.py,유튜브 댓글(삼프로TV·슈카월드),yt_comment,유튜브 댓글,슈카월드,3주 전,36,FNT-gOjT8Kw,,28,f450b8120c36,​ @bob_dylan_oh_yes 최후 통첩 ㄷㄷ
DM-004534,raw_youtube.csv,838,crawler_youtube.py,유튜브 댓글(삼프로TV·슈카월드),yt_comment,유튜브 댓글,슈카월드,3주 전,11,FNT-gOjT8Kw,,44,178cbfee721e,​ @bob_dylan_oh_yes 이건진짜 흘려듣다가 머리전체가 귓구멍될듯;;
DM-004535,raw_youtube.csv,839,crawler_youtube.py,유튜브 댓글(삼프로TV·슈카월드),yt_comment,유튜브 댓글,슈카월드,3주 전,9,FNT-gOjT8Kw,,25,c95b32eaae7a,애초에 아파트 에서 홈파티를 하지 말라고 ㅋㅋ
DM-004536,raw_youtube.csv,840,crawler_youtube.py,유튜브 댓글(삼프로TV·슈카월드),yt_comment,유튜브 댓글,슈카월드,3주 전,3,FNT-gOjT8Kw,,50,cd3fccd29f40,@콩가콩가-k5b   미드 보면 아파트에서 홈파티 자주 함 관리인 퇴직때도 파티하고 보내줌
DM-004537,raw_youtube.csv,841,crawler_youtube.py,유튜브 댓글(삼프로TV·슈카월드),yt_comment,유튜브 댓글,슈카월드,3주 전,2,FNT-gOjT8Kw,,6,9acfa55c28e2,폭탄이라면?
DM-004538,raw_youtube.csv,842,crawler_youtube.py,유튜브 댓글(삼프로TV·슈카월드),yt_comment,유튜브 댓글,슈카월드,3주 전,2,FNT-gOjT8Kw,,27,8afaf06c7d6b,@트리플상한가  그럼 자폭이지.... 다같이 붐!
DM-004539,raw_youtube.csv,843,crawler_youtube.py,유튜브 댓글(삼프로TV·슈카월드),yt_comment,유튜브 댓글,슈카월드,3주 전,2,FNT-gOjT8Kw,,14,1b8d1e7a47be,벅샷ㄷㄷ 천장 무너져내릴듯
DM-004540,raw_youtube.csv,844,crawler_youtube.py,유튜브 댓글(삼프로TV·슈카월드),yt_comment,유튜브 댓글,슈카월드,3주 전,20,FNT-gOjT8Kw,,7,ffec8029d706,ㅋㅋㅋㅋ ㄹㅇ
DM-004541,raw_youtube.csv,845,crawler_youtube.py,유튜브 댓글(삼프로TV·슈카월드),yt_comment,유튜브 댓글,슈카월드,3주 전,1,FNT-gOjT8Kw,,28,df651b0bfacb,샷건 쏜대도 못 뚫죠... 목조주택할 것도 아니고.
DM-004542,raw_youtube.csv,846,crawler_youtube.py,유튜브 댓글(삼프로TV·슈카월드),yt_comment,유튜브 댓글,슈카월드,3주 전,1,FNT-gOjT8Kw,,65,afc1e8fdd2bc,ㄹㅇ 장난 안까고 밑층에서 야스하는 소리가 윗층에 들린다는 소릴 아파트 형으로 된 기숙사에서 살던 친구로부터 들었음🤣
DM-004543,raw_youtube.csv,847,crawler_youtube.py,유튜브 댓글(삼프로TV·슈카월드),yt_comment,유튜브 댓글,슈카월드,3주 전(수정됨),17,FNT-gOjT8Kw,,47,bcba86040bee,경비아저씨도 방탄조끼 방탄모 총기무장 필수. 베란다 창문 샤시는 방탄유리 필수 😅😅😅
DM-004544,raw_youtube.csv,848,crawler_youtube.py,유튜브 댓글(삼프로TV·슈카월드),yt_comment,유튜브 댓글,슈카월드,3주 전,0,FNT-gOjT8Kw,,6,a07293f2a4be,이거 진짜임
DM-004545,raw_youtube.csv,849,crawler_youtube.py,유튜브 댓글(삼프로TV·슈카월드),yt_comment,유튜브 댓글,슈카월드,3주 전,3,FNT-gOjT8Kw,,45,f6141243b7fc,"​ @gsyhbak  10층 이상 올라가는 건 몰라도 3, 4층짜리는 목조가 많음"
DM-004546,raw_youtube.csv,850,crawler_youtube.py,유튜브 댓글(삼프로TV·슈카월드),yt_comment,유튜브 댓글,슈카월드,3주 전,3,FNT-gOjT8Kw,,50,331147a4d77f,@손 @손봉익-1 한국은 드라마에 나오는거 같은 삶을 사나요..? 뭔 말같지도 않은 소리야
DM-004547,raw_youtube.csv,851,crawler_youtube.py,유튜브 댓글(삼프로TV·슈카월드),yt_comment,유튜브 댓글,슈카월드,3주 전,0,FNT-gOjT8Kw,,115,183f62a8ef95,"@Jiyeons-o6s   드라마에서도 밥 먹고 결혼식, 장례식 가고 남의 집 방문하고 다 하잖아요  그거다 우리의 일상과 크게 다르지 않지요  대사나 상황이 좀 매콤하다뿐이지 삶의 형태는 크게 다르지 않다"
DM-004548,raw_youtube.csv,852,crawler_youtube.py,유튜브 댓글(삼프로TV·슈카월드),yt_comment,유튜브 댓글,슈카월드,3주 전,0,FNT-gOjT8Kw,,42,58610a1a0279,​ @Jiyeons-o6s 미국은 아파트 1도 없는줄 아나? 큰 도시에 있다
DM-004549,raw_youtube.csv,853,crawler_youtube.py,유튜브 댓글(삼프로TV·슈카월드),yt_comment,유튜브 댓글,슈카월드,3주 전,4,FNT-gOjT8Kw,,63,729f564162df,​ @Jiyeons-o6s 실제로 홈파티 진짜 많이해요. 그건 문화라서 윗층이 씨끄럽다? 홈파티 하는구나 합니다.
DM-004550,raw_youtube.csv,854,crawler_youtube.py,유튜브 댓글(삼프로TV·슈카월드),yt_comment,유튜브 댓글,슈카월드,13일 전,0,FNT-gOjT8Kw,,76,7fc60b88d5d5,@Jiyeons-o6s 미국 15년차.. 근데 홈파티 자주 하는데요..? 대신 전에 양해를 구하거나 아니면 그냥 밑층을 초대해버립니다..
DM-004551,raw_youtube.csv,855,crawler_youtube.py,유튜브 댓글(삼프로TV·슈카월드),yt_comment,유튜브 댓글,슈카월드,3주 전,66,FNT-gOjT8Kw,,49,e1bbfd43f1ed,애초에 저런 현실적인 이유들로 나타난 현상들이 쭉 계속되면 만들어지는 게 문화기도하죠ㅋㅋ
DM-004552,raw_youtube.csv,856,crawler_youtube.py,유튜브 댓글(삼프로TV·슈카월드),yt_comment,유튜브 댓글,슈카월드,3주 전,15,FNT-gOjT8Kw,,53,e345df303a24,우리나라 엔진이 1599cc인 이유 거기에 터보를 붙이는 이유도 자동차 세금이랑 상관관계가 있음
DM-004553,raw_youtube.csv,857,crawler_youtube.py,유튜브 댓글(삼프로TV·슈카월드),yt_comment,유튜브 댓글,슈카월드,3주 전,6,FNT-gOjT8Kw,,64,9c15659ec306,세금 때문이라면 싱가포르도 경차를 타야지. 일본 도로는 정말 좁고 주차장이 있다러다도 경차 아님 못 대는 곳 많음.
DM-004554,raw_youtube.csv,858,crawler_youtube.py,유튜브 댓글(삼프로TV·슈카월드),yt_comment,유튜브 댓글,슈카월드,3주 전,5,FNT-gOjT8Kw,,17,7979a183531e,돈도 읍꼬 주차장 이슈도 추가!
DM-004555,raw_youtube.csv,859,crawler_youtube.py,유튜브 댓글(삼프로TV·슈카월드),yt_comment,유튜브 댓글,슈카월드,3주 전,5,FNT-gOjT8Kw,,44,fcd8a9410c71,일본은 주택법상 주차장이 없으면 건물설계허가를 안내줘서 경차를 선호하는것도 있음
DM-004556,raw_youtube.csv,860,crawler_youtube.py,유튜브 댓글(삼프로TV·슈카월드),yt_comment,유튜브 댓글,슈카월드,3주 전,2,FNT-gOjT8Kw,불안·공포,55,6c630ea4b8d0,"오래된차는 연비가 떨어지고, 환경오염 심해지는데 가솔린차 빨리 빨리 후진국에 수출해서 공기가 좋은것"
DM-004557,raw_youtube.csv,861,crawler_youtube.py,유튜브 댓글(삼프로TV·슈카월드),yt_comment,유튜브 댓글,슈카월드,3주 전,1,FNT-gOjT8Kw,,73,bb9b88f6bf06,그래서 그런지 일본 차가 중간이 없게 느껴지긴함ㅋㅋ  아예 경차거나 페라리 벤츠amg 같이 확 사치로 가던가 둘 중 하나였던거 같음
DM-004558,raw_youtube.csv,862,crawler_youtube.py,유튜브 댓글(삼프로TV·슈카월드),yt_comment,유튜브 댓글,슈카월드,3주 전,0,FNT-gOjT8Kw,,3,febd90db4fc2,오..
DM-004559,raw_youtube.csv,863,crawler_youtube.py,유튜브 댓글(삼프로TV·슈카월드),yt_comment,유튜브 댓글,슈카월드,3주 전,0,FNT-gOjT8Kw,,94,0d3cc1124b76,"도로가 ㅈㄴ쫍음. 큰차몰기 정말 힘듬. 한국도 과속방지턱때문에 차체낮은차가 잘안팔리는거처럼, 환경때문에 문화가 그렇게 정착된거임. 님이말한 세금도 그 환경이라고 생각함."
DM-004560,raw_youtube.csv,864,crawler_youtube.py,유튜브 댓글(삼프로TV·슈카월드),yt_comment,유튜브 댓글,슈카월드,3주 전,7,FNT-gOjT8Kw,,12,c01a89def5ad,작은걸 선호하는거 맞음
DM-004561,raw_youtube.csv,865,crawler_youtube.py,유튜브 댓글(삼프로TV·슈카월드),yt_comment,유튜브 댓글,슈카월드,3주 전,40,FNT-gOjT8Kw,,36,d7d1cb4f8a61,@zzangch  님 일본 경차랑 중형차 과세 차액 알아보고 오셈
DM-004562,raw_youtube.csv,866,crawler_youtube.py,유튜브 댓글(삼프로TV·슈카월드),yt_comment,유튜브 댓글,슈카월드,3주 전,8,FNT-gOjT8Kw,,35,82f130487f2f,​ @zzangch 작은걸 왜선호하냐ㅋㅋㅋㅋ 좋은차 다 좋아하지
DM-004563,raw_youtube.csv,867,crawler_youtube.py,유튜브 댓글(삼프로TV·슈카월드),yt_comment,유튜브 댓글,슈카월드,3주 전,39,FNT-gOjT8Kw,분노·불신,38,62c3b1ed2a5d,@z @zzangch  일본도 거품경제 전성기에 중대형차 잘팔렸어요.
DM-004564,raw_youtube.csv,868,crawler_youtube.py,유튜브 댓글(삼프로TV·슈카월드),yt_comment,유튜브 댓글,슈카월드,3주 전,4,FNT-gOjT8Kw,,34,9450aca9d4fe,@shuri125  버블시기때도 큰차는 별로 선호를 하지않았음
DM-004565,raw_youtube.csv,869,crawler_youtube.py,유튜브 댓글(삼프로TV·슈카월드),yt_comment,유튜브 댓글,슈카월드,3주 전,5,FNT-gOjT8Kw,,49,2fe8c1ec5bbf,"@zzangch  버블경제시기에 토요타 크라운이 잘 팔렸다고 들었는데, 준대형차였잖아요?"
DM-004566,raw_youtube.csv,870,crawler_youtube.py,유튜브 댓글(삼프로TV·슈카월드),yt_comment,유튜브 댓글,슈카월드,3주 전,0,FNT-gOjT8Kw,,178,74de905c31f6,"​ @zzangch  롯폰기에 벤틀리, 롤스로이스, 캐딜락에 기사 붙여서 유흥하러가고 오다이바에서 페라리, 람보르기니, 포르쉐들이 뚜껑열고 돌아다니는데 마이클잭슨, 퀸, 비틀즈가 일본 공중파에서 라이브하던게 일본 버블이었음. e 세그먼트 기준인 전장 5m 이상 준대형, 대형 차량 판매율이 피크치 기준 50%였던 시대임"
DM-004567,raw_youtube.csv,871,crawler_youtube.py,유튜브 댓글(삼프로TV·슈카월드),yt_comment,유튜브 댓글,슈카월드,3주 전,4,FNT-gOjT8Kw,,39,3bc1a091545f,​ @zzangch 일본은 차고지 등록문제때문에라도 경차외에는 복잡해짐
DM-004568,raw_youtube.csv,872,crawler_youtube.py,유튜브 댓글(삼프로TV·슈카월드),yt_comment,유튜브 댓글,슈카월드,3주 전,2,FNT-gOjT8Kw,,35,5a262afb1dbc,@poonde 5만명 이상의 도시는 경차도 차고지 증명제 대상임
DM-004569,raw_youtube.csv,873,crawler_youtube.py,유튜브 댓글(삼프로TV·슈카월드),yt_comment,유튜브 댓글,슈카월드,3주 전,1,FNT-gOjT8Kw,,19,89fbf2c1f226,​ @zzangch 맞긴 뭐가 맞아
DM-004570,raw_youtube.csv,874,crawler_youtube.py,유튜브 댓글(삼프로TV·슈카월드),yt_comment,유튜브 댓글,슈카월드,3주 전,0,FNT-gOjT8Kw,,27,33672d16d33b,​ @zzangch 그거 심심하면 안전성 의심당함
DM-004571,raw_youtube.csv,875,crawler_youtube.py,유튜브 댓글(삼프로TV·슈카월드),yt_comment,유튜브 댓글,슈카월드,3주 전,1,FNT-gOjT8Kw,,19,e4cb64b0a553,​ @zzangch  전 큰게좋은데
DM-004572,raw_youtube.csv,876,crawler_youtube.py,유튜브 댓글(삼프로TV·슈카월드),yt_comment,유튜브 댓글,슈카월드,3주 전,2,FNT-gOjT8Kw,,18,8f6cfa42f7ad,@Pimeda  저는 둘다 좋은데
DM-004573,raw_youtube.csv,877,crawler_youtube.py,유튜브 댓글(삼프로TV·슈카월드),yt_comment,유튜브 댓글,슈카월드,3주 전,1,FNT-gOjT8Kw,,155,a72c2c7d9b7a,일본사는데 차 소유는 안 하고 있어서 세금은 모르겠고 대신 가끔씩 렌트하거나 타임즈 카쉐어 이용하는데 난 일부러 처음부터 경차 예약할 때도 많음. 일본 길도 좁고 해서 경차가 걍 운전도 주차도 편함.  큰차는 운전도 빡세고 직접 일본 사는 입장에서 큰차의 메리트를 잘 모르겠음.
DM-004574,raw_youtube.csv,878,crawler_youtube.py,유튜브 댓글(삼프로TV·슈카월드),yt_comment,유튜브 댓글,슈카월드,3주 전,1,FNT-gOjT8Kw,,37,e5bc0bcd1e50,​ @zzangch 이분 버블시기 일본 본적없다에 내손모가지 건다.
DM-004575,raw_youtube.csv,879,crawler_youtube.py,유튜브 댓글(삼프로TV·슈카월드),yt_comment,유튜브 댓글,슈카월드,3주 전,0,FNT-gOjT8Kw,,17,954f30505d64,경찰 출동속도도 빨라지니 해결?
DM-004576,raw_youtube.csv,880,crawler_youtube.py,유튜브 댓글(삼프로TV·슈카월드),yt_comment,유튜브 댓글,슈카월드,3주 전,0,FNT-gOjT8Kw,,16,e2be48c7d8a2,미국은 그걸로 총격싸움 안해요
DM-004577,raw_youtube.csv,881,crawler_youtube.py,유튜브 댓글(삼프로TV·슈카월드),yt_comment,유튜브 댓글,슈카월드,3주 전,1,FNT-gOjT8Kw,,52,0cc60d8938ff,​ @tonythaiger93  ㅇㅇ 저런 이유로 안일어나고 그냥 아무이유없이 일어나는 편이지
DM-004578,raw_youtube.csv,882,crawler_youtube.py,유튜브 댓글(삼프로TV·슈카월드),yt_comment,유튜브 댓글,슈카월드,3주 전,60,FNT-gOjT8Kw,,42,29ab60afd045,엘리베이터 얘기를 뺄 수 없다고 생각했는데 바로 나오네 ㅋㅋㅋ 역시 슈카형!
DM-004579,raw_youtube.csv,883,crawler_youtube.py,유튜브 댓글(삼프로TV·슈카월드),yt_comment,유튜브 댓글,슈카월드,3주 전,6,FNT-gOjT8Kw,,23,311cfd754478,미국은 자연재해로 매년 10만채가 소실된다
DM-004580,raw_youtube.csv,884,crawler_youtube.py,유튜브 댓글(삼프로TV·슈카월드),yt_comment,유튜브 댓글,슈카월드,3주 전,5,FNT-gOjT8Kw,,172,4c86f12a7bf9,예전에 미국은 왜 단독주택에서만 사냐고 미국사는 친구(택사스)한테 물어봤는데 미국에서 아파트는 소득수준 낮은 사람들이나 가서 사는 집이라는 인식이 강하고 그런 사람들이 사는 곳은 치안이 열악하다고 생각해서 아파트를 굉장히 꺼린다고 하더라구요.. 공급도 월세인가 밖에 없다고 했었던거 같은데 이건 기억이 가물.
DM-004581,raw_youtube.csv,885,crawler_youtube.py,유튜브 댓글(삼프로TV·슈카월드),yt_comment,유튜브 댓글,슈카월드,3주 전,0,FNT-gOjT8Kw,,69,9e454bb003a3,"다른주나 다른 지역은 어떤지 모르는데 캘리포니아는 다운타운이나 특정 지역을 빼고, 주택가는 고층 건물을 못짓게 돼어있습니다."
DM-004582,raw_youtube.csv,886,crawler_youtube.py,유튜브 댓글(삼프로TV·슈카월드),yt_comment,유튜브 댓글,슈카월드,3주 전,0,FNT-gOjT8Kw,,16,0c44c3764cd8,3:13 뉴욕이 빠졌네요 ㅋㅋ
DM-004583,raw_youtube.csv,887,crawler_youtube.py,유튜브 댓글(삼프로TV·슈카월드),yt_comment,유튜브 댓글,슈카월드,3주 전,4,FNT-gOjT8Kw,,43,21c81c14c55e,밑바닥 어느나라 얘기인줄 아셨습니까 저쪽 어디에는 밑바닥에도 바닥이란게 있단다
DM-004584,raw_youtube.csv,888,crawler_youtube.py,유튜브 댓글(삼프로TV·슈카월드),yt_comment,유튜브 댓글,슈카월드,3주 전,0,FNT-gOjT8Kw,,16,8e9c1caa9671,돌려까기의 장인 슈카형 ㅋㅋㅋ
DM-004585,raw_youtube.csv,889,crawler_youtube.py,유튜브 댓글(삼프로TV·슈카월드),yt_comment,유튜브 댓글,슈카월드,3주 전,0,FNT-gOjT8Kw,,43,f80fe3ee350b,"미국에 아파트가 생기면, 층간 소음 있을때 어찌되려나. 저나라는 총이 있는데."
DM-004586,raw_youtube.csv,890,crawler_youtube.py,유튜브 댓글(삼프로TV·슈카월드),yt_comment,유튜브 댓글,슈카월드,3주 전,1,FNT-gOjT8Kw,,32,875bb0d0513c,15:00 사는 사람들 수준이 맞추어 진다. 아......
DM-004587,raw_youtube.csv,891,crawler_youtube.py,유튜브 댓글(삼프로TV·슈카월드),yt_comment,유튜브 댓글,슈카월드,3주 전,0,FNT-gOjT8Kw,불안·공포,12,a0bfdb2dede8,형님이 걱정됩니다...
DM-004588,raw_youtube.csv,892,crawler_youtube.py,유튜브 댓글(삼프로TV·슈카월드),yt_comment,유튜브 댓글,슈카월드,3주 전,24,FNT-gOjT8Kw,,17,4cfbb08aad6c,엘리베이터애기는 레전드네요 ㅋㅋ
DM-004589,raw_youtube.csv,893,crawler_youtube.py,유튜브 댓글(삼프로TV·슈카월드),yt_comment,유튜브 댓글,슈카월드,3주 전,0,FNT-gOjT8Kw,,53,2db22e461f1c,7:31. 지진이 흔한 켈리포니아에선 저렇게 높은 건물 짓기 힘들어요.. 특히 땅이 약해서...
DM-004590,raw_youtube.csv,894,crawler_youtube.py,유튜브 댓글(삼프로TV·슈카월드),yt_comment,유튜브 댓글,슈카월드,3주 전,175,FNT-gOjT8Kw,,41,208acc3f4a90,삼성도 최근에 조립식 주택 어필하던데… 우리나라 겨냥한게 아니라 미국을…?
DM-004591,raw_youtube.csv,895,crawler_youtube.py,유튜브 댓글(삼프로TV·슈카월드),yt_comment,유튜브 댓글,슈카월드,3주 전,0,FNT-gOjT8Kw,,26,ae59ed31275c,7:11 이렇게 지으면... 허리케인도 버텨요~
DM-004592,raw_youtube.csv,896,crawler_youtube.py,유튜브 댓글(삼프로TV·슈카월드),yt_comment,유튜브 댓글,슈카월드,3주 전,201,FNT-gOjT8Kw,,29,00f96667f73e,총기소유 합법국가에서 k아파트 층간소음 나면 엄...
DM-004593,raw_youtube.csv,897,crawler_youtube.py,유튜브 댓글(삼프로TV·슈카월드),yt_comment,유튜브 댓글,슈카월드,3주 전,25,FNT-gOjT8Kw,,13,31fd5c31b922,우린 이 게임을 해봤어요
DM-004594,raw_youtube.csv,898,crawler_youtube.py,유튜브 댓글(삼프로TV·슈카월드),yt_comment,유튜브 댓글,슈카월드,3주 전(수정됨),5,FNT-gOjT8Kw,,239,4c1946c1a674,엘르베이터 노조 이야기는 ㅋㅋㅋㅋ 가끔 한국 노조 너무 강성이라고 기업들보고 미국으로 가라는 황당한 이야기하는 사람들 있던데 그 트럼프 조차 벌벌떨면서 노조모임에 가서 립서비스해주는게 미국 노조임. 애초에 우리나라 노조문화와 관련 법이 죄다 미국에서 넘어온건데 미국은 노조가 없는줄 아는 사람들이 있더라고. 민주주의가 멀쩡하게 작동하면 좋던 싫던 당연히 생기는 조직이 노조라니까. 개인의 표에 힘이 강할수록 노조의 힘도 강해짐.
DM-004595,raw_youtube.csv,899,crawler_youtube.py,유튜브 댓글(삼프로TV·슈카월드),yt_comment,유튜브 댓글,슈카월드,3주 전,1,FNT-gOjT8Kw,,10,a497195c2d47,와...창조경제..
DM-004596,raw_youtube.csv,900,crawler_youtube.py,유튜브 댓글(삼프로TV·슈카월드),yt_comment,유튜브 댓글,슈카월드,3주 전,160,FNT-gOjT8Kw,,50,0b04cad7f866,아파트가 갱단이 장악하기 쉬운게 입구가 적어서 거기만 통제하면 전체에 영향력을 가질수 있음
DM-004597,raw_youtube.csv,901,crawler_youtube.py,유튜브 댓글(삼프로TV·슈카월드),yt_comment,유튜브 댓글,슈카월드,3주 전,1,FNT-gOjT8Kw,,27,1c14d490c948,미국은 아파트로 지으면 층간소음으로 총맞을거같은데
DM-004598,raw_youtube.csv,902,crawler_youtube.py,유튜브 댓글(삼프로TV·슈카월드),yt_comment,유튜브 댓글,슈카월드,3주 전,3,FNT-gOjT8Kw,,12,f59e3d64f821,중소기업이 짓는거던데;
DM-004599,raw_youtube.csv,903,crawler_youtube.py,유튜브 댓글(삼프로TV·슈카월드),yt_comment,유튜브 댓글,슈카월드,2주 전,0,FNT-gOjT8Kw,,12,5dd65d9fcd0f,우린 이 게임 해봤거임
DM-004600,raw_youtube.csv,904,crawler_youtube.py,유튜브 댓글(삼프로TV·슈카월드),yt_comment,유튜브 댓글,슈카월드,3주 전,6,FNT-gOjT8Kw,,21,22813121d570,Dx 적자나니까 해결 방안으로 보는거죠
DM-004601,raw_youtube.csv,905,crawler_youtube.py,유튜브 댓글(삼프로TV·슈카월드),yt_comment,유튜브 댓글,슈카월드,3주 전,4,FNT-gOjT8Kw,,48,4c464d4e576f,미국에서 삼성 조립식 주택 짓는다면 탄식하며 동차원에서 들고 일어남. 절대로 못 지음.
DM-004602,raw_youtube.csv,906,crawler_youtube.py,유튜브 댓글(삼프로TV·슈카월드),yt_comment,유튜브 댓글,슈카월드,2주 전,0,FNT-gOjT8Kw,,30,fc7d100e5c24,​ @1xCosx1 그거 벌목 카르텔이  깊어서 그런거
DM-004603,raw_youtube.csv,907,crawler_youtube.py,유튜브 댓글(삼프로TV·슈카월드),yt_comment,유튜브 댓글,슈카월드,3주 전,7,FNT-gOjT8Kw,,20,655ca087cb10,​ @1xCosx1 ? 뭔말이에요 ㅋ
DM-004604,raw_youtube.csv,908,crawler_youtube.py,유튜브 댓글(삼프로TV·슈카월드),yt_comment,유튜브 댓글,슈카월드,3주 전,3,FNT-gOjT8Kw,,40,413c142fefde,​ @satosi_da_yo 미국은 주마다 건축양식이 정해져있어서 그런듯
DM-004605,raw_youtube.csv,909,crawler_youtube.py,유튜브 댓글(삼프로TV·슈카월드),yt_comment,유튜브 댓글,슈카월드,3주 전,2,FNT-gOjT8Kw,,38,8403b93fe6ec,호주 살았는데 거기 아파트는 더 노답임. 미국도 만만치 않을거 같은데
DM-004606,raw_youtube.csv,910,crawler_youtube.py,유튜브 댓글(삼프로TV·슈카월드),yt_comment,유튜브 댓글,슈카월드,3주 전,0,FNT-gOjT8Kw,,21,6d2e54863bbd,돈도 많겠다   짝수층 비우고 살면 됨
DM-004607,raw_youtube.csv,911,crawler_youtube.py,유튜브 댓글(삼프로TV·슈카월드),yt_comment,유튜브 댓글,슈카월드,3주 전,2,FNT-gOjT8Kw,,36,aa8559a36433,@알래스카범고래  2층위에 소리도 타고내려와서 그냥 두껍게 짓자~
DM-004608,raw_youtube.csv,912,crawler_youtube.py,유튜브 댓글(삼프로TV·슈카월드),yt_comment,유튜브 댓글,슈카월드,3주 전,8,FNT-gOjT8Kw,,30,0acaab4d70ad,@알래스카범고래   그럼 그냥 튼튼하게 지으면 안될까요
DM-004609,raw_youtube.csv,913,crawler_youtube.py,유튜브 댓글(삼프로TV·슈카월드),yt_comment,유튜브 댓글,슈카월드,3주 전,0,FNT-gOjT8Kw,,56,1cf72bc7ba9a,ㄹㅇ 층간소음 없애려면 층고 높은 거로도 해결불가고 층과 층 사이 틈을 크게 만드는 수 밖에 없는 듯
DM-004610,raw_youtube.csv,914,crawler_youtube.py,유튜브 댓글(삼프로TV·슈카월드),yt_comment,유튜브 댓글,슈카월드,3주 전,0,FNT-gOjT8Kw,,16,c57a1f1baeeb,걍 위에다 쏘면 해결이네 ㅋㅋ
DM-004611,raw_youtube.csv,915,crawler_youtube.py,유튜브 댓글(삼프로TV·슈카월드),yt_comment,유튜브 댓글,슈카월드,3주 전,7,FNT-gOjT8Kw,,209,9ae37a42eee5,"미안한데, 보통 미국 콘도 같은 경우는 층간소음에 불리한 벽식이 아니라 기둥식임. 게다가 카펫 문화(물론 최근엔 나무마루바닥을 많이 씀)라서 층간소음은 어느정도 없음. 물론 오래된 저층 아파트 같은 경우는 5층정도여도 목조로 짓기 때문에(이해가 안가겠지만, 5층 아파트인데 목조임) 신축은 문제가 없는데, 한 20~30년된 구축에 관리안되면 통로 걸을때마다 ""삐그덕""소리남."
DM-004612,raw_youtube.csv,916,crawler_youtube.py,유튜브 댓글(삼프로TV·슈카월드),yt_comment,유튜브 댓글,슈카월드,3주 전,3,FNT-gOjT8Kw,,324,52e817bd7893,"​ @yanggun1004 ......미국 살아보신거 맞나요? ㅋ 짧게 몇달 살아보기 이런거 말고 실제 생활해보셨나요? 미국의 대도시들도 벽식이 많아요.....뉴욕, 보스턴, 시카고 같은 오래된 도시일수록 아파트들 오래된곳 많고 벽식입니다...층간소음요? 한국은 양반입니다. 지금 살고있는 곳은 옆집에서 조금만 소리질러도 다 들리고요....목조뿐아니라 뉴욕같은 곳 고층아파트도 마찬가지에요....그냥 다들 그러려니 하고 삽니다. 그게 싫으면 교외가서 주택살아야죠. 또 한국처럼 예민돌이들 많은 곳도 없어요....층간소음은 공동주택에서는 다들 생활소음으로 생각하고 감안하고 삽니다."
DM-004613,raw_youtube.csv,917,crawler_youtube.py,유튜브 댓글(삼프로TV·슈카월드),yt_comment,유튜브 댓글,슈카월드,3주 전,0,FNT-gOjT8Kw,,74,97e65cdcbdf6,​ @rlakeglsxoeh    우리나라  요즘 짓는 아파트도 층간소음 있는거보면  얼마나 튼튼하게  지어야  소음이 없을 지...
DM-004614,raw_youtube.csv,918,crawler_youtube.py,유튜브 댓글(삼프로TV·슈카월드),yt_comment,유튜브 댓글,슈카월드,3주 전,6,FNT-gOjT8Kw,,32,7f337687e404,​ @rlakeglsxoeh 자재 아껴서 엘베값 내야된대요
DM-004615,raw_youtube.csv,919,crawler_youtube.py,유튜브 댓글(삼프로TV·슈카월드),yt_comment,유튜브 댓글,슈카월드,3주 전,1,FNT-gOjT8Kw,,40,89f72dc4cd34,​ @rlakeglsxoeh 아무리 튼튼하게 지어도 마음만 먹으면 개판됨
DM-004616,raw_youtube.csv,920,crawler_youtube.py,유튜브 댓글(삼프로TV·슈카월드),yt_comment,유튜브 댓글,슈카월드,3주 전,1,FNT-gOjT8Kw,,45,6db9c0759a61,@rlakeglsxoeh 튼튼하게 지으려고 하면 분양가 올라서 조합원들이 반대함😂
DM-004617,raw_youtube.csv,921,crawler_youtube.py,유튜브 댓글(삼프로TV·슈카월드),yt_comment,유튜브 댓글,슈카월드,3주 전,6,FNT-gOjT8Kw,,45,ff260f3b77ac,건물 통째로 날리는게 아닌 호수 하나하나를 제압해야 하는 지옥의 도시지역직전 ㄷㄷ
DM-004618,raw_youtube.csv,922,crawler_youtube.py,유튜브 댓글(삼프로TV·슈카월드),yt_comment,유튜브 댓글,슈카월드,3주 전,4,FNT-gOjT8Kw,,12,fa9c0c7f944c,저지드레드가 필요했구만
DM-004619,raw_youtube.csv,923,crawler_youtube.py,유튜브 댓글(삼프로TV·슈카월드),yt_comment,유튜브 댓글,슈카월드,3주 전,1,FNT-gOjT8Kw,,17,cae6cab87118,@hornofcat ㅋㅋㅋㅋㅋㅋ
DM-004620,raw_youtube.csv,924,crawler_youtube.py,유튜브 댓글(삼프로TV·슈카월드),yt_comment,유튜브 댓글,슈카월드,3주 전,3,FNT-gOjT8Kw,,7,513433a7a871,와 구룡성채!
DM-004621,raw_youtube.csv,925,crawler_youtube.py,유튜브 댓글(삼프로TV·슈카월드),yt_comment,유튜브 댓글,슈카월드,3주 전,3,FNT-gOjT8Kw,,90,0b87d6d49044,그 논리면 뉴욕 고층빌딩도 테러가 쉽겠지. 테러 대비한 구조로 만들거고 애초에 수성에 좋은구조라 테러범들도 부담스러울거임. 나올때 창문에서 노리고 있다고 생각해봐
DM-004622,raw_youtube.csv,926,crawler_youtube.py,유튜브 댓글(삼프로TV·슈카월드),yt_comment,유튜브 댓글,슈카월드,3주 전,2,FNT-gOjT8Kw,,43,24bd8785261f,오호 이런 생각은 안해봤는데...그럴수 있겠네. 경찰이 진압하기 어렵겠다 ㅋㅋ
DM-004623,raw_youtube.csv,927,crawler_youtube.py,유튜브 댓글(삼프로TV·슈카월드),yt_comment,유튜브 댓글,슈카월드,2주 전,1,FNT-gOjT8Kw,,25,e8e55481c845,그럼 그냥 복도식 아파트 지으면 되는거'아님?
DM-004624,raw_youtube.csv,928,crawler_youtube.py,유튜브 댓글(삼프로TV·슈카월드),yt_comment,유튜브 댓글,슈카월드,3일 전,0,FNT-gOjT8Kw,,17,8c9f8f6cfef8,@iloit_music 모텔마냥
DM-004625,raw_youtube.csv,929,crawler_youtube.py,유튜브 댓글(삼프로TV·슈카월드),yt_comment,유튜브 댓글,슈카월드,3주 전,26,FNT-gOjT8Kw,,85,25cc1ccae433,그래서 롯데타워는 테러범이 타워 장악하는 불상사를 막기 위해 국내 최초 민간 테러 대응팀 L-SWAT을 운영중임 전부 특수부대 출신들로 구성돼 있다고 함
DM-004626,raw_youtube.csv,930,crawler_youtube.py,유튜브 댓글(삼프로TV·슈카월드),yt_comment,유튜브 댓글,슈카월드,3주 전,12,FNT-gOjT8Kw,,82,c21634c08eaf,@BugUpDown  있긴 한데 곤봉과 후추스프레이로 무장한 사실상 정예경비아저씨 수준이라 테러같은 무력상황이 발생하면 할 수 있는 게 없음....
DM-004627,raw_youtube.csv,931,crawler_youtube.py,유튜브 댓글(삼프로TV·슈카월드),yt_comment,유튜브 댓글,슈카월드,3주 전,11,FNT-gOjT8Kw,,104,86268944a37d,​ @양반김-m8r 당연한 거임 민간인한테 총을 줄 순 없잖음 저런 것도 없으면 테러조직이 순식간에 타워 장악 해버릴 거임  어느정도 지연시켜서 특부 오는 시간만 벌어도 쓰임은 다 한 거
DM-004628,raw_youtube.csv,932,crawler_youtube.py,유튜브 댓글(삼프로TV·슈카월드),yt_comment,유튜브 댓글,슈카월드,3주 전,6,FNT-gOjT8Kw,,87,de15d9cb924f,​ @BugUpDown 그런데 놀랍게도! 특수경비직종 자격자 선발이라 유사시 실탄화기를 사용 가능한 직종이었음! 타워에 실총을 보관하는지는 알 수 없음...
DM-004629,raw_youtube.csv,933,crawler_youtube.py,유튜브 댓글(삼프로TV·슈카월드),yt_comment,유튜브 댓글,슈카월드,3주 전,1,FNT-gOjT8Kw,,42,d86ed3ccf174,​ @양반김-m8r 그냥 홍보지 실탄 보유는 야생동물 사냥 아닌이상 불가능함
DM-004630,raw_youtube.csv,934,crawler_youtube.py,유튜브 댓글(삼프로TV·슈카월드),yt_comment,유튜브 댓글,슈카월드,3주 전,2,FNT-gOjT8Kw,,76,adf219f1359c,@BugUpDown  그 부대에  비정규직 알바 있을 듯.. 이제 알바의 최저시급으로 생활이 힘든 대원 중 하나가 배신을 하게 되고...
DM-004631,raw_youtube.csv,935,crawler_youtube.py,유튜브 댓글(삼프로TV·슈카월드),yt_comment,유튜브 댓글,슈카월드,3주 전,4,FNT-gOjT8Kw,,10,d05b59a7eeda,항상 응원합니다 👍
DM-004632,raw_youtube.csv,936,crawler_youtube.py,유튜브 댓글(삼프로TV·슈카월드),yt_comment,유튜브 댓글,슈카월드,3주 전,0,FNT-gOjT8Kw,후회·손실고통,23,5126cb964939,버크셔에서 괜히 주택건설주 투자한게 아니다
DM-004633,raw_youtube.csv,937,crawler_youtube.py,유튜브 댓글(삼프로TV·슈카월드),yt_comment,유튜브 댓글,슈카월드,3주 전,10,FNT-gOjT8Kw,,22,2a8a711a6c30,이런 거보면 진짜 우리나라가 좋은 나라다
DM-004634,raw_youtube.csv,938,crawler_youtube.py,유튜브 댓글(삼프로TV·슈카월드),yt_comment,유튜브 댓글,슈카월드,3주 전,1,FNT-gOjT8Kw,,57,85ff958b13c3,17:45 정보) 놀랍게도 FM 하다 ‘나도 감독이나 해볼까’하던 사람이 현재 프랑스 1부리그 감독이다
DM-004635,raw_youtube.csv,939,crawler_youtube.py,유튜브 댓글(삼프로TV·슈카월드),yt_comment,유튜브 댓글,슈카월드,3주 전,2,FNT-gOjT8Kw,,45,fcad5605bfca,미국식 싱글주택에서 살아보면 아무리 고급 아파트라도 삶의 질이 다르다는걸 알게됨.
DM-004636,raw_youtube.csv,940,crawler_youtube.py,유튜브 댓글(삼프로TV·슈카월드),yt_comment,유튜브 댓글,슈카월드,3주 전,21,FNT-gOjT8Kw,,22,cb39797c33e3,엘베 노조는 생각도 못했다...와....
DM-004637,raw_youtube.csv,941,crawler_youtube.py,유튜브 댓글(삼프로TV·슈카월드),yt_comment,유튜브 댓글,슈카월드,3주 전,12,FNT-gOjT8Kw,,34,bfaa09e705be,구룡성채가 아니라 Nine Dragon Castle이 오는건가
DM-004638,raw_youtube.csv,942,crawler_youtube.py,유튜브 댓글(삼프로TV·슈카월드),yt_comment,유튜브 댓글,슈카월드,3주 전(수정됨),0,FNT-gOjT8Kw,,37,d2ed008fb985,건축비를 감당하지 못함. 문화적으로 도심아니면 저런 주택수요도 없음
DM-004639,raw_youtube.csv,943,crawler_youtube.py,유튜브 댓글(삼프로TV·슈카월드),yt_comment,유튜브 댓글,슈카월드,3주 전,1,FNT-gOjT8Kw,,9,93242bd599dc,진짜 문화충격이네
DM-004640,raw_youtube.csv,944,crawler_youtube.py,유튜브 댓글(삼프로TV·슈카월드),yt_comment,유튜브 댓글,슈카월드,3주 전,9,FNT-gOjT8Kw,,43,069ec25f2021,주택법안 통과됬어요 10일지나면 자동통과입니다 거부권 행사안해서 통과됬어요 ㅋ
DM-004641,raw_youtube.csv,945,crawler_youtube.py,유튜브 댓글(삼프로TV·슈카월드),yt_comment,유튜브 댓글,슈카월드,3주 전,1,FNT-gOjT8Kw,,22,3d6d85541eba,"""헤에에엘로오오우, 나이트 시티이이이이"""
DM-004642,raw_youtube.csv,946,crawler_youtube.py,유튜브 댓글(삼프로TV·슈카월드),yt_comment,유튜브 댓글,슈카월드,4주 전,2.5천,aE-zl1rl-Vc,충동·중독시그널,47,827de48e38c3,90년대 말 인터넷 몰빵 했던것처럼 이번에도 잘 되어서 후손들이 먹고 살 길이 열리길
DM-004643,raw_youtube.csv,947,crawler_youtube.py,유튜브 댓글(삼프로TV·슈카월드),yt_comment,유튜브 댓글,슈카월드,4주 전,765,aE-zl1rl-Vc,,59,7d7deb610078,투자할 방향성을 잡았고 투자할 리소스가 있으니 얼마나 다행인가. 우리 후손들을 위해서라도 꼭 성공시킵시다!
DM-004644,raw_youtube.csv,948,crawler_youtube.py,유튜브 댓글(삼프로TV·슈카월드),yt_comment,유튜브 댓글,슈카월드,4주 전,1.2천,aE-zl1rl-Vc,,84,4aeb202ddf0a,"여야를 떠나서 제발 잘되길 바랄 뿐임 저런거 하나 투자 잘하면 나라를 몇십년간 먹여 살림 우리가 반도체 , 자동자 , 조선 등으로 몇십년간 먹고산것처럼"
DM-004645,raw_youtube.csv,949,crawler_youtube.py,유튜브 댓글(삼프로TV·슈카월드),yt_comment,유튜브 댓글,슈카월드,4주 전,1.3천,aE-zl1rl-Vc,,29,1e35b1a4390d,투자도 돈이 들어올때 해야하는게 맞음 타이밍은 정확함
DM-004646,raw_youtube.csv,950,crawler_youtube.py,유튜브 댓글(삼프로TV·슈카월드),yt_comment,유튜브 댓글,슈카월드,4주 전,1천,aE-zl1rl-Vc,,46,b0cf8ac4c9f3,한국은 항상 이렇게 뭔가에 집중투자하고 성공하기가 연속이였으니까 이번도 믿을게!!!
DM-004647,raw_youtube.csv,951,crawler_youtube.py,유튜브 댓글(삼프로TV·슈카월드),yt_comment,유튜브 댓글,슈카월드,4주 전,345,aE-zl1rl-Vc,,27,9b5a46519378,"대한민국쿤,.. 나 사실...너가 잘됐으면 좋겠어"
DM-004648,raw_youtube.csv,952,crawler_youtube.py,유튜브 댓글(삼프로TV·슈카월드),yt_comment,유튜브 댓글,슈카월드,3주 전,119,aE-zl1rl-Vc,,19,83b0039f1ea7,그냥 잘됐으면 좋겠다 우리나라...
DM-004649,raw_youtube.csv,953,crawler_youtube.py,유튜브 댓글(삼프로TV·슈카월드),yt_comment,유튜브 댓글,슈카월드,4주 전,316,aE-zl1rl-Vc,,16,dab88129c1b6,이건 무조건 성공해야한다 나라
DM-004650,raw_youtube.csv,954,crawler_youtube.py,유튜브 댓글(삼프로TV·슈카월드),yt_comment,유튜브 댓글,슈카월드,4주 전,436,aE-zl1rl-Vc,,69,0a2b54c0ee48,"우리 부모님, 조부모님이 이 악물고 도전해서 지금의 대한민국이 있었지. 이제 우리가 도전해서 더 좋은 대한민국을 만들 시기임"
DM-004651,raw_youtube.csv,955,crawler_youtube.py,유튜브 댓글(삼프로TV·슈카월드),yt_comment,유튜브 댓글,슈카월드,4주 전,1.4천,aE-zl1rl-Vc,충동·중독시그널,26,697121a9468b,올인해야 한다. 지금 못 하면 중국에 잡아먹힌다
DM-004652,raw_youtube.csv,956,crawler_youtube.py,유튜브 댓글(삼프로TV·슈카월드),yt_comment,유튜브 댓글,슈카월드,4주 전,20,aE-zl1rl-Vc,,13,b03ef0191b1e,가자가지가자가 드가자~~
DM-004653,raw_youtube.csv,957,crawler_youtube.py,유튜브 댓글(삼프로TV·슈카월드),yt_comment,유튜브 댓글,슈카월드,4주 전,13,aE-zl1rl-Vc,,30,2d9094857246,"진짜 중국한테 모든 분야 지기전에, 투자하고 성공해야함"
DM-004654,raw_youtube.csv,958,crawler_youtube.py,유튜브 댓글(삼프로TV·슈카월드),yt_comment,유튜브 댓글,슈카월드,4주 전,4,aE-zl1rl-Vc,,31,22ff0b25231c,진짜 대한민국 뭉쳐서 이 위기를 기회로 만들어보자!!!!
DM-004655,raw_youtube.csv,959,crawler_youtube.py,유튜브 댓글(삼프로TV·슈카월드),yt_comment,유튜브 댓글,슈카월드,3주 전,4,aE-zl1rl-Vc,,36,b16921d5c068,"피터 드러커의 명언, 미래는 예측하는 것이 아니라 만드는 것이다."
DM-004656,raw_youtube.csv,960,crawler_youtube.py,유튜브 댓글(삼프로TV·슈카월드),yt_comment,유튜브 댓글,슈카월드,4주 전,31,aE-zl1rl-Vc,,27,ef5d54ba8b1a,잘되서 젊은이들 일자리가 많이 생겼으면 좋겠네요.
DM-004657,raw_youtube.csv,961,crawler_youtube.py,유튜브 댓글(삼프로TV·슈카월드),yt_comment,유튜브 댓글,슈카월드,4주 전,165,aE-zl1rl-Vc,,36,a60a8d751274,딴건 몰라도 해외가 아닌 국내에 공장을 짓는다는거에 감사해야한다.
DM-004658,raw_youtube.csv,962,crawler_youtube.py,유튜브 댓글(삼프로TV·슈카월드),yt_comment,유튜브 댓글,슈카월드,4주 전,2,aE-zl1rl-Vc,,22,dfe18dee45cd,언제나 시대의 흐름을 선점하는 대한민국!
DM-004659,raw_youtube.csv,963,crawler_youtube.py,유튜브 댓글(삼프로TV·슈카월드),yt_comment,유튜브 댓글,슈카월드,4주 전,109,aE-zl1rl-Vc,,47,00b5f8000937,전쟁은 시작됐다. 가만히 있어도 죽게 돼있어. 그냥 우리가 모두 뭉쳐서 이겨야합니다.
DM-004660,raw_youtube.csv,964,crawler_youtube.py,유튜브 댓글(삼프로TV·슈카월드),yt_comment,유튜브 댓글,슈카월드,4주 전,5,aE-zl1rl-Vc,,17,2936080d9ffa,로봇 경비 세종시 근무하겠군요😂
DM-004661,raw_youtube.csv,965,crawler_youtube.py,유튜브 댓글(삼프로TV·슈카월드),yt_comment,유튜브 댓글,슈카월드,4주 전,20,aE-zl1rl-Vc,,19,2a2db2805830,이 나라의 수많은 도둑들이 허락할까
DM-004662,raw_youtube.csv,966,crawler_youtube.py,유튜브 댓글(삼프로TV·슈카월드),yt_comment,유튜브 댓글,슈카월드,4주 전,125,aE-zl1rl-Vc,,32,197ee03e1559,진짜 대대손손 잘 사는 부강한 대한민국을 기원한다 🇰🇷 ❤
DM-004663,raw_youtube.csv,967,crawler_youtube.py,유튜브 댓글(삼프로TV·슈카월드),yt_comment,유튜브 댓글,슈카월드,4주 전,23,aE-zl1rl-Vc,,27,4b45dcdcf602,​ @Heroseoul 대대손손 잘살 인구가 없음
DM-004664,raw_youtube.csv,968,crawler_youtube.py,유튜브 댓글(삼프로TV·슈카월드),yt_comment,유튜브 댓글,슈카월드,3주 전,0,aE-zl1rl-Vc,,17,e939c4707a32,😊ㅂㅂㅂㅂㅂㅂㅂㅂㅂㅂㅂㅂㅂ😊ㅂ😊
DM-004665,raw_youtube.csv,969,crawler_youtube.py,유튜브 댓글(삼프로TV·슈카월드),yt_comment,유튜브 댓글,슈카월드,3주 전,0,aE-zl1rl-Vc,,11,062f6666a886,11:12 11:13
DM-004666,raw_youtube.csv,970,crawler_youtube.py,유튜브 댓글(삼프로TV·슈카월드),yt_comment,유튜브 댓글,슈카월드,2일 전,0,aE-zl1rl-Vc,,38,6d2c81fff8ee,진짜 땅이 좁네요. 통일해서 국토도 넓히고 노동력도 넓히고 가자!!!
DM-004667,raw_youtube.csv,971,crawler_youtube.py,유튜브 댓글(삼프로TV·슈카월드),yt_comment,유튜브 댓글,슈카월드,3주 전,20,aE-zl1rl-Vc,,17,936812ee0f7d,반드시 성공하길 바라고 그럴거다
DM-004668,raw_youtube.csv,972,crawler_youtube.py,유튜브 댓글(삼프로TV·슈카월드),yt_comment,유튜브 댓글,슈카월드,3주 전,15,aE-zl1rl-Vc,충동·중독시그널,22,e44a88db3917,인터넷몰빵이 뭔소리임 ㅋㅋ 다 제조업인데
DM-004669,raw_youtube.csv,973,crawler_youtube.py,유튜브 댓글(삼프로TV·슈카월드),yt_comment,유튜브 댓글,슈카월드,3주 전,8,aE-zl1rl-Vc,,55,d974f581461d,@user-sl309jd90  인터넷 관련 제조업 말하는 거지... 뭔 유추하는 세포 자체가 없어?
DM-004670,raw_youtube.csv,974,crawler_youtube.py,유튜브 댓글(삼프로TV·슈카월드),yt_comment,유튜브 댓글,슈카월드,4주 전,39,aE-zl1rl-Vc,,36,d2915a0e01e2,그니까요 다들 이 생각일듯… 내가 이렇게 잘 살게되었듯 후손들도…
DM-004671,raw_youtube.csv,975,crawler_youtube.py,유튜브 댓글(삼프로TV·슈카월드),yt_comment,유튜브 댓글,슈카월드,3주 전,4,aE-zl1rl-Vc,,35,b1661b9e9e23,안터넷은 새로움에 대한 대비 성격이 강했지만 이건 그냥 투기야…
DM-004672,raw_youtube.csv,976,crawler_youtube.py,유튜브 댓글(삼프로TV·슈카월드),yt_comment,유튜브 댓글,슈카월드,4주 전,18,aE-zl1rl-Vc,,4,684ef1bb8945,겠냐 ㅋ
DM-004673,raw_youtube.csv,977,crawler_youtube.py,유튜브 댓글(삼프로TV·슈카월드),yt_comment,유튜브 댓글,슈카월드,4주 전,88,aE-zl1rl-Vc,,23,cbda58cece58,DJ가 정보화한게 ㄹㅇ 신의 한수였음 ㅇㅇ
DM-004674,raw_youtube.csv,978,crawler_youtube.py,유튜브 댓글(삼프로TV·슈카월드),yt_comment,유튜브 댓글,슈카월드,3주 전,2,aE-zl1rl-Vc,,21,4dfa04700cec,​@Sjvien헐... 진짜 웃낀다 ㅍ
DM-004675,raw_youtube.csv,979,crawler_youtube.py,유튜브 댓글(삼프로TV·슈카월드),yt_comment,유튜브 댓글,슈카월드,4주 전,69,aE-zl1rl-Vc,,42,c515d369785a,@Sjvien디제이가 북에 돈줘서 핵만든게 신의한수지 개솔이로 띄어주네 ㅋㅋ
DM-004676,raw_youtube.csv,980,crawler_youtube.py,유튜브 댓글(삼프로TV·슈카월드),yt_comment,유튜브 댓글,슈카월드,4주 전,3,aE-zl1rl-Vc,충동·중독시그널,28,a761bb6070aa,그당시 몰빵으러 imf 산업기반 몇개를 날려먹었는데
DM-004677,raw_youtube.csv,981,crawler_youtube.py,유튜브 댓글(삼프로TV·슈카월드),yt_comment,유튜브 댓글,슈카월드,3주 전,8,aE-zl1rl-Vc,,32,f325b3b83380,@이승원-z4c  역사를 모르네 ㅉㅉ imf가 그 전이란다
DM-004678,raw_youtube.csv,982,crawler_youtube.py,유튜브 댓글(삼프로TV·슈카월드),yt_comment,유튜브 댓글,슈카월드,4주 전,12,aE-zl1rl-Vc,,32,f265090927d3,​ @이승원-z4c IMF로 난리나서 찾은게 인터넷 투자임
DM-004679,raw_youtube.csv,983,crawler_youtube.py,유튜브 댓글(삼프로TV·슈카월드),yt_comment,유튜브 댓글,슈카월드,3주 전,2,aE-zl1rl-Vc,,37,7b4506cede34,대중이가 옥살이 할때 엘빈토플러 책 읽고 그 말들은게 인생 최대업적
DM-004680,raw_youtube.csv,984,crawler_youtube.py,유튜브 댓글(삼프로TV·슈카월드),yt_comment,유튜브 댓글,슈카월드,4주 전,38,aE-zl1rl-Vc,,39,06b8ddefc5b1,겠냐 ㅋㅋㅋㅋㅋ 나라 꼬라지를 봐라 이제 꼴아박을일만 남았는데 ㅋㅋㅋㅋ
DM-004681,raw_youtube.csv,985,crawler_youtube.py,유튜브 댓글(삼프로TV·슈카월드),yt_comment,유튜브 댓글,슈카월드,4주 전,47,aE-zl1rl-Vc,,41,d0943d7b065e,@user-vm1wg6tt9v그럼 인버스에 재산때려박아 그럼 인정해줄게 ㅋ
DM-004682,raw_youtube.csv,986,crawler_youtube.py,유튜브 댓글(삼프로TV·슈카월드),yt_comment,유튜브 댓글,슈카월드,4주 전,27,aE-zl1rl-Vc,,39,73f18fb881c9,난 이 댓글이 왤케 현실이랑 괴리감들지… 혹시 딴 세상 사시나요..??
DM-004683,raw_youtube.csv,987,crawler_youtube.py,유튜브 댓글(삼프로TV·슈카월드),yt_comment,유튜브 댓글,슈카월드,3주 전,6,aE-zl1rl-Vc,,29,829bf60e9e4a,@rooosisii7439 님은 어느 세상 사시길래…
DM-004684,raw_youtube.csv,988,crawler_youtube.py,유튜브 댓글(삼프로TV·슈카월드),yt_comment,유튜브 댓글,슈카월드,3주 전,3,aE-zl1rl-Vc,,73,5ed88eb6d327,​ @rooosisii7439 님은 IMF충격에서 아직도 못벗어나는 태국이나 말레이시아 인도네시아에 살아야 무슨말인지 이해할듯 ㅉㅉ
DM-004685,raw_youtube.csv,989,crawler_youtube.py,유튜브 댓글(삼프로TV·슈카월드),yt_comment,유튜브 댓글,슈카월드,4주 전,1,aE-zl1rl-Vc,,10,a3703e82cdd5,ㅋㅋㅋㅋㅋㅋㅋㅋㅋㅋ
DM-004686,raw_youtube.csv,990,crawler_youtube.py,유튜브 댓글(삼프로TV·슈카월드),yt_comment,유튜브 댓글,슈카월드,3주 전,1,aE-zl1rl-Vc,,77,182b6ac3eb18,구글은 엄청난 성공을 했지만 야후는 쇠퇴했고 수많은 닷컴 기업들은 사라졌음 AI도 비슷할 가능성이 커요 그 안에서 승자가 되는 기업은 일부
DM-004687,raw_youtube.csv,991,crawler_youtube.py,유튜브 댓글(삼프로TV·슈카월드),yt_comment,유튜브 댓글,슈카월드,3주 전,1,aE-zl1rl-Vc,불안·공포|충동·중독시그널,58,533ece31b84b,"몰빵은 아니죠...자동차, 철강, 건설, 문화 컨텐츠..... 몰빵한 적 없어요. 몰빵은 항상 위험합니다"
DM-004688,raw_youtube.csv,992,crawler_youtube.py,유튜브 댓글(삼프로TV·슈카월드),yt_comment,유튜브 댓글,슈카월드,4주 전,10,aE-zl1rl-Vc,,20,2c987b30deda,먹고 살 후손이 없다 인구 소멸중이라
DM-004689,raw_youtube.csv,993,crawler_youtube.py,유튜브 댓글(삼프로TV·슈카월드),yt_comment,유튜브 댓글,슈카월드,3주 전,0,aE-zl1rl-Vc,,24,bef57e088390,​ @vin5520  그런 너는 모쏠아다ㅋㅋ
DM-004690,raw_youtube.csv,994,crawler_youtube.py,유튜브 댓글(삼프로TV·슈카월드),yt_comment,유튜브 댓글,슈카월드,2주 전,0,aE-zl1rl-Vc,,129,152ec704ac04,@vin5520 인구 감소가 오히려 좋은 상황임 피지컬ai 시대가되면 로봇 노동력으로 대체 될껀데 남은 잉여인간 많으면 엄청난 부담이 됨 인구만 많고 기술은 없는 후진국은 더 가난해지고 영원이 선진국이 될수가 없게 될 가능성이 높음
DM-004691,raw_youtube.csv,995,crawler_youtube.py,유튜브 댓글(삼프로TV·슈카월드),yt_comment,유튜브 댓글,슈카월드,3주 전,4,aE-zl1rl-Vc,,112,ad175b369647,그때처럼 국가에 뭐가 없어서 성장할만한 동력이 없는게 변수죠 그땐 개발할게 많았는데 지금은 전부 레드오션이라 확률이... 국가는 성장하는데 국민들은 고통에 신음하는게 왜 자꾸 일본을 따라가는지 모르겠네
DM-004692,raw_youtube.csv,996,crawler_youtube.py,유튜브 댓글(삼프로TV·슈카월드),yt_comment,유튜브 댓글,슈카월드,4주 전,40,aE-zl1rl-Vc,분노·불신,51,6a2af628317c,호남에 투자한다고 할땐 거품 물던 그세력들이 영남에도 투자한다니까 조용해지는게 개웃기네ㅋㅋㅋ
DM-004693,raw_youtube.csv,997,crawler_youtube.py,유튜브 댓글(삼프로TV·슈카월드),yt_comment,유튜브 댓글,슈카월드,4주 전,22,aE-zl1rl-Vc,,28,4af91f2bae20,​ @교권보호국임한림 지 맘대로 조용 ㅇㅈㄹ ㅋㅋㅋ
DM-004694,raw_youtube.csv,998,crawler_youtube.py,유튜브 댓글(삼프로TV·슈카월드),yt_comment,유튜브 댓글,슈카월드,4주 전,6,aE-zl1rl-Vc,충동·중독시그널,35,9e921665aec5,​ @교권보호국임한림 뇌피셜 싸지르기~ 조용하다고 호도해버리기~
DM-004695,raw_youtube.csv,999,crawler_youtube.py,유튜브 댓글(삼프로TV·슈카월드),yt_comment,유튜브 댓글,슈카월드,4주 전,5,aE-zl1rl-Vc,,14,5f85bf4bc01e,@교권보호국임한림  조?용
DM-004696,raw_youtube.csv,1000,crawler_youtube.py,유튜브 댓글(삼프로TV·슈카월드),yt_comment,유튜브 댓글,슈카월드,4주 전,15,aE-zl1rl-Vc,,37,67ec7723ffe6,IT 강대국을 만들어 준 것 처럼요! 우리 다음세대들도 잘 살길!!
DM-004697,raw_youtube.csv,1001,crawler_youtube.py,유튜브 댓글(삼프로TV·슈카월드),yt_comment,유튜브 댓글,슈카월드,4주 전,7,aE-zl1rl-Vc,,13,7ee3977069c0,90년대 말이면 닷컴버블
DM-004698,raw_youtube.csv,1002,crawler_youtube.py,유튜브 댓글(삼프로TV·슈카월드),yt_comment,유튜브 댓글,슈카월드,4주 전,54,aE-zl1rl-Vc,,21,382826a58361,@난희-r4q  하지만 광랜은 깔렸죠?
DM-004699,raw_youtube.csv,1003,crawler_youtube.py,유튜브 댓글(삼프로TV·슈카월드),yt_comment,유튜브 댓글,슈카월드,4주 전,15,aE-zl1rl-Vc,분노·불신,103,bb9ac21e8952,​ @난희-r4q 새롬기술 골드뱅크 등의 거품이 있었지만 네이버 다음 nc 넥슨 등 뛰어난 it 기업등이 탄생하여 it강국의 초석을 다진기간.. ai시대에도 새로운 기업들이 생겨나길..
DM-004700,raw_youtube.csv,1004,crawler_youtube.py,유튜브 댓글(삼프로TV·슈카월드),yt_comment,유튜브 댓글,슈카월드,4주 전,2,aE-zl1rl-Vc,,26,0a6eb24836b7,​ @난희-r4q 버블이후에 콘크리트층 생겼죠?
DM-004701,raw_youtube.csv,1005,crawler_youtube.py,유튜브 댓글(삼프로TV·슈카월드),yt_comment,유튜브 댓글,슈카월드,4주 전,12,aE-zl1rl-Vc,,9,c1a7a9784bbd,제2의 닷컴버블?
DM-004702,raw_youtube.csv,1006,crawler_youtube.py,유튜브 댓글(삼프로TV·슈카월드),yt_comment,유튜브 댓글,슈카월드,4주 전,9,aE-zl1rl-Vc,,6,5d0c4a9f3c9c,IMF ㄷㄷ
DM-004703,raw_youtube.csv,1007,crawler_youtube.py,유튜브 댓글(삼프로TV·슈카월드),yt_comment,유튜브 댓글,슈카월드,3주 전,0,aE-zl1rl-Vc,충동·중독시그널,65,36217ac735b2,90년대말 인터넷 몰빵 안 했음 80년대부터 차근차근 준비하던 거고 90년대 말에 계획보다 좀 더 앞당겨서 했을 뿐임
DM-004704,raw_youtube.csv,1008,crawler_youtube.py,유튜브 댓글(삼프로TV·슈카월드),yt_comment,유튜브 댓글,슈카월드,3주 전,4,aE-zl1rl-Vc,,25,d2d0e42b2413,후손한테 빚더미만 냄겨놓고는 선심쓰는척은 ㅋㅋ
DM-004705,raw_youtube.csv,1009,crawler_youtube.py,유튜브 댓글(삼프로TV·슈카월드),yt_comment,유튜브 댓글,슈카월드,4주 전,1,aE-zl1rl-Vc,,36,0f0d6eb8d418,인터넷으로 우리가 멀 먹고 살고 있는데?? 이런이야긴 첨들어본다.
DM-004706,raw_youtube.csv,1010,crawler_youtube.py,유튜브 댓글(삼프로TV·슈카월드),yt_comment,유튜브 댓글,슈카월드,3주 전,5,aE-zl1rl-Vc,,56,383f7741ef54,@muldergogo 와 이건 뭐 최소한의 성의도 없네 모르면 공부좀 해라 제발 하나하나 다 알려주리
DM-004707,raw_youtube.csv,1011,crawler_youtube.py,유튜브 댓글(삼프로TV·슈카월드),yt_comment,유튜브 댓글,슈카월드,3주 전,2,aE-zl1rl-Vc,,66,6b8d40ff9b7e,@m @muldergogo  그냥 동남아 가서 농사짓고 살아보면 알겁니다. 머리가 생각을 하라고 달아준 것인데 참…..
DM-004708,raw_youtube.csv,1012,crawler_youtube.py,유튜브 댓글(삼프로TV·슈카월드),yt_comment,유튜브 댓글,슈카월드,3주 전,0,aE-zl1rl-Vc,,31,c07b2c1ac551,​ @muldergogo 그쵸 🍚 이 먹는건데😊ㅋㅋㅋㅋㅋ
DM-004709,raw_youtube.csv,1013,crawler_youtube.py,유튜브 댓글(삼프로TV·슈카월드),yt_comment,유튜브 댓글,슈카월드,3주 전,0,aE-zl1rl-Vc,,157,e734c5e6a262,"​ @Ksss-j7e  공부는 당신이 해야지,  인터넷은 기간시설에 해당되는데 그게 현재 수익을 내는 산업과 어떻게 연결이 되냐고? 고속도로가 물류와 산업에 미치는 영향..머 이런거 말고.. 남들 다하는 안하면 바로 뒤쳐지는 인터넷 설치가 머가 신의 한수인지 설명을 해보란 말이다."
DM-004710,raw_youtube.csv,1014,crawler_youtube.py,유튜브 댓글(삼프로TV·슈카월드),yt_comment,유튜브 댓글,슈카월드,3주 전,2,aE-zl1rl-Vc,,30,6fd4550ccc4f,@mul @muldergogo 덕에 반도체봐요 ㅋㅋ;;
DM-004711,raw_youtube.csv,1015,crawler_youtube.py,유튜브 댓글(삼프로TV·슈카월드),yt_comment,유튜브 댓글,슈카월드,3주 전,0,aE-zl1rl-Vc,,89,22cc574ce836,"​ @singsavsing  농사는 당신이 짓는거고, 인터넷 깔아줬더니 동남아 인터넷도 없다말하면, 이글보고 있는 동남아사람들을 우물안 개구리가 무시하는거지.."
DM-004712,raw_youtube.csv,1016,crawler_youtube.py,유튜브 댓글(삼프로TV·슈카월드),yt_comment,유튜브 댓글,슈카월드,3주 전(수정됨),2,aE-zl1rl-Vc,,98,9b9d4f1bf6b5,@muldergogo 한국 IT기술이 그때부터 발전하기 시작했는데 이런소리 하는거보면 우물안개구리는 님이신데? 그러니까 인터넷으로 먹고사는게 없으니 내일부터 인터넷 끊으시라구요
DM-004713,raw_youtube.csv,1017,crawler_youtube.py,유튜브 댓글(삼프로TV·슈카월드),yt_comment,유튜브 댓글,슈카월드,3주 전,2,aE-zl1rl-Vc,,51,916cd6e68fb8,"​ @muldergogo ""인터넷으로 우리가 뭘 먹고 살고 있는데??!"" 유투브를 보며..."
DM-004714,raw_youtube.csv,1018,crawler_youtube.py,유튜브 댓글(삼프로TV·슈카월드),yt_comment,유튜브 댓글,슈카월드,3주 전,0,aE-zl1rl-Vc,,30,a24ced81ce96,​@megan-b12k 그걸 한국에서 했냐는거잖아 ㅋㅋ
DM-004715,raw_youtube.csv,1019,crawler_youtube.py,유튜브 댓글(삼프로TV·슈카월드),yt_comment,유튜브 댓글,슈카월드,3주 전,0,aE-zl1rl-Vc,,207,d41e36d26d1e,​@Jay-op1vx외국이 플랫폼 회사를 세우면 한국은 한 게 없는게 되나? 광케이블은 남이 깔아줌? 유투버로 수익버는 사람들은 먹고 사는 것도 아님? 유투브처럼 외국 플랫폼만 있고 우린 앱 개발도 안 했음? 외국 기업이면 한국인들 고용 안 해주고? 뭔 소리를 하고 싶은 거지?? 버블 땜에 금전피해와 후유증도 있었지만 투자 덕에 남은 것도 있단 걸 환기시켜주는 거야..
DM-004716,raw_youtube.csv,1020,crawler_youtube.py,유튜브 댓글(삼프로TV·슈카월드),yt_comment,유튜브 댓글,슈카월드,3주 전,0,aE-zl1rl-Vc,,30,9596ad259511,​@Jay-op1vx게임산업 한국=엔비디아?😂ㅋㅋㅋㅋㅋ
DM-004717,raw_youtube.csv,1021,crawler_youtube.py,유튜브 댓글(삼프로TV·슈카월드),yt_comment,유튜브 댓글,슈카월드,4주 전,4,aE-zl1rl-Vc,,36,41fc8047b9c8,​ @교권보호국임한림 지금은 그런 댓글 없는데 지혼자 주접이네 ㅋ
DM-004718,raw_youtube.csv,1022,crawler_youtube.py,유튜브 댓글(삼프로TV·슈카월드),yt_comment,유튜브 댓글,슈카월드,3주 전,2,aE-zl1rl-Vc,,19,bc8d4d7ecdcd,@교권보호국임한림 고향이 어디세요?
DM-004719,raw_youtube.csv,1023,crawler_youtube.py,유튜브 댓글(삼프로TV·슈카월드),yt_comment,유튜브 댓글,슈카월드,4주 전,24,aE-zl1rl-Vc,,41,cb0b0a0f2956,@교권보호국임한림  호남과 영남을 같은 선상에 놓고 보는게 ㅈㄴ 병싄인거야
DM-004720,raw_youtube.csv,1024,crawler_youtube.py,유튜브 댓글(삼프로TV·슈카월드),yt_comment,유튜브 댓글,슈카월드,4주 전,7,aE-zl1rl-Vc,충동·중독시그널,88,e9774205f184,​ @maximus_decimus-q8f  ㅇㅇ 호남이 영남에 비해 줫나 뒤쳐졌지 그동안 영남 몰빵했으니ㅇㅇ 그래서 반도체로 호남 지역균형 이루려는데 불만?ㅋ
DM-004721,raw_youtube.csv,1025,crawler_youtube.py,유튜브 댓글(삼프로TV·슈카월드),yt_comment,유튜브 댓글,슈카월드,4주 전,13,aE-zl1rl-Vc,,59,0085623b866a,@교권보호국임한림 불가능한걸 이루려는 생각자체가 개병싄이란걸 증명하는거야ㅋㅋ우주정복을 한다고해 차라리 ㅋㅋ
DM-004722,raw_youtube.csv,1026,crawler_youtube.py,유튜브 댓글(삼프로TV·슈카월드),yt_comment,유튜브 댓글,슈카월드,4주 전,10,aE-zl1rl-Vc,,116,fbe88bf82df9,@교권보호국임한림   그럼 다른지역들은?정말 뒤쳐진건 강원도인데 왜 강원도는 가만히 있음? 지리적으로 안되는걸 왜 자꾸 우기는건지 ㅋㅋㅋ우겨서 결국하긴했네 경제적으로 타당성이있지도 않은걸...도대체가 하...
DM-004723,raw_youtube.csv,1027,crawler_youtube.py,유튜브 댓글(삼프로TV·슈카월드),yt_comment,유튜브 댓글,슈카월드,4주 전,7,aE-zl1rl-Vc,,45,ad6cfb4880ab,@교권보호국임한림  애초에 같이 투자계획은 나왔었는데  호남엔 조건이 안맞는데 뭔
DM-004724,raw_youtube.csv,1028,crawler_youtube.py,유튜브 댓글(삼프로TV·슈카월드),yt_comment,유튜브 댓글,슈카월드,4주 전,7,aE-zl1rl-Vc,,63,9fbfcc06274b,​ @교권보호국임한림  ㅋㅋㅋㅋㅋㅋㅋ  진짜 이렇게 살고싶냐 ㅋㅋ 공감해주는 애들도 없는데 너는 진짜 어떡할까..
DM-004725,raw_youtube.csv,1029,crawler_youtube.py,유튜브 댓글(삼프로TV·슈카월드),yt_comment,유튜브 댓글,슈카월드,4주 전,33,aE-zl1rl-Vc,,52,73c702a8eec5,​ @교권보호국임한림  안조용해졌는데 뭔소리냐 ㅋㅋㅋㅋㅋ 호남에 전기고 용수도 없는데 뭔 투자
DM-004726,raw_youtube.csv,1030,crawler_youtube.py,유튜브 댓글(삼프로TV·슈카월드),yt_comment,유튜브 댓글,슈카월드,3주 전,0,aE-zl1rl-Vc,,37,8a14b94ce9cc,​ @교권보호국임한림  삼전 하닉 팔비틀어서 억지로 가는거지 개불쌍
DM-004727,raw_youtube.csv,1031,crawler_youtube.py,유튜브 댓글(삼프로TV·슈카월드),yt_comment,유튜브 댓글,슈카월드,2주 전,0,aE-zl1rl-Vc,,24,2aba3544d922,@이종원-n6v  곱버스까지 하자 이왕박는거
DM-004728,raw_youtube.csv,1032,crawler_youtube.py,유튜브 댓글(삼프로TV·슈카월드),yt_comment,유튜브 댓글,슈카월드,2주 전,1,aE-zl1rl-Vc,,21,314ce541f272,@이종원-n6v 때려 박을 돈이 있겠냐
DM-004729,raw_youtube.csv,1033,crawler_youtube.py,유튜브 댓글(삼프로TV·슈카월드),yt_comment,유튜브 댓글,슈카월드,3주 전,1,aE-zl1rl-Vc,,69,8c9d9f677215,@Eoancedo  IMF 구조조정은 DJ 때 본격적으로 했습니다. 당장 하이닉스가 어디서부터 어떻게 간판 바꿔왔는지만 봐도
DM-004730,raw_youtube.csv,1034,crawler_youtube.py,유튜브 댓글(삼프로TV·슈카월드),yt_comment,유튜브 댓글,슈카월드,3주 전,5,aE-zl1rl-Vc,,59,bf6bafdcea44,@성이름-s8u4y IMF가 터져서 금융지원을 받기위해 어쩔수 없이 구조조정을 했는데 그걸 이렇게 왜곡하네
DM-004731,raw_youtube.csv,1035,crawler_youtube.py,유튜브 댓글(삼프로TV·슈카월드),yt_comment,유튜브 댓글,슈카월드,3주 전,0,aE-zl1rl-Vc,,26,d84e1c0bcadb,​ @singsavsing  뭘 왜곡했다는거임?
DM-004732,raw_youtube.csv,1036,crawler_youtube.py,유튜브 댓글(삼프로TV·슈카월드),yt_comment,유튜브 댓글,슈카월드,3주 전,2,aE-zl1rl-Vc,,54,606b1a61f427,​ @hmb05 구조조정을 산업기반 날려먹었다 표현하니 글치 ㅉㅉ 이게 왜곡아니면 모가 왜곡이냐?
DM-004733,raw_youtube.csv,1037,crawler_youtube.py,유튜브 댓글(삼프로TV·슈카월드),yt_comment,유튜브 댓글,슈카월드,4주 전,7,aE-zl1rl-Vc,,10,4097a8296df4,@엄영희-h1k ㅗ
DM-004734,raw_youtube.csv,1038,crawler_youtube.py,유튜브 댓글(삼프로TV·슈카월드),yt_comment,유튜브 댓글,슈카월드,4주 전,42,aE-zl1rl-Vc,,53,ce864db0451e,​ @엄영희-h1k  망하게 뒀었어야 했는데 이런 애들 까지 멱살잡고 캐리해준게 신의 한수지ㅋㅋ
DM-004735,raw_youtube.csv,1039,crawler_youtube.py,유튜브 댓글(삼프로TV·슈카월드),yt_comment,유튜브 댓글,슈카월드,4주 전,10,aE-zl1rl-Vc,,19,e63e5006e6ec,@이종원-n6v   투명하다 투명해
DM-004736,raw_youtube.csv,1040,crawler_youtube.py,유튜브 댓글(삼프로TV·슈카월드),yt_comment,유튜브 댓글,슈카월드,3주 전,12,aE-zl1rl-Vc,,54,46fa814494c8,​ @엄영희-h1k  총풍사건이라고 아시나요? 북에 돈 쥐어주고 미사일 쏴주라 부탁한 당 어데?😊
DM-004737,raw_youtube.csv,1041,crawler_youtube.py,유튜브 댓글(삼프로TV·슈카월드),yt_comment,유튜브 댓글,슈카월드,3주 전,2,aE-zl1rl-Vc,,21,0de17391916c,​ @엄영희-h1k 단순하다 참 ㅋㅋㅋ
DM-004738,raw_youtube.csv,1042,crawler_youtube.py,유튜브 댓글(삼프로TV·슈카월드),yt_comment,유튜브 댓글,슈카월드,3주 전,1,aE-zl1rl-Vc,,154,e11c003a9441,​@user-wk8mi8yb5y당시 북한이 망했으면 우리가 잘살았을까? IMF 구조조정으로 엄혹한 시기에 북한 탈북자들 쏘다져 들어왔음 우리나라 경제 엄청 잘돌아 갔겠다  취업률도 증가하고 ㅉㅉ 꼭 그시대를 살아 보지도 못한것들이 인터넷 몇줄로 당시 상황을 다아는줄 알아 ㅉㅉ
DM-004739,raw_youtube.csv,1043,crawler_youtube.py,유튜브 댓글(삼프로TV·슈카월드),yt_comment,유튜브 댓글,슈카월드,3주 전,2,aE-zl1rl-Vc,,47,2ad2fba69199,​ @kinzko 피지컬AI.가전AI.지식AI.설계AI 전자동시대가 허상이긴하죠¿?😊
DM-004740,raw_youtube.csv,1044,crawler_youtube.py,유튜브 댓글(삼프로TV·슈카월드),yt_comment,유튜브 댓글,슈카월드,4주 전,4,aE-zl1rl-Vc,불안·공포,25,ffd4b38c56c5,@vin5520 ㅎㅎㅎ 이민자들 먹여 살려야지
DM-004741,raw_youtube.csv,1045,crawler_youtube.py,유튜브 댓글(삼프로TV·슈카월드),yt_comment,유튜브 댓글,슈카월드,4주 전,16,aE-zl1rl-Vc,,147,d35f181600d8,​ @vin5520 노동력이 국력을 결정한다라는건 옛날 이야기고 피지컬ai가 양산되면 인구수가 줄어드는건 별다른 문제가 안됨 노동력도 ai가 대체할수있으니 오히려 인구가 줄어드는게 나을수도 있음 책임자나 관리자 한두명만 사람쓰고 나머진 안드로이드로 대체해도 되니까
DM-004742,raw_youtube.csv,1046,crawler_youtube.py,유튜브 댓글(삼프로TV·슈카월드),yt_comment,유튜브 댓글,슈카월드,3주 전,12,aE-zl1rl-Vc,,48,417ece94f8c1,@무혼혈 ㅇㅇ 오히려 괜찮은듯 잘 풀리면 ㄹㅇ 유토피아지 인구도 없는데 노동력은 풍부한
DM-004743,raw_youtube.csv,1047,crawler_youtube.py,유튜브 댓글(삼프로TV·슈카월드),yt_comment,유튜브 댓글,슈카월드,3주 전,4,aE-zl1rl-Vc,,89,b0790cd8e21f,"@무혼혈  한국만 존재한다면 맞지만, 여전히 국제사회에서 살아남으려면 국력=인구수임. 인구가 줄어도 살아남을 순 있겠지만 글로벌 영향력은 줄어들 수 밖에 없음."
DM-004744,raw_youtube.csv,1048,crawler_youtube.py,유튜브 댓글(삼프로TV·슈카월드),yt_comment,유튜브 댓글,슈카월드,3주 전,0,aE-zl1rl-Vc,,59,0f832914d8d7,@안녕하십니까-l3b  한국은 지금 거대하지만 스위스는 작지만 영향력이 강하긴함ㅋㅋ 천재들도 많고 신기함.
DM-004745,raw_youtube.csv,1049,crawler_youtube.py,유튜브 댓글(삼프로TV·슈카월드),yt_comment,유튜브 댓글,슈카월드,3주 전,0,aE-zl1rl-Vc,,33,1029f577d423,​ @vin5520 저도 결혼은 안했지만 웃픈 댓글이네요 ㅠ
DM-004746,raw_youtube.csv,1050,crawler_youtube.py,유튜브 댓글(삼프로TV·슈카월드),yt_comment,유튜브 댓글,슈카월드,3주 전,0,aE-zl1rl-Vc,불안·공포,158,c1dc9dd148f4,@EatYourKimchisabah 아무리 그래도 이민자 받으면 캐나다 꼴날것 같기도 하고 좀 무섭다는 생각이 들어요 아무나 받으면 안된다고 생각해요..단일민족 국가인 한국엔 한국인만 있는게 치안이나 문화적으로도 깔끔하다고 개인적으로 생각하고 있어요. 캐나다 살아보니 참담하더라고요.
DM-004747,raw_youtube.csv,1051,crawler_youtube.py,유튜브 댓글(삼프로TV·슈카월드),yt_comment,유튜브 댓글,슈카월드,3주 전,1,aE-zl1rl-Vc,,85,7216f90209bb,@무혼혈 공감해요. 인구 줄어도 그것대로 한국인들끼리 나아가면된다고 생각해요. 아무나 외국인 받으면 캐나다나 유럽처럼 되면 돌이킬 수가 없을 것 같아요.
DM-004748,raw_youtube.csv,1052,crawler_youtube.py,유튜브 댓글(삼프로TV·슈카월드),yt_comment,유튜브 댓글,슈카월드,3주 전,0,aE-zl1rl-Vc,,32,955da34e8b97,​ @Yuksu-27 노인이 인구 50%인데 뭔 유토피아임
DM-004749,raw_youtube.csv,1053,crawler_youtube.py,유튜브 댓글(삼프로TV·슈카월드),yt_comment,유튜브 댓글,슈카월드,3주 전,0,aE-zl1rl-Vc,,33,48d6111ef418,@hj-ku1bd  생산력이 해결되면 노령화는 문제가 아님;
DM-004750,raw_youtube.csv,1054,crawler_youtube.py,유튜브 댓글(삼프로TV·슈카월드),yt_comment,유튜브 댓글,슈카월드,3주 전,6,aE-zl1rl-Vc,,18,4e1c3e5856ff,그 자원이 있는데가 가뭄있던 호남
DM-004751,raw_youtube.csv,1055,crawler_youtube.py,유튜브 댓글(삼프로TV·슈카월드),yt_comment,유튜브 댓글,슈카월드,4주 전,1,aE-zl1rl-Vc,,59,fe6061917996,반도체로 끌어올린 코스피!   대한민국 코스피의 판이 흔들리고있다  반도체가 꺼지면  코스피도 같이 꺼진다
DM-004752,raw_youtube.csv,1056,crawler_youtube.py,유튜브 댓글(삼프로TV·슈카월드),yt_comment,유튜브 댓글,슈카월드,3주 전,1,aE-zl1rl-Vc,,34,8a1c738d7f2f,"@abc-wb3tl 당연한거 아닌가 ""배고프면 밥먹어야 한다"""
DM-004753,raw_youtube.csv,1057,crawler_youtube.py,유튜브 댓글(삼프로TV·슈카월드),yt_comment,유튜브 댓글,슈카월드,3주 전,0,aE-zl1rl-Vc,충동·중독시그널,34,9202eb6f9fd7,중공과 한패면서 해먹기 전문가들에게 나라의 자원을 몰빵.ㅋㅋㅋ
DM-004754,raw_youtube.csv,1058,crawler_youtube.py,유튜브 댓글(삼프로TV·슈카월드),yt_comment,유튜브 댓글,슈카월드,3주 전,6,aE-zl1rl-Vc,,35,3a1903c0315f,@sunbath-ajk해먹기 전문가는 지금 감옥에 있는 분이시고
DM-004755,raw_youtube.csv,1059,crawler_youtube.py,유튜브 댓글(삼프로TV·슈카월드),yt_comment,유튜브 댓글,슈카월드,4주 전,26,aE-zl1rl-Vc,,21,ff472b57141f,잘 하면인데 이번건 시작부터 글러먹었음
DM-004756,raw_youtube.csv,1060,crawler_youtube.py,유튜브 댓글(삼프로TV·슈카월드),yt_comment,유튜브 댓글,슈카월드,3주 전,3,aE-zl1rl-Vc,,16,ba8da3d33b46,절대 잘될리가 없음 ㅋㅋㅋㅋㅋ
DM-004757,raw_youtube.csv,1061,crawler_youtube.py,유튜브 댓글(삼프로TV·슈카월드),yt_comment,유튜브 댓글,슈카월드,2주 전,8,aE-zl1rl-Vc,,21,4907ca3a7943,​ @촘파파2 니 인생만 잘 안되는거임
DM-004758,raw_youtube.csv,1062,crawler_youtube.py,유튜브 댓글(삼프로TV·슈카월드),yt_comment,유튜브 댓글,슈카월드,3주 전,40,aE-zl1rl-Vc,분노·불신,157,394f2c124d14,"더 빨리 했어야 한다!! 라고 말하기엔, 당장 1년 전만해도 반도체가 이렇게까지 클 줄도 몰랐고, 세수가 들어올 줄도 몰랐음. GDP도 낮아진다는 말만 있었지. 작년에 했으면 불가능, 거짓말, 사기라고 온통 도배 됐을 것 같음. 상황이 주어졌고, 빠르고 적절하게 판단했다고 생각함."
DM-004759,raw_youtube.csv,1063,crawler_youtube.py,유튜브 댓글(삼프로TV·슈카월드),yt_comment,유튜브 댓글,슈카월드,4주 전,18,aE-zl1rl-Vc,,3,34c00f0bc83e,가보자
DM-004760,raw_youtube.csv,1064,crawler_youtube.py,유튜브 댓글(삼프로TV·슈카월드),yt_comment,유튜브 댓글,슈카월드,3주 전,0,aE-zl1rl-Vc,FOMO·상대적박탈감,25,2ae5e78b0220,한참 늦었지 근데 끌어모을 돈조차 없었기도 함
DM-004761,raw_youtube.csv,1065,crawler_youtube.py,유튜브 댓글(삼프로TV·슈카월드),yt_comment,유튜브 댓글,슈카월드,4주 전,9,aE-zl1rl-Vc,FOMO·상대적박탈감,7,1d634577d380,타이밍 늦었지
DM-004762,raw_youtube.csv,1066,crawler_youtube.py,유튜브 댓글(삼프로TV·슈카월드),yt_comment,유튜브 댓글,슈카월드,3주 전,0,aE-zl1rl-Vc,,36,81ff5fb1f2e8,@사라-o4s  돈이 없었음 솔직히 군인 월급도 빵급났을 수준인데
DM-004763,raw_youtube.csv,1067,crawler_youtube.py,유튜브 댓글(삼프로TV·슈카월드),yt_comment,유튜브 댓글,슈카월드,3주 전,4,aE-zl1rl-Vc,,80,72fd763c087d,이미 추경만 얼마나 많이 했는데... 망한 나라들도 대규모 투자하고 망함. 투자한게 망해서 망한게 아니라 세금 빼돌리려고 대규모 투자해서 망함.
DM-004764,raw_youtube.csv,1068,crawler_youtube.py,유튜브 댓글(삼프로TV·슈카월드),yt_comment,유튜브 댓글,슈카월드,4주 전,5,aE-zl1rl-Vc,,21,72df2a9c86cf,타이밍 졸라늦은거아닌가...? ㅋㅋㅋㅋ
DM-004765,raw_youtube.csv,1069,crawler_youtube.py,유튜브 댓글(삼프로TV·슈카월드),yt_comment,유튜브 댓글,슈카월드,4주 전,10,aE-zl1rl-Vc,FOMO·상대적박탈감,48,22902de52d04,@호구s  삼성하닉 발목잡혀있을때가 최적이긴 했지 늦었어도 해야할때고 다만 호남은 아님
DM-004766,raw_youtube.csv,1070,crawler_youtube.py,유튜브 댓글(삼프로TV·슈카월드),yt_comment,유튜브 댓글,슈카월드,3주 전,2,aE-zl1rl-Vc,불안·공포,34,ad2cd9131474,이  투자때문에  나라 거들 날거 같은데  꿈은 크다만 위험해
DM-004767,raw_youtube.csv,1071,crawler_youtube.py,유튜브 댓글(삼프로TV·슈카월드),yt_comment,유튜브 댓글,슈카월드,3주 전,5,aE-zl1rl-Vc,불안·공포,39,6bf1ca5c9820,@추블루스카이 위험해도 아무것도 안해도 어차피 말라죽으니 뭐라도 해야지
DM-004768,raw_youtube.csv,1072,crawler_youtube.py,유튜브 댓글(삼프로TV·슈카월드),yt_comment,유튜브 댓글,슈카월드,2주 전,2,aE-zl1rl-Vc,불안·공포,107,12f1b3c5abf5,@추블루스카이  지금 위험한 선택을 안해도 예정된 미래가 하락세이기 때문에 리스크를 택해야 합니다. 어쩔수 없고 우리가 할 수 있는건 리스크 건 시도를 성공하는 수밖에 없어요 유일한 방법이에요
DM-004769,raw_youtube.csv,1073,crawler_youtube.py,유튜브 댓글(삼프로TV·슈카월드),yt_comment,유튜브 댓글,슈카월드,3주 전,11,aE-zl1rl-Vc,,102,27a67f921cb8,@유튜브핸들끄는법  호남이 현 시점에 전기가 싸고 물도 싸고 땅도 쌈. 그리고 빠르게 할 수 있는 여건도 다 마련됨. 행정 통합에 군공항 부지도 있고. 호남 아니면 어디 갈 수 있는데
DM-004770,raw_youtube.csv,1074,crawler_youtube.py,유튜브 댓글(삼프로TV·슈카월드),yt_comment,유튜브 댓글,슈카월드,3주 전,2,aE-zl1rl-Vc,,39,4cdd6fd92038,@유튜브핸들끄는법  re100을 충족시키고 물이 호남처럼 많은곳이 없음
DM-004771,raw_youtube.csv,1075,crawler_youtube.py,유튜브 댓글(삼프로TV·슈카월드),yt_comment,유튜브 댓글,슈카월드,3주 전,2,aE-zl1rl-Vc,불안·공포,76,809b96ca86e6,@김군-b9u  잼버리도 그렇고 이미 세금도둑 많은걸로 유명하자나요. 추경해서 포퓰리즘에 쓴 이정부가 하는 것도 불안할 수 밖에 없구요.
DM-004772,raw_youtube.csv,1076,crawler_youtube.py,유튜브 댓글(삼프로TV·슈카월드),yt_comment,유튜브 댓글,슈카월드,3주 전,10,aE-zl1rl-Vc,,111,3c4286f68a9e,@박광일-j8h  잼버리는 전북이고 추경에 포퓰리즘은 니 생각이고. 저렇게 스무스하게 통과된 추경을 본 기억이 없는데. 뭐하나 말이 되는게 없네. 공항 하나도 십수년 아무것도 못하는 영남에다가 할까.
DM-004773,raw_youtube.csv,1077,crawler_youtube.py,유튜브 댓글(삼프로TV·슈카월드),yt_comment,유튜브 댓글,슈카월드,3주 전,1,aE-zl1rl-Vc,,22,0a515aba0d63,@박광일-j8h  그럼 어느 지역으로??
DM-004774,raw_youtube.csv,1078,crawler_youtube.py,유튜브 댓글(삼프로TV·슈카월드),yt_comment,유튜브 댓글,슈카월드,4주 전,25,aE-zl1rl-Vc,,53,17861e773cf8,기업이 나서서 집중투자하는건 성공해왔는데 국가가 주도하는건 연전연패였음.. 항상 부작용이 심했지
DM-004775,raw_youtube.csv,1079,crawler_youtube.py,유튜브 댓글(삼프로TV·슈카월드),yt_comment,유튜브 댓글,슈카월드,3주 전,10,aE-zl1rl-Vc,불안·공포,94,e1fdf04c7d70,​ @JustSmile-ie1nh 항상 기업주도가 정답임. 국가는 적당히 판만 깔아주거나 그냥 보조만 하면 되는거고. 공무원들 끼는 순간 효율 떨어지고 뭘 해도 구려짐.
DM-004776,raw_youtube.csv,1080,crawler_youtube.py,유튜브 댓글(삼프로TV·슈카월드),yt_comment,유튜브 댓글,슈카월드,4주 전,15,aE-zl1rl-Vc,,4,d3a0d06627a6,가본다❤
DM-004777,raw_youtube.csv,1081,crawler_youtube.py,유튜브 댓글(삼프로TV·슈카월드),yt_comment,유튜브 댓글,슈카월드,4주 전,12,aE-zl1rl-Vc,FOMO·상대적박탈감,211,45b7ce0b0c79,"이거 인하면 다른 방도는 뭐가 있는감? 없으면 원안대로 가는거임.   반대하는 애들 특징은 '그냥 or 감' 이 이유고, 잘 안되면 거봐 내 말 맞잖아. 잘 풀리면 입꾹닫 밖에 없음.   그런데 어쩌냐, 망하는건 대한민국이 아니라 '나'겠지.   뭔가를 시작할땐 그냥 잘 되겠지 하나만 보고 가야된다. 시작부터 안된다고 못박으면 '여전히 아무것도 안함' 에서 벗어날 수 없거든."
DM-004778,raw_youtube.csv,1082,crawler_youtube.py,유튜브 댓글(삼프로TV·슈카월드),yt_comment,유튜브 댓글,슈카월드,4주 전,3,aE-zl1rl-Vc,,4,d0f38eb57ccf,되겠냐?
DM-004779,raw_youtube.csv,1083,crawler_youtube.py,유튜브 댓글(삼프로TV·슈카월드),yt_comment,유튜브 댓글,슈카월드,4주 전,2,aE-zl1rl-Vc,,41,c78e07bf902d,그 때랑 지금이랑 사람들 마음가짐이 달라서 잘 안될 확률이 높다고 생각함.
DM-004780,raw_youtube.csv,1084,crawler_youtube.py,유튜브 댓글(삼프로TV·슈카월드),yt_comment,유튜브 댓글,슈카월드,4주 전,16,aE-zl1rl-Vc,,38,de8f2ec39065,​ @kyungtaeklee5811  니 마음가짐은 인생 안풀리긴할듯
DM-004781,raw_youtube.csv,1085,crawler_youtube.py,유튜브 댓글(삼프로TV·슈카월드),yt_comment,유튜브 댓글,슈카월드,3주 전,0,aE-zl1rl-Vc,,66,b426b3e4079e,@kyungtaeklee5811 이말공감가긴함… 90인데 이게 위랑 아래 사람들이랑 느낌이 다른나라임 문화등등 ㅋㅋㅋㅋ
DM-004782,raw_youtube.csv,1086,crawler_youtube.py,유튜브 댓글(삼프로TV·슈카월드),yt_comment,유튜브 댓글,슈카월드,4주 전,8,aE-zl1rl-Vc,,48,23b05b599b8a,​ @kyungtaeklee5811  그놈의 이번엔 안된다 무새들 다 찢어지기는 했음.
DM-004783,raw_youtube.csv,1087,crawler_youtube.py,유튜브 댓글(삼프로TV·슈카월드),yt_comment,유튜브 댓글,슈카월드,4주 전,6,aE-zl1rl-Vc,,78,ab40a395433f,정신 바짝차리고 어른으로써 젊은사람들 잘 리드해야함 대규모의 투자가 어떤 의지와 투쟁우로 이루어졌었는지.. 조카 아들 딸에게 잘 가르켜야 함
DM-004784,raw_youtube.csv,1088,crawler_youtube.py,유튜브 댓글(삼프로TV·슈카월드),yt_comment,유튜브 댓글,슈카월드,4주 전,2,aE-zl1rl-Vc,불안·공포,25,ef5c18f204e9,@성이름-k2h5w 당신 인생이나 걱정하세요.
DM-004785,raw_youtube.csv,1089,crawler_youtube.py,유튜브 댓글(삼프로TV·슈카월드),yt_comment,유튜브 댓글,슈카월드,3주 전,14,aE-zl1rl-Vc,,24,e26ee42f058c,헬조선이래서 미안해… 사실 사랑해 한국쿤..
DM-004786,raw_youtube.csv,1090,crawler_youtube.py,유튜브 댓글(삼프로TV·슈카월드),yt_comment,유튜브 댓글,슈카월드,3주 전,6,aE-zl1rl-Vc,,25,154ecf0bdf16,역시 겉으로는 시크해도 알고보면 츤츤하는구먼😊
DM-004787,raw_youtube.csv,1091,crawler_youtube.py,유튜브 댓글(삼프로TV·슈카월드),yt_comment,유튜브 댓글,슈카월드,3주 전,2,aE-zl1rl-Vc,,36,87d001f91f07,해외여행 한번 이라도 가봄 사람이면 알지 한국이 천국이라는걸 ㅋㅋ
DM-004788,raw_youtube.csv,1092,crawler_youtube.py,유튜브 댓글(삼프로TV·슈카월드),yt_comment,유튜브 댓글,슈카월드,3주 전,0,aE-zl1rl-Vc,,33,6e4573ae9779,와 진짜 멋진 말이에요… 감동이랑 힘받고 갑니다. 화이팅!!
DM-004789,raw_youtube.csv,1093,crawler_youtube.py,유튜브 댓글(삼프로TV·슈카월드),yt_comment,유튜브 댓글,슈카월드,4주 전,21,aE-zl1rl-Vc,,29,5a4b66046c02,유튜브 댓글 답지않게 긍정적이고 좋은댓글이 많네 좋다
DM-004790,raw_youtube.csv,1094,crawler_youtube.py,유튜브 댓글(삼프로TV·슈카월드),yt_comment,유튜브 댓글,슈카월드,4주 전,3,aE-zl1rl-Vc,,6,848d5534da36,올 좀 멋짐
DM-004791,raw_youtube.csv,1095,crawler_youtube.py,유튜브 댓글(삼프로TV·슈카월드),yt_comment,유튜브 댓글,슈카월드,4주 전(수정됨),3,aE-zl1rl-Vc,,23,db4518bbf166,오 멋진말이네. 나도 더 열심히 살아야겠다
DM-004792,raw_youtube.csv,1096,crawler_youtube.py,유튜브 댓글(삼프로TV·슈카월드),yt_comment,유튜브 댓글,슈카월드,3주 전,3,aE-zl1rl-Vc,,102,eb4788c01ba5,간만에 긍정적인 댓글 발견해서 희망적이네요~ 맞는 말씀..! 이제는 전국 경쟁 단계가 아니라 세계를 상대로 경쟁하는 시대..! 머리도 몸도 빠르게 돌아가는 우리가 열심히 노력해봅시다~
DM-004793,raw_youtube.csv,1097,crawler_youtube.py,유튜브 댓글(삼프로TV·슈카월드),yt_comment,유튜브 댓글,슈카월드,3주 전,0,aE-zl1rl-Vc,,20,ac578804f39f,​ @TilltheEnd_JA ㅍㅎㅎ
DM-004794,raw_youtube.csv,1098,crawler_youtube.py,유튜브 댓글(삼프로TV·슈카월드),yt_comment,유튜브 댓글,슈카월드,3주 전,1,aE-zl1rl-Vc,,10,da691ed43498,정말 눈물이 납니다
DM-004795,raw_youtube.csv,1099,crawler_youtube.py,유튜브 댓글(삼프로TV·슈카월드),yt_comment,유튜브 댓글,슈카월드,3주 전,2,aE-zl1rl-Vc,,10,d40b0bd87a8c,ㅋ 웃낀다 ㅋㅋㅋㅋ
DM-004796,raw_youtube.csv,1100,crawler_youtube.py,유튜브 댓글(삼프로TV·슈카월드),yt_comment,유튜브 댓글,슈카월드,4주 전,24,aE-zl1rl-Vc,,19,99c49e2da1a4,중국 징짜 어마어마해요 기술력...
DM-004797,raw_youtube.csv,1101,crawler_youtube.py,유튜브 댓글(삼프로TV·슈카월드),yt_comment,유튜브 댓글,슈카월드,3주 전,6,aE-zl1rl-Vc,,68,8781061c19d1,@Heroseoul  중국 1년 정도 살다왔는데 이제는 중국산 어쩌고 하는 애들 보면 그냥 우물안 개구리 같아요 ㅋㅋㅋ….
DM-004798,raw_youtube.csv,1102,crawler_youtube.py,유튜브 댓글(삼프로TV·슈카월드),yt_comment,유튜브 댓글,슈카월드,4주 전,10,aE-zl1rl-Vc,,20,617a37a2abbd,중국보다 개발자들 임글 후려치며...
DM-004799,raw_youtube.csv,1103,crawler_youtube.py,유튜브 댓글(삼프로TV·슈카월드),yt_comment,유튜브 댓글,슈카월드,3주 전,4,aE-zl1rl-Vc,,44,d53eddb0bfdf,댓글에 선택적패배주의자 왜이렇게 많아? 손놓고 멍때리는거보다 뭐라도 하는게 낫지
DM-004800,raw_youtube.csv,1104,crawler_youtube.py,유튜브 댓글(삼프로TV·슈카월드),yt_comment,유튜브 댓글,슈카월드,3주 전,1,aE-zl1rl-Vc,,23,12c7e6568aba,@dandylion9830  또 당할라고?
DM-004801,raw_youtube.csv,1105,crawler_youtube.py,유튜브 댓글(삼프로TV·슈카월드),yt_comment,유튜브 댓글,슈카월드,4주 전,40,aE-zl1rl-Vc,충동·중독시그널,17,a36c7ed441c3,올인을 하려면 제대로 해야지!!
DM-004802,raw_youtube.csv,1106,crawler_youtube.py,유튜브 댓글(삼프로TV·슈카월드),yt_comment,유튜브 댓글,슈카월드,4주 전,1,aE-zl1rl-Vc,,80,51f547f19a4f,"​ @illillii-x2q  어떤 뇌과학자가 100%확률로 1억 받을래, 아님 20%확률로 5억 받을래 이랬는데. 우리나라만 도박을 선택했다."
DM-004803,raw_youtube.csv,1107,crawler_youtube.py,유튜브 댓글(삼프로TV·슈카월드),yt_comment,유튜브 댓글,슈카월드,4주 전,0,aE-zl1rl-Vc,충동·중독시그널,28,c8f9c7a1bfd8,@illillii-x2q  올인에 미친 국가 ㅋㅋㅋ
DM-004804,raw_youtube.csv,1108,crawler_youtube.py,유튜브 댓글(삼프로TV·슈카월드),yt_comment,유튜브 댓글,슈카월드,3주 전,1,aE-zl1rl-Vc,충동·중독시그널,56,35adb0d82203,왜 기업한테 올인을 시켜?  기업이 누구보다 더 현명하게 판단해왔고. 할거야. 제발 기업인들 냅둬 좀
DM-004805,raw_youtube.csv,1109,crawler_youtube.py,유튜브 댓글(삼프로TV·슈카월드),yt_comment,유튜브 댓글,슈카월드,3주 전,0,aE-zl1rl-Vc,,34,b81cc2279480,이미 미국이랑 중국한테 잡아먹힌지 오래임 대만한테도 따라잡힌다
DM-004806,raw_youtube.csv,1110,crawler_youtube.py,유튜브 댓글(삼프로TV·슈카월드),yt_comment,유튜브 댓글,슈카월드,4주 전,18,aE-zl1rl-Vc,,15,52c3252919b2,중국에게 주려고 만드는거지ㅋ
DM-004807,raw_youtube.csv,1111,crawler_youtube.py,유튜브 댓글(삼프로TV·슈카월드),yt_comment,유튜브 댓글,슈카월드,4주 전,25,aE-zl1rl-Vc,,22,b556cdff68d3,이미 윗대가리가 중국편인데 뭐 답이 없지
DM-004808,raw_youtube.csv,1112,crawler_youtube.py,유튜브 댓글(삼프로TV·슈카월드),yt_comment,유튜브 댓글,슈카월드,4주 전,24,aE-zl1rl-Vc,,17,741c934db57e,지금은 안 먹힌 줄 아네ㅋㅋㅋㅋ
DM-004809,raw_youtube.csv,1113,crawler_youtube.py,유튜브 댓글(삼프로TV·슈카월드),yt_comment,유튜브 댓글,슈카월드,4주 전,19,aE-zl1rl-Vc,,5,1e3e6ea138c5,이미 먹힘
DM-004810,raw_youtube.csv,1114,crawler_youtube.py,유튜브 댓글(삼프로TV·슈카월드),yt_comment,유튜브 댓글,슈카월드,4주 전,10,aE-zl1rl-Vc,,44,ea8adcf39adc,@몽둥이-c3l  이미 먹혔다 평생 아웅거리면서 사세요. 남들은 발전 할 거니까
DM-004811,raw_youtube.csv,1115,crawler_youtube.py,유튜브 댓글(삼프로TV·슈카월드),yt_comment,유튜브 댓글,슈카월드,4주 전,4,aE-zl1rl-Vc,,35,4773eb4d6cfc,​ @몽둥이-c3l  아직 완전히 먹히지 않았음. 버팅겨야 함.
DM-004812,raw_youtube.csv,1116,crawler_youtube.py,유튜브 댓글(삼프로TV·슈카월드),yt_comment,유튜브 댓글,슈카월드,4주 전,3,aE-zl1rl-Vc,,17,2093222241a9,지금 못 하면?ㅋㅋㅋㅋㅋㅋㅋㅋㅋ
DM-004813,raw_youtube.csv,1117,crawler_youtube.py,유튜브 댓글(삼프로TV·슈카월드),yt_comment,유튜브 댓글,슈카월드,4주 전,10,aE-zl1rl-Vc,,22,d0670059ef33,​@211st4 그래서 가만히 있으라고?
DM-004814,raw_youtube.csv,1118,crawler_youtube.py,유튜브 댓글(삼프로TV·슈카월드),yt_comment,유튜브 댓글,슈카월드,4주 전,4,aE-zl1rl-Vc,,69,c9c709787b68,@211st4  쟤네 입안에 들어갔다고 위속으로 떨어질때까지 가만있을 순 없잖아요.. 최대한 입밖으로 나가려고 발악해봐야죠.
DM-004815,raw_youtube.csv,1119,crawler_youtube.py,유튜브 댓글(삼프로TV·슈카월드),yt_comment,유튜브 댓글,슈카월드,4주 전,4,aE-zl1rl-Vc,,45,2b6babaeb325,​@211st4 나라가 먹힌건 잘 모르겠고 확실한건 닌 이미 먹힌것처럼 보이긴하네
DM-004816,raw_youtube.csv,1120,crawler_youtube.py,유튜브 댓글(삼프로TV·슈카월드),yt_comment,유튜브 댓글,슈카월드,4주 전,13,aE-zl1rl-Vc,,11,c1d67058a41e,한국은 자꾸 따먹히노
DM-004817,raw_youtube.csv,1121,crawler_youtube.py,유튜브 댓글(삼프로TV·슈카월드),yt_comment,유튜브 댓글,슈카월드,4주 전,30,aE-zl1rl-Vc,,26,5e9432607bb1,@하나비-m8z  1등할 순 없는 국력이라 그럼
DM-004818,raw_youtube.csv,1122,crawler_youtube.py,유튜브 댓글(삼프로TV·슈카월드),yt_comment,유튜브 댓글,슈카월드,4주 전,10,aE-zl1rl-Vc,,82,816c7cedfd46,​ @하나비-m8z 아무것도 안하기엔 너무 크고 뭐하나 해서 1등하기엔 너무 작은 나라라 그럼. 아 그럼 우리가 대국도 소국도 아닌 진정한 중국인가
DM-004819,raw_youtube.csv,1123,crawler_youtube.py,유튜브 댓글(삼프로TV·슈카월드),yt_comment,유튜브 댓글,슈카월드,3주 전,0,aE-zl1rl-Vc,,30,46abf05b7e14,맞는 말임. 중국에게 잡아 먹히기 전에 뭔가를 해야함.
DM-004820,raw_youtube.csv,1124,crawler_youtube.py,유튜브 댓글(삼프로TV·슈카월드),yt_comment,유튜브 댓글,슈카월드,4주 전,2,aE-zl1rl-Vc,,21,c45217ee4d00,이미 기술보다 정치적으로 먹히고있어서ㅎ
DM-004821,raw_youtube.csv,1125,crawler_youtube.py,유튜브 댓글(삼프로TV·슈카월드),yt_comment,유튜브 댓글,슈카월드,4주 전,20,aE-zl1rl-Vc,,87,c35939643203,평생을 부산 경남에 살았지만 호남에 투자하는게 맞다. 땅값. 부지. 수자원. 모든걸 봐도 호남이 맞다. 부산은 해수부 이전만으로도 천운. 한국 앞날이 밝다.
DM-004822,raw_youtube.csv,1126,crawler_youtube.py,유튜브 댓글(삼프로TV·슈카월드),yt_comment,유튜브 댓글,슈카월드,4주 전,14,aE-zl1rl-Vc,,86,1f5207e55f41,@내아임다18  니 부산 사람 아니지? ㅋㅋㅋㅋㅋㅋㅋㅋㅋ 물은 100번 양보해서 어찌 해결한다쳐도 전기는? 태양광 돌려서 반도체 만든다던데 그게 말이됨??
DM-004823,raw_youtube.csv,1127,crawler_youtube.py,유튜브 댓글(삼프로TV·슈카월드),yt_comment,유튜브 댓글,슈카월드,4주 전,27,aE-zl1rl-Vc,,41,0e63c9f98b56,​ @내아임다18 머라는거임 수자원 전력딸려서 전문가들도 말리는게 호남인데
DM-004824,raw_youtube.csv,1128,crawler_youtube.py,유튜브 댓글(삼프로TV·슈카월드),yt_comment,유튜브 댓글,슈카월드,4주 전(수정됨),6,aE-zl1rl-Vc,,71,da35138d740a,로봇을 만들겠다? 중국에서 만들어오지. 현재 중국산 아닌게 얼마나돼? 중국산 부품으로조립만해서.. 광주에가는 이유가  보이는데?
DM-004825,raw_youtube.csv,1129,crawler_youtube.py,유튜브 댓글(삼프로TV·슈카월드),yt_comment,유튜브 댓글,슈카월드,4주 전,0,aE-zl1rl-Vc,,103,5903ced5fea8,@이하이-d9w  중국산 아닌 제조업 얼마나 많은데요;;  그리고 언제적 중국산입니까 ㅋㅋ 거기도 인건비 비싸서 베트남 같은 곳에서 만드는 구만.  기술력만 우리가 가지고 있으면 돼요.
DM-004826,raw_youtube.csv,1130,crawler_youtube.py,유튜브 댓글(삼프로TV·슈카월드),yt_comment,유튜브 댓글,슈카월드,4주 전,4,aE-zl1rl-Vc,,37,ae49638a5ae8,​ @이하이-d9w 뭐눈엔 뭐만 보인다더니 개불쌍한 안목이누~ ^^
DM-004827,raw_youtube.csv,1131,crawler_youtube.py,유튜브 댓글(삼프로TV·슈카월드),yt_comment,유튜브 댓글,슈카월드,4주 전,1,aE-zl1rl-Vc,,15,134ad5929a51,중국이 더 쎈데 뭘 잡아먹혀
DM-004828,raw_youtube.csv,1132,crawler_youtube.py,유튜브 댓글(삼프로TV·슈카월드),yt_comment,유튜브 댓글,슈카월드,4주 전,31,aE-zl1rl-Vc,,27,e1abcdb14310,@hohomommys  이사람 국어 9등급인가요?
DM-004829,raw_youtube.csv,1133,crawler_youtube.py,유튜브 댓글(삼프로TV·슈카월드),yt_comment,유튜브 댓글,슈카월드,4주 전,8,aE-zl1rl-Vc,,53,3a7aed8c4443,@hohomommys   잡아먹히는건 당연히 약한쪽이 잡아먹히는 거 아님? 말하는게 좀 이상하네
DM-004830,raw_youtube.csv,1134,crawler_youtube.py,유튜브 댓글(삼프로TV·슈카월드),yt_comment,유튜브 댓글,슈카월드,4주 전(수정됨),2,aE-zl1rl-Vc,,52,90f1efdaf0ca,​​ @hohomommys  강민철의 기출분석을 읽었더라면 이런 댓글은 달지 않았을 텐데...
DM-004831,raw_youtube.csv,1135,crawler_youtube.py,유튜브 댓글(삼프로TV·슈카월드),yt_comment,유튜브 댓글,슈카월드,4주 전,2,aE-zl1rl-Vc,,43,022147cb81bb,@바보-sshsjxh98927  국어 13등급 14등급 하면 딱 맞다고 합니다
DM-004832,raw_youtube.csv,1136,crawler_youtube.py,유튜브 댓글(삼프로TV·슈카월드),yt_comment,유튜브 댓글,슈카월드,4주 전,9,aE-zl1rl-Vc,,33,9c8aba357e3f,@바보-sshsjxh98927  화짱조라 한국말 못해서 그럼
DM-004833,raw_youtube.csv,1137,crawler_youtube.py,유튜브 댓글(삼프로TV·슈카월드),yt_comment,유튜브 댓글,슈카월드,4주 전,0,aE-zl1rl-Vc,,30,4cf12aee6c46,@바보-sshsjxh98927  어허 이제 5등급입니다
DM-004834,raw_youtube.csv,1138,crawler_youtube.py,유튜브 댓글(삼프로TV·슈카월드),yt_comment,유튜브 댓글,슈카월드,4주 전,0,aE-zl1rl-Vc,,67,7186ad2ef711,@hohomommys  옛날에 이미 일본이나 유럽이 잘하던 분야인데도 저렇게 투자해서 지금의 한국 철강이랑 반도체를 만듦
DM-004835,raw_youtube.csv,1139,crawler_youtube.py,유튜브 댓글(삼프로TV·슈카월드),yt_comment,유튜브 댓글,슈카월드,4주 전,3,aE-zl1rl-Vc,불안·공포,121,19d9de782d46,"​그냥 좀 첨언하자면 현재는 우리가 앞서고 있는게 맞고  중국은 이 다음 반도체 기술에 목숨걸고 돈을 때려박는중  10년 뒤가 걱정되긴함. 부디 제발 중국만은...차라리 일본이 낫고, 대만이 낫고, 미국이 베스트야.."
DM-004836,raw_youtube.csv,1140,crawler_youtube.py,유튜브 댓글(삼프로TV·슈카월드),yt_comment,유튜브 댓글,슈카월드,4주 전,8,aE-zl1rl-Vc,,46,e0e3763a5b84,@주 @주앙펠릭스-z5g 부산에 투자하면 전력 해결됨? 논리자체가 ㅈㄴ 어설프노 ㅋ
DM-004837,raw_youtube.csv,1141,crawler_youtube.py,유튜브 댓글(삼프로TV·슈카월드),yt_comment,유튜브 댓글,슈카월드,4주 전,4,aE-zl1rl-Vc,,40,48a71b061398,@주앙펠릭스-z5g 기업이 투자하겠다는데 말이 되냐는둥ㅋㅋㅋ같잖아죽겠네.
DM-004838,raw_youtube.csv,1142,crawler_youtube.py,유튜브 댓글(삼프로TV·슈카월드),yt_comment,유튜브 댓글,슈카월드,4주 전,5,aE-zl1rl-Vc,,102,892bb1ed8bde,​ @Mazingaz-o6d ㅋㅋㅋ 뭐라구여? 호남이 수자원이 딸린다구? 또 이상한 유튭보고왔네.ㅋㅋㅋ. 수자원이 딸리는데 그 거대한 논농사를 매년 짓는다고? ㅋㅋㅋ. 공부좀 합시다.
DM-004839,raw_youtube.csv,1143,crawler_youtube.py,유튜브 댓글(삼프로TV·슈카월드),yt_comment,유튜브 댓글,슈카월드,4주 전,21,aE-zl1rl-Vc,,152,86bf00d3a659,​ @내아임다18 아니 그 논농사 하는 물을 반도체 만드는 데 끌고와 버리면 호남 농민들은 흙이나 먹으란 겁니까 그리고 애초에 저수지물 그 좃드른 물로 반도체를 만들면 품질이 좃박을 텐데 아무리 봐도 다른 지역 제끼고 기업 팔 비틀어서 호남 유배 보낸걸로 밖에 안보이는 데
DM-004840,raw_youtube.csv,1144,crawler_youtube.py,유튜브 댓글(삼프로TV·슈카월드),yt_comment,유튜브 댓글,슈카월드,1개월 전,101,yV0XTcQXFrM,,29,94b6e158fb2f,용케 매번 다른 나라인척 잘 찾아오시네요 ㅋㅋㅋㅋㅋㅋ
DM-004841,raw_youtube.csv,1145,crawler_youtube.py,유튜브 댓글(삼프로TV·슈카월드),yt_comment,유튜브 댓글,슈카월드,1개월 전,1.2천,yV0XTcQXFrM,,43,8d046c9e4731,사실 우리나라 이야기를 대만으로 치환해서 할 수 있어서 기쁜 슈카면 개추ㅋㅋㅋ
DM-004842,raw_youtube.csv,1146,crawler_youtube.py,유튜브 댓글(삼프로TV·슈카월드),yt_comment,유튜브 댓글,슈카월드,1개월 전,745,yV0XTcQXFrM,,26,39692c548e12,'한국 이야기 아니지?' '네' '그래 잘하자'
DM-004843,raw_youtube.csv,1147,crawler_youtube.py,유튜브 댓글(삼프로TV·슈카월드),yt_comment,유튜브 댓글,슈카월드,1개월 전,28,yV0XTcQXFrM,,49,01fc0e38121d,대만 소개팅룩이 TSMC면 한국에선 예전에 울산한정 현대자동차 유니폼이  소개팅 룩이었죠
DM-004844,raw_youtube.csv,1148,crawler_youtube.py,유튜브 댓글(삼프로TV·슈카월드),yt_comment,유튜브 댓글,슈카월드,1개월 전,17,yV0XTcQXFrM,,22,993b16d81deb,ㅋㅋㅋㅌㅋㅋㅋㅋ하이닉스 썸넬이랑 똑같다!
DM-004845,raw_youtube.csv,1149,crawler_youtube.py,유튜브 댓글(삼프로TV·슈카월드),yt_comment,유튜브 댓글,슈카월드,1개월 전,87,yV0XTcQXFrM,,15,5b82e2301329,"어이, 그 앞은 [지옥]이다"
DM-004846,raw_youtube.csv,1150,crawler_youtube.py,유튜브 댓글(삼프로TV·슈카월드),yt_comment,유튜브 댓글,슈카월드,1개월 전,7,yV0XTcQXFrM,,8,9d8e0f860f1f,항상 응원합니다
DM-004847,raw_youtube.csv,1151,crawler_youtube.py,유튜브 댓글(삼프로TV·슈카월드),yt_comment,유튜브 댓글,슈카월드,1개월 전(수정됨),62,yV0XTcQXFrM,,16,f20560eaeaf3,썸네일 돌려쓰는거 개웃기네ㅋㅋ
DM-004848,raw_youtube.csv,1152,crawler_youtube.py,유튜브 댓글(삼프로TV·슈카월드),yt_comment,유튜브 댓글,슈카월드,1개월 전,417,yV0XTcQXFrM,,27,279f210fcf86,ㅋㅋㅋㅋㅋㅋㅋㅋㅋ 썸네일 재활용 ㅋㅋㅋㅋㅋㅋㅋㅋㅋ
DM-004849,raw_youtube.csv,1153,crawler_youtube.py,유튜브 댓글(삼프로TV·슈카월드),yt_comment,유튜브 댓글,슈카월드,1개월 전,3,yV0XTcQXFrM,,21,52486a549821,예전부터 너무나  익숙한 스토리! 빛투
DM-004850,raw_youtube.csv,1154,crawler_youtube.py,유튜브 댓글(삼프로TV·슈카월드),yt_comment,유튜브 댓글,슈카월드,1개월 전,6,yV0XTcQXFrM,,60,c41b9fec1c0b,진짜 ㅋㅋ 얼마전에 애니트레일러도 봐서 그런지. 신주시 이야기 들으면 들을수록 계속 나이트 시티 생각이 나냐
DM-004851,raw_youtube.csv,1155,crawler_youtube.py,유튜브 댓글(삼프로TV·슈카월드),yt_comment,유튜브 댓글,슈카월드,1개월 전,17,yV0XTcQXFrM,,58,68abfbfac568,근데 대만은 진짜 생각보다 임금이 낮긴 하더라... 반도체 회사 다니는거 아니면 아예 살기가 힘든 수준임
DM-004852,raw_youtube.csv,1156,crawler_youtube.py,유튜브 댓글(삼프로TV·슈카월드),yt_comment,유튜브 댓글,슈카월드,1개월 전,43,yV0XTcQXFrM,,19,e475277e1c74,썸넬만 보고 봤던거 또 뜬줄 ㅋㅋㅋ
DM-004853,raw_youtube.csv,1157,crawler_youtube.py,유튜브 댓글(삼프로TV·슈카월드),yt_comment,유튜브 댓글,슈카월드,1개월 전,11,yV0XTcQXFrM,,28,104e6c5b1c3d,이쯤되면 세계가 사실은 하나의 거대한 한국 아닐까?
DM-004854,raw_youtube.csv,1158,crawler_youtube.py,유튜브 댓글(삼프로TV·슈카월드),yt_comment,유튜브 댓글,슈카월드,1개월 전,3,yV0XTcQXFrM,,14,b4d52a6e1be7,오늘도 흥미진진한 지구~~
DM-004855,raw_youtube.csv,1159,crawler_youtube.py,유튜브 댓글(삼프로TV·슈카월드),yt_comment,유튜브 댓글,슈카월드,1개월 전,16,yV0XTcQXFrM,,70,68b248fef2b0,사실 우리랑 같은 상황인데 남의 나라 얘기하면 이성적으로 해결 방안을 생각하면서 내 일이 되면 당장의 이익만 생각하는 한국인들
DM-004856,raw_youtube.csv,1160,crawler_youtube.py,유튜브 댓글(삼프로TV·슈카월드),yt_comment,유튜브 댓글,슈카월드,1개월 전,8,yV0XTcQXFrM,,91,ee48a7d38681,기업 실적이고 뭐고 지금 전세계 투자비중이랑 신용률을보면 결국 누군가는 팔아야하는 시간이 다가왔고 그거는 기업 재무와는 상관없이 투자자들의 치킨게임이 시작되는것뿐임
DM-004857,raw_youtube.csv,1161,crawler_youtube.py,유튜브 댓글(삼프로TV·슈카월드),yt_comment,유튜브 댓글,슈카월드,1개월 전(수정됨),73,yV0XTcQXFrM,,15,fb0702524a1b,오늘은 너무 파랗게 떨어졌죠
DM-004858,raw_youtube.csv,1162,crawler_youtube.py,유튜브 댓글(삼프로TV·슈카월드),yt_comment,유튜브 댓글,슈카월드,1개월 전,1,yV0XTcQXFrM,,20,59becfdd1e38,전에 봤던거 다시 올라온줄 알았네ㅋㅋ
DM-004859,raw_youtube.csv,1163,crawler_youtube.py,유튜브 댓글(삼프로TV·슈카월드),yt_comment,유튜브 댓글,슈카월드,1개월 전,0,yV0XTcQXFrM,FOMO·상대적박탈감,20,3a2d9758cef8,막차타기전에 빠져나오는게 진짜 고수!
DM-004860,raw_youtube.csv,1164,crawler_youtube.py,유튜브 댓글(삼프로TV·슈카월드),yt_comment,유튜브 댓글,슈카월드,1개월 전,11,yV0XTcQXFrM,,44,5dd418c9d83a,"대만 여행가면 TSMC 공장,마이크론 공장등 쭉 줄서있는데 그 모습 진자 장관임"
DM-004861,raw_youtube.csv,1165,crawler_youtube.py,유튜브 댓글(삼프로TV·슈카월드),yt_comment,유튜브 댓글,슈카월드,1개월 전,7,yV0XTcQXFrM,,20,73a4cd3eb48a,치환이 안될 정도로 한국이 훨씬 심함
DM-004862,raw_youtube.csv,1166,crawler_youtube.py,유튜브 댓글(삼프로TV·슈카월드),yt_comment,유튜브 댓글,슈카월드,1개월 전,7,yV0XTcQXFrM,,23,8104391f1e3c,우리나라한테 하고싶은말도 하신거같음 ㅋㅋㅋ
DM-004863,raw_youtube.csv,1167,crawler_youtube.py,유튜브 댓글(삼프로TV·슈카월드),yt_comment,유튜브 댓글,슈카월드,1개월 전,2,yV0XTcQXFrM,,4,1307e4b6d8fb,개추ㅋㅋ
DM-004864,raw_youtube.csv,1168,crawler_youtube.py,유튜브 댓글(삼프로TV·슈카월드),yt_comment,유튜브 댓글,슈카월드,1개월 전,2,yV0XTcQXFrM,,54,bb9c39715ce9,"위에 있는댓 <  ,  > 대신 <  .  > 으로 바꿔서치면됨ㄱㄱ이게 구라면 내 손목건다ㄱㄱㄱㄱ"
DM-004865,raw_youtube.csv,1169,crawler_youtube.py,유튜브 댓글(삼프로TV·슈카월드),yt_comment,유튜브 댓글,슈카월드,1개월 전,1,yV0XTcQXFrM,,79,4121caf9fc6a,"친구들이 자꾸 브라우저에 yaka,my 쳐보라길래 봤는데 정신 혼미해진다...영상 사건 터지고 얼굴 보면 다 알텐데 연예계 생활 가능한거누ㅋㅋ"
DM-004866,raw_youtube.csv,1170,crawler_youtube.py,유튜브 댓글(삼프로TV·슈카월드),yt_comment,유튜브 댓글,슈카월드,1개월 전,1,yV0XTcQXFrM,,61,163eb067d5bc,"아 주소에다가 yaka,my 쳐서 들어가면 연예계 유츨 난리길래 방금 봤는데 뒷부분 분수 진짜 미쳤네 ㄷㄷㄷㄷ"
DM-004867,raw_youtube.csv,1171,crawler_youtube.py,유튜브 댓글(삼프로TV·슈카월드),yt_comment,유튜브 댓글,슈카월드,1개월 전,0,yV0XTcQXFrM,,61,482af3ac5fc2,"아 주소에다가 yaka,my 쳐서 들어가면 연예계 유츨 난리길래 방금 봤는데 뒷부분 분수 진짜 미쳤네 ㅎㅎㅎㅎ"
DM-004868,raw_youtube.csv,1172,crawler_youtube.py,유튜브 댓글(삼프로TV·슈카월드),yt_comment,유튜브 댓글,슈카월드,4주 전,0,yV0XTcQXFrM,,24,f5cd1d0aab9c,​ @iman-2-w66 😊😅😂😢😂🎉😢😮😊😮
DM-004869,raw_youtube.csv,1173,crawler_youtube.py,유튜브 댓글(삼프로TV·슈카월드),yt_comment,유튜브 댓글,슈카월드,1개월 전,0,yV0XTcQXFrM,,78,363f699fd0fa,"친구들이 자꾸 브라우저에 yaka,my 쳐보라길래 봤는데 정신 혼미해진다...영상 사건 터지고 얼굴 보면 다 알텐데 연예계 생활 가능하냥ㅋㅋ"
DM-004870,raw_youtube.csv,1174,crawler_youtube.py,유튜브 댓글(삼프로TV·슈카월드),yt_comment,유튜브 댓글,슈카월드,1개월 전,9,yV0XTcQXFrM,,11,866d957675c3,개웃기네ㅋㅋㅋㅋㅋㅋㅋ
DM-004871,raw_youtube.csv,1175,crawler_youtube.py,유튜브 댓글(삼프로TV·슈카월드),yt_comment,유튜브 댓글,슈카월드,1개월 전,4,yV0XTcQXFrM,,22,b3ecf1170bdd,박현준 밈이 여기까지 박제되네 ㅋㅋㅋㅋㅋ
DM-004872,raw_youtube.csv,1176,crawler_youtube.py,유튜브 댓글(삼프로TV·슈카월드),yt_comment,유튜브 댓글,슈카월드,1개월 전,0,yV0XTcQXFrM,,7,f56473559afd,ㅋㅋㅋㅋㅋㅋㅋ
DM-004873,raw_youtube.csv,1177,crawler_youtube.py,유튜브 댓글(삼프로TV·슈카월드),yt_comment,유튜브 댓글,슈카월드,1개월 전,0,yV0XTcQXFrM,,53,391ea7bc2766,"위에 있는댓 <  ,  > 대신 <  .  > 으로 바꿔서치면됨ㄱㄱ이게 구라면 내 손목건다ㄱㄱㄱ"
DM-004874,raw_youtube.csv,1178,crawler_youtube.py,유튜브 댓글(삼프로TV·슈카월드),yt_comment,유튜브 댓글,슈카월드,1개월 전,0,yV0XTcQXFrM,,61,9de5b37ae2e9,"아 주소에다가 yaka,my 쳐서 들어가면 연예계 유츨 난리길래 방금 봤는데 뒷부분 분수 진짜 미쳤네 ㅋㅋㅋㅋ"
DM-004875,raw_youtube.csv,1179,crawler_youtube.py,유튜브 댓글(삼프로TV·슈카월드),yt_comment,유튜브 댓글,슈카월드,6일 전,0,yV0XTcQXFrM,,4,5cd123cab39c,"""알아"""
DM-004876,raw_youtube.csv,1180,crawler_youtube.py,유튜브 댓글(삼프로TV·슈카월드),yt_comment,유튜브 댓글,슈카월드,1개월 전,12,yV0XTcQXFrM,,10,e687660ce7ca,브랜드가 다르다고😂
DM-004877,raw_youtube.csv,1181,crawler_youtube.py,유튜브 댓글(삼프로TV·슈카월드),yt_comment,유튜브 댓글,슈카월드,1개월 전,8,yV0XTcQXFrM,,9,5951d0960b54,아 글자 바꿨다고
DM-004878,raw_youtube.csv,1182,crawler_youtube.py,유튜브 댓글(삼프로TV·슈카월드),yt_comment,유튜브 댓글,슈카월드,1개월 전,1,yV0XTcQXFrM,,12,c70ce42e1cd8,ai 딸깍 글씨 바꾸기
DM-004879,raw_youtube.csv,1183,crawler_youtube.py,유튜브 댓글(삼프로TV·슈카월드),yt_comment,유튜브 댓글,슈카월드,3주 전,0,yV0XTcQXFrM,,132,1fa91e52ce6c,임금이 낮은거지 버는돈이 적은건아님.  우리나라가 좀 보고배워야하는게 대만은 일만하면 돈을 벌기가 쉬움 인건이싸서 부리기도 좋고 고용을 안하더라도 자기가 뭔가 생각하고 당장 앞에 붕어빵만 팔러가도 최저임금받고 일하는 애들보다 돈 훨씬 범
DM-004880,raw_youtube.csv,1184,crawler_youtube.py,유튜브 댓글(삼프로TV·슈카월드),yt_comment,유튜브 댓글,슈카월드,1개월 전,0,yV0XTcQXFrM,,13,a7f15583a5c8,어느 유튭의 썸네일이죠?
DM-004881,raw_youtube.csv,1185,crawler_youtube.py,유튜브 댓글(삼프로TV·슈카월드),yt_comment,유튜브 댓글,슈카월드,1개월 전,0,yV0XTcQXFrM,,19,dd680c0c7155,@Yongwon-w1y  16:27
DM-004882,raw_youtube.csv,1186,crawler_youtube.py,유튜브 댓글(삼프로TV·슈카월드),yt_comment,유튜브 댓글,슈카월드,4주 전,0,yV0XTcQXFrM,,24,c9c1fb747aee,??: 너는 나라 망하길비는 거지 숏충이냐?
DM-004883,raw_youtube.csv,1187,crawler_youtube.py,유튜브 댓글(삼프로TV·슈카월드),yt_comment,유튜브 댓글,슈카월드,1개월 전,2,yV0XTcQXFrM,,16,da265671c17c,? 반도체빼고 다 빨간불이던데
DM-004884,raw_youtube.csv,1188,crawler_youtube.py,유튜브 댓글(삼프로TV·슈카월드),yt_comment,유튜브 댓글,슈카월드,1개월 전,0,yV0XTcQXFrM,,37,42fd9a61cbb5,@NoName-iz1hv 그러면 코스피도 1년 전보다 떨어진건가요?
DM-004885,raw_youtube.csv,1189,crawler_youtube.py,유튜브 댓글(삼프로TV·슈카월드),yt_comment,유튜브 댓글,슈카월드,1개월 전,9,yV0XTcQXFrM,,50,7710e2b454a3,​ @NoName-iz1hv 코스피 40%가 삼전 하닉인데. 둘 쩔어지면 파란거지 ㅋㅋㅋㅋ
DM-004886,raw_youtube.csv,1190,crawler_youtube.py,유튜브 댓글(삼프로TV·슈카월드),yt_comment,유튜브 댓글,슈카월드,1개월 전,0,yV0XTcQXFrM,,10,1967c8f3ac07,괜찮음 조정중인거라
DM-004887,raw_youtube.csv,1191,crawler_youtube.py,유튜브 댓글(삼프로TV·슈카월드),yt_comment,유튜브 댓글,슈카월드,1개월 전,3,yV0XTcQXFrM,,46,8e484665da88,@dalmasiand 너무 파랗게라는 뜻은 대부분 종목이 파란불이라는 뜻으로 해석함
DM-004888,raw_youtube.csv,1192,crawler_youtube.py,유튜브 댓글(삼프로TV·슈카월드),yt_comment,유튜브 댓글,슈카월드,1개월 전,0,yV0XTcQXFrM,,32,57efb5cbf2e1,​ @NoName-iz1hv  오 그렇게 해석을 하셨구나~
DM-004889,raw_youtube.csv,1193,crawler_youtube.py,유튜브 댓글(삼프로TV·슈카월드),yt_comment,유튜브 댓글,슈카월드,1개월 전,1,yV0XTcQXFrM,,8,d814cf007b63,질 수 없다!!
DM-004890,raw_youtube.csv,1194,crawler_youtube.py,유튜브 댓글(삼프로TV·슈카월드),yt_comment,유튜브 댓글,슈카월드,1개월 전,11,yV0XTcQXFrM,,20,070af0694e4d,뭐지 한국 집값 보는 것 같은 느낌은
DM-004891,raw_youtube.csv,1195,crawler_youtube.py,유튜브 댓글(삼프로TV·슈카월드),yt_comment,유튜브 댓글,슈카월드,4주 전,5,yV0XTcQXFrM,,168,6cacf9ee99e2,저 소득불평등의 원인을 거슬러 올라가면  민간기업들은 죄다 저임금 쫓아 중국 본토로 빨려들어가서. 그나마 국가자본 기반인 TSMC와 일부만 남고; 중국에 대한 정치적 견해까지 심각하게 분열되는 원인도 이거인데  강제성 있는 조치 없이는 중국에 빨려들어간 일자리와 불평등을  되돌릴 방법도 마땅치 않아서
DM-004892,raw_youtube.csv,1196,crawler_youtube.py,유튜브 댓글(삼프로TV·슈카월드),yt_comment,유튜브 댓글,슈카월드,1개월 전,21,yV0XTcQXFrM,,28,3677cecda4e2,19:23 ㅋㅋㅋ 말 그대로 대만의 신줏단지네요..
DM-004893,raw_youtube.csv,1197,crawler_youtube.py,유튜브 댓글(삼프로TV·슈카월드),yt_comment,유튜브 댓글,슈카월드,1개월 전,9,yV0XTcQXFrM,,13,1c24bebaebe5,걍 한국 그 자체 ㅋㅋㅋ
DM-004894,raw_youtube.csv,1198,crawler_youtube.py,유튜브 댓글(삼프로TV·슈카월드),yt_comment,유튜브 댓글,슈카월드,1개월 전,7,yV0XTcQXFrM,,17,72732cf21897,🤦‍♂️사정없이 내려꽂아라 !😤
DM-004895,raw_youtube.csv,1199,crawler_youtube.py,유튜브 댓글(삼프로TV·슈카월드),yt_comment,유튜브 댓글,슈카월드,1개월 전,2,yV0XTcQXFrM,,16,73b9c5313993,Winter is coming
DM-004896,raw_youtube.csv,1200,crawler_youtube.py,유튜브 댓글(삼프로TV·슈카월드),yt_comment,유튜브 댓글,슈카월드,1개월 전,5,yV0XTcQXFrM,,95,40bae84e3acc,반도체를 제외하고 거의 모든 업종에 일하는 직원이 중국 본토 노동자들과 경쟁해야함 기업들은 마음만 먹으면 본토로 생산공장을 이전시킬수 있어서 노동자들이 압도적 을의 입장임
DM-004897,raw_youtube.csv,1201,crawler_youtube.py,유튜브 댓글(삼프로TV·슈카월드),yt_comment,유튜브 댓글,슈카월드,1개월 전,0,yV0XTcQXFrM,,13,6f6fe714e6b5,이것이 인간지표란 것인가
DM-004898,raw_youtube.csv,1202,crawler_youtube.py,유튜브 댓글(삼프로TV·슈카월드),yt_comment,유튜브 댓글,슈카월드,1개월 전,3,yV0XTcQXFrM,,18,b9657246111a,예전 영상인줄 그냥 넘어갈뻔 했네
DM-004899,raw_youtube.csv,1203,crawler_youtube.py,유튜브 댓글(삼프로TV·슈카월드),yt_comment,유튜브 댓글,슈카월드,1개월 전,7,yV0XTcQXFrM,,30,377cee6c640a,인도네시아 골로 가고 있다는데 한번 다뤄주시나요...?
DM-004900,raw_youtube.csv,1204,crawler_youtube.py,유튜브 댓글(삼프로TV·슈카월드),yt_comment,유튜브 댓글,슈카월드,1개월 전,3,yV0XTcQXFrM,,11,9166aae4141b,하 진짜 지긋지긋하다
DM-004901,raw_youtube.csv,1205,crawler_youtube.py,유튜브 댓글(삼프로TV·슈카월드),yt_comment,유튜브 댓글,슈카월드,1개월 전,1,yV0XTcQXFrM,,6,4d2506c897bf,투기겠지!!
DM-004902,raw_youtube.csv,1206,crawler_youtube.py,유튜브 댓글(삼프로TV·슈카월드),yt_comment,유튜브 댓글,슈카월드,1개월 전,4,yV0XTcQXFrM,불안·공포,39,ccae44abaa77,투자 하느라 돈 아낀다 하니까 드는 생각인데 소비지수 떨어지는거 아님?
DM-004903,raw_youtube.csv,1207,crawler_youtube.py,유튜브 댓글(삼프로TV·슈카월드),yt_comment,유튜브 댓글,슈카월드,1개월 전,1,yV0XTcQXFrM,,11,472a7dfbc803,썸네일 재탕 ㅋㅋㅋㅋ
DM-004904,raw_youtube.csv,1208,crawler_youtube.py,유튜브 댓글(삼프로TV·슈카월드),yt_comment,유튜브 댓글,슈카월드,3주 전(수정됨),1,yV0XTcQXFrM,,93,f78de515b789,현재 반도체 종사자로 대만 신주에 살고 있습니다~ 동네 얘기 나오니 반갑네요 ㅎㅎ 비싼차가 많고 물가가 놀랄만한 수준인거 맞고요~ 놀랍도록 심심한 동네인것도 맞습니다ㅠ
DM-004905,raw_youtube.csv,1209,crawler_youtube.py,유튜브 댓글(삼프로TV·슈카월드),yt_comment,유튜브 댓글,슈카월드,1개월 전,4,yV0XTcQXFrM,,13,7a1e3d04df08,한국인줄 알았다 비슷하네
DM-004906,raw_youtube.csv,1210,crawler_youtube.py,유튜브 댓글(삼프로TV·슈카월드),yt_comment,유튜브 댓글,슈카월드,1개월 전,2,yV0XTcQXFrM,,24,212f6c94ba9e,ㅋㅋㅋㅋ 우리 나라 이야기네. 대만 힘내라.
DM-004907,raw_youtube.csv,1211,crawler_youtube.py,유튜브 댓글(삼프로TV·슈카월드),yt_comment,유튜브 댓글,슈카월드,1개월 전,2,yV0XTcQXFrM,,7,0602ca1f1e39,너두? 나도!
DM-004908,raw_youtube.csv,1212,crawler_youtube.py,유튜브 댓글(삼프로TV·슈카월드),yt_comment,유튜브 댓글,슈카월드,1개월 전,0,yV0XTcQXFrM,후회·손실고통,13,af84e7ced718,쌉고점이네 조졌다 ㅋㅋㅋ
DM-004909,raw_youtube.csv,1213,crawler_youtube.py,유튜브 댓글(삼프로TV·슈카월드),yt_comment,유튜브 댓글,슈카월드,1개월 전,22,yV0XTcQXFrM,,17,2e5d3fb768e8,홍명보 미국가는 속도로 왔습니다
DM-004910,raw_youtube.csv,1214,crawler_youtube.py,유튜브 댓글(삼프로TV·슈카월드),yt_comment,유튜브 댓글,슈카월드,1개월 전,5,yV0XTcQXFrM,,43,46119fb7131a,"빅테크 기업 엘리트, 슈퍼컴퓨터에 놀아나는 서민 투자자들 ㅋㅋ 빼야 니돈이라고"
DM-004911,raw_youtube.csv,1215,crawler_youtube.py,유튜브 댓글(삼프로TV·슈카월드),yt_comment,유튜브 댓글,슈카월드,1개월 전,1,yV0XTcQXFrM,,7,5f2dd8de83c1,지록위마~~~
DM-004912,raw_youtube.csv,1216,crawler_youtube.py,유튜브 댓글(삼프로TV·슈카월드),yt_comment,유튜브 댓글,슈카월드,1개월 전,2,yV0XTcQXFrM,,21,f0d4584ba730,"대만, 한국, 일본 모두 똑같은 상황."
DM-004913,raw_youtube.csv,1217,crawler_youtube.py,유튜브 댓글(삼프로TV·슈카월드),yt_comment,유튜브 댓글,슈카월드,1개월 전,3,yV0XTcQXFrM,,15,35f802b8fcb3,대만이 문제가 아니잖아 ㅠㅠ
DM-004914,raw_youtube.csv,1218,crawler_youtube.py,유튜브 댓글(삼프로TV·슈카월드),yt_comment,유튜브 댓글,슈카월드,3주 전,0,yV0XTcQXFrM,,70,145a41db849e,어학연수에서 대만 친구들 몇몇 만났었는데 확실히 다른 나라 친구들에 비해 주식이랑 기업에 관심이 많더이다 .. 그래서 그랬구나
DM-004915,raw_youtube.csv,1219,crawler_youtube.py,유튜브 댓글(삼프로TV·슈카월드),yt_comment,유튜브 댓글,슈카월드,4주 전,1,yV0XTcQXFrM,충동·중독시그널,19,8a2d3f1906b9,이거보고 에이직랜드 몰빵쳤습니다^^
DM-004916,raw_youtube.csv,1220,crawler_youtube.py,유튜브 댓글(삼프로TV·슈카월드),yt_comment,유튜브 댓글,슈카월드,1개월 전(수정됨),1,yV0XTcQXFrM,,54,48464c4e0441,"12:48 우리나라 산업의 펀더멘탈은 튼튼하다: 1989년 일본, 1996년 한국이 하던 말 ㅋㅋ"
DM-004917,raw_youtube.csv,1221,crawler_youtube.py,유튜브 댓글(삼프로TV·슈카월드),yt_comment,유튜브 댓글,슈카월드,1개월 전,4,yV0XTcQXFrM,,108,323a13d94723,주식도 판 깔아줘도 안 하는 사람은 끝까지 안 하더라. 결국 이게 양극화의 핵심같음. 차라리 전국민 기본소득보다 우량 주식을 강제로 쥐여주고 전 국민을 멱살 잡아서라도 자본가로 만들어야 됨 ㅋㅋ
DM-004918,raw_youtube.csv,1222,crawler_youtube.py,유튜브 댓글(삼프로TV·슈카월드),yt_comment,유튜브 댓글,슈카월드,1개월 전,23,yV0XTcQXFrM,,31,4cbc66e0bb2c,내려가는 지수 있다? 그게 우리나라 개읏기네 ㅋㅋㅋㅋㅋㅋ
DM-004919,raw_youtube.csv,1223,crawler_youtube.py,유튜브 댓글(삼프로TV·슈카월드),yt_comment,유튜브 댓글,슈카월드,1개월 전,4,yV0XTcQXFrM,,69,6f192679a447,닷컴버블이 이제는 반도체 버블 올려나... 반도체는 영원 하지만 빅테크 기업들이 반도체 수요를 조절하는 순간...망하는거다.
DM-004920,raw_youtube.csv,1224,crawler_youtube.py,유튜브 댓글(삼프로TV·슈카월드),yt_comment,유튜브 댓글,슈카월드,1개월 전,0,yV0XTcQXFrM,,36,4547f486935d,그래도 소득의 절반 이상을 투자에 쓸 수 있으면 되게 능력자임 ㅋ
DM-004921,raw_youtube.csv,1225,crawler_youtube.py,유튜브 댓글(삼프로TV·슈카월드),yt_comment,유튜브 댓글,슈카월드,1개월 전,20,yV0XTcQXFrM,,5,fff90a91e1da,"의치""하"""
DM-004922,raw_youtube.csv,1226,crawler_youtube.py,유튜브 댓글(삼프로TV·슈카월드),yt_comment,유튜브 댓글,슈카월드,1개월 전,54,yV0XTcQXFrM,,39,5ae55be7a4b0,심지어 대만은 소위 의치한약수 같은 의료 전문직이 돈 그닥 잘벌지 못함
DM-004923,raw_youtube.csv,1227,crawler_youtube.py,유튜브 댓글(삼프로TV·슈카월드),yt_comment,유튜브 댓글,슈카월드,1개월 전,0,yV0XTcQXFrM,,8,5488c2fb87da,결말이 어찌될까
DM-004924,raw_youtube.csv,1228,crawler_youtube.py,유튜브 댓글(삼프로TV·슈카월드),yt_comment,유튜브 댓글,슈카월드,1개월 전,1,yV0XTcQXFrM,,44,9258965fc1d3,AI investment is the biggest global trend. 😅
DM-004925,raw_youtube.csv,1229,crawler_youtube.py,유튜브 댓글(삼프로TV·슈카월드),yt_comment,유튜브 댓글,슈카월드,1개월 전,3,yV0XTcQXFrM,,27,b0dd59b45527,정보)오늘 하닉 레버리지는 30%움직였다(아래로)
DM-004926,raw_youtube.csv,1230,crawler_youtube.py,유튜브 댓글(삼프로TV·슈카월드),yt_comment,유튜브 댓글,슈카월드,1개월 전,1,yV0XTcQXFrM,,10,fc8692b00fd0,오늘 코스피는 전멸
DM-004927,raw_youtube.csv,1231,crawler_youtube.py,유튜브 댓글(삼프로TV·슈카월드),yt_comment,유튜브 댓글,슈카월드,1개월 전,1,yV0XTcQXFrM,,10,635e4a7d657d,한국이랑 똑같넹..
DM-004928,raw_youtube.csv,1232,crawler_youtube.py,유튜브 댓글(삼프로TV·슈카월드),yt_comment,유튜브 댓글,슈카월드,1개월 전,294,yV0XTcQXFrM,,50,411008168eff,"7월 2일자 삼전 -7.6%, 하이닉스 -12.9%   슈카형.... 나 너무 무서워..."
DM-004929,raw_youtube.csv,1233,crawler_youtube.py,유튜브 댓글(삼프로TV·슈카월드),yt_comment,유튜브 댓글,슈카월드,4주 전,1,yV0XTcQXFrM,,42,cd970d667f22,코스피는 20년동안 여태까지 투자매력없엇던 종목이엇음 의심하는거는 당연한거임
DM-004930,raw_youtube.csv,1234,crawler_youtube.py,유튜브 댓글(삼프로TV·슈카월드),yt_comment,유튜브 댓글,슈카월드,4주 전,0,yV0XTcQXFrM,,53,1881bf6e20f6,맞말이긴하지만 반도체 안들어가는데가 있나 당장 티비 지동차 컴터 등 일상에 안들어가는데가 없으니
DM-004931,raw_youtube.csv,1235,crawler_youtube.py,유튜브 댓글(삼프로TV·슈카월드),yt_comment,유튜브 댓글,슈카월드,1개월 전,2,yV0XTcQXFrM,,6,5272af5282ff,삼하 치한의
DM-004932,raw_youtube.csv,1236,crawler_youtube.py,유튜브 댓글(삼프로TV·슈카월드),yt_comment,유튜브 댓글,슈카월드,1개월 전,2,yV0XTcQXFrM,,23,381cc638241e,​ @songhe-f2r 하삼의한치임 ㅋㅋ
DM-004933,raw_youtube.csv,1237,crawler_youtube.py,유튜브 댓글(삼프로TV·슈카월드),yt_comment,유튜브 댓글,슈카월드,1개월 전,0,yV0XTcQXFrM,,52,3001a3de7676,​ @Dddd-h6n5l 응 아냐 300만 찍었을때 넘어섰지만 지금 다시 2위됨 그래서 삼하임
DM-004934,raw_youtube.csv,1238,crawler_youtube.py,유튜브 댓글(삼프로TV·슈카월드),yt_comment,유튜브 댓글,슈카월드,1개월 전,15,yV0XTcQXFrM,,46,35bae9dd7c20,이게 맞지 미용따리 의사가 제약사 직원한테 시술 배우면서 돈을 딸깍 벌어가는게 맞나
DM-004935,raw_youtube.csv,1239,crawler_youtube.py,유튜브 댓글(삼프로TV·슈카월드),yt_comment,유튜브 댓글,슈카월드,1개월 전,0,yV0XTcQXFrM,,18,aefdaff58aff,와 그럼 인버스는 30% 올랐네!
DM-004936,raw_youtube.csv,1240,crawler_youtube.py,유튜브 댓글(삼프로TV·슈카월드),yt_comment,유튜브 댓글,슈카월드,1개월 전,0,yV0XTcQXFrM,,9,0a52393c75f8,곱버스가 30프로
DM-004937,raw_youtube.csv,1241,crawler_youtube.py,유튜브 댓글(삼프로TV·슈카월드),yt_comment,유튜브 댓글,슈카월드,1개월 전,15,yV0XTcQXFrM,,42,287a4639783c,꼴랑 -10% 떨어졌다고 벌벌 떠는 소시민들에게 레버리지 오픈이라니 ㄷㄷㄷㄷ
DM-004938,raw_youtube.csv,1242,crawler_youtube.py,유튜브 댓글(삼프로TV·슈카월드),yt_comment,유튜브 댓글,슈카월드,1개월 전,6,yV0XTcQXFrM,,7,7527e5f32054,심텍 20%ㅜ
DM-004939,raw_youtube.csv,1243,crawler_youtube.py,유튜브 댓글(삼프로TV·슈카월드),yt_comment,유튜브 댓글,슈카월드,1개월 전,4,yV0XTcQXFrM,,16,0f182219b134,최후의 5분이다 버티고 버텨라
DM-004940,raw_youtube.csv,1244,crawler_youtube.py,유튜브 댓글(삼프로TV·슈카월드),yt_comment,유튜브 댓글,슈카월드,1개월 전,19,yV0XTcQXFrM,,19,745e6b93a53f,진즉사지 .. 빠쟈도 +370%인디
DM-004941,raw_youtube.csv,1245,crawler_youtube.py,유튜브 댓글(삼프로TV·슈카월드),yt_comment,유튜브 댓글,슈카월드,1개월 전,11,yV0XTcQXFrM,,65,70dfa6b0c9c3,​ @DIOLERS 전 50000프로요~ 증조할아버지가 이병철 지게꾼하시면서 종이주식 샀었는데 그때부터 장투중입니다~
DM-004942,raw_youtube.csv,1246,crawler_youtube.py,유튜브 댓글(삼프로TV·슈카월드),yt_comment,유튜브 댓글,슈카월드,1개월 전(수정됨),3,yV0XTcQXFrM,,36,3f908ab7cdda,​​ @DIOLERS 전  빠져서 680프로 최고땐900프로였는데
DM-004943,raw_youtube.csv,1247,crawler_youtube.py,유튜브 댓글(삼프로TV·슈카월드),yt_comment,유튜브 댓글,슈카월드,1개월 전,0,yV0XTcQXFrM,,23,0c3d6ee9f7e1,시즌종료 ㅅㅅㅅ 당분간 주식 숨기고 있어라
DM-004944,raw_youtube.csv,1248,crawler_youtube.py,유튜브 댓글(삼프로TV·슈카월드),yt_comment,유튜브 댓글,슈카월드,1개월 전(수정됨),0,yV0XTcQXFrM,불안·공포,40,ac1e78a44aa3,미국 반도체 겁나 빠져서 오늘도 장난아닐거에요 그레서 밤에 좀 샀죠 ㅎㅎ
DM-004945,raw_youtube.csv,1249,crawler_youtube.py,유튜브 댓글(삼프로TV·슈카월드),yt_comment,유튜브 댓글,슈카월드,1개월 전,0,yV0XTcQXFrM,,3,3006c7dce54e,조정중
DM-004946,raw_youtube.csv,1250,crawler_youtube.py,유튜브 댓글(삼프로TV·슈카월드),yt_comment,유튜브 댓글,슈카월드,1개월 전,0,yV0XTcQXFrM,,21,6d5361d94340,ㅋㅋㅋㅋ 오늘은 맘편히 주무십쇼 ㅋㅋㅋ
DM-004947,raw_youtube.csv,1251,crawler_youtube.py,유튜브 댓글(삼프로TV·슈카월드),yt_comment,유튜브 댓글,슈카월드,3주 전,0,yV0XTcQXFrM,,21,0dca09828682,제가 넣어서 그렇습니다. 죄송합니다..
DM-004948,raw_youtube.csv,1252,crawler_youtube.py,유튜브 댓글(삼프로TV·슈카월드),yt_comment,유튜브 댓글,슈카월드,3주 전,0,yV0XTcQXFrM,,15,d701e403c8b3,오늘 닉스 200깨졌다...
DM-004949,raw_youtube.csv,1253,crawler_youtube.py,유튜브 댓글(삼프로TV·슈카월드),yt_comment,유튜브 댓글,슈카월드,1개월 전,8,yV0XTcQXFrM,,50,bea21419394b,하루에 10프로씩 올라갔던날이 얼마나 많았는데 이제 겨우 10프로 떨어진거가지고 ㅋㅋㅋㅋㅋ
DM-004950,raw_youtube.csv,1254,crawler_youtube.py,유튜브 댓글(삼프로TV·슈카월드),yt_comment,유튜브 댓글,슈카월드,1개월 전,7,yV0XTcQXFrM,불안·공포,38,283311771c8f,200 주민 엊그제 폭락장에도 끄떡 없었는데 이젠 슬슬 두렵다....
DM-004951,raw_youtube.csv,1255,crawler_youtube.py,유튜브 댓글(삼프로TV·슈카월드),yt_comment,유튜브 댓글,슈카월드,1개월 전,13,yV0XTcQXFrM,,22,f6403668c9ca,지금같은 때 빚내서 투자하면 떼돈 버는겨
DM-004952,raw_youtube.csv,1256,crawler_youtube.py,유튜브 댓글(삼프로TV·슈카월드),yt_comment,유튜브 댓글,슈카월드,1개월 전,7,yV0XTcQXFrM,,25,2127cfcdcc5a,​ @KISCZZ 님 먼저 내고 인증하세요^^
DM-004953,raw_youtube.csv,1257,crawler_youtube.py,유튜브 댓글(삼프로TV·슈카월드),yt_comment,유튜브 댓글,슈카월드,1개월 전,0,yV0XTcQXFrM,,4,a2a6f85a6ca6,달러로~
DM-004954,raw_youtube.csv,1258,crawler_youtube.py,유튜브 댓글(삼프로TV·슈카월드),yt_comment,유튜브 댓글,슈카월드,1개월 전,8,yV0XTcQXFrM,,28,b5ab9e8e6b7d,응 이럴때 사면 돈번다~ 내일 봐라 개그치 오른다~
DM-004955,raw_youtube.csv,1259,crawler_youtube.py,유튜브 댓글(삼프로TV·슈카월드),yt_comment,유튜브 댓글,슈카월드,1개월 전,18,yV0XTcQXFrM,,19,88251c76554f,​@씬픽ScenePick얼마 물림?
DM-004956,raw_youtube.csv,1260,crawler_youtube.py,유튜브 댓글(삼프로TV·슈카월드),yt_comment,유튜브 댓글,슈카월드,1개월 전,0,yV0XTcQXFrM,,19,6a14a3f6b787,​@씬픽ScenePick고수 ㅋㅋ굳
DM-004957,raw_youtube.csv,1261,crawler_youtube.py,유튜브 댓글(삼프로TV·슈카월드),yt_comment,유튜브 댓글,슈카월드,1개월 전,1,yV0XTcQXFrM,,47,bb71eda0cc53,아직 시작도 않했다. 코스피6000 밑으로 떨어질건데 엄살은 재수 없으면 5000까지
DM-004958,raw_youtube.csv,1262,crawler_youtube.py,유튜브 댓글(삼프로TV·슈카월드),yt_comment,유튜브 댓글,슈카월드,1개월 전,0,yV0XTcQXFrM,,21,499db37cbe0c,@FaxmFaxm-j7e  3천 ㅠㅜㅠ
DM-004959,raw_youtube.csv,1263,crawler_youtube.py,유튜브 댓글(삼프로TV·슈카월드),yt_comment,유튜브 댓글,슈카월드,1개월 전,0,yV0XTcQXFrM,,49,56d6e65be74a,@FaxmFaxm-j7e  sk하이닉스 평단 88만원 삼성전자 17만원^^ 앙 개꿀딱~!
DM-004960,raw_youtube.csv,1264,crawler_youtube.py,유튜브 댓글(삼프로TV·슈카월드),yt_comment,유튜브 댓글,슈카월드,1개월 전,1,yV0XTcQXFrM,,49,755f47064ab5,@FaxmFaxm-j7e  응 봐라 개그치 올랐제~!?ㅋㅋㅋㅋㅋㅋㅋㅋㅋㅋㅋㅋㅋㅋㅋㅋㅋㅋㅋ
DM-004961,raw_youtube.csv,1265,crawler_youtube.py,유튜브 댓글(삼프로TV·슈카월드),yt_comment,유튜브 댓글,슈카월드,1개월 전,0,yV0XTcQXFrM,후회·손실고통,34,9fb3a327da1b,하 이런거 보면 고점인거같고 메모리 빼고 바이오 넣어야겠다..
DM-004962,raw_youtube.csv,1266,crawler_youtube.py,유튜브 댓글(삼프로TV·슈카월드),yt_comment,유튜브 댓글,슈카월드,1개월 전,0,yV0XTcQXFrM,,10,caee0ecc7060,썸네일 쌀먹 깔G~
DM-004963,raw_youtube.csv,1267,crawler_youtube.py,유튜브 댓글(삼프로TV·슈카월드),yt_comment,유튜브 댓글,슈카월드,1개월 전,0,yV0XTcQXFrM,,34,a0d3a3f49260,삼상 하이닉스 티 입고 나가면 최고 소개팅남이겠네 ㅋㅋㅋㅋㅋㅋ
DM-004964,raw_youtube.csv,1268,crawler_youtube.py,유튜브 댓글(삼프로TV·슈카월드),yt_comment,유튜브 댓글,슈카월드,1개월 전,0,yV0XTcQXFrM,,23,14a95c4a6ab2,타이완 사회 특징= 한국 매운 맛 닮은 꼴
DM-004965,raw_youtube.csv,1269,crawler_youtube.py,유튜브 댓글(삼프로TV·슈카월드),yt_comment,유튜브 댓글,슈카월드,4주 전,1,yV0XTcQXFrM,후회·손실고통,13,003b3f328145,전형적인 고점신호 ㅋㅋㅋ
DM-004966,raw_youtube.csv,1270,crawler_youtube.py,유튜브 댓글(삼프로TV·슈카월드),yt_comment,유튜브 댓글,슈카월드,1개월 전,2,yV0XTcQXFrM,,59,e60347ada646,"순수한 사랑이 결혼의 조건이다? 아닌것 같은데요, 사랑은 역시 부가적인 조건이고, 부유가 핵심조건 이더군요"
DM-004967,raw_youtube.csv,1271,crawler_youtube.py,유튜브 댓글(삼프로TV·슈카월드),yt_comment,유튜브 댓글,슈카월드,1개월 전,0,yV0XTcQXFrM,,15,c1fb6574ecba,삼전닉스가 더 비중큰거아닌가
DM-004968,raw_youtube.csv,1272,crawler_youtube.py,유튜브 댓글(삼프로TV·슈카월드),yt_comment,유튜브 댓글,슈카월드,1개월 전(수정됨),22,yV0XTcQXFrM,,65,f2e0d52ea0c2,진정하시고...tsmc를 한국의 모 대기업으로 바꾸시면 됩니다!! 이거 한국의 상황을 해외의 이야기로 각색한거에요!!
DM-004969,raw_youtube.csv,1273,crawler_youtube.py,유튜브 댓글(삼프로TV·슈카월드),yt_comment,유튜브 댓글,슈카월드,1개월 전,1,yV0XTcQXFrM,,10,75e4065fa586,한국은 닉스 셔틀리
DM-004970,raw_youtube.csv,1274,crawler_youtube.py,유튜브 댓글(삼프로TV·슈카월드),yt_comment,유튜브 댓글,슈카월드,1개월 전,0,yV0XTcQXFrM,,4,e1809b00feba,6:40
DM-004971,raw_youtube.csv,1275,crawler_youtube.py,유튜브 댓글(삼프로TV·슈카월드),yt_comment,유튜브 댓글,슈카월드,1개월 전,0,yV0XTcQXFrM,,14,bdb72c1df019,세상이 도박이여 아주 도박
DM-004972,raw_youtube.csv,1276,crawler_youtube.py,유튜브 댓글(삼프로TV·슈카월드),yt_comment,유튜브 댓글,슈카월드,1개월 전,0,yV0XTcQXFrM,,56,2c77bd26f1a9,"기회가 없는 나라들도 많은데, 기회를 줘도 GR들이네요. 그럼 나라가 성장을 멈춰야 한다는 말인가.."
DM-004973,raw_youtube.csv,1277,crawler_youtube.py,유튜브 댓글(삼프로TV·슈카월드),yt_comment,유튜브 댓글,슈카월드,1개월 전,0,yV0XTcQXFrM,FOMO·상대적박탈감,12,5a21ee2b471d,부럽다 하나만 사도되서
DM-004974,raw_youtube.csv,1278,crawler_youtube.py,유튜브 댓글(삼프로TV·슈카월드),yt_comment,유튜브 댓글,슈카월드,1개월 전,4,yV0XTcQXFrM,,28,49d0f501f5d3,썸네일 신창섭 회색 내복에 TSMC 써놓은거 아님?
DM-004975,raw_youtube.csv,1279,crawler_youtube.py,유튜브 댓글(삼프로TV·슈카월드),yt_comment,유튜브 댓글,슈카월드,1개월 전,0,yV0XTcQXFrM,,16,1ab5b74929ca,ㅋㅋㅋㅋㅋㅋㅋㅋㅋㅋㅋㅋㅋㅋㅋㅋ
DM-004976,raw_youtube.csv,1280,crawler_youtube.py,유튜브 댓글(삼프로TV·슈카월드),yt_comment,유튜브 댓글,슈카월드,1개월 전,2,yV0XTcQXFrM,,13,443cfec26c10,한국만 그런게 아니군 ㅋ
DM-004977,raw_youtube.csv,1281,crawler_youtube.py,유튜브 댓글(삼프로TV·슈카월드),yt_comment,유튜브 댓글,슈카월드,1개월 전,0,yV0XTcQXFrM,,10,533498c71a21,그냥 우리 얘기네😅
DM-004978,raw_youtube.csv,1282,crawler_youtube.py,유튜브 댓글(삼프로TV·슈카월드),yt_comment,유튜브 댓글,슈카월드,1개월 전,3,yV0XTcQXFrM,,13,8faab48f4ae8,잘못 올린줄 알았네 ㅋㅋ
DM-004979,raw_youtube.csv,1283,crawler_youtube.py,유튜브 댓글(삼프로TV·슈카월드),yt_comment,유튜브 댓글,슈카월드,1개월 전,0,yV0XTcQXFrM,,17,224b9bbfab8c,한국이랑똑같네 하이닉스잠바입고ㅎ
DM-004980,raw_youtube.csv,1284,crawler_youtube.py,유튜브 댓글(삼프로TV·슈카월드),yt_comment,유튜브 댓글,슈카월드,1개월 전,0,yV0XTcQXFrM,,33,50501d2f50ae,둘다 필수 아닐까 사랑없음 도축이고 돈없음 가난뱅이 생활인데
DM-004981,raw_youtube.csv,1285,crawler_youtube.py,유튜브 댓글(삼프로TV·슈카월드),yt_comment,유튜브 댓글,슈카월드,1개월 전,0,yV0XTcQXFrM,,4,573d70cff222,돈이먼저
DM-004982,raw_youtube.csv,1286,crawler_youtube.py,유튜브 댓글(삼프로TV·슈카월드),yt_comment,유튜브 댓글,슈카월드,1개월 전,3,yV0XTcQXFrM,,20,d2bd175ba05c,금요일에 세일 더할듯...많이 삽시다
DM-004983,raw_youtube.csv,1287,crawler_youtube.py,유튜브 댓글(삼프로TV·슈카월드),yt_comment,유튜브 댓글,슈카월드,1개월 전,0,yV0XTcQXFrM,,20,19bdf22dfb78,우리나라 얘긴 아니군.. 음 다행이네
DM-004984,raw_youtube.csv,1288,crawler_youtube.py,유튜브 댓글(삼프로TV·슈카월드),yt_comment,유튜브 댓글,슈카월드,1개월 전,15,yV0XTcQXFrM,,38,43f7d5b4ad3b,솔직히 한국하고 상황이나 국민정서나 가장 비슷한나라는 대만이라고생각힘
DM-004985,raw_youtube.csv,1289,crawler_youtube.py,유튜브 댓글(삼프로TV·슈카월드),yt_comment,유튜브 댓글,슈카월드,1개월 전,1,yV0XTcQXFrM,,25,412b696d47bf,사람사는데 다 똑같네ㅋㅋㅋㅋㅋㅋㅋㅋㅋㅋㅋㅋㅋㅋ
DM-004986,raw_youtube.csv,1290,crawler_youtube.py,유튜브 댓글(삼프로TV·슈카월드),yt_comment,유튜브 댓글,슈카월드,1개월 전,108,yV0XTcQXFrM,,39,5a35eba640fc,한국 1등 신랑감 : 하이닉스 조끼 대만 1등 신랑감 : TSMC 조끼
DM-004987,raw_youtube.csv,1291,crawler_youtube.py,유튜브 댓글(삼프로TV·슈카월드),yt_comment,유튜브 댓글,슈카월드,1개월 전,0,yV0XTcQXFrM,,1,da4b9237bacc,2
DM-004988,raw_youtube.csv,1292,crawler_youtube.py,유튜브 댓글(삼프로TV·슈카월드),yt_comment,유튜브 댓글,슈카월드,1개월 전,0,yV0XTcQXFrM,,22,6e3d6f425067,대만 한국 공통점  지수 급증 및 공상화
DM-004989,raw_youtube.csv,1293,crawler_youtube.py,유튜브 댓글(삼프로TV·슈카월드),yt_comment,유튜브 댓글,슈카월드,3주 전,0,yV0XTcQXFrM,,15,12b1d0c40ba2,03:42 엔비디아 어디갔어
DM-004990,raw_youtube.csv,1294,crawler_youtube.py,유튜브 댓글(삼프로TV·슈카월드),yt_comment,유튜브 댓글,슈카월드,1개월 전,1,yV0XTcQXFrM,불안·공포,6,955de8fc02d2,대폭락 ㅠㅠ
DM-004991,raw_youtube.csv,1295,crawler_youtube.py,유튜브 댓글(삼프로TV·슈카월드),yt_comment,유튜브 댓글,슈카월드,1개월 전,2,yV0XTcQXFrM,,1,356a192b7913,1
DM-004992,raw_youtube.csv,1296,crawler_youtube.py,유튜브 댓글(삼프로TV·슈카월드),yt_comment,유튜브 댓글,슈카월드,4주 전,1,yV0XTcQXFrM,,43,2edc696e4c10,진짜 다 처지가 비슷하네.. 대만은 심지어 저출산도 따라잡았다던데.. 멈춰..
DM-004993,raw_youtube.csv,1297,crawler_youtube.py,유튜브 댓글(삼프로TV·슈카월드),yt_comment,유튜브 댓글,슈카월드,1개월 전(수정됨),1,yV0XTcQXFrM,,272,df3767dee1b2,"2024년 코스피(KOSPI) 연중 최저지수는 12월 9일에 기록한 장중 최저 2,360.18 이때 삼전5만원 붕괴 이였음 2024년 대만 TSMC의 주가는 인공지능(AI) 붐에 따른 폭발적인 칩 수요에 힘입어 한 해 동안 약 90~97% 급등하며 역사적인 랠리를 기록 2024년 대만 TSMC의 주가는 인공지능(AI) 붐에 따른 폭발적인 칩 수요에 힘입어 한 해 동안 약 90~97% 급등하며 역사적인 랠리를 기록 하고 있었다. 세계경제는 2024 초부터 엄청 좋았음 단 대한민국 빼고"
DM-004994,raw_youtube.csv,1298,crawler_youtube.py,유튜브 댓글(삼프로TV·슈카월드),yt_comment,유튜브 댓글,슈카월드,1개월 전,0,yV0XTcQXFrM,,5,36b239e4c875,18:31
DM-004995,raw_youtube.csv,1299,crawler_youtube.py,유튜브 댓글(삼프로TV·슈카월드),yt_comment,유튜브 댓글,슈카월드,4주 전,0,yV0XTcQXFrM,,36,1976b05116b5,31:40 제가 일본에 살고 있는 NISA거지 입니다 ㅋㅋㅋ😂😂😂
DM-004996,raw_youtube.csv,1300,crawler_youtube.py,유튜브 댓글(삼프로TV·슈카월드),yt_comment,유튜브 댓글,슈카월드,1개월 전(수정됨),0,yV0XTcQXFrM,,8,f724c87a8aba,동탄맘까지 소환
DM-004997,raw_youtube.csv,1301,crawler_youtube.py,유튜브 댓글(삼프로TV·슈카월드),yt_comment,유튜브 댓글,슈카월드,1개월 전,0,yV0XTcQXFrM,,10,0e84eb04d5c8,한국 이야기 아님?
DM-004998,raw_youtube.csv,1302,crawler_youtube.py,유튜브 댓글(삼프로TV·슈카월드),yt_comment,유튜브 댓글,슈카월드,1개월 전,1,yV0XTcQXFrM,,62,7c5ee51a0f3b,Tsmc 가 삼전보다 각광받길래 그냥 샀는데 이게 수익률 150%가 될 줄은 몰랐지 적자인 기간도 꽤 길었거든🎉
DM-004999,raw_youtube.csv,1303,crawler_youtube.py,유튜브 댓글(삼프로TV·슈카월드),yt_comment,유튜브 댓글,슈카월드,1개월 전,1,yV0XTcQXFrM,,1,0ade7c2cf97f,9
DM-005000,raw_youtube.csv,1304,crawler_youtube.py,유튜브 댓글(삼프로TV·슈카월드),yt_comment,유튜브 댓글,슈카월드,1개월 전,0,yV0XTcQXFrM,,70,c5c198ccd519,서울대 갈정도의 지능으로 태어나는 것 부모에게 막대한 유산을 받는 것 사업에 성공하는 것 주식에 성공하는 것 모든게 다 운이다
DM-005001,raw_youtube.csv,1305,crawler_youtube.py,유튜브 댓글(삼프로TV·슈카월드),yt_comment,유튜브 댓글,슈카월드,1개월 전,0,yV0XTcQXFrM,,6,b1b03bf74ea5,대만 맞아?
DM-005002,raw_youtube.csv,1306,crawler_youtube.py,유튜브 댓글(삼프로TV·슈카월드),yt_comment,유튜브 댓글,슈카월드,4주 전,2,yV0XTcQXFrM,,27,b6bd4d48da49,근데 대만이 극혐하는 나라가 한국이라는게 아이러니
DM-005003,raw_youtube.csv,1307,crawler_youtube.py,유튜브 댓글(삼프로TV·슈카월드),yt_comment,유튜브 댓글,슈카월드,4주 전,0,yV0XTcQXFrM,,55,591086abbbb1,@Yes_you_  ??? 우리나라 사람들은 중국 본토만 싫어하고 대만과 같은 편인데? 짝사랑이야?
DM-005004,raw_youtube.csv,1308,crawler_youtube.py,유튜브 댓글(삼프로TV·슈카월드),yt_comment,유튜브 댓글,슈카월드,4주 전,0,yV0XTcQXFrM,불안·공포,33,244adbb1ca6d,​ @abcdefuace 네 ㅋㅋ 대만은 일본만 겁나 사랑함
DM-005005,raw_youtube.csv,1309,crawler_youtube.py,유튜브 댓글(삼프로TV·슈카월드),yt_comment,유튜브 댓글,슈카월드,1개월 전,14,yV0XTcQXFrM,,13,d81e2b67058f,신부감으로도 최고지 ㅎㅎ
DM-005006,raw_youtube.csv,1310,crawler_youtube.py,유튜브 댓글(삼프로TV·슈카월드),yt_comment,유튜브 댓글,슈카월드,1개월 전,1,yV0XTcQXFrM,,36,6ca96494209c,주야간 교대로 일하려면 결국 사내결혼이 다수일 수 밖에 없습니다.
DM-005007,raw_youtube.csv,1311,crawler_youtube.py,유튜브 댓글(삼프로TV·슈카월드),yt_comment,유튜브 댓글,슈카월드,1개월 전,0,yV0XTcQXFrM,,16,fb053dfb4b5f,돈을 리를 버로우했데 ㅋㅋㅋㅋ
DM-005008,raw_youtube.csv,1312,crawler_youtube.py,유튜브 댓글(삼프로TV·슈카월드),yt_comment,유튜브 댓글,슈카월드,1개월 전(수정됨),0,yV0XTcQXFrM,,82,075b0635516a,"한국이나, 대만이나, 미국이나.......  미쳤구나! 근데  한국이나 대만이나 생각이 미국빼고 비슷하네!   국토가 적은 나라 동양에서......"
DM-005009,raw_youtube.csv,1313,crawler_youtube.py,유튜브 댓글(삼프로TV·슈카월드),yt_comment,유튜브 댓글,슈카월드,1개월 전,7,yV0XTcQXFrM,,11,8b42fa8d4dfc,형 이시간에 미쳤어?
DM-005010,raw_youtube.csv,1314,crawler_youtube.py,유튜브 댓글(삼프로TV·슈카월드),yt_comment,유튜브 댓글,슈카월드,1개월 전,1,yV0XTcQXFrM,,16,ec60771d76ee,너무 쉽게 돈버는거 아니에요?
DM-005011,raw_youtube.csv,1315,crawler_youtube.py,유튜브 댓글(삼프로TV·슈카월드),yt_comment,유튜브 댓글,슈카월드,1개월 전,0,yV0XTcQXFrM,,15,12f384b5df6a,한국도 이야기 하는거 ㅋㅋㅋ
DM-005012,raw_youtube.csv,1316,crawler_youtube.py,유튜브 댓글(삼프로TV·슈카월드),yt_comment,유튜브 댓글,슈카월드,1개월 전,0,yV0XTcQXFrM,,6,14434f951fe0,으휴 ㅋㅋㅋ
DM-005013,raw_youtube.csv,1317,crawler_youtube.py,유튜브 댓글(삼프로TV·슈카월드),yt_comment,유튜브 댓글,슈카월드,1개월 전,0,yV0XTcQXFrM,,12,5426ceac420e,뭐야 그냥 제주도잖아?
DM-005014,raw_youtube.csv,1318,crawler_youtube.py,유튜브 댓글(삼프로TV·슈카월드),yt_comment,유튜브 댓글,슈카월드,1개월 전,43,yV0XTcQXFrM,,16,98143061ce98,대만도 국민연금 동원했나요 ~
DM-005015,raw_youtube.csv,1319,crawler_youtube.py,유튜브 댓글(삼프로TV·슈카월드),yt_comment,유튜브 댓글,슈카월드,4주 전(수정됨),0,yV0XTcQXFrM,,87,64119a9bfbd7,한자 안 배운 세대도 아닐 텐데. 신죽과학원구잖아. 대만 등 중화권에서는 정원이나 공원처럼 잘 조성된 구역이라는 의미를 담아 '원구(園區)'라는 표현을 선호
DM-005016,raw_youtube.csv,1320,crawler_youtube.py,유튜브 댓글(삼프로TV·슈카월드),yt_comment,유튜브 댓글,슈카월드,1개월 전,6,yV0XTcQXFrM,,42,c56cc3bc58a2,복권에 당첨되지 않는한 투자 이외에는 희망이 없다는 말이 느낌으로 와닸네요.
DM-005017,raw_youtube.csv,1321,crawler_youtube.py,유튜브 댓글(삼프로TV·슈카월드),yt_comment,유튜브 댓글,슈카월드,1개월 전(수정됨),1,yV0XTcQXFrM,,20,15458164b1e6,삼전 주가 올라가서 아시아 1위 하자
DM-005018,raw_youtube.csv,1322,crawler_youtube.py,유튜브 댓글(삼프로TV·슈카월드),yt_comment,유튜브 댓글,슈카월드,1개월 전,19,yV0XTcQXFrM,,26,eaaa5f7ffb6b,어디서 많이 듣고 보던 이야기 인거슨 왜냐;;;
DM-005019,raw_youtube.csv,1323,crawler_youtube.py,유튜브 댓글(삼프로TV·슈카월드),yt_comment,유튜브 댓글,슈카월드,3주 전,0,yV0XTcQXFrM,,15,20fd15f880ae,진짜 사람 사는거 다 똑같네
DM-005020,raw_youtube.csv,1324,crawler_youtube.py,유튜브 댓글(삼프로TV·슈카월드),yt_comment,유튜브 댓글,슈카월드,1개월 전,0,yV0XTcQXFrM,,20,65c683d054c4,근데 대만은 진짜 TSMC말곤 없는듯
DM-005021,raw_youtube.csv,1325,crawler_youtube.py,유튜브 댓글(삼프로TV·슈카월드),yt_comment,유튜브 댓글,슈카월드,1개월 전,0,yV0XTcQXFrM,,82,c4d7950785dd,"대만 주택, 아파트는 한국보다 작고 자재도 싸구려임. 애초에 단열도 부족함. 근데도 한국과 비슷하다는 거 자체가 실제로는 어마어마하게 차이난다는 거"
DM-005022,raw_youtube.csv,1326,crawler_youtube.py,유튜브 댓글(삼프로TV·슈카월드),yt_comment,유튜브 댓글,슈카월드,1개월 전,0,yV0XTcQXFrM,,21,c0ccb16d62ad,하 진짜 미쳐 돌아가네… 인간지표인가…
