source,stock,nid,date,likes,text
board_body,삼성전자,427145080,2026-08-04T14:37:20,0,"이거 때문에  오르나? 오늘 신제품 발표 삼성전자와 SK하이닉스가 이번 'FMS 2026'에서 인공지능(AI) 인프라 병목 현상을 해결할 차세대 메모리 및 스토리지 신기술·신제품들을 대거 공개했습니다. SK하이닉스: 샌디스크와 협력하여 D램의 HBM(고대역폭 메모리) 개념을 낸드에 적용한 차세대 스토리지 규격인 **HBF(고대역폭 플래시)**의 첫 공식 표준 규격을 OCP를 통해 공개했습니다. 전력 대비 성능을 2.5배 향상시킨 10세대(V10) 375단 4D 낸드 제품도 전시 부스에서 최초로 선보였습니다. 삼성전자: HBM, V낸드, CXL 메모리, 차세대 SSD 등을 3D 구조로 연결해 AI 데이터 병목을 극복하는 메모리 중심 아키텍처(Memory-centric Architecture) 관련 혁신 기술과 차세대 제품군을 선보이며 기조연설 및 전시를 진행하고 있습니다."
board_body,삼성전자,427145078,2026-08-04T14:37:19,0,소 낙 비 내린다...비가 고마운 것은 왜 일까? 숨쉬기도 힘겨움 폭염이 잠시나마 물러갔네여. 한 다섯 시간만 더 와 주라.
board_comment,삼성전자,427145078,2026-08-04T14:37:46+0900,0,삼전닉스도 비오잖아. 시원하겠는걸
board_body,삼성전자,427145061,2026-08-04T14:37:10,1,"꼬리가 몸통을 흔들고 선물, 파생상품으로 국장을 갖고 노는구나~ 좨맹아 쫴금이라도 생각이 있으멘 국부가 술술 빠져나가는 시스템이란 사실을 알 것 아니냐~"
board_comment,삼성전자,427145061,2026-08-04T14:37:40+0900,0,왜 공매도 금지 안하나요? 갬들이 호구인가요. 도저히 국장은 못하겠어요 공매도 금지해 주세요
board_body,삼성전자,427145050,2026-08-04T14:37:07,1,중국 메모리 업체 기술력이 대단하구만 ㅋㅋ 상장하고 하루 빼고 계속 상승이네
board_body,삼성전자,427145045,2026-08-04T14:37:02,1,선물 들어오는것 같다 대단한넘들
board_body,삼성전자,427145044,2026-08-04T14:37:02,0,또 개미탕이냐?
board_body,삼성전자,427145040,2026-08-04T14:37:01,0,설레발 나올타임이다.. ㅋㅋㅋㅋㅋㅋ설레발땜에 재수 없어 안오를거다
board_body,삼성전자,427145036,2026-08-04T14:36:59,2,240일선이랑 볼밴 하단  22만~21만 사이에 외국인 포지션 보고 분할매수 하이소 정답지 줘다 ​
board_body,삼성전자,427145023,2026-08-04T14:36:54,0,이거 넘 귀여움 귀엽지않음?
board_body,삼성전자,427145019,2026-08-04T14:36:51,1,초과이익 뺏어간다는데 얼마벌면 뭔소용 빨대꽂혔어
board_body,삼성전자,427145015,2026-08-04T14:36:50,0,다른종목 정리하고 상식으로 단타쳐야것네....선물보면서
board_body,삼성전자,427145014,2026-08-04T14:36:48,0,=>=>삼전 성투화이팅!
board_body,삼성전자,427144999,2026-08-04T14:36:40,0,영차 영차 꼬리로 몸통 흔든 헷지 힘 떨어졌다 ​ 헷지 잡으러 상승   영차 영차 올리자 영차 ​ 힘 떨어진 헷지 잡으러 상승 고우고우~!! ​ 헷지 잡으로 상승 상승 ~!!!
board_body,삼성전자,427144992,2026-08-04T14:36:39,0,"외인들 코스피200 지수선물   1,100포인트  상단 매도포지션 구축 해둠 박스권 매매. 순환매 장세 ​"
board_body,삼성전자,427144980,2026-08-04T14:36:34,2,한동안 보지마라 세력 장난칠때 들어가면 개피본다
board_body,삼성전자,427144970,2026-08-04T14:36:27,1,언제오려나 37층 낙엽 떨어지기전에 오겠지 마음은 겨울 한복판 ~ㅎ
board_comment,삼성전자,427144970,2026-08-04T14:36:38+0900,0,25년뒤
board_body,삼성전자,427144967,2026-08-04T14:36:24,1,많이 해 잡숫고 올려만주시라
board_body,삼성전자,427144960,2026-08-04T14:36:22,3,"영업이익 세계 1위면 뭐하냐, 주가 이모양인 걸..아무도 인정 안해준다~ 회사도 개인들도.."
board_body,삼성전자,427144948,2026-08-04T14:36:15,0,강보합되겠다 딱보니 보합에 맟추겠다 강보합 엉청흔들고?
board_body,삼성전자,427144947,2026-08-04T14:36:14,1,외인: 개인들아 힘을 내줘! 외인들 지금 콜옵션으로 산거 다시 털고 떠나야하는데 이번주 왜케 사질 못하는거냐 8조씩 사주던 개인들 다 어디갔어
board_body,삼성전자,427144944,2026-08-04T14:36:12,1,홍감독 반도체주 전략~ 단어 알지? 반도체주 물타 ​ 오늘 장끝나기전에 물타 ​ 바보같이 팔아서 주식시장을 떠나거나 그거는 절대 안돼 하지만 ​ 순간 순간 순간마다 반도체주에 물타 ​ 난 한강가는 여러분 볼거야
board_body,삼성전자,427144940,2026-08-04T14:36:06,1,10만 전자 까지는 아예 쳐다보지도 말아라 정신들 차리시오 ​ 재수없으면   8만전자  까지 다시 회귀하게 되어 있다 아직도 정신들 못차리지~ 설마 설마 하다가 재산 몽땅 말아 먹습니다 미련들 그만  떨으세요 ​
board_comment,삼성전자,427144940,2026-08-04T14:36:32+0900,0,할줄도 모르면서 헛소리하네 ㅋㅋ
board_body,삼성전자,427144922,2026-08-04T14:35:57,2,8월이 평생갈것도 아아니이고~.  함가보자~. 구월은 올것이이고~.  실적은 누가뭐라해도 못자빠뜨릴것이고~.  대통령보다 삼성을 믿고 올해는 콜~
board_body,삼성전자,427144921,2026-08-04T14:35:55,2,넥장에 팔아먹으려고 올리는구만 삼닉스의 시대도 끝났다. ​ 1년 해먹었으면 오래 해먹은 거지.
board_body,삼성전자,427144915,2026-08-04T14:35:52,1,70 만원이 아니라 5만전자로 회귀 사기꾼들의 말장난으로 개미들만
board_body,삼성전자,427144912,2026-08-04T14:35:49,3,★이번에 전국민이  똑바로 보았다★ 이재명이 어떤사람인지 똑똑히 두눈으로 잘 봐둬라 증시 올라갈땐 sns에 몇시간 간격 글올리며 도배 증시 내려갈땐 몇주이상 입꾹닫
board_body,삼성전자,427144894,2026-08-04T14:35:38,2,공매 잡아라 ! 숏 커버링.....절대 팔지마.. 공매 잡아라..30십 가자 !
board_body,삼성전자,427144880,2026-08-04T14:35:30,2,최소 100만원 갑니다 아 죄송요. 오타났네요 0 하나 빼세요
board_comment,삼성전자,427144880,2026-08-04T14:36:31+0900,0,그렇게  할일이없냐!
board_body,삼성전자,427144874,2026-08-04T14:35:23,2,형인데. 코스닥장이야 당분간 순환매 들어가자너 마지막을 향해 가는중이야. 코즈닥 금방 죽을건데. 그때부터 빙하기 시작이야... 기관이 돈빼서 고스닥가서 한탕 또 해처먹어야하자너.. 그담은... 그놈들도 미장간다. 반등줘서 빨간불보면 줄때먹어라. 줄먹장이다
board_body,삼성전자,427144869,2026-08-04T14:35:19,0,꺼억 감사합니다
board_comment,삼성전자,427144869,2026-08-04T14:37:50+0900,0,벌써 판거 아니지?
board_body,삼성전자,427144861,2026-08-04T14:35:14,2,"창신메모리가 결국 HBM을 만들것이다 전닉마는 치킨게임과 매출절벽을 두려워하도록하여라 ​ 결국에 창신메모리가 HBM의 기술력을 추월하고, 수율도 올릴것이다 결국에는 HBM의 나아가서 메모리 전체 1등이  되고 말 것이다 ​ 이는 이미 정해진수순이기때문에 창신메모리 메모리 점유율 전체 1등을 가정하여 시총 선반영이 타당하다. ​ 그러니까 버리도 창신메모리가 per이 몇이든 절대로 숏을 치지 않는다. 이것이야말로 일반인은 감히 따라할수 없는 사고를 가진 진정한 주식의 신 버리의 사고방식이다 ​ 잘들보고 배우도록하여라"
board_comment,삼성전자,427144861,2026-08-04T14:36:47+0900,0,HBM 공부 좀 해라. 반도체 투자하려면 알아야 한다. 글을 보니 전혀 모르는 것 같다
board_comment,삼성전자,427144861,2026-08-04T14:36:10+0900,0,개송이들이 기술가지고 취업하겠지.
board_comment,삼성전자,427144861,2026-08-04T14:35:54+0900,1,헛소리는 스페이스A타고 달나라가서 해라
board_body,삼성전자,427144860,2026-08-04T14:35:14,2,"공매, 인버 좀 다 방멸하자.. .............."
board_body,삼성전자,427144858,2026-08-04T14:35:13,2,지금은 누가뭐래도 단기 바닥권임 반등 전 급등락 패턴. 바닥다지고 개미들 물량 터는 중. 정리되면 단기반등 나온다. 몰빵치지말고 모아놔라. ​
board_comment,삼성전자,427144858,2026-08-04T14:35:44+0900,0,내일 미장 내리면 떡락인데 뭔 개미털기 같은 소리를 하세요
board_body,삼성전자,427144841,2026-08-04T14:34:59,0,진짜 궁금해서 그러는데 물리면 기분이 어때요?ㅋ
board_comment,삼성전자,427144841,2026-08-04T14:35:58+0900,0,"니 손가락 절단됬을때랑  같은느낌이야
니 손가락 잘러봐  그럼알어"
board_comment,삼성전자,427144841,2026-08-04T14:35:30+0900,0,그냥 뭐같은데....걍 오르꺼라 다른종목에 비해 스트레스는 좀 덜함
board_comment,삼성전자,427144841,2026-08-04T14:35:18+0900,0,안물려봐서 모르겠어요
board_body,삼성전자,427144838,2026-08-04T14:34:58,0,헬조선 1등 기업. 0.2프로 배당에 만족해. 워런 버핏은 헬조선 쳐다도 안 봄. ​ 주주라는 개념조차 없는 후진국이야 ​ 임직원들 지구 멸망까지 해처먹는다. ​
board_body,삼성전자,427144835,2026-08-04T14:34:56,0,황금양말 오늘은 언행일치하네 자주 언행일치해주세요 버거님들
board_body,삼성전자,427144822,2026-08-04T14:34:41,2,●●● 최소 70만원 이상 오릅니다!! ●●●●● 삼성전자 주주님들 반드시 읽어주십시요. 저는 주식경력 20년차 입니다. 중요한 내용이니 필독 바랍니다. ​ ​ 지금 전세계에서 돈을 가장 많이 버는 기업이 바로 삼성전자입니다 ​ 애플 테슬라 마이크로소프트?? 다 아니고 삼성전자라구요.. ​ 전세계 모든 세력들이 삼성전자에 달려들고 있고 ​ 어떻게든 국내 개미들 죽이고 나서 자기들만 10배 20배 해먹을려고 개수작하는겁니다. ​ ​ 8월에도 7월 처럼 20만원 이하로 또 한번 개미털기~~ ​ 20만원 이하로 17만원대 혹은 최악은 15만원대까지 공포에 투매를 ​ 이렇게 2번은 폭락 시켜야 30만원대 본전만 가도 다 팔고 도망가겠죠? ​ 세력이 노리는게 바로 이겁니다... ​ 앨리어트파동이론에 따르면 5만원에서 38원 1파 상승하면 ​ 2파 조정파는 대략 17만원대 폭락이 당연한거고 (정석) ​ 그후에 3파 상승은 최소값이 70만원 이상입니다. ​ 70만원까지 쭉 들고 갑시다 털리지말고~~ ​ BPS 7만원에서 딱 10배 오르는겁니다~~ ​ 코스닥 삼천당제약 1만원짜리가 120만원까지 100배 오르는데 삼성전자 BPS 7만원에 10배 = 70만원 못가면 주식 접습니다. ​ -주식 20년차- ​
board_comment,삼성전자,427144822,2026-08-04T14:35:07+0900,1,엄청나게 흔든다
board_body,삼성전자,427144820,2026-08-04T14:34:39,1,낼은 마이너스 ㆍ5프로
board_body,삼성전자,427144791,2026-08-04T14:34:25,4,전세계 언론에서 국장 스레기 라고 난리네 우하향 당분간 피할수 없네 ​
board_comment,삼성전자,427144791,2026-08-04T14:35:35+0900,1,안그래도 차트 우하향이었음 ㅋㅋ어제 추세 바꿀기회였는대 기관에서 팔아서 못바꿈 ㅋㅋ
board_body,삼성전자,427144784,2026-08-04T14:34:20,6,실적이 있는데 왠 걱정? 삼전닉스가  바이오주냐? 감나무 아래에서 감 익어서 떨어질때 까지 입벌리고  있는것도 아니고 연간  영업익 200조가 넘는 회사 시총이 1300 조가 맞다고 보냐? 그냥 버티면 된다 저번주 급등으로 숨고르기 중이구만 삼전닉스는 우상항으로 간다 ​
board_comment,삼성전자,427144784,2026-08-04T14:36:08+0900,0,실적 반영돼서 외국인들 개관 출금해서 나가는중
board_comment,삼성전자,427144784,2026-08-04T14:35:57+0900,0,멍청한 소리하네ㅋㅋㅋㅋㅋㅋ 외국 펀드회사들 입장에선 운용자금 규모만 해도 이깟 대기업 몇개를 사고도 남어. 걔네 입장에선 바이오주 맞음 ㅋ
board_body,삼성전자,427144779,2026-08-04T14:34:18,6,삼성이 이대로 무너지진않을듯 모두가 내린다고 생각할때 ​ 매수해서 ​ 돈벌게요
board_body,삼성전자,427144777,2026-08-04T14:34:14,3,"종가 239,000 봅니다,. 어떻습니까?"
board_body,삼성전자,427144774,2026-08-04T14:34:12,3,레버리지 투자고객 = 개인이  다수 레버리지 투자자 씨를 말려서 정부에서 허가해준 책임자 처벌을 뭉게는중
board_body,삼성전자,427144764,2026-08-04T14:34:08,2,"이재명대통령이 삼전닉스 레버리지로 주식시장 말아먹었네  삼전닉스 레버리지없었으면 삼성전자 600,000원 하이닉스 4,000,000원 갔다 세계1위 세계에서 제일 돈많이버는 삼성전자가 있는데 투자부적격시장이라니!! 정신나간 이재명대통령 탄핵시켜라"
board_body,삼성전자,427144757,2026-08-04T14:34:04,0,긴급속보 인천대교서 투신  잇따라 ​
board_comment,삼성전자,427144757,2026-08-04T14:35:29+0900,0,이런 글은 처벌받아야..
board_body,삼성전자,427144754,2026-08-04T14:34:01,2,장마감 후 AMD 실적발표 있다 잘 생각해봐 이 자리가 살 자리인지 팔 자리인지
board_body,삼성전자,427144741,2026-08-04T14:33:54,2,미장도 미장뉴스도 절대 속지 마세요!!! 개인들이 사면 그냥 익절이 아니라 확 빼버립니다. 공포에 또 개인들 손절하면 그때 사구요!! 레버리지를 빨리 없앴으면 좋겠는데!!!
board_body,삼성전자,427144733,2026-08-04T14:33:51,0,** 연기금 혼자 온몸 방어  연기금은 언제 돈버냐
board_body,삼성전자,427144714,2026-08-04T14:33:38,3,금일 14시30분까지  외 약 44만주 매수중 ​ 개관계. 약 192만주 매도중
board_comment,삼성전자,427144714,2026-08-04T14:34:18+0900,0,기관이 또 해냅니다 ㅋㅋ코스닥 6월달에 매일 팔던 데자뷰는거 같습니다 ㅋㅋㅋ
board_body,삼성전자,427144711,2026-08-04T14:33:38,0,"하승훈 유튜브채널 사라진 이유? 엊그제 쇼츠로 뒤늦게 뒷북 때리시는거 같던데, 수년 운영해오던 유튜브가 갑자기 없어진거 같은데 이유 아시는분? 마지막 영상에서 말투도 흐지부지 하시던데.. 약 하셨나.."
board_body,삼성전자,427144701,2026-08-04T14:33:32,2,대통령 허가 없이는 레버리지 도입은 불가할거다-- 이건 인재다--  지금도 이용범을 경질 않는 이유--  이게 있을수 있냐? ​
board_body,삼성전자,427144674,2026-08-04T14:33:19,4,만약 종가 보합으로 끝나면 내일은 상승이다 한번 보자 가즈아
board_comment,삼성전자,427144674,2026-08-04T14:34:43+0900,0,내일도 떨어짐 오늘 상승 종목이 내일도 상승 당분간 삼전닉스는 쉬어야 후에 더 감요
board_body,삼성전자,427144645,2026-08-04T14:33:02,1,나스닥 선물이 올라야.. 삼전닉스 잡주들 기지개 편다^^
board_body,삼성전자,427144623,2026-08-04T14:32:51,1,오늘종가는 싯가냐 싯가면 자리 좋은디
board_comment,삼성전자,427144623,2026-08-04T14:35:25+0900,0,답나오네 삼성들어올리면 코스피 어마어마하게 오를테고 다른 잡주들 올려서 조정하면서 야금야금 답 나오네
board_body,삼성전자,427144622,2026-08-04T14:32:50,0,ㅡ ㅡㅡㅡㅡㅡㅡㅡㅡㅡ
board_body,삼성전자,427144606,2026-08-04T14:32:44,1,찢켓몬스터 ㅡ 자 이제 시작이야 폭락장 위한 음봉(찢카츄) 양봉따윈 없어 (없어) 내 시드와 함께니까 ​ 처음 하락은 어색할지도 몰라 (몰라 내세력 찢카츄) 널 지켜줄거라고 믿지마라 누구라도 물렸다간 큰일나 ​ 언제나 어디서나 찢카츄가 옆에 있어 물릴때나 물탈때나 찢카츄가 옆에있어 너와 나 함께라면 (우린 물렸어) ​ 언제 언제 까지나 거짓된 마음으로 언제 언제 까지나 서킷을 위해 (찢카 찢카)
board_comment,삼성전자,427144606,2026-08-04T14:33:50+0900,0,그냥 줄때 받아 먹어. 이런기회 잘 읍따. 삼전이 뉘집 숫까락 몽둥이가...멍청.
board_body,삼성전자,427144604,2026-08-04T14:32:42,2,오늘도 연기금 열일중 연기금 직원분들 감동받고 있습니다 분발해주셔서 빨간색 만들어주세요
board_body,삼성전자,427144599,2026-08-04T14:32:40,2,기관 다 빠져나가네 5만전자 확정
board_comment,삼성전자,427144599,2026-08-04T14:35:39+0900,0,갸들 이익 내는거 반나...전부 눈치만 있지 실려기 개실려기지...어디 한두번 보나...ㅍ
board_body,삼성전자,427144583,2026-08-04T14:32:31,5,특정단어 쓰면 글 삭제되네 공 산 국 가 ㅋ ㅋ ㅋ
board_body,삼성전자,427144573,2026-08-04T14:32:23,2,튀어라 역시 예상대로 찟이 국무회의에서 보완수사권 폐지를 통과시켰다 ​ 주식판데기 출입하면 안 됨 주가조작단 세상이 도래했다 ​ 나는 몇 일전 그짝 당이 입법화 시킬 때부터 튀었음 ​
board_body,삼성전자,427144569,2026-08-04T14:32:21,4,프로그램. 매수로 바뀌었다. 골드만 힘내라 개관 박살내라.
board_body,삼성전자,427144568,2026-08-04T14:32:21,0,젓담내.젓담아.영익1위빈깡통씨레기내 갖다버려 삼전염전..영익전망무용지물이내. 20만전자1년가것다..
board_body,삼성전자,427144567,2026-08-04T14:32:20,2,영차 영차 오늘 보합 내일 +5%  이상 추세 전환 상승 가자 ​ 세계1위 후잡 창신 비슷한 시총 이게 맞냐? ​ ​ 영차 영차 상승  달리기 영차~~~!!!
board_body,삼성전자,427144562,2026-08-04T14:32:16,3,내일은  2만언 오를것 같은 느낌 적인 느낌이....개미만 사지마요 개미만 안 사면 ... ​ 될 듯... ​ 물 타지 말고.. 기다리세요.. ​ 외인... 기관이 싸우게 냅두고..
board_body,삼성전자,427144548,2026-08-04T14:32:08,3,●삼성전자 장대양봉 삼성전자 파운드리 초대박 수주 라고 하는데 장대양봉 가즈아
board_body,삼성전자,427144541,2026-08-04T14:32:03,1,나를 놀리나? ㅜ 좀 덜어냈더니 올라가네 아 진짜... 그래도 포기하지 말자 ㅜ
board_body,삼성전자,427144524,2026-08-04T14:31:56,0,와우 마이크론 드디어 애프터서 정규장보다 상승중.825불서 831불로 누가 삼전닉스와  미국 마이크론과 엔비디아를 바스껫  동시에 연계매매하는듯.글로벌 마피아가
board_body,삼성전자,427144520,2026-08-04T14:31:55,1,제가 스마트폰 안보고 AI안쓰고 살아보기 1주일정도 해봐습니다 천국입니다 ​ 몸이 건강해지는걸 느꼈고 ​ 정보의 홍수 유튜브 뉴스 댓글등 탈피하니 ​ 스트레스가 사라지고 세상이 다르게 보이더이다 ​ 솔직히 없는게 좋은거 같습니다 ​
board_body,삼성전자,427144519,2026-08-04T14:31:54,2,오늘 삼전 닉스만 음봉이고 내일은 반대 이제 당분간 삼전 닉스만 간다 ​
board_body,삼성전자,427144512,2026-08-04T14:31:50,0,"훼이크 상승 누굴 꼬실려고.,"
board_body,삼성전자,427144491,2026-08-04T14:31:37,0,삼성은 돈에 오쇄인가? 인버스마이너스 종목마이너스 절대투자마라 물린건할수없고
board_body,삼성전자,427144483,2026-08-04T14:31:33,0,이젠말도조심스럽 괜히 조아하고 부추기고 슬퍼하고 다헛짓
board_body,삼성전자,427144482,2026-08-04T14:31:31,0,Ai 가 대신일해주고... 밥해주고  빨래해주고 병원데려가주는 세상이 오지 않는한 다부질없다.. 이래서 걱정 저래서 걱정.. . 다때리치어라..... ​
board_body,삼성전자,427144478,2026-08-04T14:31:29,5,배당금주당374원 주주들을 거지로아나? 니들이 누구돈으로 장사하는데 그거주며 생색내냐? 성과급은 몇억씩 챙기며 주주에겐 껌값던지냐
board_body,삼성전자,427144469,2026-08-04T14:31:26,1,"공매친거 숏커버 들어오냐? 빨리 들어와라, 오늘 저녁 미장 메모리쪽 핵불장 일꺼 같다."
board_body,삼성전자,427144459,2026-08-04T14:31:19,1,내일은 40 프로 하한가 갑니다
board_body,삼성전자,427144436,2026-08-04T14:31:08,1,11월   신작 발표 제목 : 코레아  빠징코  신작 발표 ​ 쫌 있으면   영화로 나온다 ​ ㅋㅋㅋㅋㅋㅋㅋㅋㅋㅋㅋㅋ ​
board_body,삼성전자,427144435,2026-08-04T14:31:08,5,38만에도 삼전을 믿고 안팔았다 평단 7만이다. 최저가 할인이다. 주주환원 곧 나온다.
board_comment,삼성전자,427144435,2026-08-04T14:32:38+0900,0,아직 많이 올랐네요... 축하 합니다.
board_body,삼성전자,427144432,2026-08-04T14:31:07,1,공매. 공매. 공매. 공매. 공매. 조만간...숏 커버링...주가 폭등
board_body,삼성전자,427144430,2026-08-04T14:31:03,2,10배가는 텐배거 종류 몇개 있네요~ 미장 포함  ​ 막차 탑니다~ 꽉 잡으세요~ 밑에 !!보 아 요 !!
board_body,삼성전자,427144418,2026-08-04T14:30:55,1,돌격! 돌격하라! 적의 돈줄을 끈으라!
board_body,삼성전자,427144411,2026-08-04T14:30:51,0,외놈들이 환차익 보러 달러 환전하나...  뭐 이리 팔아 제끼는겨..
board_body,삼성전자,427144394,2026-08-04T14:30:41,0,"★ 반도체) 팔란티어 17% 폭등: 삼성전자 10% 폭등 전망 ​ ★ 반도체) 팔란티어 17% 폭등: 삼성전자 10% 폭등 전망 ​ ★ 삼성전자: 곧, 90조원 자사주매입: 폭등가능: 선매수 24년 자사주 10조 매수로 68% 폭등 했었음 자사주 90조원 매수시 200% 폭등: 빨리 매수 필요 ​ ★ 삼성전자: 브로드컴과 300조원 반도체 수주: 매수 오픈AI+AMD+엔트로픽도 수백조 수주 대기: 대박! ​ ○ 삼성전자: 2분기 서프라이즈 실적 발표: 매수 적기 영업이익: 110조(충담금포함): 작년대비 1810% 폭증 ​ 1. 엔비디아 영업이익 81조: 삼성전자 110조(세계1위) 삼성전자: 외인+기관 최근 1750만주 매수: 급등신호 ​ 2. 삼성전자: 연말 특별배당 1주당 1.5만원: 폭등 재료! 하반기 갈수록, 고배당 받으려 매수세 몰림: 선 매수 ​ ★ 삼성전자: HBM+파운드리+휴대폰: 다 좋다 삼성전자 빨리 매수후 1~2년 인내시 부자 됨 연말 100만원, 내년 200만원(내년 영업이익 631조원)"
board_comment,삼성전자,427144394,2026-08-04T14:31:08+0900,0,참 고생이 많으시네요..
board_comment,삼성전자,427144394,2026-08-04T14:30:49+0900,0,"★ 삼성전자: 연말 목표가 100만원, 내년 200만원: 지금은 저가 매수 절호의 기회! ★ 트럼프: 한국 반도체 최혜국 보장 희소식! ★ 반도체: 향후 4년간 수요 급증으로, 반도체 가격 폭등이 최고 호재: 없어서 못판다 ★ 삼성전자: 올해 영업이익 370조원 전망(신한증권): 전년대비 750% 폭증 ★ 엄청난 실적 폭증으로, 주가도 폭등 하는게 맞음: 저평가인 지금 과감한 매수가 최 상책 ★ 정규 배당 4번+연말 특별배당 1.5만원도 호재!"
board_body,삼성전자,427144391,2026-08-04T14:30:38,2,내일  상한가 내일 상한가
board_comment,삼성전자,427144391,2026-08-04T14:30:55+0900,0,상안가 ㅋㅋㅋㅋㅋㅋㅋㅋㅋ하한가겠지
board_body,삼성전자,427144374,2026-08-04T14:30:28,5,양전양전 양전 도저언~
board_body,삼성전자,427144356,2026-08-04T14:30:16,6,"외인이 어제 선물 매도 쳐서 장초반 음봉이었고.. 이제 선물 매도 처리 마무리로, 다시 종가 보합이상 간다"
board_body,삼성전자,427144355,2026-08-04T14:30:14,2,반도체에 가스라이팅 당해서 끝까지 들고가면 후회합니다. 삼전닉스 혼자 20배 올랐는데 더갈거라 보이나요?? ​ 주식시장에는 키맞추기라는게 있습니다. ​ 안오른 종목이 오를때지 20배 오른종목이 더갈거라고 판단하면 큰오산 입니다. ​ 지금 판단 잘해야될 시기 입니다. ​ 개미 한명이라도 구제 하기 위해 글을 쓰는거 입니다. ​ 성투하세요.
board_body,삼성전자,427144335,2026-08-04T14:30:03,1,3시반 예측 / 잘 해라 / ㅋㅋㅋㅋㅋ
board_comment,삼성전자,427144335,2026-08-04T14:30:33+0900,0,3시간만에 매수가 오네~ㅋㅋㅋ
board_body,삼성전자,427144332,2026-08-04T14:30:01,6,정말 이상한게 제가 팔면 오르네요 제 계좌가 다 보이는 걸까요? 참고로 키움증권입니다.
board_comment,삼성전자,427144332,2026-08-04T14:32:41+0900,0,매도할 때 반드시 글 남기세요!
board_comment,삼성전자,427144332,2026-08-04T14:30:27+0900,1,외인이 실시간 모니터링 중입니다.
board_body,삼성전자,427144322,2026-08-04T14:29:55,3,내일 항상 이런 마음을 가진다 아..어제 손절 칠걸.. ​
board_comment,삼성전자,427144322,2026-08-04T14:30:23+0900,0,ㅋㅋㅋㅋㅋㅋㅋㅋㅋㅋㅋㅋㅋㅋㅋㅋㅋㅋㅋㅋㅋㅋㅋㅋㅋㅋㅋㅋㅋㅋㅋㅋㅋㅋㅋㅋㅋㅋㅋㅋㅋㅋㅋㅋㅋㅋㅋㅋㅋㅋㅋ근데 다음날도 그럴꺼야 앞으로 쭈욱~~~~~~~~~개미늪으로 변신하는 중
board_body,삼성전자,427144320,2026-08-04T14:29:53,0,역시 1분봉 횡보후 위로 갔음 ㅋㅋ 역시 위로 갔습니다 ㅋ
board_body,삼성전자,427144292,2026-08-04T14:29:42,3,이러다  막판보합가면 대박인데..
board_body,삼성전자,427144289,2026-08-04T14:29:40,0,한달동안 지수보다 더 빼는데 좀 반등나오면 인버스2배지.. 반등 보이면 인버스2배 추매로..
board_body,삼성전자,427144281,2026-08-04T14:29:37,1,"영차 영차 외인 헷지 잡으러가자 매수 매수 ​ 영차 영차 ​ 세계 1위 매출~!! ​ 매출 믿고, 영익 믿어라"
board_body,삼성전자,427144275,2026-08-04T14:29:35,1,투신 물량...리밸런싱인지 뭔지 하는데 삼전 오르겠나? ​
board_body,삼성전자,427144262,2026-08-04T14:29:26,1,코스닥 가서 버핏형아가 장투하고 있는 종목 검색해서  그거  사
board_body,삼성전자,427144255,2026-08-04T14:29:21,2,외인이 말했음 잘 먹고 간다고 볼륨버그가 말했음 투자불가라고 ^^ 삼전닉스 판 싹 다 정리하고 태평양 건너가고 있는 중 지금은 개미탕을 넘어 진흙탕임 반대매매에 투매까지 매일 나오면서 앞으로 개미늪으로 변할 예정임. 끝물에 발 담궈서 힘들어 하는 마음은 이해하지만 이럴수록 정신차리고 언능 다른 곳에서 복구해야지 이성을 찾아야 가능할텐데~~
board_body,삼성전자,427144237,2026-08-04T14:29:11,0,저녁 프리장은 지켜봐야겠지만  0현재시간 14:46 현재가 232000 ​ 개인이 400여만주 매수_ 수급이 이러면 ​ 낼도 조장일듯 싶다 ​ 저녁 프리장 수급보고 단기 진잊여부 체크해봐야지 ​ 그니마 삼히닉레버리지 영향력이 약해진건가 그러면 다행이고 ​ 21층부터 분할메수 딱이긴하네 -18층까지 염두하고 ​
board_body,삼성전자,427144233,2026-08-04T14:29:10,1,연기금도 대통령처럼 반도체  챙겨라 이렇게 좋은회사 그냥 방치하면 국가 경쟁력 잃는다. ~  키우기 보다  도박꾼들 좀 막아주면 감사 ~
board_body,삼성전자,427144226,2026-08-04T14:29:05,1,삼성도 이젠 맛이갔다 거래하는  개미들이 이상해 졌다.
board_body,SK하이닉스,427145092,2026-08-04T14:37:24,3,보합마감 후  정책 나와서 내일 상 재도전❤️
board_body,SK하이닉스,427145076,2026-08-04T14:37:17,2,옵션만기일도 아닌데 왜 난리피운거지 이해가 안되노~~
board_body,SK하이닉스,427145072,2026-08-04T14:37:16,1,"1,557,000 내 평단 좀만 더가자~!!!"
board_body,SK하이닉스,427145057,2026-08-04T14:37:09,2,설명할 시간 없다!!! 돔황혀!!  이게 끝났어!! 완전 데드캣이야!!
board_body,SK하이닉스,427145055,2026-08-04T14:37:08,1,모두가 포기할때쯤 오르는게 주식이구나
board_body,SK하이닉스,427145052,2026-08-04T14:37:07,3,인천대교에서 투신 참ㅇ.로 안타까운 소식이네요 명복을 빕니다
board_body,SK하이닉스,427145035,2026-08-04T14:36:58,5,"★ 증안자금이 등판 가능한이유 온국민 삼전닉스 매수가 된상태에서 더이상의 폭락은 ​ 정권교체 지지율폭락을  유발할수 있기에, ​ 여기서는 증안자금이라도 등판해서 구원해야한다고 본다 ​ 지금도 많이 늦었다"
board_comment,SK하이닉스,427145035,2026-08-04T14:37:19+0900,0,코로나때도 안나왔다 불가능하다
board_body,SK하이닉스,427145017,2026-08-04T14:36:51,5,오늘 개미가 이겼다 숏스퀴즈 나올듯
board_body,SK하이닉스,427145009,2026-08-04T14:36:46,1,"반도체기업 세금감면, 자금지원 국가가 모든거 지원 ​"
board_body,SK하이닉스,427145007,2026-08-04T14:36:45,5,하이닉스 말아 올리는중이네요 300 가즈아
board_body,SK하이닉스,427145005,2026-08-04T14:36:44,2,124 한번 찍었기 때문에 반드시 124 터치하러 한번 더 간다 명심
board_body,SK하이닉스,427144996,2026-08-04T14:36:40,2,@@@@@@@@ ​ 주ㅈ질 해 ​ 묵고 있다 ​ 1818 ​ ㅋㅋ ​
board_body,SK하이닉스,427144989,2026-08-04T14:36:37,1,보니까 손절치고 나가서  더 싸게 잡으려고들 떨어지라고 애쓰는것 같네요 모르겠지만 이제 이쯤이면 바닥인듯.. 주주환원 공시 나오고 나면 늦을거 같아요 반박시 님말이 다 맞음 ​
board_body,SK하이닉스,427144988,2026-08-04T14:36:37,1,낼종가 마이너스 ㆍ5프로
board_body,SK하이닉스,427144986,2026-08-04T14:36:37,1,사실 오늘좀 이상하더만.. 미국 반도체도 음봉도 아니고 넥장도 많이 올랏는데 왜 한국반도체만 이리 떨어지나햇는데 ㅠㅠ 막판에 양봉햇으면 좋겟네요 ㅠ
board_body,SK하이닉스,427144985,2026-08-04T14:36:36,2,레오폴드가 이사단을  원래대로 ㅅㅅ
board_body,SK하이닉스,427144977,2026-08-04T14:36:34,2,좋아좋아... adr  양전하겟는데
board_body,SK하이닉스,427144969,2026-08-04T14:36:25,1,■울 한경 동호회만 보합오면 인버스 약  400억  매수 대기중~~ 난  안할거라  공개함 ​ 그런데 동호회  회장말따라  해서  전부  엄청  수익남
board_body,SK하이닉스,427144965,2026-08-04T14:36:24,4,내가 150 저점이라고 했지?? 출발하잖아
board_body,SK하이닉스,427144963,2026-08-04T14:36:23,1,단타하나는 ㄹㅇ 잘치네 올리고 팔고 빠지면 사고 누구 좋으라고 그렇게 하는 거냐 정부야?
board_body,SK하이닉스,427144943,2026-08-04T14:36:11,3,황말올 ㄷㄷ 대역전극 ㄷㄷㄷㄷ
board_body,SK하이닉스,427144935,2026-08-04T14:36:04,4,고점신호 = 전라도에 공장짓는다  전두광특별시에 공장을 짓는댘ㅋㅋㅋㅋㅋㅋㅋㅋㅋ 전라도랑 엮여서 성공하는게 잇냐?? 잇냐고 ㅋㅋㅋ
board_comment,SK하이닉스,427144935,2026-08-04T14:37:12+0900,0,니인생도
board_comment,SK하이닉스,427144935,2026-08-04T14:36:40+0900,0,응 극우할베. 늦어서 이미 공사시작
board_body,SK하이닉스,427144934,2026-08-04T14:36:04,5,"종가 보합이나 +2% 이상,,,ㅎ ㅎㅎㅎㅎㅎㅎ"
board_body,SK하이닉스,427144933,2026-08-04T14:36:03,2,100만원만 잃어도 손발이 떨리는데.. 이런 장에서 다들 어떻게 버티시나요.. ​
board_body,SK하이닉스,427144927,2026-08-04T14:35:59,6,좀 오르니까 우르르 들어오는게 진짜 개웃기네 ㅋㅋㅋㅋㅋㅋㅋㅋㅋㅋ ㅋㅋㅋㅋㅋㅋㅋㅋ 와 주식재능 1도 없다
board_comment,SK하이닉스,427144927,2026-08-04T14:36:50+0900,0,자기 돈으로 투자하는데 왜케 공부를 안하고 하는 바보들이 많냐
board_comment,SK하이닉스,427144927,2026-08-04T14:36:35+0900,0,ㅋㅋㅋㅋㅋㅋㅋㅋㅋㄹㅇ 진짜 이러니까 다털리고 주식 접는다는 소리 하지 에휴
board_body,SK하이닉스,427144908,2026-08-04T14:35:46,4,머고 갑자기 와이카노? 먼일이고 이게?
board_comment,SK하이닉스,427144908,2026-08-04T14:36:26+0900,0,너무 기대한 하지 마쇼. 매번 이랬어요.
board_body,SK하이닉스,427144905,,0,POST_NOT_EXIST
board_body,SK하이닉스,427144898,2026-08-04T14:35:41,3,주위에서 전부 매도하더라 지금부터 드가자 350만원 까지 가자
board_body,SK하이닉스,427144896,2026-08-04T14:35:39,4,외국인 선물 또 매수 그러니 올라가잖음 살때는 시장가로 사네 이대로 계속 사주면 좋으련만 저러다 또 확돌아서서 매도 하고 완전 국장 외국인 장난감
board_comment,SK하이닉스,427144896,2026-08-04T14:36:00+0900,0,주옥같아요
board_body,SK하이닉스,427144895,2026-08-04T14:35:38,1,쓰읍 오늘 슴슴한데
board_body,SK하이닉스,427144892,2026-08-04T14:35:37,1,코스닥 주주들은 참 좋겠네? 평소에 그렇게 삼전하닉 죽으라고 그래야 자기들이 산다고 저주를 퍼붓더니 ​ 원하는대로 삼전하닉 내려가고 본인들이 올라가니까 좋아? ​ 그럼 이제 우리도 코스닥 저주하면 되는건가? ​ 그리고 뭔 맨날 PER PER 거리던데 ​ PER 150배 넘어가는 애들이 오늘 10% 상승 보이고 ​ 대장주가 내려가는건 또 괜찮고? ​ 내가 왠만하면 코스닥 주주들 좋게보고 싶었는데 ​ 코스닥 게시판에서 글써놓은 꼬라지 보니까 나도 앞으로 저주해야겠다 싶다
board_comment,SK하이닉스,427144892,2026-08-04T14:38:11+0900,0,물렸어? ㅋㅋㅋ 코스피 오른거랑 코스닥 오른거 비교를하고 저주한다는 소리하세요~
board_body,SK하이닉스,427144891,2026-08-04T14:35:37,1,종가 시가 기준으로 갈것같은데? 160만 그르고 주주환원 발표하면서 10% 로를것같고
board_body,SK하이닉스,427144890,2026-08-04T14:35:37,1,비정상적인 좌파들이 많이 가지고 있는 하이닉스 어쩌노? 이제 점점 더 폭락 할건데 ㅋㅋㅋㅋㅋㅋㅋㅋ 가격 7자리 유지하는거 이번달이 마지막일건데 우짜노? 범죄자를 뽑은 니들 잘못인데 내가 우짜겠노? 그쟈?
board_body,SK하이닉스,427144879,2026-08-04T14:35:30,2,이제야 개인들이정신차리나홀딩개나주고사팔대응~ 사팔 대응 안 되면  절대  삼전 하닉 매매 하면 안 됨 추세를 보면 간단 ​ ​ ​ ? 월가  넘들도  괴관 넘들도  사팔 사팔인데 ​ 새발의 피인 개인들이  홀딩해서 뭘 얻으려고 ​ 계좌  녹고 징징 짜려고 주식 하는게 아니라면 ​ 어제 처럼 10% 이상 무조건 많이  폭락  뒤에 매매 해서 사팔 사팔해야 ​ 그나마 안 물리고 익절도 가능 ​ 오늘은 단타도 안 됨   저것들  다 기계 매매임 ~ ​
board_body,SK하이닉스,427144875,2026-08-04T14:35:25,1,나스닥에 따라 내일이나 모래 폭등 차트. 인버스는 상승차트인척 꼬시다가 전저점까지  하락
board_body,SK하이닉스,427144870,2026-08-04T14:35:20,4,하이닉스 샌디스크와 협력 10세대 낸드 양산 FMS 2026 행사에서 샌디스크와 10세대 낸드 첫 선 차세대메모리 기술로 꼽히는 고대역폭 플래시 HBF 표준규격 공개 시장 선점 나선다 호재는 넘쳐 나는데 개관놈들 주가를 왜 누르기 할까요 안타까울 뿐입니다 그래도 언젠가 희망은 찾아 올겁니다
board_body,SK하이닉스,427144862,2026-08-04T14:35:15,6,이러니 돈잃는건가 파니깐 오르네
board_body,SK하이닉스,427144856,2026-08-04T14:35:11,3,대중국이뛰어든이상 더이상 상승은 어렵지 잘 보내주자!!!!!
board_body,SK하이닉스,427144851,2026-08-04T14:35:08,4,어차피 3시에는 양전할거임 아주 조금 오르고 시외장서 보합
board_body,SK하이닉스,427144844,2026-08-04T14:35:03,3,꼬비지만말고 손한번잡아줘라 오매불망 안보이냐
board_body,SK하이닉스,427144839,2026-08-04T14:34:58,4,ㅋㅋㅋ 차트봐라.. 단타가 답이네 개잡주 장투시대는 끝낫음 단타로 쭉쭉 빨아드세요
board_body,SK하이닉스,427144831,2026-08-04T14:34:52,3,지금 카카오페이 가봐라 실적 폭등해도 주가는 엉망이다 이게 현실이다
board_body,SK하이닉스,427144824,2026-08-04T14:34:41,1,날도 더운데 시원하게 파란불 켜줘서 고맙읍니다 이번 휴가는 안가도 시원하네~
board_comment,SK하이닉스,427144824,2026-08-04T14:35:05+0900,0,저도입니다 ㅋ
board_body,SK하이닉스,427144819,2026-08-04T14:34:39,5,★ 증안자금 등판 시킬듯 더이상의 삼전닉스 폭락은 ​ 정권교체 지지율폭락의 근원이 될수 있다 ​ 증안자금 등판이 임박했다고 본다
board_body,SK하이닉스,427144808,2026-08-04T14:34:34,1,이제 수급 들어옵니다. 잘 지켜보세요. 가즈아~~ ​
board_body,SK하이닉스,427144806,2026-08-04T14:34:34,1,빨리 좀 팔아라!! 시간 없다!!  잔치가 끝났다
board_body,SK하이닉스,427144801,2026-08-04T14:34:31,3,이건 뭐 세계 최고 역대급 실적 반도체 회사를 반토막으로 아작내고 계속 집권하려하노 ​ 대통령 임기도 1년 단위로 임기 연장 레버리지와 곱버스 도입해야 한다 ​ ​
board_comment,SK하이닉스,427144801,2026-08-04T14:37:28+0900,0,굿! 무능한 지도자는 1년 단위로 재임을~  그래야 정책을 제멋대로 못하지.
board_body,SK하이닉스,427144799,2026-08-04T14:34:28,1,반도체기업 정부가 책임지고 육성ㄷㄷ 가즈아~♡ 모든 비용 국가 지원
board_body,SK하이닉스,427144794,2026-08-04T14:34:25,4,전라도에 공장 짓는다하니 고점이었음ㅋㅋㅋ 생각해보니 당연히 버블고점이지 ㅋㅋㅋ 전라도 물도없어서 워터밤도 못하는데 반도체공잩ㅋㅋㅋㅋㅋㅋㅋㅋ
board_comment,SK하이닉스,427144794,2026-08-04T14:34:54+0900,1,응 극우할베
board_body,SK하이닉스,427144792,2026-08-04T14:34:25,1,ㅡ지금사면 ㅡㅡㅡ대박 내일 사며느ㅡㅡ쪽박
board_body,SK하이닉스,427144783,2026-08-04T14:34:19,4,인버스로 갑니다. 바바이~~~~~~~~~~~~ ㅎㅎㅎㅎㅎㅎㅎㅎㅎㅎㅎㅎㅎㅎㅎㅎㅎㅎㅎㅎㅎ
board_body,SK하이닉스,427144782,2026-08-04T14:34:19,2,내일 한번만 더 밀면 다시 투매 나옴 ㅋㅋㅋㅋㅋ
board_body,SK하이닉스,427144780,2026-08-04T14:34:18,4,"내가 인버스 작살난다했지? 잼파파 좀 믿어라..  독일에서 오자마자 회의하시는 쉴 시간 없으신 분.. 억원이, 용범이, 찬진이, 미래에셋까지 국장을 찢었다 크으 가즈아 잼정부"
board_body,SK하이닉스,427144765,2026-08-04T14:34:08,1,진짜 정답지 딱 알려드립니까? 반토막내면서 레버리지 다 박살--> 상한가로 인버스 또 박살 이제 레버리지든 인버스든 못합니다. 전문가의 종목이 되었죠. 그러면서 코스닥 상승하면서 대세상승장처럼 또 순환매돌죠. ​ 자 그럼 생각을 바꿔보세요. ​ 상한가 이후 또 위꼬리 하락빔맞고 폭락을 --> 금요일에 상한가가 아니라 오늘까지 5%씩 3일동안 상승 금액 비슷합니다. 반대로 생각하세요. ​ 개미털기이고 이건 우상향으로 방향 잡은겁니다.
board_body,SK하이닉스,427144762,2026-08-04T14:34:07,1,상한가만 20년 형 왔다. 날씨도 더운데 하닉도 짜증나는구나 오르는 꼴을 못 보는구나 오르면 계속 하락이구나 하이닉스도 개잡주가 되어버렸구나
board_body,SK하이닉스,427144756,2026-08-04T14:34:01,4,뚫어 송태섭~!!!
board_body,SK하이닉스,427144740,2026-08-04T14:33:53,4,자 드가자 찐반등 나온다 개미 많이 털었다 300만 가자
board_body,SK하이닉스,427144715,2026-08-04T14:33:39,1,매물 많다 힘들겠네요  코스닥 이동 ㅋㅋ
board_body,SK하이닉스,427144710,2026-08-04T14:33:38,4,또 데리고 노네 ㅋㅋㅋㄲㅋ 인간안된다 kb증권 맛있냐 주당3마넌 ㅋㅋㅋ
board_body,SK하이닉스,427144704,2026-08-04T14:33:34,1,■동호회회장  인버스 10억수익  보합오면  또  200억 인버스  대기중 무조건  보합이상 오면 인버스  때려 먹네 ​ 계좌인증  확인함  대단하다
board_body,SK하이닉스,427144697,2026-08-04T14:33:30,1,혹 쥬린님들 태원성 주주환원 발표 땜시 매수한거여? 아님 그냥 막 그냥 막 하는거여? 나도 좀 알고 가즈아 갑자기 왜 올라간데 담을거남았는데 왜 올리는척하고 개미 매수면 또 털어먹을려고 나쁜Sg
board_body,SK하이닉스,427144694,2026-08-04T14:33:29,4,이잼 덕분에 하닉 말아올리고 있네 좋은삘나네
board_body,SK하이닉스,427144690,2026-08-04T14:33:27,3,❤️신용거래 청산 및 폐지 운동본부 신용거래를 청산합시다
board_body,SK하이닉스,427144686,2026-08-04T14:33:25,4,오늘 분봉은 누구의 작품인가?  주가가 만드는 거기는 한데 오늘 분봉은 유난히 만든 느낌인데?
board_body,SK하이닉스,427144681,2026-08-04T14:33:23,1,놀리는사람들없고 걱정하는사람들 많아졌다는건 ​ 진짜 ufc라는거야 ​ 기적을 바라기엔 너무 많이 오른종목아니야? ​
board_body,SK하이닉스,427144676,2026-08-04T14:33:19,1,가주아! ! 캬 캬 캬 캬 사팔이 최고라 켔제? 떨어지면.줍줍이라 했제? 으헤헤헤 으 캬 캬 캬 얼마나.쉽냐고! ! 가주아! 캬 캬 캬 캬 5천 만.찍어 보즈아! 캬 캬 키ᄂᆞ
board_body,SK하이닉스,427144671,2026-08-04T14:33:16,2,●최사장이  사고팔고 하지말라고 그렇게 말했는데
board_body,SK하이닉스,427144670,2026-08-04T14:33:16,1,이런  험한것들 코스닥 제발좀 살려달라고 애원할때 . 쳐다도 안보더만 . 꼴좋다 . 아직멀엇다 . 계단씩으로 맛좀봐라 . 2달은 피똥싸야지 ㅋㅋㅋ
board_body,SK하이닉스,427144656,2026-08-04T14:33:08,5,도련님 찢어야해요 용 범이  가랭이를 찢어야 살아요! ​ 찢는김에 주둥이도 찢어주세요 ​
board_comment,SK하이닉스,427144656,2026-08-04T14:35:39+0900,0,밑에넘 개딸이구나~  길에서 조심해라! 걸리면 주둥이 찢는다
board_comment,SK하이닉스,427144656,2026-08-04T14:34:49+0900,0,처물리셨나봐요ㅋㅋㅋㅋ 매수는 지가 해 놓고 남 탓은ㅋㅋㅋㅋㅋ 우리나라에 초등학교 야간이 있나?ㅋㅋㅋㅋㅋㅋㅋ
board_comment,SK하이닉스,427144656,2026-08-04T14:33:56+0900,0,극우할베 이리와  내가 찢어주마  ㅋㅋㅋ
board_body,SK하이닉스,427144650,2026-08-04T14:33:06,1,1차 16150K 일단 여기까지만
board_body,SK하이닉스,427144641,2026-08-04T14:33:00,2,인버스 다이빙중 ㅋ ㅋㅋㅁㅁㅁㅁ
board_body,SK하이닉스,427144639,2026-08-04T14:32:58,2,흠  좋아좋아 ... 본전근처에만 가따놔라
board_body,SK하이닉스,427144630,2026-08-04T14:32:53,5,한국증권ㅁ찐늄 매도25만주= 하닉목표가 470만원- 연구원 채민숙사기꾼늄 KB증권ㅁ찐늄 매도12만주= 하닉목표가 420만원-리서치본부장 김동원사기꾼늄 ​ 우리시장 국내증권사악마들의 연구원늄들은 전부 사기꾼늄들 밖에 없다 ​ 한국증권/KB증권 2마리 악마들 매도보면 증권사악마늄들이 팔아먹기 위해 연구원사기꾼늄들의 목표가는 뻥튀기목표가  조작 사기일 뿐이다
board_body,SK하이닉스,427144620,2026-08-04T14:32:50,1,거참 우리 한국싸람들 승딜 급하다급해 ㅋㄱㅂ 주가가 하루이틀 음봉되면 하루이틀 양봉 되고 그런것데 왜들 다들 이리 승질 급해 ㅋㅋ
board_body,SK하이닉스,427144615,2026-08-04T14:32:47,3,역시 막판 ​ ​ 오를줄  알았다 ​ ​ 오늘이 ​ ​ ​ 레버 인버  다  죽이는? ​ ​ 시나리오 ​ ​ 레버  죽이고 ​ ​ 그담 ​ ​ 인버죽이고  ㅋㅋ ​ ​ 어케  당하누  그지?
board_body,SK하이닉스,427144614,2026-08-04T14:32:46,3,낼 크게 오르것다.으미 좋으다
board_body,SK하이닉스,427144593,2026-08-04T14:32:37,3,프로그램 매수로 전환 물량지켜라잉~~~
board_body,SK하이닉스,427144581,2026-08-04T14:32:30,4,마크롱. 말아 올린다.
board_body,SK하이닉스,427144578,2026-08-04T14:32:28,2,낼오르겠군 ㅎㅎㅎㅎㅎ
board_comment,SK하이닉스,427144578,2026-08-04T14:34:04+0900,0,"3~5%씩 소폭 뺏다가 금요일 막장에 20%상승...인버스 ㅋㅋㅋ
외인...꺼억~ 잘 먹고 갈게용 ~ 이거 막아야되는거아니냐? 대책이 없네"
board_body,SK하이닉스,427144563,2026-08-04T14:32:17,3,"반도체 지원 특별법 떳다 정부가 세제부터 인프라까지 모두 지원한대 세금도 감면, 비용도 지원 ​"
board_comment,SK하이닉스,427144563,2026-08-04T14:32:45+0900,0,아오 무료 ai 극혐
board_body,SK하이닉스,427144560,2026-08-04T14:32:15,4,슬슬 주주환원대책 지라시 나오나
board_body,SK하이닉스,427144555,2026-08-04T14:32:13,1,■삼전닉스는 수급주로 퇴색■ 개인은 삼전닉스 반등시 일단 탈출하라! ​ 기관+외인 ​ 개인흡혈 유인 가두리중이다. 단타로 수익낼자외 접근지하라! ​ 개인들은 긴급탈출해서 소외된 코스닥 우량 성장주로 대이동하라! ​ 흡혈귀들보다 먼저 저점에 선점하라! ​ 삼전닉스는 개인은 단 1원도 상승키힘든다. ​ 분수에 맞게 코스닥 중소형주행으로... ​ 증시 역사는 돌고 도는법이다. ​ ​ 흡혈모기는 흡혈기생인자를 찾아오기마련이다. ​ 삼전닉스서 기관 외인이 합공을 하든 그냥 알아서 피터지게 쌈박질하게 방치하고 개인은 코스닥 대이동을 하여 각자도생하는게 낫다. ​ 이미 삼전닉스 일변동폭과 등락폭을보면 잡주 수급작전 그이외 의미가 없다. 그옛날 중장기투자 발상도 위험하다.
board_body,SK하이닉스,427144542,2026-08-04T14:32:05,2,"★ 증안자금 등판 시킬때 정부가 증안자금 카드를 등판시킬때가 된듯하다 ​ 더이상 삼전닉스 방치는 , 지지율급락과 정권교체로 이어질수 있다고 본다 ​ 여기서는 막아야 한다"
board_body,SK하이닉스,427144532,2026-08-04T14:31:59,3,반도체 끝났다고ㅋㅋㅋ 도대체 몇번얘기해야 알아먹냐ㅋㅋ3주전부터 익절하고 나가라고 계속얘기중인데..왜자꾸 손실을 볼려는거야
board_comment,SK하이닉스,427144532,2026-08-04T14:33:13+0900,0,"아니 진짜 어쩌라고 븅a
니가 나가라하면 나가야됨? 돈보태줌? 개웃기네 ㅋㅋ"
board_comment,SK하이닉스,427144532,2026-08-04T14:32:53+0900,0,그냥 그럼 얘기하지마ㅎㅎ 알아서들하겠지
board_body,SK하이닉스,427144528,2026-08-04T14:31:58,2,"❤️▅▇█▇▆▆▅▄▇ 신용거래 폐지운동본부 닉스100만원 가즈아~ 신용청산을 해야 3,000,000갑니다"
board_body,SK하이닉스,427144504,2026-08-04T14:31:47,2,또  만약 이란 긴장모드로 들어가면 또 떨어지고 ㅋ 이정도 설명해줫으면 개미 빨리 탈출해야할건데 외인 기관 끼리 서로 치고 박고. 싸우게 놔둬야지 왜 큰 돈 잃어가면서 까지 도박을 하는지 허기사 중간선거때 연금이 묻지마 매입으로 하루10%폭등 장기간 오니 뇌가 망가져서 그런거다
board_body,SK하이닉스,427144494,2026-08-04T14:31:38,3,1519000원 제자리 맴맴 돌고 변화없는 하루 네요 ㅎㅎㅎ 뭣하러 1100여주 가까히 매수해서 뻘짓처럼 이러고 있는지 ㅎㅎㅎ 그래도 내일이라도 수익 ​ 2천은 기본 먹고 나온다 확신합니다 ​ 딱보니 ​ 낼이나 오늘 둘중 한자리는 먹습니다
board_body,SK하이닉스,427144487,2026-08-04T14:31:34,1,무빙 무빙이  잡주이네  잡주 ㅋㅋ
board_body,SK하이닉스,427144473,2026-08-04T14:31:27,3,"형이 75층 밑에서 사라고 분명히 말했다 총 발행 주식수 : 712,702,365주 주당 150만일 때 시총이 1,069조다. ​ 그런데 삼전 시총을 계산해보자. 보통주 주당 25만, 우선주 주당 18만일 때, ​ 보통주 5,919,637,922 : 1479.9조 우선주 815,974,664 : 146.8조 총 1626.7조로 계산된다. ​ 파운드리도 안 하는 메모리 원툴 기업이 종합 전기전자 기업 삼성 시총의 반이 넘는게 맞는거냐? 의무교육만 받았다면 당연히 말이 안 되는 소리임을 알아차릴 수 있다. ​ 종합적으로 고려할 때 하닉 시총은 삼전의 1/3정도여야 적당하며 삼전이 오늘 주가 기준으로 하방을 형성한다면 하닉 주가는 75층 아래가 적절하다는 판단을 도출할 수 있겠다. ​ 형이 이렇게 설명해주는대도 이해를 못하면 그냥 코쟁이들, 세력들 술값만 내주든지 해라..."
board_comment,SK하이닉스,427144473,2026-08-04T14:32:29+0900,0,남걱정은 하는게 아니라고 의무교육에서 배웠습니다.
board_body,SK하이닉스,427144471,2026-08-04T14:31:26,6,개미들 낚시 시작ㅋㅋㅋ 양봉에 따라가면 지옥이다잉ㅋㅋㅋ다들알제?
board_body,SK하이닉스,427144464,2026-08-04T14:31:23,1,"그렇게 돈을 따고 싶냐? 그럼 내가 알켜 줄께, 오늘 150에 10주 사라. 담에 75만원 오거든 30주 더사라. 그담엔 40만원 오면 100주 사고, 그담엔  20만원 오거든 200주 추매. 이담에 10만원 오거든  500주 사고, 그후에 5만원 오면 알지? 2000주 사라고, 2만원 오면 전재산 털어서 사봐. 그러면, 꼭 먹을거야. ​ 10주 샀는데, 다음달에 50푸로 먹었다고? 그럼. 5주만 더 사고 그만사. ​"
board_body,SK하이닉스,427144457,2026-08-04T14:31:18,1,쫌만 더 내리면되는게 그걸 못참고 올려버리네 전재산 박았다 가보즈아
board_body,SK하이닉스,427144456,2026-08-04T14:31:17,7,탄핵투표 찬반 눌러봐. 어는거 누르는지는 알재?
board_comment,SK하이닉스,427144456,2026-08-04T14:33:44+0900,0,ㅋㅋㅋㅋㅋ 탄핵 집회 열던가?ㅋㅋㅋㅋㅋ 하여간 모지리들이 주둥이만 나불 나불~ 유C민의 후예인가?ㅋㅋㅋㅋㅋㅋㅋㅋ
board_comment,SK하이닉스,427144456,2026-08-04T14:33:10+0900,0,윤석열 이미 탄핵됐는데
board_body,SK하이닉스,427144451,2026-08-04T14:31:14,2,"아직 개미털기가 남았네 개미들 아직 안팔고 징징거리고만 있으니, 딱 털기 좋은 상황 ㅋㅋㅋ"
board_body,SK하이닉스,427144444,2026-08-04T14:31:11,1,■동호회회장  보합때 인버스  200억때려 엄청난수익 플러스만  오면  인버스~~ ​ 동호회 회장  보합때  인버스 200억 두빈 때려 ​ 오늘만  10억  벌었어 ​ 계좌인증한것  확인함
board_body,SK하이닉스,427144442,2026-08-04T14:31:10,1,외인들 기관놈들 끝까지 눌러봐.. 개인이 버티면 지들도 주구장창 팔아서 걸국 주가만 내리고 물량확보는 못해서 곳간이 텅 빌때가 오겠지. 그때까지 버텨야지. 그때부턴 비싼 가격으로 사야겠지. 주가 조작 못하게 공매도랑 레버리지 금지해. 선물시장을 없애던가. 수십년 전부터 선물시장 통해서 현물까지 갖고 노는거 알았으면서. 외인이 주식시장 떡주무르듯이 하는거 뻔히 보면서 정부가 협조하는 건가? 우리가 대응할 능력이 될때 오픈하면 돼잖어. 이거 뭐 기관이 옛날 왜놈 앞잡이 같어. ​
board_body,SK하이닉스,427144441,2026-08-04T14:31:09,2,형 말이 맞지 외인 막판에 쓸어담는다니까 ㅡㅡ 쭉쭉 날라가자 ㅡㅡ 맛점봐라--
board_body,SK하이닉스,427144431,2026-08-04T14:31:03,2,못먹더라도 절대 매수는 조심 특히 전자 닉스는 정말 조심 해야 외국인 누적 매도는 늘리고 매수 안함 가찌 반등 슬쩍씩 주며 보유주 털고 있음 전자도 47정도  까지 줄었다는 볼륨버그 에서 매일 경고하고 있는건 외국인 매도 이유도 되고 숏친거 환매수 안하고 롤 오버 한다면 절대 못 올라감 안전하게 5일선 돌리면 사도 늦지않음 꼭 올릴넘들이라면. 믿거나 말거나 지만 조심이 났지 않을까 ​
board_body,LG에너지솔루션,427144184,2026-08-04T14:28:41,0,7월8일부터 19거래일 횡보네 공매도들도 지치겠다 슬슬 숏커버 하지 숏커버 누가 먼저 하냐 눈치싸움 안하나...
board_body,LG에너지솔루션,427143354,2026-08-04T14:20:34,0,실적은 최고인데. . 왜케 누르니??? 시원하게 10프로만 올려주이소~~~
board_body,LG에너지솔루션,427141557,2026-08-04T14:05:16,1,지금 공매도 작업중 시원하게 보내주이소 주포형아 함 믿어봅시다 세탁기 많이 만들어서 수출 잘 하겠습니다 ㅋ
board_body,LG에너지솔루션,427140670,2026-08-04T13:55:44,2,공매도 비중 공매도 비중 ​
board_comment,LG에너지솔루션,427140670,2026-08-04T14:20:17+0900,0,조만간 급등하겠구만ㅎ😂
board_body,LG에너지솔루션,427140554,2026-08-04T13:54:32,1,주포형 함 말아주소 Sdi 한테. 부끄럽소 ㅋㅋ
board_body,LG에너지솔루션,427137353,2026-08-04T13:20:33,1,2차전지를 살꺼면 대장주를 사야지 sdi 안사고 뭐해 ㅡㅡ
board_comment,LG에너지솔루션,427137353,2026-08-04T13:31:30+0900,1,스디가 최근 내려갔지만 대장주는 맞는듯
board_body,LG에너지솔루션,427133499,2026-08-04T12:41:14,1,다른애들 오르는거보면 민망하지도 않냐? 내리는건 일등이더만 오를때는 반오르고 내릴때는 두배내리고..뭐하는거야? 뭐 구광모의 경영철학이야?? 헬지 왜 다 이러냐
board_body,LG에너지솔루션,427132699,2026-08-04T12:31:59,0,담은 33만원  오케? 모두 콜~~~~~
board_body,LG에너지솔루션,427129862,2026-08-04T12:02:11,0,코스닥오르면 너도가야지
board_comment,LG에너지솔루션,427129862,2026-08-04T12:29:15+0900,0,이건 코스피인데... 삼전닉스가서 말해라~
board_body,LG에너지솔루션,427129347,2026-08-04T11:56:11,1,오늘  양봉 낼도  양봉 베리 굳  감사합니다
board_body,LG에너지솔루션,427128681,2026-08-04T11:48:56,1,주식 매가리가 없다 종목 .체인지
board_body,LG에너지솔루션,427127206,2026-08-04T11:32:12,0,어렵겠지만 기다려본다 26만원 최저가 다시 한번 오면 진입해 보려고 째려보고 있다. 한번은 올꺼 같다.
board_body,LG에너지솔루션,427126462,2026-08-04T11:24:58,0,이제는 소형주 시대  이제는 소형주 시대 대형주 죽쑤고 있을때 소형주 가서 수익 챙겨야지
board_body,LG에너지솔루션,427124381,2026-08-04T11:07:50,2,사리나와요 헬쥐~ 이거 반도체 따까리냐ㅋㅋ
board_body,LG에너지솔루션,427121897,2026-08-04T10:51:38,3,단일 종목 ETF 손보면 이것도 매수세 들어온다 분명 !!!ㅠ염두 해 두자
board_body,LG에너지솔루션,427121655,2026-08-04T10:50:15,4,뭘 고개를 쳐들어 비엉아 꼬꾸라져 !! 누가 요즘 lg를 하니
board_body,LG에너지솔루션,427120187,2026-08-04T10:40:28,0,여긴..공매도..천지노? 누가...함얘기해봐..개관들아..
board_body,LG에너지솔루션,427118987,2026-08-04T10:31:25,1,32층 밑으로 잡아야 합니다 털리지말고 외인 기관 평균단가 34-40 뺏기지말고 조금익절면 알아서하시고 ㅎ
board_body,LG에너지솔루션,427115722,2026-08-04T10:09:27,3,이러니 다시는 국장 안한단소리나오지 나도 떠나야겠닻.  정말 피곤하다
board_body,LG에너지솔루션,427115598,2026-08-04T10:08:46,2,삼성sdi살까 LG에너지솔루션살까 정답은 에코프로
board_body,LG에너지솔루션,427114681,2026-08-04T10:04:14,3,쓸애기 엘쥐 국장에 있는 이런 쓸애기종목들 진짜 혐오한다
board_body,LG에너지솔루션,427109549,2026-08-04T09:38:53,2,리딩방 사기꾼 홍xx 들어와있다 조심해라 건드리는거마다 종목 박살낸다
board_body,LG에너지솔루션,427107042,2026-08-04T09:27:22,0,떨어질땐 1등 오를땐 역시나 답이없다 개미들이 사주질 말아야돼 봐봐라 끝동없이 같잖아 개미들아 제발 사 주지마라
board_body,LG에너지솔루션,427103867,2026-08-04T09:13:09,3,이전 주주로서 한마디 팔고 나오세요 저도 고민하고 탈출했는데 오늘 챠트보니 후회 없네요 이 주식 답 없어요
board_comment,LG에너지솔루션,427103867,2026-08-04T09:48:26+0900,1,팔았는데 왜 오시는지?
board_comment,LG에너지솔루션,427103867,2026-08-04T09:29:56+0900,2,팔았으면 여기서 기웃거리지 말고 꺼져!
board_body,LG에너지솔루션,427100926,2026-08-04T08:59:33,4,장사 안되면 접어라 시작은 거창하드니만 이게 머꼬 종이장사만 했네
board_body,LG에너지솔루션,427100738,2026-08-04T08:57:29,1,미국채 금리 하락. D램3분기까지 상승 예상 코스피 선물  월시가  1010.40 현재 시가 아래에 음봉 상태 ​ 엔솔 월시가 328000원 현재가 32만원 월 음봉 상태 ​ 현재 국내 증시는 이익 그런건 아무 소용 없는 흐름 모든 종목이 하락하는 죽음의 구간으로 가고 있는 중 ​ 증시12000간다는 리포트 또 이번은 9000간다는 모건 리포트 그들 마음이다 ​
board_body,LG에너지솔루션,427100579,2026-08-04T08:55:38,2,매수세가 말랐군 삼디의 1/10이네
board_body,LG에너지솔루션,427100257,2026-08-04T08:51:34,1,이정도 실적에 재무상태면... 30만원대도 감사해야한다.... 24만원이 적정가다...
board_body,LG에너지솔루션,427099682,2026-08-04T08:44:16,0,오늘은  하방 상방 형아 눈치싸움 오늘 눈치껏 상하 1.5프로 움직임 하방작업중이라 상방형아도 비싸게 말아올리지 않을테고 흠 딱 말하자면 하방 작업 금액은 무조껀 32만 아래로 계속 흔들어야함
board_body,LG에너지솔루션,427099343,2026-08-04T08:40:09,2,지긋지긋하다 이놈 정체가 뭐냐? 인간적으로 오늘 같은날 적어도 15프로이상 상승해야 하는거 아니냐?
board_body,LG에너지솔루션,427099111,2026-08-04T08:37:40,0,비엠 이번 출고된 전기차 중국산 밧데리 장착 반도체 망하는게아니고~ 개미들 돈으로 선동 뽐뿌질만~
board_body,LG에너지솔루션,427098838,2026-08-04T08:34:17,3,2차전지 최선호주 삼성SDI
board_body,LG에너지솔루션,427096030,2026-08-04T07:57:17,0,미국은 너무낮은 유류세를 100%올려야 전기차들이 보조금없어도 잘팔릴것인데 유럽의반값 미국휘발유값 L당1500원이 비싸다고 난리다. 기름한방울나지않는 한국은 휘발유경유값2000원 원전단가120원 산업용200원 주택용전기요금 누진세없애고 250원으로 단일화 정상화시켜야 전기차 신재생에너지산업경쟁력생긴다
board_body,LG에너지솔루션,427093932,2026-08-04T06:25:56,3,회사 경영진 무엇하고 있나요. 주가는 5년전 공모가  주가 부양책으로 매입후 소각을 해야 합니다. 특허나 사회공헌활동 투자는 이제 그만하고 주주들 위해서 주가 부양책을 내 놓아야 합니다. 기관들 매도만 줄기차게 하고 있어요.
board_comment,LG에너지솔루션,427093932,2026-08-04T08:44:12+0900,0,뭐 아무때나 주주환원 정책을 하는지 아는 ㅋㅋ 증자 안하는걸 다행히 여겨
board_body,LG에너지솔루션,427091388,2026-08-04T02:12:11,0,"<JP모건> ""삼전닉스 심각한 저평가상태, 지금이 저점매수 기회"", 한국증시 투자의견 상향조정 !!! 글로벌 투자회사 ""JP모건""이 SK하이닉스와 삼성전자가 실적대비 조정이 과도했으며 지금이 저점매수 기회라고 보고서를 냈다. ​ 1. SK하이닉스 적정주가 (250만원 ~ 470만원) ​ 1) 연간 매출 : 360조원 2) 연간 순이익 : 220조원 (2분기 영업이익 60조원) 3) 주식수 : 7.2억주 4) EPS(주당 순이익) : 31만원 5) 보수 PER 8배 적정주가 → 250만원 6) 정상 PER 10배 적정주가 → 310만원 7) AI 재평가 PER 12배 적정주가 → 380만원 8) AI 고성장 PER 15배 적정주가 → 470만원 ​ 2. 삼성전자 적정주가 (37만원 ~ 70만원) ​ 1) 연간 매출 : 730조원 2) 연간 순이익 : 310조원 (2분기 영업이익 89조원) 3) 주식수 : 66.7억주 4) EPS(주당 순이익) : 4.6만원 5) 보수 PER 8배 적정주가 → 37만원 6) 정상 PER 10배 적정주가 → 46만원 7) AI 재평가 PER 12배 적정주가 → 56만원 8) AI 고성장 PER 15배 적정주가 → 70만원 ​ 3. ""모건스탠리"" 한국증시 투자의견 상향조정 ​ 글로벌 투자은행 ""모건스탠리""가 보고서를 통해 한국증시에 대한 투자의견을 상향 조정했다. ​ 최근 국내 증시에서 진행된 레버리지 청산이 마무리 국면에 접어들면서 ""인공지능(AI) 투자""에 다시 진입할 수 있는 매수 기회가 마련됐다는 판단에서다. ​ 블룸버그통신에 따르면 ""모건스탠리""의 다니엘 K 블레이크 등 전략가들은 보고서를 통해 “과도한 쏠림 현상과 레버리지 포지션이 급격히 해소된 이후 코스피의 목표치를 9000까지 상향조정"" 했다."
board_comment,LG에너지솔루션,427091388,2026-08-04T08:35:39+0900,0,그런넘들이 매도를 하냐??
board_body,LG에너지솔루션,427083025,2026-08-03T22:34:04,3,야간 선물 또 다시 사이드카 하락-5% 급락 이번 하락장 모든 종목이 하락중 ​ 이달 코스피. 엔솔 거의 모든 종목 모두 음봉 확장 지으면서 하락중 ​ 상승할때도 미장 안보고 상승 이번에도 미장상승. 관계없이 급락 나스닥이 조금만 하락 기미만 보여도 초급락하는 차트 ​
board_comment,LG에너지솔루션,427083025,2026-08-04T07:57:00+0900,0,이말올 ㅋㅋㅋㅌ
board_comment,LG에너지솔루션,427083025,2026-08-04T03:43:35+0900,1,원달러 환율 폭력 있는 그 중 대표적인 더 우즈 있다 김치 앞도 있다 잘 될 것입니다
board_comment,LG에너지솔루션,427083025,2026-08-03T22:54:32+0900,0,이번 정부가 탄생한 것과 이번 상승장과 하락장은 철저히 계획돠었다는 것이 믿거나 말거나 우리나라가 탄광의 카나리아  이달 ㄷㅁ 빌게이츠가 방한 한다
board_body,LG에너지솔루션,427079676,2026-08-03T21:13:34,8,국내에서 배터리관련주 매수한다면 무조건 lg에너지솔루션이 1순위이긴한데 앞에 lg자가 붙어서 투자가 망설여짐...
board_body,LG에너지솔루션,427073883,2026-08-03T19:20:09,2,야간선물 -2.4% 빠짐 돔황쳐요 어서
board_comment,LG에너지솔루션,427073883,2026-08-03T19:36:27+0900,0,그런건 어디서봐?
board_body,LG에너지솔루션,427073278,2026-08-03T19:10:01,0,ㅋ 2차전지? 중국형님한테 안돼는데  오르겠냐?
board_body,LG에너지솔루션,427072221,2026-08-03T18:46:52,0,내일부터 주포형 출연할듯 엔솔아무리 저가라 해도 34-37만 호가창 보면 상승할까 코피터짐 ㅎㅎ 개미는 그냥 구경만하세요 ~~
board_body,LG에너지솔루션,427071859,2026-08-03T18:38:46,0,"신규상장 패턴으로 갈수있는 종목 아닐지 !! 신규상장 패턴으로 갈수있는 종목 아닐지 !! 작성시점2026.07.01. 09:44조회 72 ​ LG에너지솔루션 ​ 현재가 355,500원 ​ 신규상장 패턴으로 갈수있는 종목 아닐지 !! 226,000원 깨지면 신저가 행진시작 됩니다 코스피 조정이 온다면 엔솔은 위험 합니다 2차전지주들은 강한 하방으로 흘러 내리고 있습니다 월봉보면 아무래도 장기조정도 염두에 두어야 합니다 심상찮은 그림을 보이고 있습니다 현금관리 잘 하셔야 합니다 ​ ​ 2026.07.01일 예측과 대응"
board_body,LG에너지솔루션,427071538,2026-08-03T18:30:41,0,3130층인데 이주식 희망있나염
board_body,LG에너지솔루션,427070459,2026-08-03T18:07:07,1,각 평단이 얼마인지요? 전32층 ㅎㅎ
board_comment,LG에너지솔루션,427070459,2026-08-04T03:45:19+0900,0,266충 및 소모품 안에서 있었다 알고 있다 알고 있는 것이 때문에 대해 주는 그 중 한 명으로 그 후 다시 개인정보가 만든
board_comment,LG에너지솔루션,427070459,2026-08-03T21:33:34+0900,0,289000
board_comment,LG에너지솔루션,427070459,2026-08-03T18:19:09+0900,0,34
board_body,LG에너지솔루션,427069800,2026-08-03T17:53:32,6,공매도 잡는법 필수 필독 개미는 절대 물량 뺏김안됨 평균 공매금액이 개미 평균보다 높음 지금 그냥 구경만 하면됨 그럼 알아서 공매는 똥줄땀. 기관또는 금융사 기타 주포형아 평단이 높기에 알아서 말아줌 ~~~ 8월은 35-40정도 알아서 마차줌 그때 개미 평단알아서 빠지던지 아님 기다려보심
board_body,LG에너지솔루션,427069404,2026-08-03T17:46:51,1,요번달 저점이.. 오늘이길 바라며.. 8월 거래일동안은 상승만 있길 바랍니다. 제발ㅜ
board_comment,LG에너지솔루션,427069404,2026-08-03T17:57:27+0900,0,"흠 하방작업 들어가면 28-29까지도 생각해보세요 지금은 하방세력 상방세력 눈치구간입니다
오늘 거래는 하방끼리 서로 주고받고 ㅋㅋ"
board_body,LG에너지솔루션,427067913,2026-08-03T17:22:36,3,오늘 총거래중 25프로가 공매^^ 어찌해야할까요 주포님
board_body,LG에너지솔루션,427067675,2026-08-03T17:18:53,2,레버리지 규제가 아니라 공매도 금지를 해라..!!! 답답하네
board_body,LG에너지솔루션,427067466,2026-08-03T17:15:26,1,속보... 미국유학하고온 유능한친구가 이주 18만원 올때까증 기다리라 기라는데....이친구 유럽에도 갓다왔대는거 같은데...
board_body,LG에너지솔루션,427066522,2026-08-03T17:00:12,2,22.91% 어째 주가는 상장가 근처인데도 이렇게 매일 두자리 이상의 공매도를 치는지....매일같이 이해불가다... ​
board_body,LG에너지솔루션,427063412,2026-08-03T16:10:31,11,이재명 정부는 무식한 주가개입으로 몇푼 안되는 이차전지 바이오 연기금 빼서 반도체에 몰빵함...진심 이재명을 떠나서 주변 사람들이  멍청한건지 아니면 과잉 충성인지 정권 끝나면 특검해야할 듯
board_comment,LG에너지솔루션,427063412,2026-08-03T19:06:17+0900,0,반도체 가지 그랬엉~~~
board_body,LG에너지솔루션,427063323,2026-08-03T16:08:59,10,여전히 공매비율즘 보소! 어디까지 끌고 내려갈려구 공매판이냐? 국장개   . 판이네
board_body,LG에너지솔루션,427063276,2026-08-03T16:08:07,2,버려 2차전지는 버려 개미야 엔솔 sdi 중국땜시 안된다 좀 토끼라 대장주는 sdi이다
board_body,LG에너지솔루션,427062325,2026-08-03T15:53:08,0,포르쉐 화재 베터리 어디꺼임? 짱꿔임 ?? 엔솔임?
board_body,LG에너지솔루션,427060595,2026-08-03T15:31:36,1,LG엔솔 vs 에코프로비엠 어디가 좋을까요? ​ 지금 가격 기준으로 어디 투자하는게 맞는걸까요?
board_comment,LG에너지솔루션,427060595,2026-08-03T18:04:05+0900,0,둘다 망삘 ㅋㅋ
board_comment,LG에너지솔루션,427060595,2026-08-03T17:00:12+0900,1,그냥 ㅈ차전지 투자안하시길
board_comment,LG에너지솔루션,427060595,2026-08-03T15:49:45+0900,1,삼성 sdi픽하세요  후회안하실겁니다
board_body,LG에너지솔루션,427059332,2026-08-03T15:19:03,0,실적은 항상 보조금 때문에 적자는 면하는구나. 시총 80조 너무 위태록습니다. 큰거 한번 터져도 전혀 이상하지 않습니다.
board_body,LG에너지솔루션,427059276,2026-08-03T15:18:37,0,인천 포르쉐 화재 엔솔거 아닌가?? 이래서 빠지나? ​
board_comment,LG에너지솔루션,427059276,2026-08-03T15:51:25+0900,0,아직 밝혀진게 없다고하는딩....제발 아니길ㅠㅠ
board_body,LG에너지솔루션,427056577,2026-08-03T14:55:30,1,고집 고집있네 빨리 25만원 온나
board_body,LG에너지솔루션,427055005,2026-08-03T14:36:42,0,뭐하도 있습니다 알고 있는 것이다 알고 있는 것이 때문에 에너리 케이 책을 눌러주세요 근래 수 있도록 스타 사이트
board_body,LG에너지솔루션,427053496,2026-08-03T14:20:25,1,하방 베팅 형아 이상하이 먹힐듯 어중간하게 하방주포님. 상방 주포형아한테 한방에 먹힐듯
board_body,LG에너지솔루션,427051379,2026-08-03T14:00:05,3,"[AI 요약] LG에너지솔루션, 2026년 2분기 실적발표 컨퍼런스콜이 열렸어요🎙️"
board_body,LG에너지솔루션,427045494,2026-08-03T12:58:35,0,너는 와 떨어지는거야
board_body,LG에너지솔루션,427044769,2026-08-03T12:49:59,5,이거 대머리 저주걸린 종목이다  피해라
board_comment,LG에너지솔루션,427044769,2026-08-03T13:49:07+0900,1,"망명간다던 그작자? 
앞 뒤가 맞지 않아서 난 믿지도 않아요~"
board_body,LG에너지솔루션,427043266,2026-08-03T12:32:04,2,"공매도 상위 세력들이 외국계가 많은데 메릴린치 인터내셔널, 모건스탠리 인터내셔널, 골드만삭스 인터내셔널, 에이치에스비씨, UBS / 크레디트스위스 ​ 지금 미국에서 벌어지고 있는 펀드사냥이랑 관련있는게 아닐까... 펀더멘털은 오히려 좋아지고 있지만 주가를 눌러서 여기에 투자하고 있는 펀드들을 청산시키는.... 최근 30조짜리 펀드가 청산당하면서 의심이 들 수 밖에 없긴함... 아니면 말고~ 그냥 의심만 해보는거임"
board_body,LG에너지솔루션,427041975,2026-08-03T12:18:57,2,가만보면 7월8일부터 횡보다  남들은 죽는다 어쩐다 할때 여기는 그래도 횡보하고 있었다... 그걸로 위안을 삼아야지... 언젠간 오르겠지....
board_body,LG에너지솔루션,427041540,2026-08-03T12:13:43,0,세탁기나 만들자 세탁기.올인하자 ㅋㅋ 공모가 얼마인지요 ㅋㅋ
board_body,LG에너지솔루션,427040151,2026-08-03T11:56:12,0,지분받아먹으려는것들 주가 신나게 때리네 엘화 cfo를 경질해야하지않겠냐. 온동네 우리 지분 팔아요 소문내고 시간질질끌어서 그 사이에 주가 다 나락팟만들어버리네. ​
board_body,LG에너지솔루션,427039063,2026-08-03T11:43:46,1,"? 중국 가보신 분들은 알겠지만, 중국 전기차 배터리 기술에 뒤쳐지고 있습니다. 가격이나 기술이나 뒤쳐지는 중, 현직자들도 다 알듯"
board_body,LG에너지솔루션,427038774,2026-08-03T11:40:45,0,"""美·이란, '호르무즈 해협 60일 개방' 양해각서 복원 논의"" 가즈아~~~"
board_body,LG에너지솔루션,427037207,2026-08-03T11:25:29,1,아~ 물렸네요 319500에 진입했어요.150주 ㅜㅜ 150주 추매여력 ​
board_comment,LG에너지솔루션,427037207,2026-08-03T11:58:17+0900,0,지수 보면서 하락할때만 사세요
board_body,LG에너지솔루션,427036046,2026-08-03T11:15:51,3,"삼성sdi는 엘엔에프땜에 3분기 부터 lfp 생산할것 같은데.. 이러다.. 삼성sdi가 lfp, 삼원계, 전고체 하반기 먼저 치고 나갈듯.. ​ 분발해라 엔솔아.. 엘엔에프 lfp 양극재라도 받아서 하반기에 치고 가야제. 미국꺼 나오길 언제 기다리노.. ​"
board_body,LG에너지솔루션,427033433,2026-08-03T10:55:19,2,삼스디 곧 양젓  헬쥐는 사는게 아니야~~
board_body,LG에너지솔루션,427030836,2026-08-03T10:37:45,0,"엘앤에프  LFP 양극재 양산라인 시생산품 첫 출하 삼성sdi도 lfp 엘엔에프 물량 1조이상 받는데.. ​ lg엔솔도lfp  판매해야제... ​ 엘앤에프 꺼 빨리쓰자....lfp 로도  돈좀 마이 벌어보자.. ​ 저가 lfp로는 중국 재껴야지.. ​ 우리는 저, 중, 고 가 다 있자네.."
board_body,LG에너지솔루션,427030165,2026-08-03T10:33:01,3,너도 반도체냐 참 기가찬다
board_body,LG에너지솔루션,427029939,2026-08-03T10:31:11,0,"특허 로열티만 몇십년동안 연간 5000억~ 이상.  시세는 약하지만 줍줍해 본다 1. 주요 중국 기업별 특허 소송 및 분쟁 현황 ① 신왕다(Sunwoda) 및 지리자동차 경과 및 결과 : LG에너지솔루션은 독일 법원 등에서 진행된 전극 조립체 및 배터리 구조 관련 특허 소송에서 연이어 승소(판매 금지 및 손해배상 판결)했습니다. ② 비야디(BYD) 현황 : 2026년 2월, LG화학/LG에너지솔루션의 BMS 관련 특허를 관리하는 BMS이노베이션을 통해 유럽 통합특허법원(UPC)에 BYD를 상대로 2차전지 관리 기술(BMS) 침해 소송 을 제기했습니다. 진행 상태 : 법원에서 심리 가속화 절차가 결정되어 본안 심리가 진행 중입니다. 그리고 중국 EVE 에너지 (EVE Energy) · 소송 시점: 2026년 7월 · 관할 기관: 미국 국제무역위원회(ITC) 및 미국 텍사스 동부지방법원 · 소송 제기 주체: 특허 관리 법인 튤립 이노베이션(Tulip Innovation) · 침해 특허: 원통형 배터리 핵심 기술(탭리스 프로세스, 전극 구조) 4건 및 안전성 강화 분리막(SRS) 기술 1건 등 총 5건 · 특징: 중국 EVE에너지뿐만 아니라, 해당 배터리를 장착해 판매하는 완제품 유통사(보쉬 등 전동공구 제조사)까지 피고로 함께 지정하여 미국 내 수입 배제 및 판매 금지 명령 을 추진 중. 2. 연간 로열티 및 소송 규모 산정 (업계 추정) 특허 라이선스 계약의 구체적인 조건(로열티율 및 총액)은 양사 간 비밀유지 협약(NDA)에 따라 공개되지 않으나, 배터리 업계 표준 및 증권가 분석 모델을 바탕으로 한 추정치는 다음과 같습니다. ① 배터리 특허 로열티 산정 기준 표준 로열티율: IT/배터리 핵심 전략 특허의 경우 통상 배터리 셀/팩 매출액 또는 단가의 1%~3% 수준으로 책정됩니다. ② 예상 로열티 규모 (시나리오 분석) 기타 각종 전동 공구, 휴대폰, 로봇, 고성능 드론 등 앞으로 로열티 받을 곳 많음"
board_body,LG에너지솔루션,427029923,2026-08-03T10:31:04,1,다른 애들은 반등하는데 반등조차 못하네
board_body,LG에너지솔루션,427029688,2026-08-03T10:29:08,1,로봇 급등 후 ESS time
board_body,LG에너지솔루션,427028629,2026-08-03T10:20:40,0,50만원대 언제 회복할까ㅠ
board_comment,LG에너지솔루션,427028629,2026-08-03T15:17:09+0900,0,Im possible
board_comment,LG에너지솔루션,427028629,2026-08-03T10:25:28+0900,0,불가능
board_body,LG에너지솔루션,427027410,2026-08-03T10:10:23,7,주가 1년 이내 엄청난 급등 온다.  믿어 보세요. ■ ​ 주가 1년 이내 320 만원 돌파 한다. ​ 배터리 27년 엄청난 부족 현상 온답니다. 휴먼로봇. e/v. 우주항공. 도심 모빌리티 ess 데이터 저장장치 ​ ■ 황금 사이클 27년도 온다고 하네요. ​ 믿어보세요. ​ 삼성전기 주가 9만원대 에서 300만원 까지 돌파 했었지요. ​ 누가 그렇게 될줄 알았읍니까? ​ 이제 배터리 독주 시대 황금사이클 올겁니다. ​ 지금 많이 담아두세요.   아주 쌀때.. ​ 1년후 주가를 생각하세요. ■
board_comment,LG에너지솔루션,427027410,2026-08-03T10:19:52+0900,3,삼성SDI사라는 소리군..감사
board_comment,LG에너지솔루션,427027410,2026-08-03T10:19:23+0900,3,고로 삼SDI사야징~
board_body,LG에너지솔루션,427025062,2026-08-03T09:53:18,3,오늘이 제일 저렴함 묻지말고 따지지말고 315아래로 공짜 풀매수 기관도 외인도 평단이 35이상이니 얼른 얼른
board_body,LG에너지솔루션,427024856,2026-08-03T09:51:56,2,]다른 애들 10% 오를때 간신히 3% 오르더니 기어이 내릴때는 다른애들 두배를 내려? 하다못해 기사 같이 나면 삼성sdi랑이라도 좀 등락을 맞춰야지..여기 뭐 구광모 특별관리 종목이냐?
board_body,LG에너지솔루션,427024797,2026-08-03T09:51:35,2,테슬라가 자체 밧데리를 훨씬 싸게 만든다니 Y에부터 그 싼 밧데리를 장착했기에 제일 싸게 판다함. ​ 아무래도 미국놈들이 기술은 발달하여 만든다 하면 금새 해버리네요. ​ 더구나 ai기술이 앞서니 기술개발도 빠른가 봄. ​ 공장도 훨씬 적게 만들어도 생산수율도 좋다 하니 ​ 밧데리도 가고 반도체도 가면 뭐가 남을려는지 걱정임 ​
board_comment,LG에너지솔루션,427024797,2026-08-03T10:12:52+0900,0,■ 일론 말하길-- 배터리 엄청 부족하다고 언급함
board_comment,LG에너지솔루션,427024797,2026-08-03T10:06:21+0900,0,배터리는 개나소나 만드는 기술이라서ㅜ그런듯요.
board_body,LG에너지솔루션,427023973,2026-08-03T09:46:11,4,오른것 없이 내리니  개얄밉네 징하다 ​
board_body,LG에너지솔루션,427023727,2026-08-03T09:44:40,0,공매도가 너무심한데요 손실 복구할수 있을까요? 39만원이면 저렴하다고 생각했는데 이리 계속 뺄줄이야 ㅠㅠ
board_body,LG에너지솔루션,427023655,2026-08-03T09:44:14,0,30-32작업중 ㅎ  공매형아 힘좀 써봐봐 오늘 좋은날인데 딱 30-32만 공매작업인데 흠 올 종가 32만하면 공매형아 찌릿합니덩 ㅎㅎ 최소28-29작업은 해야할낀데에
board_body,LG에너지솔루션,427022595,2026-08-03T09:37:49,9,진심으로 충고합니다. ess  : sdi승 2분기 영익 : sdi 승 미래 기술 선점 : sdi 승 든든한 빽 : sdi 승 ​ 현재 시총 : lg엔솔 승 ​ 말 다했죠? 이정도면 탈출은 뭐다? 지능순
board_body,LG에너지솔루션,427022063,2026-08-03T09:34:50,3,오른거 없이 바보네 바보다 바보
board_body,LG에너지솔루션,427021659,2026-08-03T09:32:43,0,여자들이 전기차 타는남자 싫어한다더라. ​ 전기차를 자동차로 안보고 ​ 이동식 화장터로 본다더라. ​
board_body,LG에너지솔루션,427021306,2026-08-03T09:31:06,0,20 20만원와라 공모가 대비50%다운 값 2차전지 파이다
board_body,LG에너지솔루션,427020242,2026-08-03T09:26:04,0,"얘는 내가 겨울방학에 40에 사서 44에 팔고 나갔는데 ㅋㅋ 그때 코스피 4000언쩌리였는데 한동안 안보다가 한 60 언저리 갔나 하고 보니까 30..? 아래로 성장하네,, 안팔았으면 큰일날뻔"
board_body,LG에너지솔루션,427019469,2026-08-03T09:22:17,0,단일종목 ETF 없애라 주식시장 쏠림 너무크다
board_body,LG에너지솔루션,427019108,2026-08-03T09:20:46,0,애는 친구따라 못하나? 금양 친구는 굳건하게 보합을 지키고 있는데.
board_body,LG에너지솔루션,427018891,2026-08-03T09:19:40,0,리포트 겁나 뿌렸네 개미들 리포트 읽고 사람 없지 거의 낚시용 이더라 참고로 물려 있음
board_body,LG에너지솔루션,427018757,2026-08-03T09:19:00,1,허접한 양키놈들 파큐Q
board_body,LG에너지솔루션,427018719,2026-08-03T09:18:50,0,5% 이상 하락했어요 😞
board_body,LG에너지솔루션,427018349,2026-08-03T09:17:12,2,상장한지 5년됐는데 현재 주가가 공모가임. ​ 5년전 공모가에 살수있어서 좋겠타. ​ 좋탄다. oo들  ㅋㅋㅋ ​
board_body,LG에너지솔루션,427017729,2026-08-03T09:14:35,0,5만에 매수대기중요 하안가 박아주세연~
board_body,LG에너지솔루션,427017314,2026-08-03T09:12:50,0,금요일에 반도 못오르더니 내리는건 삼성하고 똑같이 내리네..이거 뭐 이런게 다있냐...헬지 진짜
board_body,LG에너지솔루션,427015992,2026-08-03T09:07:17,1,lg에너지솔루션 오늘 2자 보나요..? 2차전지에는 언제쯤 봄이 올까요.. 안올거같아요 ㅠ
board_body,LG에너지솔루션,427015669,2026-08-03T09:06:02,4,오른것도 없는데 진짜 너무 어이가없다 말이 필요없네
board_body,LG에너지솔루션,427011446,2026-08-03T08:32:12,0,ㅎㅎ 코스피 1만가야 35만가능 공매도 먹이감 당첨. lg엔솔 코스피 1만 가즈아 35만 찍어야지
board_body,현대차,427144729,2026-08-04T14:33:48,2,kb 90만주 매수해야하네~~ ㅎ 상한가 걸어나라  인위적 누름은   풀매수~~~!!
board_comment,현대차,427144729,2026-08-04T14:37:24+0900,0,무슨 말인지 정확한 설명좀
board_body,현대차,427144666,2026-08-04T14:33:15,1,40은 넘겨야지  45안착하자8월안에
board_body,현대차,427144489,2026-08-04T14:31:35,1,지수도 상승이네 안오르는 종목이 없네~~~ 현차  50만 안착  1월중순도 57만!!  지수 4500 2월 중순 67만!!  지수 5500
board_body,현대차,427144174,2026-08-04T14:28:37,0,오늘이 마지막 30만원대 가보자 신고가
board_body,현대차,427144042,2026-08-04T14:27:14,2,"현대차 기술분야 비중관리 이후 앞으로의 전망을 한발짝 더 나아가셔야 할것으로 현 코스피와 증시가 변동성이 심한 시기엔 비중분산에 좀더 집중하셔야 합니다 ​ "" 저희는 유사 투자처와 달리 국가에서 인정된 자문가며 비중관리와 차후 전망을 조언드립니다 전문가와 1:1대화를 통해 주식을 이어나가세요"" (무엇무엇이 오른다 내린다라는 확정적 언행은 정식업체는 사용하지 않습니다) ​ P.S 제도권 투자자문회사 (국가 공인) 1. 1:1 맞춤 상담 > 합법 (개인별 맞춤 자문 가능) 2. 설립 기준 > 엄격한 등록제 (자본금 및 전문인력 필수) 3. 감독 기관 > 금융감독원의 직접적인 철저한 감독 4. 투자자 보호 > 제도적 책임 및 보호 장치 마련"
board_body,현대차,427144006,2026-08-04T14:26:51,1,로봇도 삼성이 만들어야 한다 만년 삼류기업 현다이가 만들면 전세계 1등 먹겠냐? 삼성이 괜히 일류기업이겠냐?
board_body,현대차,427144003,2026-08-04T14:26:49,1,인간의 욕심은 끝이없는건가 33만 하다가 38만 하면 행복해야지 ​
board_body,현대차,427143925,2026-08-04T14:25:53,0,전닉빼고 7공주 반도체밸류체인 많이빠진것  같은 착시 per 겁나비쌈 찐통으로 엄청난 영익 yoy100퍼 짜리 조선장산엔터 3년적자에서 흑전돌아나가는 밧데리주 등등 안전빵으로 요런애들  사야해 전닉은 사이클 끝물인지 뭔지 모르겟음 로봇바이오는 실적땜에 위험
board_body,현대차,427143835,2026-08-04T14:25:03,1,미국 자율주행 로보택시 웨이모 한국 법인 설립  구글 자회사 구글 웨이모 서초구에 로보택시 법인 설립 아마존 자회사 죽스 운전대 없는 로보택시 5000대 로보택시 영업 포니 Ai  기술로 포니링크 강남구 에서 로보택시 시험 운행
board_body,현대차,427143831,2026-08-04T14:24:59,1,무슨 엔솔 삼디스 전기차 배터리주만 존나 급등 가냐... 현차가  더 바닥이야  43만 프리까지 가자~~~  적자 이차전지들보다 주가 바닥이어서야 되겠니~~ 시총이 제일 바닥... 1.2위랑 거의 매출은 비슷한데 시총 50배 차이남
board_body,현대차,427143512,2026-08-04T14:22:00,2,현대차는 왜 맨날 삼전 닉스 따라가냐 존심도 없냐 오늘 코스닥 반도체 까지 장 분위기 좋은데 오늘도 삼전닉스만 따라가네 ​
board_body,현대차,427143378,2026-08-04T14:20:46,1,널 매수한 내손가락을 자르고 말겟다
board_body,현대차,427143211,2026-08-04T14:19:22,1,"꾼들이 주가 올리려고 안달떨때는 로봇섹터에 갖다 붙이고, 팔아묵고 공매칠때는 자동차 섹터로ᆢ ​ 언제 다시 로봇섹터하냐? 고가대비 딱 반토막, 50까지 언제 다시 가는걸 볼까나ᆢ"
board_body,현대차,427142999,2026-08-04T14:17:39,0,추석전에는 60중반 넘어설까요? 에어로 스페이스도 10%가까이 뛰고 있는데 넌 왜 이러고 있어?!! 빨리 60대 중반 넘어서자!!
board_comment,현대차,427142999,2026-08-04T14:32:25+0900,0,추석에 20
board_body,현대차,427142985,2026-08-04T14:17:36,0,오를때못오르는주식은 쳐다보면안된다니까  ​ 내릴땐 온갖 이유 다 가져와서 어케든 내려버리잖아 ㅋㅋㅋㅋㅋㅋㅋㅋㅋㅋㅋㅋ
board_body,현대차,427142896,2026-08-04T14:16:50,0,왠지 오를때 된거같다 느낌이 그래
board_body,현대차,427142878,2026-08-04T14:16:40,1,니가 반도체 회사냐? 맨날 하닉 삼전만 졸졸 따라다니냐 깜부 친구라서?
board_body,현대차,427142675,2026-08-04T14:15:25,0,나스닥도 맨날 급등 가도 일부러 누르나..오늘 전종목 다 급등인데...  43만은 가야지~~ 상단 다 뚫고 전종목 전섹터 어제 오늘 다 급등이다 다른섹터들보다 제일 바닥이네... 오늘ai 로봇 이차전지 바이오 배터리       다 급등
board_body,현대차,427142209,2026-08-04T14:11:58,0,블룸버그가 코스피는 투자 불가 등급이라는데 중국 증시랑 또이또이
board_body,현대차,427142157,2026-08-04T14:11:26,0,대호재 영업직 정직원 사원 현대차 최초 강아지 사원! ​ 누가 개잡주 아니랄까봐 강아지가 취업을다하네..
board_body,현대차,427141828,2026-08-04T14:08:12,0,사측도 노답인 이유 = 노조? 아틀라스 믿고 방치. 주가? 방치. 영업익? 방치. 주주환원? 자사주소각? 매입? 방치. 해외로 돌리기 급급함 노조도 짜증나는데 주주들? 알빠임? 해외 공장 아틀라스 만들기도 바쁨~~
board_body,현대차,427141730,2026-08-04T14:07:02,2,미장 3일연장 급등갔다.. lg도 급등이네.. 현차 이제 디커플링 대장 가자  섹터가 바뀌었다~~  lg는 160% 오르고도 급등 또 가네 로봇주도 급등가고.... 현차는 판매 역대 최대 매출이다... 오늘 43만 안착
board_body,현대차,427141662,2026-08-04T14:06:22,2,이 와중에 실적도 안좋네...ㅆ
board_body,현대차,427141232,2026-08-04T14:01:44,1,어제도 오늘도 전부 다 급등 가는데.... 현차도 좀 가자 시총이 완전 바닥  로봇이며 이차전지며  ai피지컬이며 뭐 하나 안가는게없네 주가가 급등간것도 아니고 작년주가에서 머하노
board_comment,현대차,427141232,2026-08-04T14:05:45+0900,0,쓰레기여~
board_body,현대차,427140930,2026-08-04T13:58:35,1,덥다못해  현차 손실은크지만  쉬어 버려버려야겠다 짜증나~더는 못봐주겠네요
board_body,현대차,427140439,2026-08-04T13:53:20,1,"포모에 주가에 미친건 투기!! 건전한 비판좋죠! 근데.. 이건뭐.. 우리나라가 망한다.. 회사가 망한다느니.. 여기분들은 반평생 코스피5천, 6천넘는거 보셨나요? 왤케 호들갑인지.. 투자를 하랬지..포모에 투기를하랬나요? 이럴꺼면 장투교 가입해서 예배나하는게 정신에좋음."
board_body,현대차,427140434,2026-08-04T13:53:18,0,반도체주에 합류되었네  ㅋ 근데 반도체 상갈때도 1/3밖에 못가니 문제 ㅋ
board_body,현대차,427140215,2026-08-04T13:50:58,4,주가꼴이 정부가 선거로 주가 인위적으로 조작하구 지금 꼬라지가 이게 뭐냐 개미들 손실 너들이  책임져라
board_body,현대차,427139920,2026-08-04T13:47:44,3,이럴거면 걍 공장 폭발해라 ㅡㅡ  정의선도 죽고 주주도 죽고 다 같이 죽자 그냥12!!!!!!!! 이래도 죽고 저래도 죽는데
board_body,현대차,427139666,2026-08-04T13:45:01,4,1년새 2배나 올랐는데 분위기 왜이럼? 20만 따리가 38만 된건데 2배 먹었으면 됬지 욕심이 과하네.
board_comment,현대차,427139666,2026-08-04T14:11:41+0900,0,위에서 삿다고~몬먹엇다고 ~먹은사람 가만잇기 !!!
board_comment,현대차,427139666,2026-08-04T13:52:01+0900,1,매를 버는 스타일이구만 ㅋㅋ
board_comment,현대차,427139666,2026-08-04T13:47:47+0900,0,제말이요!!
board_body,현대차,427139645,2026-08-04T13:44:48,1,저도 1찍이지만 비판 할꺼는 비판해야죠!!! 저도 이재명 정부 성공을 바라는 사람으로서 이재명 대통령 지지율에 역행하는 관료들 보면 참 대통령님 안스럽고 미안하고 그래요!!!! 저렇게 백방으로 외교전 펼치고 있는데 ㅠ 이번에 정책 관료들 교체 되었으면 좋겠어요!!!
board_comment,현대차,427139645,2026-08-04T13:54:10+0900,0,ㅋㅋ 우파는 전부 대통령이 책임져야하고 좌파는 대통은 책임없고 아랫것들이 덮어쓰야 되고?
board_comment,현대차,427139645,2026-08-04T13:50:32+0900,2,이재명책임이 제일크다 개딸아
board_body,현대차,427139463,2026-08-04T13:42:59,2,코스닥 배급주려고... 눈물을 머금고 삼전 하닉 현기차  쌍매도 하노라~~~~코스닥 더 누르면 죽창들고 민주화 운동할듯.....
board_body,현대차,427139354,2026-08-04T13:41:55,4,인위적이네 나스닥2.5%급등 테슬라 루시드리비안 급등 현차 6.7월  미국유럽인도 판매1위 새만금 Ai센터9조원확정 ​
board_comment,현대차,427139354,2026-08-04T13:49:54+0900,0,그래서
board_body,현대차,427138867,2026-08-04T13:36:37,0,AI 너무 믿으면... 머리가 침팬치 된다.... 휴대폰든 침팬치~ 현다이~ 넘버원~현다이~~~
board_body,현대차,427138847,2026-08-04T13:36:26,4,이제피지컬이여 섹터교체 순환매 어여 가자  고수들은 상환무지했구마
board_body,현대차,427138745,2026-08-04T13:35:17,4,나스닥존나오르고 테슬라 등 자동차 존나올랐네 섹터업종 존나급등갔는데 너도 오늘45만가야지 ​
board_body,현대차,427138698,2026-08-04T13:34:49,2,이게 맞냐? etf 또 나왔는디 이게 뭡니까...
board_body,현대차,427138670,2026-08-04T13:34:29,0,전고라도 건드려봐 아니 뭐하냐 진짜 참나 진짜 빌빌기어도 적당히 기어야지 ​ 빌빌 기는게 니 재주냐?
board_body,현대차,427138494,2026-08-04T13:32:28,2,얼마나 오르려고 누르냐 지수5천에도 70만대였다 지금주가는 작년인디..오늘50만안착가자 듣보잡 로봇주는 상한가행진 배터리주도 매일급등이네
board_body,현대차,427138395,2026-08-04T13:31:22,1,하필 이런 잡쓸애기 주식을 재수없게 들어가서 지금 파산 일보직전이다 ​ 이 스트레스로 머리도 빠지고 ​ 병원도 못가고 ​ 설마 증여세 그딴것 땜에 미..치인듯이 누르는건 아니지?
board_body,현대차,427138392,2026-08-04T13:31:21,3,실체도 없는 레인이는 46만원인데 우리 현대차는 왜 이러실까?
board_body,현대차,427138143,2026-08-04T13:28:23,0,이 침수차야 뭐하고 자빠졌냐. 노조 성과급 주식으로줘라
board_body,현대차,427137977,2026-08-04T13:26:53,0,여기서 횡보한다고 물량이 받아지나?
board_body,현대차,427137863,2026-08-04T13:25:38,0,"중국의 로보택시가 북유럽에 처음으로 진출합니다: 위라이드(WeRide)가 덴마크 최초의 상용 자율주행 공유 모빌리티 프로젝트를 시작합니다 중국의 로보택시가 북유럽에 처음으로 진출합니다: 위라이드(WeRide)가 덴마크 최초의 상용 자율주행 공유 모빌리티 프로젝트를 시작합니다 2026년 8월 3일 22시 58분 ​ 1. 중국 자율주행 기술 기업 위라이드(WeRide)는 덴마크 전기차 공유 플랫폼 그린모빌리티(GreenMobility)와 협력하여 덴마크 최초의 상용 자율주행 공유 모빌리티 프로젝트를 추진합니다. 두 회사는 2027년 상반기에 EU 규정을 준수하는 레벨 4 로보택시 GXR을 이용한 서비스를 출시할 계획입니다. ​ 2. 위라이드와 그린모빌리티는 덴마크 도로청 및 기타 관련 기관과 협력하여 덴마크 국민에게 안전하고 지속 가능한 자율주행 모빌리티 서비스를 제공할 예정입니다. 3. 위라이드의 글로벌 자율주행 사업은 13개국 40개 이상의 도시로 확장되었으며, 레벨 4 자율주행 차량은 3,000대 이상에 달합니다."
board_body,현대차,427137546,2026-08-04T13:22:27,3,로봇주 이차전지 전부 폭등이네.. 현차 51만 가즈아  그래봤자 1월달 주가다  레인보우 50% 오를동안 현차 30% 빠짐 매출 200억짜리 레인보우 적자 잡주도 시총이 10조네.. 매출보다 시총이 몇백배 높은게냐..   현차 매출 200조다 양산이 가장 빠르다... 오늘  로봇 이차전지 폭등인데 현차 작년 주가수준...  지수는 5천에도 70만원이었다...  자전 누르고 KB 존나 또 반대로매수하는거 봐라.... 오늘  50만 가즈아~ 이제 거래 터져야지
board_body,현대차,427137078,2026-08-04T13:17:51,0,상한가 가격이 47~48 아니노??    51~52는 조금 부담되자네.. 주포한테 협조좀 혀잉..^^;
board_body,현대차,427136832,2026-08-04T13:15:45,0,문재인정부의 정책이 확실하고좋았다 보수언론 정치인 검찰들 집단반발없었으면 크게성공했을것 문재인정부의 탈원전정책도 일본지진 원전참사로 탈원전이 세계적인추세였고 한국은 울산경주포항의 연이은 강진으로 탈원전여론이 압도적이엤지 남북미대화도 한일보수들의 방해공작 미국트럼프와 볼턴의 급변질로 무산된것이 아쉽지요
board_comment,현대차,427136832,2026-08-04T13:22:49+0900,0,얼마나 무식하면 이런소리를할까. ㅋㅋㅋㅋㅋ소득주도성장 쉐쉐. 곰팡이백신부작용인가. 탈원전하면 반도체공장은뭘로돌릴건데?데이터센터는뭘로돌려? 화력발전소풍력? 집에 에어컨은틀수있음? 전기세부터 몇백나올듯? 사회주의국가에서나 탈원전선동했지. 말은바로해라 좀 ㅉㅉ
board_body,현대차,427136809,2026-08-04T13:15:35,1,로봇은 짜앙깨 훗훗...
board_body,현대차,427136722,2026-08-04T13:14:58,1,20만원까지 기다린다 아직매수하면안됨
board_comment,현대차,427136722,2026-08-04T13:22:14+0900,1,거지가 나타났다!
board_body,현대차,427136055,2026-08-04T13:09:01,0,"얼매나 싸게 잡느냐가 문제지.. 지겹다 33~28 어여와라,  내두 좀 사자^^;"
board_body,현대차,427135703,2026-08-04T13:05:47,0,아진짜이건 너무하네 정도란게 있자나 진짜로
board_body,현대차,427135666,2026-08-04T13:05:17,0,이걸 40만냥에 산 ㅎㅎ가 있다고? 이걸 노조탓을 한다고? 그전에는 노조가 없었냐? 푸헤헤헤헤헤헤헤헤헤헤헼ㅋㅋㅋㅋㅋㅋㅋㅋㅋㅋㅋㅋㅋㅋㅋㅋㅋㅋㅋㅋㅋㅋ푸헤헤헤헤헤헤헤헤헤헤헼ㅋㅋㅋㅋㅋㅋㅋㅋㅋㅋㅋㅋㅋㅋㅋㅋㅋㅋㅋㅋㅋㅋ푸헤헤헤헤헤헤헤헤헤헤헼ㅋㅋㅋㅋㅋㅋㅋㅋㅋㅋㅋㅋㅋㅋㅋㅋㅋㅋㅋㅋㅋㅋ푸헤헤헤헤헤헤헤헤헤헤헼ㅋㅋㅋㅋㅋㅋㅋㅋㅋㅋㅋㅋㅋㅋㅋㅋㅋㅋㅋㅋㅋㅋ푸헤헤헤헤헤헤헤헤헤헤헼ㅋㅋㅋㅋㅋㅋㅋㅋㅋㅋㅋㅋㅋㅋㅋㅋㅋㅋㅋㅋㅋㅋ푸헤헤헤헤헤헤헤헤헤헤헼ㅋㅋㅋㅋㅋㅋㅋㅋㅋㅋㅋㅋㅋㅋㅋㅋㅋㅋㅋㅋㅋㅋ푸헤헤헤헤헤헤헤헤헤헤헼ㅋㅋㅋㅋㅋㅋㅋㅋㅋㅋㅋㅋㅋㅋㅋㅋㅋㅋㅋㅋㅋㅋ푸헤헤헤헤헤헤헤헤헤헤헼ㅋㅋㅋㅋㅋㅋㅋㅋㅋㅋㅋㅋㅋㅋㅋㅋㅋㅋㅋㅋㅋㅋ푸헤헤헤헤헤헤헤헤헤헤헼ㅋㅋㅋㅋㅋㅋㅋㅋㅋㅋㅋㅋㅋㅋㅋㅋㅋㅋㅋㅋㅋㅋ푸헤헤헤헤헤헤헤헤헤헤헼ㅋㅋㅋㅋㅋㅋㅋㅋㅋㅋㅋㅋㅋㅋㅋㅋㅋㅋㅋㅋㅋㅋ푸헤헤헤헤헤헤헤헤헤헤헼ㅋㅋㅋㅋㅋㅋㅋㅋㅋㅋㅋㅋㅋㅋㅋㅋㅋㅋㅋㅋㅋㅋ푸헤헤헤헤헤헤헤헤헤헤헼ㅋㅋㅋㅋㅋㅋㅋㅋㅋㅋㅋㅋㅋㅋㅋㅋㅋㅋㅋㅋㅋㅋ푸헤헤헤헤헤헤헤헤헤헤헼ㅋㅋㅋㅋㅋㅋㅋㅋㅋㅋㅋㅋㅋㅋㅋㅋㅋㅋㅋㅋㅋㅋ푸헤헤헤헤헤헤헤헤헤헤헼ㅋㅋㅋㅋㅋㅋㅋㅋㅋㅋㅋㅋㅋㅋㅋㅋㅋㅋㅋㅋㅋㅋ푸헤헤헤헤헤헤헤헤헤헤헼ㅋㅋㅋㅋㅋㅋㅋㅋㅋㅋㅋㅋㅋㅋㅋㅋㅋㅋㅋㅋㅋㅋ푸헤헤헤헤헤헤헤헤헤헤헼ㅋㅋㅋㅋㅋㅋㅋㅋㅋㅋㅋㅋㅋㅋㅋㅋㅋㅋㅋㅋㅋㅋ푸헤헤헤헤헤헤헤헤헤헤헼ㅋㅋㅋㅋㅋㅋㅋㅋㅋㅋㅋㅋㅋㅋㅋㅋㅋㅋㅋㅋㅋㅋ푸헤헤헤헤헤헤헤헤헤헤헼ㅋㅋㅋㅋㅋㅋㅋㅋㅋㅋㅋㅋㅋㅋㅋㅋㅋㅋㅋㅋㅋㅋ푸헤헤헤헤헤헤헤헤헤헤헼ㅋㅋㅋㅋㅋㅋㅋㅋㅋㅋㅋㅋㅋㅋㅋㅋㅋㅋㅋㅋㅋㅋ푸헤헤헤헤헤헤헤헤헤헤헼ㅋㅋㅋㅋㅋㅋㅋㅋㅋㅋㅋㅋㅋㅋㅋㅋㅋㅋㅋㅋㅋㅋ푸헤헤헤헤헤헤헤헤헤헤헼ㅋㅋㅋㅋㅋㅋㅋㅋㅋㅋㅋㅋㅋㅋㅋㅋㅋㅋㅋㅋㅋㅋ푸헤헤헤헤헤헤헤헤헤헤헼ㅋㅋㅋㅋㅋㅋㅋㅋㅋㅋㅋㅋㅋㅋㅋㅋㅋㅋㅋㅋㅋㅋ푸헤헤헤헤헤헤헤헤헤헤헼ㅋㅋㅋㅋㅋㅋㅋㅋㅋㅋㅋㅋㅋㅋㅋㅋㅋㅋㅋㅋㅋㅋ푸헤헤헤헤헤헤헤헤헤헤헼ㅋㅋㅋㅋㅋㅋㅋㅋㅋㅋㅋㅋㅋㅋㅋㅋㅋㅋㅋㅋㅋㅋ푸헤헤헤헤헤헤헤헤헤헤헼ㅋㅋㅋㅋㅋㅋㅋㅋㅋㅋㅋㅋㅋㅋㅋㅋㅋㅋㅋㅋㅋㅋ푸헤헤헤헤헤헤헤헤헤헤헼ㅋㅋㅋㅋㅋㅋㅋㅋㅋㅋㅋㅋㅋㅋㅋㅋㅋㅋㅋㅋㅋㅋ푸헤헤헤헤헤헤헤헤헤헤헼ㅋㅋㅋㅋㅋㅋㅋㅋㅋㅋㅋㅋㅋㅋㅋㅋㅋㅋㅋㅋㅋㅋ
board_body,현대차,427135634,2026-08-04T13:04:54,2,무슨 레인보우는 맨날 오르냐... 어제도 듣보잡 로봇 상한가 가더니 오늘도 오르네  로봇 이차전지 자동차 섹터 다 급등가네 현차 프매 16만주 또 매수할거 마련한거야?  KB만 60만주 신한 40만주 골드만 200만주 매수해야함..
board_body,현대차,427135345,2026-08-04T13:01:49,0,이차전지 실적 계속 회복중 자동차와 로봇주 실적 영익 존망
board_body,현대차,427135274,2026-08-04T13:01:02,3,45만은 가야지~ 다 상단 뚫었다..적자 이차전지들이 더 급등가냐... 현차 시총이 너무 바닥이야  이차전지 매출 20조짜리도 시총이 75조다 -LG엔솔
board_body,현대차,427135069,2026-08-04T12:58:35,5,고점에 물려 2달동안 고문받고있다..물타고 물타도 주가는 더 떨어지고 손실만 더 키웠는데 어디까지 가나 ..손실액이 커서 손절도 못하고 꼬락서니를 지켜보는 수밖에...어제는 로봇주 다올라도 처박더니 오늘은 왜 하락하는건지...노조 때문이겠지..
board_comment,현대차,427135069,2026-08-04T13:03:08+0900,0,안급하면 놔두면 본전근처라도 가겠죠.  운좋음 더올라 이득까지 ...
board_body,현대차,427134885,2026-08-04T12:56:37,4,미장도 국장도반도체빼고 다 급등.. 열배 오른 반도체 왜 사냐..젤 멍청한거지.. 8개월 전 현차 55만이었다. 바닥현차를 사라 10배 오른거  반도체 사놓고 왜 안오르냐 왜 빠지냐 하는 애들이 정병환자애들임 반도체 빼고 다 사라~~~ 주가 다 바닥이다...  특히 현차는 시총이 제일 바닥이고 1월달 주가도 50만 중후반이었다.  반도체 빼고 사라~~ 자동차 피지컬AI 에너지 조선주 사라.  분명히 말했다. 열배 오른거 반도체 사고 왜 더 안오르냐고 하는SK들이 BS임. 지금 싼 주가 코스피 코스닥 존나 많은데 주가가 싸진게 가장 호재여.
board_comment,현대차,427134885,2026-08-04T14:12:30+0900,0,"바본가 ㅋㅋ  돈을 버는 회사 를 버리고 못버는 회사를 
사라고 하네 고금리 시대에 ..  주식하면 집안거덜낼 애네"
board_comment,현대차,427134885,2026-08-04T12:59:03+0900,0,8배 오른거 사놓고 왜 안오르냐고 하는 반도체 정신병자들..지들이 고점 사놓고.. ㅋㅋㅋ
board_comment,현대차,427134885,2026-08-04T12:58:48+0900,0,정답임
board_comment,현대차,427134885,2026-08-04T12:57:11+0900,0,이제 현차도 대폭등 가야지... 주가가 작년 주가인게 말이대냐...  8개월동안 바닥이야
board_body,현대차,427134665,2026-08-04T12:53:46,2,"현대차는 로봇주가아니라 자동차주에요 로봇주는 현대모비스,현대오토에버입니다 ​ 투자할거면 공부하고 하세요 ​ 현대차는 자동차주일뿐 로봇이랑은 상관 1도 없어요"
board_comment,현대차,427134665,2026-08-04T13:05:03+0900,0,공부 더 하세요.
board_body,현대차,427134207,2026-08-04T12:48:37,5,대차상환도 1위; 자동차 판매도 역대 1위 주가 바닥 1위  볼부도 이겼구마~~ 유럽 인도 미국 7월도 역대 판매 1위 ​ ​
board_comment,현대차,427134207,2026-08-04T14:29:33+0900,0,곧 공매도 청산되겠구만요
board_body,현대차,427133943,2026-08-04T12:45:47,3,저주받은 똥차. 이 OOO 는 어디에도 속하지 않는 개 잡주네. 이래도 저래도 안되는 똥차회사.
board_body,현대차,427133905,2026-08-04T12:45:20,2,현대차 왜 이리 비실 거린지
board_body,현대차,427133805,2026-08-04T12:44:30,2,현대차 새만금 종합보세구역 확대 투자가 쉬어지네요
board_body,현대차,427133778,2026-08-04T12:44:13,1,죄다 순환매중인데 애만 반도체 따라가네 징글징글하다 진짜
board_body,현대차,427133773,2026-08-04T12:44:11,2,KB  메릴 매수하게 하려고 반대로 자전돌렸네 ㅋㅋ 상한가 걸어나라~~
board_body,현대차,427133472,2026-08-04T12:41:01,1,보스턴다이나믹스 상장시 반드시 기존주주에게 선진국수준 보상해야 한다 Spin-off방식으로 보상하고 상장해라
board_body,현대차,427133466,2026-08-04T12:40:56,0,그랜져. 캘리그라필. 6천넘게  이런기업은. 망해서. 적자를봐야된다. 그때는 노조어찌하는지. 한번보자
board_body,현대차,427133458,2026-08-04T12:40:51,3,미래 사팔이하니  ..한투도ㅋ기 오늘kb 십만주매수하긋네 자전골만. 증권사돌려막기 금감원고발해야쥬? ​ ​
board_comment,현대차,427133458,2026-08-04T12:41:50+0900,0,저는 금감원에 다 캡쳐한거 다 신고함
board_body,현대차,427133373,2026-08-04T12:39:46,0,"보스턴 다이나믹스 IPO하기전에 현다이 다이할 듯~~~ 주가 바닥, 정치 후진국, 김x범/ 이x진/ 이x원 이런자들이 있어서 더문제... ​ 거기의 1등은 이x명이지.... ​ 다 망가진 시장에서 무엇을 기대하겠나... 다 털고 미장으로 간다... 바이~~~ ​"
board_body,현대차,427133127,2026-08-04T12:36:54,0,쇳덩이 팔아봐야 영업이익 6퍼 ㅋㅋㅋㅋㅋㅋ 이걸 반도체랑 비교를해? ㅋㅋㅋㅋㅋㅋㅋㅋㅋㅋㅋㅋ
board_body,현대차,427132906,2026-08-04T12:34:25,0,소수계좌 관여 혹시 소수계좌 관여종목으로 지정되어 신용거래가 중지가되면 몇일후에 거래를 할수있나요?
board_body,현대차,427132884,2026-08-04T12:34:05,4,오늘 48만간다!!  매출이 200조인데 시총이 75조? 초저평가.  엔솔 매출이 22조 시총이 75조임 지금 이차전지 적자들보다 주가 더 바닥이네.. 엔솔 매출이 22조인데시총이 75조임  현차 매출 200조다~~PER 0.6배.. 1배도 안되네 기아가 매출 100조 시총이 50조..  삼성전기 매출 13조 시총 100조까지 갔다.고평가. 완전 대바닥...   연초에 55만원이었는데 ... 완전 주가 저평가네 ... 반도체 절때로 사지 말고  자동차 에너지 화학사라...
board_body,현대차,427132835,2026-08-04T12:33:29,0,모비스랑 키맞추기 해야한다니깐 모비스를 처박아버리네 ㅋㅋ ​ 강아지고추같은주식
board_comment,현대차,427132835,2026-08-04T12:38:05+0900,0,"기다려
기아 키맞출려면 둘 다 한참 내려올듯"
board_body,현대차,427132504,2026-08-04T12:29:23,4,이게 나라냐 전국민 거지프로젝트 성공 ㄷㄷㄷㄷㄷㄷㄷㄷ
board_comment,현대차,427132504,2026-08-04T12:34:15+0900,1,죄명이는 근저당 잡아서 부자 되서
board_body,현대차,427132121,2026-08-04T12:25:03,3,LG도 오르네 두산 이틀 37%갔던데.. 이제현차도 가보자 (반도체 빼고 다 급등임) 이제 반도체 열배 오른거 사는 애들이 제일 호9임 LG 두산 전부 다 급등 갔다... 현차 작년주가인데 이제 디커플링 급등 가자 미장도 반도체빼고 다 급등 전기차 급등 호조세.. 기아도 보합이다~ LG도  2%상승이네 현차가 제일 바닥이야 이제 현차 사라~~ 이차전지들도 전부 급등이다.
board_body,현대차,427131839,2026-08-04T12:22:02,3,국회 자본시장법 불법공매도 처벌 강화 등 29건 통과 국회 자본시장법 불법공매도 처벌 강화 등 29건 통과 기자명 서영태 기자 ​ ■공매도  불법 자전거래  금감원 신고링크(허위루머시세조작.대차) 불법 공매도에 징역 가중 등 형사처벌 강화...계좌 지급정지 도입 불법 공매도 신고 포상금 30억 상향 https://www.ajunews.com/view/20240613114106121 ■공매도 금감원 신고링크(허위루머시세조작.대차) https://www.fss.or.kr/fss/bbs/B0000313/list.do?menuNo=201099&viewType=MINWONBODY ​ ​ 허위사실 루머 등 무차입공매도 및 불법공매도 무기징역
board_body,현대차,427131688,2026-08-04T12:20:41,2,"이놈은 개잡주인데 왜 다른 잡주들 다오르는데  안오르나요?? 이제 와서 삼전 닉스랑 같이 가려고 하나요?? 삼전 닉스 오를때는 내렸잖아요.,"
board_body,현대차,427131637,2026-08-04T12:20:11,3,"현대차 아이오닉 9, 볼보 EX90 꺾었다…독일 비교평가 1위 현대차 아이오닉 9, 볼보 EX90 꺾었다…독일 비교평가 1위 이지효 기자 입력2026.08.04. 오전 11:36 ​ ​ 전기 스포츠유틸리티차(SUV) 아이오닉 9이 독일 자동차 전문지 '아우토 모토 운트 슈포트'의 전동화 럭셔리 SUV 비교 평가에서 볼보 EX90을 제쳤다. ​ 현대차는 아이오닉 9이 총점 572점을 받아 볼보 EX90 트윈 모터 AWD(555점)를 17점 차로 앞섰다고 4일 밝혔다. ​ 매체는 아이오닉 9과 볼보 EX90 트윈 모터 AWD 2개 모델을 차체, 안전성, 편의성, 파워트레인, 주행 성능, 친환경성, 경제성 등 7개 항목으로 평가했다. 아이오닉 9은 차체와 파워트레인 부문에서 높은 점수를 받았다. ​ 아우토 모토 운트 슈포트는 차체 부문에서 아이오닉 9이 ""6명이 탑승해도 여유롭게 이동할 수 있는 다목적 럭셔리 SUV""라고 강조했다. ​ 특히 3열 좌석을 전자식 스위치로 접어 최대 2494리터의 적재 공간을 확보할 수 있는 점을 강점으로 꼽았다. ​ 아이오닉 9의 조작 인터페이스도 호평했다. 물리적 버튼과 스위치를 통한 직관적인 조작, 신속하고 논리적으로 구성된 인포테인먼트 등이 대표적이다. ​ 파워트레인 측면에서는 아이오닉 9이 0~100km/h까지 5.0초에 주파하는 강력한 성능에도 성능과 승차감을 잡은 부분에서 긍정적으로 봤다. ​ 현대차 관계자는 ""아이오닉 9이 우수한 기술력과 상품성을 인정받아 기쁘다""며 ""앞으로도 글로벌 최고 수준의 전동화 경험을 전달하기 위해 최선을 다할 것""이라고 말했다. ​ ​ 이지효 기자 jhlee@hankyungtv.com"
board_body,현대차,427131522,2026-08-04T12:19:06,1,야는 왜 반도체 따라다니냐 현차야 분수를 알고 주제를 알아야지 니가 지금 반도체급이냐 ​
board_body,현대차,427131496,2026-08-04T12:18:52,3,"현대차 새만금 투자예정지 '종합보세구역' 지정… 9조대 투자 성공 지원 ​ 현대차 새만금 투자예정지 '종합보세구역' 지정… 9조대 투자 성공 지원 입력2026.08.04. 오전 11:14수정2026.08.04. 오전 11:15 기사원문 ​ 관세청-새만금개발청, 3·7·8공구 6㎢ 신속 지정… 기존 포함 총 14.1㎢로 확대 운영 새만금지구 국가산업단지 조감도./사진제공=관세청 현대차 그룹이 9조원대 대규모 투자계획을 발표한 전북 새만금 국가산업단지내 AI·로봇 클러스터 구축 예정지가 종합보세구역으로 선제 지정됐다. 피지컬 AI·미래 모빌리티 등 국가 첨단산업 클러스터의 조기 구축과 성공을 지원하기 위한 조치다. ​ 관세청은 새만금개발청과 새만금 국가산업단지 3·7·8공구, 총 6㎢(181만평)를 종합보세구역으로 선제 지정했다고 4일 밝혔다. 이로써 기존에 지정된 1·2·5·6공구를 포함해 총 14.1㎢(426만 평)가 종합보세구역으로 운영된다. ​ '종합보세구역'은 관세 등이 유보된 상태로 외국 물품의 보관·제조·가공·건설 등 둘 이상 기능을 수행할 수 있도록 관세청장이 지정하는 보세구역이다. ​ 현대차 그룹은 지난 2월 이번에 지정된 새만금 투자예정지역에 로봇, 인공지능(AI), 수소에너지, 태양광 발전, 인공지능(AI) 수소 시티 등 약 9조원 규모의 투자 계획을 발표했다. ​ 관세청은 기업에 공장(FAB) 건설단계부터 제품 제조·수출까지 전 과정에서 관세 등의 과세보류 혜택을 제공하고, 보다 신속하고 편리한 물류·제조·가공 등 원스톱 지원을 추진할 계획이다. ​ 양 기관은 이번 종합보세구역 지정이 현대차그룹뿐만 아니라 관련 협력기업 및 국내외 첨단기업의 연쇄 투자를 이끌어내는 촉매제가 될 것으로 기대한다. 아울러 전북특자도, 군산시 등 관계기관과 긴밀히 협력해 기업이 체감할 수 있는 통관·물류 지원도 지속 확대할 계획이다. ​ 이종욱 관세청장은 ""이번 종합보세구역 확대는 현대차그룹을 비롯한 첨단제조업체들이 새만금을 글로벌 전진기지로 활용할 수 있도록 지원하기 위한 선제적 조치""라며 ""첨단전략산업 원스톱 관세행정 지원팀을 통해 새만금이 대한민국 미래산업의 핵심 거점으로 성장할 수 있도록 행정력을 집중할 것""이라고 말했다. ​ 문성요 새만금개발청장은 ""이번 종합보세구역 확대는 관세청과의 협력을 통해 기업이 원하는 지원을 적기에 이끌어낸 대표적인 모범사례""라며 ""앞으로도 규제 개선사항과 인센티브를 지속 발굴해 기업이 체감할 수 있는 투자환경 조성에 최선을 다할 것""이라고 말했다. 대전=허재구 기자 (hery124@hanmail.net)"
board_body,현대차,427131267,2026-08-04T12:16:54,3,기아보 강보합인데.. 미장 전기차 자동차 폭등에 반도체빼고 다 급등 갔다  현차도 급등 가야지~~  호재만 계속 나오네 인위적으로 주가 누르는 창구 신한 한투 kb 골드만 다 수사해야지~~요새 영업정지 3개월기본이다.. 교보도 영업정지 됨
board_body,현대차,427131214,2026-08-04T12:16:20,0,오늘은 코스피 양전해도 현대차 양봉전환 힘들거다 걍~날씨도 더운데 찬물에 샤워하고 넷플이나 봐라
board_body,현대차,427130914,2026-08-04T12:13:39,1,"탈출하라! 외국인, 기관 다 대량매도다~"
board_body,현대차,427130885,2026-08-04T12:13:17,0,지금이라도 네이버로오세요!!! 19만주주가 올림!!
board_comment,현대차,427130885,2026-08-04T12:15:49+0900,0,위험해요 내가샀어요 가지마세요
board_body,현대차,427130749,2026-08-04T12:11:54,1,10주 연속하락 보여주나요? 올해 신기한거 많이보네
board_comment,현대차,427130749,2026-08-04T12:16:35+0900,0,신기한거보다세력이실수하네요. 들키잖아요
board_body,현대차,427130743,2026-08-04T12:11:51,4,테슬라도 존나 급등 갔던데... 리비안 루시드 다 오르고 제네럴 신고가 가고  이차전지며 로봇이며 다 급등 가는데 ai피지컬도 그렇고 새만금도 그렇고 존나 누르는거 보니까 공매 손실평단이 42만원이니까 근처 가면 엄청 누르고 상환 겁나 하는 듯.... 개인이 안털리면 된다... 지금  6100 지수에도  70만대였다.
board_body,현대차,427130641,2026-08-04T12:10:41,2,정회장님 주가 관리좀 부탁해요
board_body,현대차,427130625,2026-08-04T12:10:28,0,극우들이 웃긴게 놀기는 이마트 정용진이랑 놀다가 돈은 현대차 와서 공매도 버는구나야 신세계 이마트 사러가라 늬들 좋아하는 스벅도 좀 가고 그래서 매출 1/4토막 났드라야
board_body,현대차,427130482,2026-08-04T12:09:01,4,한투꼴갑떠네 자전돌리고 상환또하냐..지수가보합에미장은 전기차급등이다 증권사돌려막기 금감원고발 ​ ​
board_comment,현대차,427130482,2026-08-04T12:09:27+0900,0,2만5천주 존나 두번 샀네 ㅋㅋㅋㅋㅋㅋ
board_body,현대차,427130117,2026-08-04T12:04:50,2,현대차  지금은 무조건 단타로 가야된다 8시에 팔고 떨어지면 다시 매수 가만히 있으면 남 좋은일 시킨다
board_body,현대차,427130066,2026-08-04T12:04:13,2,"200조버는 현차 시총 75조, 20조 버는 엔솔 시총 75조,  하닉 200조 시총 1200조  삼성전기 매출 13조 시총 95조 .   레인보우 매출 200억  시총 10조 (200조버는 현차 시총 75조), 20조 버는 엔솔 시총 75조,  하닉 200조 시총 1200조 ​"
board_body,현대차,427129993,2026-08-04T12:03:27,0,고평가 된 현대차 30만원 이   적정가  랑깨? 대통령깨서   광주 에 현대차 옮겨주면 40만 간당게
board_body,현대차,427129922,2026-08-04T12:02:44,2,반도체 지수왜곡 대안으로 로봇과와 바이오 주목 곧 새로운 대장주됀다
board_body,현대차,427129912,2026-08-04T12:02:38,1,진짜 골때린다. 내가 보유한 주식들만 파란색이네? ㅋㅋ 진짜 얼마나 처오르려고 이러는걸까? 대박이다!
board_body,현대차,427129856,2026-08-04T12:02:08,1,나스닥 그제도 2%어제도 1% 오늘도 2.3% 급등  제네럴신고가에 테슬라도 급등  전기차들도 다 급등  국장 지수도 보합수준인데  (반도체아니면 급등) 네이버도 피지컬ai 급등이다 현차도 피지컬 ai에 로봇에 전기차 배터리에 지금 전고돌파했겠네.... 1.2월 주가도 67만대였느니라~~ 주가 누르는 주체 증권사들 다 캡쳐 영상 녹화해서 금감원에 신고하세요...  영업정지 시켜야지. https://www.fss.or.kr/fss/bbs/B0000313/list.do?menuNo=201099&viewType=MINWONBODY
board_body,현대차,427129669,2026-08-04T11:59:59,0,주가 일프로라도 올려보겠다고 이렇게 열심히다 온갖기사 다 끌어오네 ㅋㅋㅋ 근데 영익은 전년대비 마이너스
board_body,현대차,427129618,2026-08-04T11:59:25,5,현대차 사서 지금 물려있는 개인들은  주식 접고 적금드는것이 남은 재산 지키는 길임 주식에 조금이라도 감각있는 사람들은 60만원대로 떨어질때 다 팔고 떠났음 지금 현대차에 물려있는 사람들은 주식에 대한 감각이 전혀 없는 사람들임 현대차 물린 님들은 주식 할수록 돈이 사라질거임 본전생각으로 주식을 계속 할 경우 그나마 남은 돈도 점점 줄어들것임 ​
board_comment,현대차,427129618,2026-08-04T12:34:01+0900,0,그리고가장중요한거 죽는한이있어도 사람들이주식에매력못느끼게계속떨궈서 주식장폐장해서건전한사회만드는게 꿈이되버렸네요
board_comment,현대차,427129618,2026-08-04T12:31:28+0900,0,돈이없어져도 깡으로가는거에요 내가못벌면 벌지못하게라도해야죠 조금찾는것도그런다면이번생은 같이벌지않으면되죠
board_comment,현대차,427129618,2026-08-04T12:06:56+0900,1,"논리로 얘기 하면 좋을거 같은데 아쉽네요.
주식을 장기적으로 수익을 낼려면 재미없을때 적극적으로 움직여야 합니다. 지금 이럴때요. 저는 다음 종목 후보가 현대차 여서 눈팅 중입니다. 글쓴이 같은 반응들을 두루 살피다 보면 진입 시점 잡는데 약간의 도움이 됩니다."
board_comment,현대차,427129618,2026-08-04T12:01:17+0900,0,"저는 그나마 물타서 평단65인데 과감히 털고
반도체에 박아두는게 나을까요?😢"
board_body,현대차,427129539,2026-08-04T11:58:23,0,현기는 환율 10원에 영익 3천억씩 까임 100원 200원까이면 몇조씩 까임..
board_body,현대차,427129470,2026-08-04T11:57:42,0,토론방사람수가 네이버 현대 삼성 sk 굵직한건600명정도로 반절휴가갔나 댓글부대 어디갔나요?
board_body,현대차,427129370,2026-08-04T11:56:28,1,"현대차 새만금 투자예정지 '종합보세구역' 지정… 9조대 투자 성공 지원 현대차 새만금 투자예정지 '종합보세구역' 지정… 9조대 투자 성공 지원 입력2026.08.04. 오전 11:14수정2026.08.04. 오전 11:15 기사원문 ​ 관세청-새만금개발청, 3·7·8공구 6㎢ 신속 지정… 기존 포함 총 14.1㎢로 확대 운영 새만금지구 국가산업단지 조감도./사진제공=관세청 현대차 그룹이 9조원대 대규모 투자계획을 발표한 전북 새만금 국가산업단지내 AI·로봇 클러스터 구축 예정지가 종합보세구역으로 선제 지정됐다. 피지컬 AI·미래 모빌리티 등 국가 첨단산업 클러스터의 조기 구축과 성공을 지원하기 위한 조치다. ​ 관세청은 새만금개발청과 새만금 국가산업단지 3·7·8공구, 총 6㎢(181만평)를 종합보세구역으로 선제 지정했다고 4일 밝혔다. 이로써 기존에 지정된 1·2·5·6공구를 포함해 총 14.1㎢(426만 평)가 종합보세구역으로 운영된다. ​ '종합보세구역'은 관세 등이 유보된 상태로 외국 물품의 보관·제조·가공·건설 등 둘 이상 기능을 수행할 수 있도록 관세청장이 지정하는 보세구역이다. ​ 현대차 그룹은 지난 2월 이번에 지정된 새만금 투자예정지역에 로봇, 인공지능(AI), 수소에너지, 태양광 발전, 인공지능(AI) 수소 시티 등 약 9조원 규모의 투자 계획을 발표했다. ​ 관세청은 기업에 공장(FAB) 건설단계부터 제품 제조·수출까지 전 과정에서 관세 등의 과세보류 혜택을 제공하고, 보다 신속하고 편리한 물류·제조·가공 등 원스톱 지원을 추진할 계획이다. ​ 양 기관은 이번 종합보세구역 지정이 현대차그룹뿐만 아니라 관련 협력기업 및 국내외 첨단기업의 연쇄 투자를 이끌어내는 촉매제가 될 것으로 기대한다. 아울러 전북특자도, 군산시 등 관계기관과 긴밀히 협력해 기업이 체감할 수 있는 통관·물류 지원도 지속 확대할 계획이다. ​ 이종욱 관세청장은 ""이번 종합보세구역 확대는 현대차그룹을 비롯한 첨단제조업체들이 새만금을 글로벌 전진기지로 활용할 수 있도록 지원하기 위한 선제적 조치""라며 ""첨단전략산업 원스톱 관세행정 지원팀을 통해 새만금이 대한민국 미래산업의 핵심 거점으로 성장할 수 있도록 행정력을 집중할 것""이라고 말했다. ​ 문성요 새만금개발청장은 ""이번 종합보세구역 확대는 관세청과의 협력을 통해 기업이 원하는 지원을 적기에 이끌어낸 대표적인 모범사례""라며 ""앞으로도 규제 개선사항과 인센티브를 지속 발굴해 기업이 체감할 수 있는 투자환경 조성에 최선을 다할 것""이라고 말했다. 대전=허재구 기자 (hery124@hanmail.net)"
board_body,현대차,427129182,2026-08-04T11:54:32,3,"""현대차, 브라질과 그린수소 생산·수소트럭·SMR 협력"" ​ ""현대차, 브라질과 그린수소 생산·수소트럭·SMR 협력"" ​ ​ ​ ​ 【파이낸셜뉴스 상파울루(브라질)=최종근 기자】김용범 청와대 정책실장은 28일(현지시간) 브라질 상파울루 현지 프레스센터에서 한-브라질 비즈니스 라운드테이블 결과 브리핑을 갖고 주요 기업인들의 발언을 소개했다. 정의선 현대자동차그룹 회장 등이 참석했다. 김 실장은 ""현대자동차는 2012년에 브라질 공장에서 첫 번째 차량 생산을 시작한 이후에 10개 계열사가 진출해 브라질 내 4위 자동차 기업으로 성장했다""면서 ""브라질의 탈탄소화 정책과 친환경 정책에 맞춰 브라질과 그린수소 생산과 수소 트럭 도입, SMR(소형모듈원전)등에 대한 기술 협력을 추진할 계획이라고 밝혔다""고 전했다. cjk@fnnews.com 최종근 기자"
board_body,카카오,427144866,2026-08-04T14:35:17,0,개미형님들 어제 제가 개카오버리고 네이버사라고 글 2개나올렸는데 왜 제말을 무시하시고 욕하시고 그럽니까?? ​ 지금이라도 늦지 않았습니다. 주주들 개 똥으로보는 카카오는 빨리 버려야 상책입니다. ​ 카카오는 일하는 직원들 수준이 네이버 엔씨 못가는  폐급들만 모여서 더 커지기 힘듭니다. ​ 일하는사람이 폐급만있는데 기업이 어떻게 성장합니까?
board_comment,카카오,427144866,2026-08-04T14:37:01+0900,0,"니 얼굴에 똥자국있다...꺼지라..  그리고 가지고 있는 카카오는 털고 가고,,"
board_body,카카오,427144700,2026-08-04T14:33:32,1,개미들 매수 하니까 기관이 밀어버린다 오르긴 글렀다
board_comment,카카오,427144700,2026-08-04T14:39:07+0900,0,"알면,,,빨리 너 팔아...개미들이 사준다고 한다..."
board_body,카카오,427144609,2026-08-04T14:32:45,1,"딱  4만원은 가야되는거아니냐.. 참네 너무 혈압오른다 너도.,."
board_body,카카오,427143965,2026-08-04T14:26:25,0,"삼전닉스 옛날부터 곳간에서 인심난다 했다 ​ 잘 되는집  종놈들이 잘 먹는법 ㅋㅋㅋㅋㅋㅋ ​ 뉴스1 ​ ""최태원이 하닉 사라고 한 이유""…'배당 2.5%·액분' ​ 지라시가 돈다"
board_comment,카카오,427143965,2026-08-04T14:32:23+0900,1,아직 견딜만 한가보다...까부는거 보니...  뒤에서 많이 주워먹었어?
board_body,카카오,427143959,2026-08-04T14:26:20,3,카카오 주주들 잘못이뭐냐면 네이버랑 카카오를 동급으로 본다는거임
board_comment,카카오,427143959,2026-08-04T14:33:25+0900,1,"바보인증,,,그냥 네이버방에서만 하면,,,될텐데...왜 돌아다니면서 바보자랑질이냐?"
board_comment,카카오,427143959,2026-08-04T14:32:18+0900,1,당연 동급아님 카카오가1등 네이버는 10등쯤
board_body,카카오,427143767,2026-08-04T14:24:28,4,객관적으로 말해준다 탈출해 장기적인 하향이야.... 지금이라도 도망치자
board_comment,카카오,427143767,2026-08-04T14:31:09+0900,0,"너 빨리 팔아라,,,없어? 그럼 공매라도  쳐,,,내일 돌려주께...위에서,,,ㅋㅋ"
board_comment,카카오,427143767,2026-08-04T14:25:42+0900,0,ㄲㄲㄲ 이런 바닥에 모하러 탈출하니~ 더 사야지~ 외인 기관 1주일만에 300만주 쓸어담은거 안보이니?~ㄲㄲㄲ
board_body,카카오,427143212,2026-08-04T14:19:23,2,만년소외 ~개카리 꿔다놓은 보5리자루내 니미 완전 천년만년 보릿고개야~
board_body,카카오,427141881,2026-08-04T14:08:39,0,오늘따라.. 날씨가 33하네~~~~
board_body,카카오,427141762,2026-08-04T14:07:27,4,개미만 사네요~~~ 내일도 못가네요~~~~
board_comment,카카오,427141762,2026-08-04T14:39:59+0900,0,그러게..아직 너 안팔았네...빨리 너 팔아라..내일이라고 가게...
board_body,카카오,427141414,2026-08-04T14:03:53,2,게이버 떠엉 꾸녕만  빨지  말고 ​ 기냥 망해 주셔~~ ​ 골때리는 4ㆍ히 ㆍ네 ㆍ ​ 모든걸 내려놓고 가뿐히  망하면 되잖어  그치? ​ ㅋㅋㅋ ​ 푸헤헤헤 푸히히히 푸헤헤헤 ​ 휘리릭 ~~
board_body,카카오,427140492,2026-08-04T13:53:52,5,반드시 수급은 실적우량 장기소외주로  들어온다 1차목표가 7만원 담주에 돌파한다 거래량 터져야 폭등한다
board_body,카카오,427140374,2026-08-04T13:52:38,3,출발이다. 꽉잡으세요~!
board_comment,카카오,427140374,2026-08-04T13:57:10+0900,0,하겠니?ㅡㅡ
board_comment,카카오,427140374,2026-08-04T13:56:20+0900,0,가자!!
board_body,카카오,427140159,2026-08-04T13:50:25,1,범수거 나오나? 어디서 꾸역 꾸역 나오나? 범수 지분이 28% 라는데! 범수거 나오는거 아니냐?
board_body,카카오,427139976,2026-08-04T13:48:14,4,1차목표가 7만원 담주에 돌파한다  상장최대실적 ㅡ대형재료 수주공시 만지작!
board_body,카카오,427139952,2026-08-04T13:47:59,1,4만원이라도 가라고  아오 속터져
board_body,카카오,427139838,2026-08-04T13:46:44,0,실적발표 언제냐 이거 따상 각인데 블랙독 개가 달려들엇는거보니
board_body,카카오,427139441,2026-08-04T13:42:51,2,"여기도 셀트리온과 비슷.. 악재없이 호재가 나오는데 바닥에서도 반응을 안함.. 차트는 우상향인 듯하지만 증시 안좋으면 바로 다시 내려꽂음.. 거래원에서 신한과 제이피의 장난이 심한것도 공통점.. 또 비슷한 것이 유한양행.. 아무래도 비슷한 공매도 세력의 타겟이 되어 있는 대형주가 셀트, 카카오, 유한양행.. 셀트는 회사가 노력이라도 하니 한번씩 튀는데 카카오는.."
board_body,카카오,427139400,2026-08-04T13:42:23,2,거래량보면 하락추세네 9시부터 9시40분까지 100만주 이후 4시간동안 70만주 흐
board_body,카카오,427139023,2026-08-04T13:38:20,4,"내일이면 빽도 34  ! 힘도읍고 , 비전도읍고 , 배알도 읍네 !"
board_body,카카오,427138835,2026-08-04T13:36:19,0,챠트는 허벌라게 예쁘제이요 ~
board_body,카카오,427138279,2026-08-04T13:30:01,7,얘는 뭣하는짓이지? 걍상폐가답이다ㅉㅉ
board_body,카카오,427137896,2026-08-04T13:25:58,0,누가 샀는지 찾아바.... 새인 뒤통수치기 명이이 샀잔아...힌트준다 . 김종필 ㅋㅋㅋㅋ
board_body,카카오,427137788,2026-08-04T13:25:00,3,100원 띄기 하니 재밌는갑네 ㅎ 답답혀서 막 움직이는데로 내쫒을 심상인갑네 이르케 맘쓰믄 벌바더 ㅎ ​ 개미들 왜 쫒냐?? 니들만 또 머께?? ㅋㅋ ​ 우리가 남이가??ㅋㅋ ​ 가치묵자 쫌 ㅎ 난 이럴수록 더 안나갈껴 ㅎ
board_body,카카오,427137722,2026-08-04T13:24:19,3,공매 커버를 아주 더럽게 하네 티안나게 찔끔찔끔?? 하기사 올라갈 이슈가 없으니 공매만 수익극대화...
board_body,카카오,427137221,2026-08-04T13:19:26,4,역대급 더러운 회사!! 지들 밥그릇 싸움에 주가는 방치중... 몇년째 주주만 죽어나가는... 주주는 없고 지들 밥그릇 챙기는데만... 본인 밖에 모르는 흙수저 출신 ceo  답다!! ​
board_body,카카오,427136651,2026-08-04T13:14:24,5,이제는 궁상 그만 떨어라 지겹다. 그 동안은 애교로 봐줬지만 앞으로 이 따위로 계속하면 정말 더러워 보인다.
board_body,카카오,427136463,2026-08-04T13:12:48,1,48000 가자  이번주 48000가자 가자
board_body,카카오,427136299,2026-08-04T13:11:21,3,장기소외주로  세력매집중  폭등임박 ㅡ조용한 폭등 온다
board_body,카카오,427136133,2026-08-04T13:09:46,3,무서워! 카카오 사면 망한다고 소문이났어! 요즘은 한강으로 안가고 피서겸 바다로 간다는 구먼!
board_body,카카오,427136008,2026-08-04T13:08:37,2,여기가 공매 맛집 카카오인가요??? 네이버로 아직도 안갔나요??? 푸하하하하흐흐흐히히히힛
board_body,카카오,427135270,2026-08-04T13:01:01,7,"예전에는 옆집 갈때 따라가는 시늉이라도 했는데. 이젠 이것도 안되네 네이버 가는데 이제는 네이버와 다른 방향인거니 ​ 김범수, 정신아는 도대체 모하는 인간들이냐 ​ 주가관리 안하냐? ​ 아오 지긋지긋하다."
board_body,카카오,427135032,2026-08-04T12:58:12,4,현 임원들은.. 주주가치 제고에 관심 없다 회사의 발전?....관심 없다. .. 오로지 쪼개기나 합병으로 뒷돈 왕창 챙기면 된다. 주주가치 제고?... 거지되든...죽든 .. 신경 안쓴다. 암 걸려서 죽을 지경이고.. 주가조작으로 재판 걸려서.. .제 정신이 아니다. ​
board_body,카카오,427134767,2026-08-04T12:54:56,5,2026년 최고의 잡주로 선정됐다는데 사실인가요?
board_body,카카오,427134633,2026-08-04T12:53:26,2,1000원 정도만~~~ 더 빠져따가 출발하자!!! 기가멕히다~~~~ 365 신이 알려줘따
board_body,카카오,427134070,2026-08-04T12:47:14,7,회사 망하게 생겼는데 달리기나 하고 앉았네 ㅋㅋ  음전한다야
board_body,카카오,427134048,2026-08-04T12:47:00,2,가두리 양식으로 공매도 숏커버링이라 ㅋ
board_body,카카오,427133769,2026-08-04T12:44:08,6,대한민국과 세계의 모든 악재를 반영한 종목이다.  심지어 호재까지 악재로 반영시킨 종목이.. 카카오다.
board_comment,카카오,427133769,2026-08-04T12:46:51+0900,0,여기에 장단을 맞추듯.... 회사는 주주가치 제고를 위한 액션은.....전무했다....말로만 약속했었다...
board_body,카카오,427133588,2026-08-04T12:42:09,4,쓰레기가 따로없네 단타꾼이 너무 많다 어떠한 호재가 있어도 오르지못함 외인도 이제 매수안함
board_body,카카오,427133533,2026-08-04T12:41:35,4,진짜 형님 제발 나가주세요 ​ 장사의신형님떄메 개미들이 다 죽고있습니다..
board_body,카카오,427133481,2026-08-04T12:41:06,4,이제4층으로 이사좀가야할덴데 저는 아직도 카카오캐슬3층에서 산지  오래됬는데요  층간소음도많고 ㅜㅜ 옆집 아저씨는 파업한다  데모한다 하면서  고함을지르고 낮ㆍ밤가리지않고 ㅜㅜ 그분성함이 범수아저씨  고성방가고고소가들어가 지금재판중입니다 이제 다 잊고 4층으로 이사를가야하는데 ㅜㅜ 이사비용도없고 으흐흐 공기좋은 15층으로 갈수나있을런지  꿈을꿔보는  아주 평범한 가장입니다  20평 방2개 3층에서는그만살고싶습니다 4층은 방3개에 화장실도2개라고하던데 언젠가는 꼭4층으로 이사를가야할덴데 ㅜㅜ 모든분들도17층 고층아파트로 이사하는그날까지 카카오캔슬에서 사이좋게 살아보자구요
board_body,카카오,427133355,2026-08-04T12:39:36,3,뭘 기대해? 오늘 음전이다. 이건 손절하고 네이버로
board_body,카카오,427132724,2026-08-04T12:32:20,4,카카오는 비즈니스모델에 대해서 생각이 없는듯 이전에는 카카오게임즈나 카카오뱅크 카카오페이지등 카카오 유저를 이용해서 확장가능하다는 무궁무진한 희망이 있었는데 자회사 분할상장보다도 문제는 카카오 사업구조자체가 문제라고 본다 대한민국 5천만명이 필수적으로 이용하는 어플인데 이정도밖에 못번다는건 ceo의 능력부족임 네이버가 쿠팡 밀어내고 이커머스 장악하면 분명 이것저것 혜택주면서 라인이 카톡 이용자수 빼가려고 할텐데 나라면 이용자수 5백만만 넘어가도 카톡방 버리고 라인으로 갈아탈듯 ​
board_body,카카오,427132394,2026-08-04T12:28:08,3,와 카카오 진자 스렉이인데 ㅋㅋㅋㅋ 아직도 3만원이 넘네? 개거품
board_comment,카카오,427132394,2026-08-04T13:10:37+0900,0,코스피 지수 떨어지길래 혹시나 했는데..버텨줘서 고맙군 캬캬
board_comment,카카오,427132394,2026-08-04T12:31:38+0900,1,못오르게 억지로 누르는게 보이네요😂😂
board_body,카카오,427132392,2026-08-04T12:28:06,2,모간...빨리  와  사 카카오  구름대  좀  뚫어  봐....?   카카오  구름대  앞에서  안절부절
board_body,카카오,427131815,2026-08-04T12:21:49,1,"공매도 숏커버링중, 급상승 원치 안음"
board_body,카카오,427131764,2026-08-04T12:21:21,1,"지수6000, 개카오 4억주 개나소나 다 들고 있는 개카오는 딱 3만원이 적정주가 ​ 욕심을 내려놓고 ​ 삼전닉스의 자비와 은덕을 바라라 ㅋㅋㅋㅋㅋㅋㅋㅋㅋ"
board_body,카카오,427131662,2026-08-04T12:20:26,5,4층 좀 가자.3층은 습하고 덥다.뱀수는 몇층에 사냐?
board_body,카카오,427131288,2026-08-04T12:17:06,3,대주주 1순위가 오너인 기업은 다 잘되는꼴을 못보는듯 기업 최대주주가 오너인 기업들은 주주생각보다 자기들 돈버는게 먼저인 자기들만의 왕국 느낌이라고 생각한다. 까까오는 실적이고뭐고 기업 이미지부터 회복 쇄신시켜야된다...
board_body,카카오,427131231,2026-08-04T12:16:34,6,메타 마이크로 네이버 다 올라도 안되는거면 대표 두명 정 신 아 김 범 수 밟자 방법이 없다 저 2마리가 사라지는거 밖에 방법이 없다
board_body,카카오,427131058,2026-08-04T12:14:58,5,젠장할  네이버 하고 7배 차이네~~  김범수  정말   인간도 이니다 ~  2조원으로  AI  투자 한다더니   뭐한게 있냐?    김범수  너는 닞길도 숨어다녀라~~  악질중에. 최고 악질이라니까 !
board_body,카카오,427130989,2026-08-04T12:14:21,2,낼 실발인데 노사도 대충 정리됏고 쫌 가보자  외인 기관 쌍으로 밟네 실발 대박인듯한데 개관은 국장 비정상으로 만들지 말고 고마해라
board_body,카카오,427130960,2026-08-04T12:14:02,5,전부다 한강에서 정모 한번하자  김범수 정 신 아  주주들 다 방치하고 주주등에 빨대 꼽아가 지 다 처 묵 하네
board_body,카카오,427130720,2026-08-04T12:11:34,3,4만원도 못가겠네 ㅋㅋㅋ 심하긴하네 이잡주
board_body,카카오,427129589,2026-08-04T11:59:03,4,대표가 주가관리에 관심이 없으니 주가도 막 가지고 놀아버리네ㅠㅠ 17만원이 3만원 됐으면 양심이 있으면 뭐라도 하려고 노력이라도 할텐데..
board_body,카카오,427129009,2026-08-04T11:52:46,4,네이버 가면 그냥 따라가 그것도 못하냐?내릴땐 1등 이면서... 뱀수  감빵가면 오른다.2심 징역 받으면 감빵가라 항소 하지말고...
board_body,카카오,427128762,2026-08-04T11:49:57,7,범수야 깜빵가자 니가 갈곳은 깜빵뿐이다
board_body,카카오,427128309,2026-08-04T11:44:45,11,"사장이 여자라서 그런가..? 역시 여자는 요리, 빨래만"
board_comment,카카오,427128309,2026-08-04T13:59:05+0900,0,네이버도 여자ㅇ에요..
board_comment,카카오,427128309,2026-08-04T12:22:37+0900,0,네이버 최수현도.. 여잡니다.
board_body,카카오,427128145,2026-08-04T11:42:52,6,그래도 사장이라고 앉혀 놨으면.. 최소한의 면을 좀 살려줘라... IR 할 때는 주주 환원한다고 ... 말하는데... 뒤에서.. 자금줄 잡고 .. 협력을 안해주니... 신아만 욕받이 되는 거 아니겠냐? 연봉이 .. 욕받이 값이냐?
board_body,카카오,427127673,2026-08-04T11:37:30,4,ㅋㅋㅋㅋㅋㅋㅋㅋㅋㅋㅋㅋ 여그서 머혀냐 ㅋㅋㅋㅋㅋㅋㅋㅋㅋㅋㅋㅋㅋㅋㅋㅋㅋㅋㅋㅋㅋㅋㅋㅋㅋㅋㅋㅋ
board_comment,카카오,427127673,2026-08-04T12:08:54+0900,1,생각보다 카카오가 잘 버티네😂😂
board_comment,카카오,427127673,2026-08-04T11:44:28+0900,0,너.. 중국사람이지?...국제알바냐?
board_comment,카카오,427127673,2026-08-04T11:38:17+0900,0,"니는 여ㅅㅓ   머하노  ㅎㅎㅎㅎㅎ ㅎ ㅎ
ㅎㅎㅎ ㅆㅆ ㅎ ㅎ ㅎ  ㅎ  ㅎ  ㅎ  ㅎㅎ"
board_body,카카오,427127556,2026-08-04T11:36:17,8,지금이라도 늦지 않았다 네이버 사고 28만에 팔아라 ㅋㅋㅋㅋㅋ
board_comment,카카오,427127556,2026-08-04T11:39:02+0900,0,니 추레라에  박혀 뒈지는거보고  사려고 ㅎㅎㅎㅎ ㅎㅆㅎ ㅎ
board_body,카카오,427127161,2026-08-04T11:31:45,11,네이버 옆 콩고물이라도 네이버 옆에 딱 붙어서 콩고물이라도 챙겨라 밑에서 뭐하는거야. 참 딱하다 주주를 위해 뭘 해줄수 있는거야 주주들은 속이 숯검댕이다.. 자사주 매입. 소각 이런 뉴스좀 내봐ㅡ.
board_comment,카카오,427127161,2026-08-04T12:02:29+0900,0,"범수, 치마사장이 숭인이나 해불까
얼릉 깜방에 다시가야 쥬가가 올라갈듯~~"
board_body,카카오,427127053,2026-08-04T11:30:41,2,참 이것도 주가라고 38000.    40000원도 터치 못하냐 참 장투지만 우습다 ㅋ 호가 2퍼안에 ㅇ매도수 보면 웃음밖에 안나온다 그래 이왕 포기니 니들끼리 놀아봐라
board_body,카카오,427126789,2026-08-04T11:27:54,2,손가락 자기손가락을 움직여 사놓곤 뭔 불만이 이리도 많아  싫으면 매도하면 되잖아
board_body,카카오,427126760,2026-08-04T11:27:42,4,진짜 올리기싫은가베ㅋㅋㅋ 대단하다
board_body,카카오,427126627,2026-08-04T11:26:32,3,매집구간 개미들 진빠지게하고 갈듯 쫄지말길
board_comment,카카오,427126627,2026-08-04T11:34:22+0900,0,뭔매집은
board_comment,카카오,427126627,2026-08-04T11:28:48+0900,0,매집 시기는 지난 듯 보입니다.
board_body,카카오,427126377,2026-08-04T11:24:10,5,"ai빌려써야한다면.. 비용은 점점 늘어날수밖에.. 사용자 요구사항들이 앞으로는 ai맞춤형으로 진행될건데.... 빌려쓰는 카카오입장에서는 대여비용은 점점 늘어날수밖에 없고, 이와 관련하여 매출은? 같이 늘어야하지만 내수용으로만으로 커버치기엔 장기적인 영업이익의 감소가 발생하니... 주가엔 악영향이겠지요. 자체 ai와 데이터센터가 없다는건.. 미래형에게 있어서 대여비 과다로 어찌될지 모른다는... 네이버처럼 세계화로 뭐든해서 신성장 동력과 매출이 일어나야할것임. 이런식이면... 이제 카카오는 우물안 개구리가 될것임. ​"
board_comment,카카오,427126377,2026-08-04T11:25:21+0900,0,네이버에 카카오 지분이 있고....업스테이지에도 지분이 있습니다.
board_body,카카오,427126267,2026-08-04T11:23:13,4,코스닥에서도  탈락! 코스피 못쫓아가서 코스닥으로 간다하드만 거기서도 못쫓아가서 탈락하면 어디로 가냐?
board_body,카카오,427126062,2026-08-04T11:21:16,3,대표만 바꿔도 상승할거 같은데 불어불문학은 너무한 거 아님 it 생태계 ai 대전환에 대한 통찰이 있을까 김범수가 수사 받는다고 될 대로 돼라 인건지 it회사에 파업이 뭔 말이고 카무원이 뭔 말인지 사람들 좋은 아이디어 많던데 젊은 직원들은 그런 생각도 못하나 진심으로 신기한 거 하나 갖고 나오길 기다리면서 손절 안하고 있는데 각성 좀 하시길 ​
board_body,카카오,427126045,2026-08-04T11:21:07,1,샘울트먼 딸결혼때문 연기 9월7일 방한확정 ​
board_body,카카오,427125781,2026-08-04T11:19:02,2,네이버 폭등..여긴 안타깝네요  주주가치 1도 없나 봅니다. 문제가 심각하네요  네이버 폭등 자주 하는데..
board_body,카카오,427125119,2026-08-04T11:13:41,1,오픈ai  쌤과  만남확정 샘울트먼 카카오 미팅 확정
board_comment,카카오,427125119,2026-08-04T11:31:09+0900,1,ㅋ 지금 오픈 AI 상황도 안 좋은데 카카오라고 답 있음?
board_comment,카카오,427125119,2026-08-04T11:19:17+0900,1,빌려써야하니... 돈 더달라하것지 ㅋㅋㅋㅋㅋㅋㅋㅋㅋㅋㅋㅋㅋㅋ
board_comment,카카오,427125119,2026-08-04T11:15:28+0900,1,작년에도 만났는데.... 주가에는 영향이 없었습니다. .. 올해는 좀 다르려나..
board_body,카카오,427124922,2026-08-04T11:12:08,1,갘카ㅇ 적당히 좀 하십시옷
board_body,카카오,427124835,2026-08-04T11:11:29,4,네이버 살걸 번지수 잘못찾은거갘다
board_body,카카오,427124572,2026-08-04T11:09:13,7,누가 적대적 m&a좀 해주세요 콧털이랑 정신아 때문에 병걸리겠어요
board_body,카카오,427124543,2026-08-04T11:09:03,2,오늘부터 조금씩 담아본다 이번주 최종 임금협상끝나니깐 37000밑으로 조금씩 담아본다
board_body,카카오,427124465,2026-08-04T11:08:23,1,"카카오 바닥 다졌나? 카카오 2분기 실적 컨센서스 및 AI 에이전트 모멘텀, ​ 그리고 주가 전망에 대한 글을 올려드립니다. ​ 아래 글 참고하시어, 현명한 투자 판단에 도움 되시길 바랍니다. ​ https://blog.naver.com/jinwoongkim1/224367583697"
board_body,카카오,427124175,2026-08-04T11:06:13,1,바닥 한번더 찍어야 상승할거니 큰 기대말고~
board_body,카카오,427123610,2026-08-04T11:02:32,6,지수가이렇게ㅇ폭등해도 지수떨어질때는 알아서 기어가더만 올라가니까 더 꺼꾸로 가고있네 내가 정신병자이지 요딴것도 주시이라고 들고있으니 어서 정신벙자에서 나오자 조가이 개잡주
board_body,카카오,427123537,2026-08-04T11:02:07,3,이종목은 버린건가 !
board_body,카카오,427123274,2026-08-04T11:00:09,5,진짜 개잡주 그냥 잡주임
board_body,카카오,427122893,2026-08-04T10:57:31,3,시장 소외주 ㅋㅋㅋㅋ  거래량도 안나옴 관심밖 ​ 이러면 줄줄이 계단식 하락함 ​ 이렇다할 미래 사업 없음 ​ 있어도 분할상장 뒤통수 치기때문에 아무도 안삼 ​ 그와중에 파업도함 ㅋㅋ ​ 오너리스크 상당함 ​ 외국 빅테크에서도 아무 관심을 안갖음 ​ 왜냐 아무런 기술이 없기때문에 ㅋㅋㅋ ​ 여기있는이유는 ​ 그냥 다들 쳐물려있기때문임 ​ 다른곳에서 수익내도 되지만 ​ 자신이 없음 ​ 팔고나면 오를까봐 걱정이 앞섬 ㅋㅋㅋㅋ ​ 그냥 그렇게 쪼그라드는 계좌를 구경함 ​
board_body,카카오,427122769,2026-08-04T10:56:42,1,김범수는 왜 욕하냐 아파서 치료받는 사람인데
board_comment,카카오,427122769,2026-08-04T11:09:26+0900,0,주가 급등을 안해서
board_body,카카오,427122595,2026-08-04T10:55:37,1,"카카오   음성생성기술   고도화 카카오가 공개한 테크블로그에 따르면 이용자가 원하는 말투와 감정, 억양까지 자연어 지시만으로 제어할 수 있도록 음성 생성 기술을 고도화했으며, 자체 개발 음성 토크나이저를 통해 생성 속도와 효율도 함께 높였다. 기존 음성 AI가 자연스럽게 텍스트를 읽는 데 초점을 맞췄다면, 새롭게 개선된  Kanana-o는 이용자의 지시에 따라 음성 표현 자체를 제어해 준다. 이용자가 ""아주 빠르게 읽어줘"", ""낮은 목소리로 읽어줘"", ""슬픈 목소리로 읽어줘"", ""경상도 사투리로 읽어줘""와 같이 자연어로 원하는 발화 방식을 말하면 AI가 속도, 음량, 음높이는 물론 감정과 억양, 강도까지 세밀하게 반영해 음성을 생성해 준다. 이밖에도 ""스포츠 중계하듯"", ""아나운서처럼"", ""동화책을 읽어주듯"" 등 역할 기반의 지시는 물론, ""톤을 낮춰서 빠르게 슬픈 목소리로 읽어줘""와 같이 여러 조건을 동시에 담은 복합 지시도 수행할 수 있다. ​ Kanana-o는 발화 지시 이행 능력을 평가하는 'InstructTTSEval' 한국어 벤치마크에서 94.50점을 기록했다. 이는 GPT-4o-mini-tts(91.10점)를 넘어서는 수준으로, 구글 Gemini-2.5-flash-preview-tts(95.38점)와 견줄 만한 성과다. 음성 생성의 품질뿐만 아니라 속도와 효율도 크게 향상됐다. 카카오는 자체 개발한 음성 토크나이저 'LM-SPT(LM-aligned SPeech Tokenizer)'를 새롭게 적용했다. LM-SPT는 AI가 음성을 더 적은 수의 토큰으로 압축해 표현하는 기술로, AI가 처리해야 하는 데이터의 양을 줄여 더 빠르고 효율적으로 음성을 생성할 수 있게 했다. ​ 카카오 노병석 유니파이드 파운데이션 모델 성과리더는 ""Kanana-o 음성 기술 고도화는 사람처럼 자연스러운 음성 생성은 물론, 이용자가 원하는 말투와 감정, 억양까지 자연어 지시에 따라 표현할 수 있는 능력을 갖추는 데 초점을 뒀다""며 ""향후 다양한 서비스에 적용해 더욱 자연스럽고 편리한 AI 음성 경험을 제공할 것""이라고 말했다."
board_body,카카오,427122258,2026-08-04T10:53:46,0,"그냥 원금오면 파는게 정답 가는주식에 올라 타는게 정답 기껏 기다려서 원금왓다구 팔면 몇몇 주린이들은 이렇게 말하죠.""그러니까 개미는 안돼"" 아니면 ""그러니까 개미가 돈을 못벌어"". 뉴스에서도 사지먈아야 할 주식 4개중 1 로  까카오 ​ 절대물도 타지말고 버티다 원가오면 버리는게 정답 그돈으로 두배간다? ai생태계 쪽이 빠름 버릴주식으로 두배?ㅋㅋ ​ 이종목은  그냥 소상공인이 하는일이나 하는  회사여 네이버처럼 AI생태계에 발을 들여놓고? 글로벌 마겟을 하지않는한, 그냥광고와 숏츠.이모티콘으로 돈버는회사.ㅋ ​ 모 하는게 없어.ㅎㅎ"
board_comment,카카오,427122258,2026-08-04T10:57:47+0900,0,2백 무슨 애들 장난함???? 가서 적금들어
board_comment,카카오,427122258,2026-08-04T10:56:52+0900,0,"이런회사에 보초세워놓고.
물을 왜 안타긋냐.
시긴이 아깝단거지"
board_comment,카카오,427122258,2026-08-04T10:56:11+0900,0,"그려.2백만원  50800원

근데 물도 안타.ㅋㅋ"
board_comment,카카오,427122258,2026-08-04T10:54:49+0900,1,너 평단이 높나보네??ㅎㅎㅎㅎㅎㅎㅎㅎㅎㅎㅎㅎㅎㅎㅎㅎ 밑에서 잡았는데~~ 5자까지는 봐야지
board_body,카카오,427122051,2026-08-04T10:52:30,4,"카카오의 현주소 내수 플랫폼회사다. 광고, 커머스 한계는 내수라는거다. 자체 ai없고, 빌려쓰는데도 돈들어간다. ai데이터 센터도 빌려써야한다. 내수매출만으론 이익깓아먹는구조가 계속된다. 스테브일 코인은 여러업체 다한다. 결국 자체 ai환경과 데이터센터기 없는한 내수한계로 하향길이다. 카카오는 미래형 소프트웨어회사가 아니다. ai전환 못할 시 구시대의 아날로그방식으로 남게될지도... 매각 자금에 대한  구체적 계획이 없다. 수상쩍은 냄세도 ...자금이 들어오는데 움직임이 없다? 이상하다."
board_comment,카카오,427122051,2026-08-04T10:59:10+0900,0,만들면 초기투자 엄청들고 이자부담 엄청나고 업그레이드 유지 보수에 엄청들고 필요할때 싼것 사서쓰는게 내수 시장업체로서는 현명한 선택!
board_body,카카오,427121574,2026-08-04T10:49:50,1,아 4만원도못가 아
board_body,카카오,427121151,2026-08-04T10:47:07,2,카카오 영차 영차 네이버에서 위로 잡아당갑니다 왜냐면 우리는 전우니까요 ​ We go together
board_body,카카오,427121104,2026-08-04T10:46:50,0,요즘장의   최대   악재는 욕심  부리다 반대매매  당하는것이다
board_body,카카오,427121070,2026-08-04T10:46:38,1,옆집  강남으로 이사 가써유~~~~~
board_body,카카오,427120974,2026-08-04T10:46:04,2,"차~~암 얄궂은건 야는 AI하고 거리가 먼거여 왜. 야는 어제, 오늘 좋은 날에도 오르지가 않지? ?  아이러니하다!"
board_body,카카오,427120677,2026-08-04T10:44:50,1,나같아도 네이버사지 구지 이걸 왜?살까 생각이 든다....
board_comment,카카오,427120677,2026-08-04T10:54:38+0900,0,둘다 안삼 ㅋ
board_body,카카오,427120512,2026-08-04T10:43:33,4,네이버만 봐도.. 이제 소프트웨어 쪽으로 섹터 순환 되는데... 개카오는 대체... 정신아 이인간 뭐 함?
board_body,카카오,427120233,2026-08-04T10:40:57,3,네이버 30프로 오르면 카카오 3프로 오르나ㅡㅡ 야이 카카오 주주들아 정신 차려라 화내고 욕해라 이게 말이되나ㅡㅡ 몇년째고 내릴땐 개긑이 내리고 대표들이 무능해서 그러는거 아니가ㅡㅡ
board_body,카카오,427120145,2026-08-04T10:40:10,2,대결구도 뱀수는 혜진이의 발바닥도 못따라가나 와 이렇노  점점 벌어진다
board_body,카카오,427119737,2026-08-04T10:36:48,5,"카카오의 가장 큰 문제점 찾아보니 공대 출신이 없음 문과 출신이 AI 전체를 직접 총괄한다 ㅋ 안 웃김? 네이버는 25년 이해진이 돌아와서 AI 총괄하는 중 ​ CEO : 불어불문학 부사장 : 행정학 CTO : 국어국문학 CPO : 카톡 날려먹고 퇴사 AI 총괄 : 퇴사 AI Q&S 리더 : 퇴사 ​ 특히 카카오는 이달부터 카나나 조직을 ‘AI 스튜디오’ 체제로 전환했습니다. AI 스튜디오는 정신아 대표가 직접 총괄하며, 여러 개의 태스크포스(TF)를 두는 방식으로 운영합니다. ​"
board_comment,카카오,427119737,2026-08-04T10:56:53+0900,1,지들 배불리면 그만 .애사심도 없는듯ㅈ상폐해야 마땅
board_body,카카오,427119497,2026-08-04T10:35:01,2,바닥 32000원 대  에서 쌍바닥 쓰리바닥  제대로 잡고 우상향  하는데  뭔 말이 그리 많을까!! 지금 안들어가면  언제 드러가냐..... 2마넌 대  가겄냐! 지금 바닥 다닐때  드가자~~~ 출발하면  최소 50% 는 먹는다
board_body,카카오,427119416,2026-08-04T10:34:30,0,평단7만 지금 챠트보면 수급진공상태 같네요. 다 털려서 나올것도 없는 조만간 트리거가 나올것 같네요
board_comment,카카오,427119416,2026-08-04T10:34:46+0900,0,개미는 다털림
board_body,카카오,427119103,2026-08-04T10:32:14,1,카카오 주주들 네이버처럼 변동성이라도 있던가 차트보면 암 걸리겠다
board_comment,카카오,427119103,2026-08-04T10:34:12+0900,0,색칠이나해보지 예쁘게
board_body,카카오,427119102,2026-08-04T10:32:14,0,더운데 고생이많다 어떻하던지 네이버 꼬랑지라도 밟고갈려고얘쓰며 바둥거리는게~
board_body,NAVER,427145068,2026-08-04T14:37:15,0,52주 신저가에서 쓰는 전설의 시작 내년 100
board_body,NAVER,427145042,2026-08-04T14:37:01,0,역시 삼하닉 장막판에 좋구나 내일 상 다시 치러가나?ㅎㅎ
board_body,NAVER,427145038,2026-08-04T14:36:59,4,삼성 하이닉스 불 반등중 반도체 낼 대상승 잇을거 같다
board_body,NAVER,427144931,2026-08-04T14:36:01,1,팔란티어가 어제 시긴외 초급등  이젠 ai 소프트웨어가 주목
board_body,NAVER,427144911,2026-08-04T14:35:48,0,개미 생각대로 된다면 다 워렌버핏이게  낼 봐라 ㅋㅋㅋㅋ 이건 성지다 ㅋㅋㅋ
board_body,NAVER,427144837,2026-08-04T14:34:57,0,가네..흠 일단 245000원에 비중 좀 덜면 되는거지?..하두 많이 당해서 걱정된다.
board_body,NAVER,427144812,2026-08-04T14:34:35,4,8월 벌써 2일 : 키스트론 +5 심텍       +7 ​ 3일 : 광전자 + 8 대웅제약 + 5 ​ 아직 훨씬 많네요. 거짓말 같으면 말고 간절하면 오세요
board_comment,NAVER,427144812,2026-08-04T14:35:53+0900,0,지금까지 님 적중률이8할 이상은 되던데.. 재능기부하러 오신건가요?
board_body,NAVER,427144775,2026-08-04T14:34:13,1,에라 삼전 도망가네 ㅎㅎ 아쉽구만?
board_body,NAVER,427144766,2026-08-04T14:34:08,0,"몇 안되는 증거금 20퍼 짜리다 6월이전에 20% 짜리 졸라 많았는데 최근 대부분 30%로 변경되고.. ​ 네이버 포함 극히 일부분만 20% 유지임.. 삼닉이도 30퍼 변경된거 좀 의외더라.. ​ 금융 증권주 제외하고... 네이버 카카오 현대모비스 현대 글로비스.,,, 일단 4종목 찾았다.. ​ 또 있냐?"
board_comment,NAVER,427144766,2026-08-04T14:36:34+0900,0,어쩌긴 뭘 어쩌..  나처럼 풀미수베팅 하는 사람은 그거이 신경 쓰여 ㅋㅋㅋㅋㅋㅋ
board_comment,NAVER,427144766,2026-08-04T14:35:27+0900,0,어쩌라고?
board_body,NAVER,427144708,2026-08-04T14:33:36,3,바~~아로 궤폭락 종가는 21층 걱정 ㄴㄴ ㅋㅋㅋㅋㅋㅋㅋㅋㅋㅋㅋㅋㅋㅋㅋㅋ
board_body,NAVER,427144691,2026-08-04T14:33:27,5,자 곧 문닫아요 미리 얘기햇다
board_body,NAVER,427144688,2026-08-04T14:33:26,3,수급 반도체로 다시 쏠리는 중 이제 여기도 끝
board_body,NAVER,427144643,2026-08-04T14:33:01,4,이번달 40만원 40만원 까지 올려놓으면 퀸수연
board_body,NAVER,427144565,2026-08-04T14:32:18,4,개미야 팔어라 니들은 어차피 못 먹어  본전 왔음 정리 해~~ 니네는 많이 못 먹어 본전 왔음 팔아야지
board_body,NAVER,427144496,2026-08-04T14:31:41,0,"207,803 80주 2주 팔자마자 3000원 상승"
board_comment,NAVER,427144496,2026-08-04T14:33:06+0900,0,79주만 팔아주세요 😍
board_body,NAVER,427144368,2026-08-04T14:30:24,0,돈있음 네이버사라 부자된다.
board_body,NAVER,427144203,2026-08-04T14:28:53,5,인간적으로 브이아이 한번가자 개이버 티내지 말고 VI 한번걸자
board_body,NAVER,427144164,2026-08-04T14:28:29,4,자자 팔사람들은 언능 파시고요 자자 팔사람들은 언능 파시고요
board_body,NAVER,427144021,2026-08-04T14:26:59,7,장대양봉ㅅㅅㅅㅅ나로호 발사 직전 개미들아 빨리 팔고 나가라 혼자있고 싶다
board_comment,NAVER,427144021,2026-08-04T14:27:31+0900,0,23까진 홀딩이지
board_body,NAVER,427144001,2026-08-04T14:26:48,8,반도체에서 넘어왔습니다 꾸뻑!!!!
board_comment,NAVER,427144001,2026-08-04T14:32:53+0900,0,쩌~어기 구석에 찌그러져 있어라~
board_comment,NAVER,427144001,2026-08-04T14:31:22+0900,0,잘하셨습니다.
board_comment,NAVER,427144001,2026-08-04T14:30:56+0900,0,다시 돌아가주세요 ㅋㅋ
board_comment,NAVER,427144001,2026-08-04T14:29:52+0900,0,신입받아라
board_comment,NAVER,427144001,2026-08-04T14:27:46+0900,0,어서오고
board_body,NAVER,427143649,2026-08-04T14:23:18,5,오늘 제발 삼전만 넘어서자 힘내라 개이버 윗꼬리 잡아먹자
board_body,NAVER,427143519,2026-08-04T14:22:06,6,싸워 오늘 주식장에서 싸워 바보같은 행동으로 손절하는 그런거 절대안돼 매 순간 순간 순간마다 싸워 나 오늘 여러분 그거 볼거야 ​
board_comment,NAVER,427143519,2026-08-04T14:26:14+0900,0,ㅋㅋ
board_body,NAVER,427143518,2026-08-04T14:22:05,6,개미분들 적당한가격에파세요 다른.올라갈수있는것들많이있습니다. 부탁합니다. 팔아주세요
board_body,NAVER,427143498,2026-08-04T14:21:53,5,더 흔들어 주세요...개미들 떨어지게 위..아래...위위...아래아래
board_body,NAVER,427143437,2026-08-04T14:21:21,2,"제 평단가는요? 224,101원이에유 정찰병 10명만 남겨뒀어유 여기서 더 오르면 정찰병  팔아서 저녁에 치킨 사먹을거에유"
board_body,NAVER,427143232,2026-08-04T14:19:36,6,윗꼬리 잡아무러 가즈아... 그럼 애프터도 상승 나온다.. ​ 개미덜 달려 들겨 ㅋㅋㅋㅋ ​ 프매야 쫌만더 사주라..
board_body,NAVER,427143193,2026-08-04T14:19:15,2,네이버도 광주로 이전해라. 그게 지금 정부기조고 삼전닉스가 주가가 오른 이유다
board_body,NAVER,427143176,2026-08-04T14:19:05,3,한 이틀이나 삼일 올라서 25.5는 찍음 함 믿어보셈 단 이란이나 트럼프가 또 도라이짓 안한다는 전제 하에
board_comment,NAVER,427143176,2026-08-04T14:23:51+0900,1,요런글나오면 희안하게 20 만다시 깨지드라
board_body,NAVER,427143074,2026-08-04T14:18:15,6,여따 안티질 글쓰면 개미가 팔아서 올라갈거라는 모지리같은 생각하는게 참 한심하다
board_comment,NAVER,427143074,2026-08-04T14:28:14+0900,0,전 30만원갈 때 안티글보고 팔았는데.... 개꿀
board_comment,NAVER,427143074,2026-08-04T14:18:55+0900,2,"반대로, 아니라고 부정한다고 변화가잇을거라고 믿는 너도 한심하다"
board_body,NAVER,427142718,2026-08-04T14:15:43,3,"얘들아, 내가 오늘 23줄때 전량매도 한 이유 말해줄까 새겨들어라  개미가 25만원대에 바글바글한데 세력이 미쳣다고 다 탈출시켜주겟냐 본전오면 질려서 나갈꺼뻔한데 감질맛나게 23만정도선에서 희망고문하면서 단물 쪽쪽 빨아묵고(개미는 본전이 코앞이라 절대 못팜) 다시 지하실 가는거여,,, 한두번속냐 솔직히 얘들아, 오래된 주주라면 말안해도 속으로 끄덕끄덕 할테지 새겨들어라"
board_comment,NAVER,427142718,2026-08-04T14:26:25+0900,3,그 논리대로라면 삼전이랑 하이닉스는 어떻게 설명함
board_comment,NAVER,427142718,2026-08-04T14:24:25+0900,3,어디 아프냐?
board_comment,NAVER,427142718,2026-08-04T14:21:17+0900,2,찬티는 아는데 아는척은 하지 마라 ㅋㅋ 왜이러케 아는척하는 비으응들이 많냐
board_comment,NAVER,427142718,2026-08-04T14:19:51+0900,1,"그걸 다 잡아먹고 올리는게 미친 상승인건데욤..
본전에 팔아줄 개미 많으면 다 흡수하고 30층 위로 올리는게 폭등 시나리오임.. 
근데 네이버는 사리가 나올 정도로 올렸다 하한가 밀었다가 해놔서 본전 탈출 많이들 할거 같기도 함"
board_comment,NAVER,427142718,2026-08-04T14:19:42+0900,0,"14만명이나 탈출시켜주겟냐,, 생각들을 쫌"
board_comment,NAVER,427142718,2026-08-04T14:18:19+0900,1,니 jot
board_comment,NAVER,427142718,2026-08-04T14:17:10+0900,3,아따 말많네 팔았으면 꺼지라 좀 ㅎㅎ
board_comment,NAVER,427142718,2026-08-04T14:16:55+0900,1,❤️
board_comment,NAVER,427142718,2026-08-04T14:16:12+0900,3,애잔
board_comment,NAVER,427142718,2026-08-04T14:15:48+0900,0,새겨들어라
board_body,NAVER,427142516,2026-08-04T14:14:29,1,거래대금이 너무 안터진다 시원하게 3조 이상 터져주면 저번처럼 단발성이든 우상향이든 간에 30만원 터치 하러 갈텐데 오전10시 전에 거래대금이 4천억이 넘게 터졌는데 2시가 넘어간 지금도 1조가 안터쟜네ㅜㅜ
board_comment,NAVER,427142516,2026-08-04T14:21:57+0900,0,요새는 정규시장 시간에 거래 급등 잘 안시킴. 매도세도 있고 넥스트에 싸게 살수도 있고 결국 가긴 갈겁니다. 30만원은~ 묵은 고점 42만원이 문제지.
board_body,NAVER,427142201,2026-08-04T14:11:54,6,낼은 반도체가 크게 갑니다 반도체 조정 마무리 국면 네이버는 이미 무리하게 많이 오른거 같네요
board_comment,NAVER,427142201,2026-08-04T14:23:55+0900,0,너어는 진짜 너무한다. 10배 오른 또도체랑 이제 15프로 오른 네이버를...
board_comment,NAVER,427142201,2026-08-04T14:14:35+0900,0,ㅋㅋㅋㅋ 귀여워!!
board_body,NAVER,427142188,2026-08-04T14:11:48,5,니들 바보냐 올라가는거 구경하는 바보들아 ​ 잘보고있어~
board_body,NAVER,427142127,2026-08-04T14:11:10,8,솔직히 네이버 주주로서 평단 190000원에 물량도 많지도 않지만 20만원 아래서 사서 20만원 위에서 판다는 저런 주린이들 털고 시원하게 쏘길 바라는 마음도 있지만 이왕 자리 잡은거 저딴소리 안나오게 후딱 25만원 위에서 놉시다
board_comment,NAVER,427142127,2026-08-04T14:15:31+0900,0,"20아래에 주워서 20위에서 팔면 고수지
주린이가 아니라.."
board_comment,NAVER,427142127,2026-08-04T14:14:48+0900,0,대부분이 평단25다. 너도 탈출하고싶구나
board_body,NAVER,427142044,2026-08-04T14:10:18,8,지금이라도 손절하고 삼전닉스 저점 잡으면 낼 크게 먹는다
board_comment,NAVER,427142044,2026-08-04T14:19:16+0900,0,빨리가셔 주도주 바뀌는거 안보이누 ?? 참 !!
board_comment,NAVER,427142044,2026-08-04T14:11:11+0900,0,낼은 반도체가 크게 갈꺼 같긴해
board_body,NAVER,427141970,2026-08-04T14:09:33,6,햐 막판에 치켜 올리네 ㅋㅋ 이정도면 우리 개이버가 달라졌어요 아니냐고.. ㅋㅋㅋㅋ ​ 상승 추세 탄거 같은디...ㅎ ​ 이대로 안꺾이면 애프터도 상승나오고 낼도 급등 나오것다..
board_comment,NAVER,427141970,2026-08-04T14:14:28+0900,0,그래도 거대대금 5위여..
board_comment,NAVER,427141970,2026-08-04T14:12:02+0900,0,움직임이 그 동안이랑 다른건 맞는데 거래대금이 너무 안터져서 의심스럽😢
board_comment,NAVER,427141970,2026-08-04T14:10:14+0900,0,그래봤자 네또속
board_body,NAVER,427141969,2026-08-04T14:09:32,0,ㅠ ㅠㅠㅠㅠㅠㅠㅠ
board_body,NAVER,427141922,2026-08-04T14:09:03,4,주포 형님 감사합니다. 민수야~~~ 우리 민수 하이닉스 안 사고 네이버 30만원 고점에 샀어도 크게 손해 안 봤을텐대 민수야 남은 30% 네이버 사 ​ 저가 대비 4배 이상 급등=개잡주 작전주=하이닉스 ​ 삼전닉스는 설거지중.  상한가=개미 꼬시기 ​ 주포형님  오늘 충분합니다. ​ 사실 하루 500원만 올라도 감사합니다.
board_body,NAVER,427141883,2026-08-04T14:08:40,1,털린 흑두루미 읎제?? 꽉 붙들고ㅜ있으랑께
board_comment,NAVER,427141883,2026-08-04T14:19:57+0900,0,오늘이 몇요일 이여?
board_body,NAVER,427141794,2026-08-04T14:07:50,6,"네이버 외국인/기관 1,500억 대량순매수 네이버 외국인/기관 1,500억 대량순매수"
board_comment,NAVER,427141794,2026-08-04T14:09:00+0900,0,700억 샀습니다
board_body,NAVER,427141729,2026-08-04T14:07:01,2,오눌올락르니 내일은 떡락이겟네 개이버 절대 시세안준다
board_comment,NAVER,427141729,2026-08-04T14:14:20+0900,0,라고 할 때 살껄!
board_body,NAVER,427141571,2026-08-04T14:05:25,6,내일은 25갔다가 24.5마무리 갑니다~~~ 싸랑해요 네이버~~
board_body,NAVER,427141356,2026-08-04T14:03:13,4,걍 한번 시원하게 쏘고 싶다 조루도 아니고 지루도 아니고 간만에 시원하게 쏘곶싶다니까
board_body,NAVER,427141166,2026-08-04T14:00:56,7,물린 매물이 많던말던 올라갈 주식은 올라간다 쳐 물려 매물이 많던말던 올리면서 털어낸다 ​
board_body,NAVER,427140948,2026-08-04T13:58:43,1,팩트는 원숭이도 돈을 번다는거임 숫자오면 매수하고 ​ 숫자오면 매도하고 ​ 네이버는 그게 돼 ​ 장을 예측하는건 사람이라서 하는게 아니야 ​ 그냥 학습으로 축적된 확률일 뿐이지 ​ 알량한 학습은 ai한테 밀리지만 ​ 그럼에도 월 1000 에는 무리가 없지
board_comment,NAVER,427140948,2026-08-04T14:04:41+0900,0,원숭이 매매법은 내일까지 하는걸로 🐵
board_comment,NAVER,427140948,2026-08-04T14:00:40+0900,0,그 원숭이 중에 하나가 너라는 말이넹 키햐~!
board_comment,NAVER,427140948,2026-08-04T13:59:48+0900,0,ㅇㅈ  20아래에 사서 22위로 팔기
board_body,NAVER,427140932,2026-08-04T13:58:36,3,23에 매도폭탄이네 오르면패대기 반복이네ㅋㅋ 데센중에도힘이젤읍네
board_body,NAVER,427140906,2026-08-04T13:58:23,5,걍 네이버만 사라고 하닉삼성가서 마음 졸이면서 사고싶냐?
board_body,NAVER,427140764,2026-08-04T13:56:51,3,쫌팔라고 다팔아 개미가 안파니까 더이상 안가잔아 안티가 주가올라가라고 개미털기 하고있고 찬티기 주가 떨어지라고 개미 꼬시잔아 내일백방 떨어진다고 종가도 어차피 떨어져 내일 떨어질거 같아 개미들 허버 던질거니까 그니 어여팔아라
board_comment,NAVER,427140764,2026-08-04T14:06:08+0900,0,지만 스마트개미인척 하네 ㅋㅋㅋ
board_comment,NAVER,427140764,2026-08-04T13:58:30+0900,0,ㄹㅇ
board_body,NAVER,427140751,2026-08-04T13:56:42,1,주린이들 털리고 맴맵거리네... 분위기 모르겠어? 턴하고 시적이잔아... . 안보이니?
board_body,NAVER,427140689,2026-08-04T13:55:58,0,슬슬 오후장 준비하자 주가 방향성 타진 구간  다들 맛점들 했냐? 오후장 준비 하자 . 주가가 위로 갈지 아래로 갈지 아님 옆으로 더 길지 방향성 타진구간이다 뭐 여기서 팍 튀고 그런 경우는 아직 아니다 ​ ​ 아직 좀 더 옆으로 더 기어가야 한다. 한 2시 넘어 계단식 우상향으로 갈수잇다 ​ 5분봉 5분틱 다 보면 계단식으로 위로 치고 갈 준비하고 있다
board_comment,NAVER,427140689,2026-08-04T14:05:52+0900,0,이것도 삼전 30만원에샀네 하...왜이러냐 네이버주주들은..
board_body,NAVER,427140684,2026-08-04T13:55:56,5,축하드려요~~~ 이번에 다시 30가는 반등이라고 합디다ㅋㅋㅋㅋㅋ
board_body,NAVER,427140611,2026-08-04T13:55:08,1,아빠 아빠도 반도체 26년에 샀다하지 않았어요? 근데 우리는 왜 집 없어요? 친구 아빠들은 그때 수익내서 집샀다던데 아들아 아빠는 네이버에 쳐 물려있다가 반도체로 갈아탔는데 아직도 물려있단다 예잇~ 이놈아!!
board_comment,NAVER,427140611,2026-08-04T13:57:42+0900,0,ㅋㅋㅋㅋㅋㅋㅋㅂㅂㅂㅂㅇㅅㅅㅅㅅㅅㅅㅅ
board_comment,NAVER,427140611,2026-08-04T13:56:05+0900,1,유행 지난거~ 창의성 없음
board_comment,NAVER,427140611,2026-08-04T13:56:00+0900,1,네이버 -30% 손절후 반도체 가서 반토막 ㅋㅋㅋㅋㅋㅋㅋㅋ 진심 아무것도 안남았을듯ㅋㅋㅋㅋㅋㅋㅋㅋ
board_body,NAVER,427140571,2026-08-04T13:54:42,1,23 종가23000기대
board_body,NAVER,427140478,2026-08-04T13:53:45,7,네이버 이제 발톱 드러 냈네 ㅋㅋ 지난주 삼전 닉스 상에 팔고 ​ 이제 안오른 종목 키맞추기 한다고 했음... ​ 곧 30만 뚫고 올라갈것... ​ 단기 고점 33만
board_comment,NAVER,427140478,2026-08-04T14:08:17+0900,0,네이버는 주체가 없으니 발톱을 드러냈다 라는 표현은 맞지 않지
board_body,NAVER,427140130,2026-08-04T13:50:04,1,쭈쭈바네... 쭉쭉 빠라먹네..
board_body,NAVER,427139971,2026-08-04T13:48:12,2,"225,000원 더 이상 밀리면  out"
board_body,NAVER,427139726,2026-08-04T13:45:37,8,개미분들 빨리 팔고 삼전닉스 가세요 부탁합니다
board_comment,NAVER,427139726,2026-08-04T13:55:27+0900,0,수익률이 400퍼로줄긴했습니다만 계속사고있어요
board_comment,NAVER,427139726,2026-08-04T13:50:18+0900,0,하닉 129만에 이미 진입해있는데욤..
board_comment,NAVER,427139726,2026-08-04T13:46:31+0900,0,이미 가서 반토막 ㅋㅋㅋㅋㅋㅋ 네이버는 -30% 손절치고 가서 반토막행ㅋㅋㅋㅋㅋㅋㅋㅋㅋ
board_body,NAVER,427139660,2026-08-04T13:44:59,2,오늘은 왜 안내려가??? ?????
board_body,NAVER,427139570,2026-08-04T13:44:10,6,네이버 팔았나? 팔고 어디로 갈껀데~ 떠돌이 개미 종나 많은거 안다. 추천해줘봐. 1주 사서 지켜볼께
board_comment,NAVER,427139570,2026-08-04T13:56:29+0900,0,코아스
board_comment,NAVER,427139570,2026-08-04T13:49:39+0900,0,게
board_comment,NAVER,427139570,2026-08-04T13:47:11+0900,0,같은 테마면 sk텔레콤이 오늘 움직임은 더 좋은데요??
board_body,NAVER,427139432,2026-08-04T13:42:45,5,"23은 당분간 어렵겠네요, 당분간 : 3년 ㅋㅋㅋㅋㅋㅋㅋㅋㅋ"
board_comment,NAVER,427139432,2026-08-04T13:43:20+0900,2,딸배 배달안하노
board_body,NAVER,427139420,2026-08-04T13:42:35,7,아빠! 우리는 왜 집이 없어요? 2026년에 반도체 불장때 옆집은 수익내서 집 샀다던데 아들아 아버지는 네이버에 쳐 물려있다가 반도체로 갈아탔는데 아직도 물려있단다 이놈아!
board_comment,NAVER,427139420,2026-08-04T13:51:14+0900,0,ㅂㅂㅂㅂㅂㅂㅂㅂㅂㅂㅂㅇㅇㅇㅇㅇㅇㅇㅇㅇㅇㅇㅇㅅㅅㅅㅅㅅㅅㅅㅅㅅㅅㅅ
board_body,NAVER,427139358,2026-08-04T13:41:57,1,오늘 장초반에 팔았어야 됏나? ​ .. . . .. . . . . . 이슈는 많아서 갈거 같기는한데  그동안 뒤통수 맞은게 많아서 ​ 너무 불안하네요 ​ 그냥 오전장 초반에 먹고 나왔으면 어땠을까 하네요 ​ 다시 눌림오면 그때 진입하면 될거 같은데  이거뭐 알수가 없으니 ​ 그냥 참고 가볼랍니다. ​ 모두 성투하세요~! ​ ​
board_body,NAVER,427139342,2026-08-04T13:41:43,4,내가 아는 네이버는 여기서 내렸음 내렸지 더 오르진 않음 ​ 아마 22만원 근처에서 마감칠거임 내일은 모르겠음
board_comment,NAVER,427139342,2026-08-04T13:48:14+0900,1,남돈벌때 주구장창 잃기만하지?ㅎㅎ
board_comment,NAVER,427139342,2026-08-04T13:42:31+0900,2,그래서 님은 네이버로 못벌었죠? 잇힝~ ㅋㅋ 난 벌었는데
board_body,NAVER,427139097,2026-08-04T13:39:02,7,외인 기관 금투 연기금 반도체 팔고 네이버로 헤쳐모여!!! 외인 하나 기관 둘 금투 삼 연기금 넷 번호 끝!! 개미는 털리시고~~~~
board_body,NAVER,427138906,2026-08-04T13:37:03,7,젠슨황이 치킨뼈로 발라먹은 시체들 평단25이상 분리수거 힘들다 오늘 시세면 딱 먹고 나오기 좋다 ​
board_body,NAVER,427138762,2026-08-04T13:35:28,6,절세 미인 최수연 언니 덕에 노후 설계 끝 ​
board_body,NAVER,427138755,2026-08-04T13:35:26,3,앤비디아가 네이버에 직접 돈을 테웠잔아.. 3대주주 이건 전략적 파트너라 이거지... . 장비 누구먼저 주겠니...
board_body,NAVER,427138606,2026-08-04T13:33:37,2,주식소각했나요 공시가왜안뜨죠???
board_body,NAVER,427138550,2026-08-04T13:33:03,0,자자 나 처럼해봐 자자 1억으로 시작 한다  치자 18만원대ㅡ1억 매수 해야해 19만원대ㅡ8천 매수 해야해 더 떨어지면 2천 추가매수 ​ 그리고 기다려 22만이상 오면  70%매도 그리고 23만이상 오면  올 매도! ​
board_comment,NAVER,427138550,2026-08-04T13:45:55+0900,0,적정 주가는 16만원이니 돈 버리고 싶으면 그렇게 하세요 ㅉㅉ
board_comment,NAVER,427138550,2026-08-04T13:38:40+0900,0,왜 그렇게해 18에 전재산 몰빵치지
board_body,NAVER,427138418,2026-08-04T13:31:40,8,평단  30은 못갈거 같아서 일부 손절처리 얘는 지독해ㅈ.
board_body,NAVER,427138381,2026-08-04T13:31:12,6,"수주공시 나오면 실적 전부 반영함ㅋㅋ 네이버 사업구조 공시에 밝혔지만 신사업 리스크 0에 가까움ㅋㅋㅋ AIDC 수주계약은 산업특성상 장기계약함. 매출에서 브룩필드 자산 이용료 제하고 영익잡힘. ​ 일반 산업에서는 실적 가늠이 안되니까 선반영에 한계가 있음. 잘될지 안될지 알수도 없고 ㅋㅋㅋㅋ 근데 AIDC는 수주계약이 곧 실적으로 그대로 찍히는 확정 구조임. ​ 200메가 수주계약뜨면, 시장은 1기가의 성공까지 반영해버림.ㅋㅋㅋ ​ AIDC 실적이 아직 안나온다는 흑구들은 계속 반도체에서 인생후진기어 넣고 본전 오기만 기다리면 됨 ㅋㅋㅋㅋㅋㅋㅋㅋㅋㅋㅋㅋㅋㅋㅋㅋㅋ"
board_comment,NAVER,427138381,2026-08-04T13:58:46+0900,0,다른 주식들 기대감만으로도 per80 per8 이상도 주는데
board_comment,NAVER,427138381,2026-08-04T13:32:52+0900,0,그니까 이제 다음 시선은 과연 어디랑 얼마만큼의 계약인가가 중요한데. 나도 궁금하네  잘되면 좋겟답 ㅋ
board_body,NAVER,427138363,2026-08-04T13:31:01,0,살려줘~~~~~ 이러다 다 죽어!
board_body,NAVER,427138117,2026-08-04T13:28:08,3,내일부터 대폭락이다 대폭락ㅅㄱ
board_comment,NAVER,427138117,2026-08-04T13:49:15+0900,0,응~~꺼져
board_comment,NAVER,427138117,2026-08-04T13:30:12+0900,0,ㅎㅎ
board_body,NAVER,427137650,2026-08-04T13:23:34,3,코어위브가 아무리 올라 봐라 네이버가 그만큼 따라가나 ㅋㅋㅋ 뭐라도 실적이 있어야지 ㅋ 기대감으로 대형주가 움직이지는 않는단다
board_comment,NAVER,427137650,2026-08-04T13:25:57+0900,0,그리고 너는 뭐 어디 아프냐? 댓글모음보는데 종토방에 30분마다 글쓰고있네 진짜 그정도면 광기다 제발 현실을 살아라
board_comment,NAVER,427137650,2026-08-04T13:24:55+0900,1,이놈들은 실적잘나오면 기대감과 미래성장 얘기하고 기대감얘기하면 또 실적얘기하고있네 안티 니들끼리 합의좀보고와라
board_body,NAVER,427137644,2026-08-04T13:23:30,6,신한창구 조사좀 해봐라 머하는 넘이 재뿌리는지
board_body,NAVER,427137589,2026-08-04T13:22:53,6,개이버에 목메달하지말고 줄때 머거라 ​ 자고로 냄비와 개이버는 줄때먹어야 한다는 고조선 시대부터 내려오는 격언이있다 ​ 안그럼 새된다
board_body,NAVER,427137561,2026-08-04T13:22:38,5,"네이버 외국인/기관 1,400억 대량순매수 네이버 외국인/기관 1,400억 대량순매수"
board_body,NAVER,427137399,2026-08-04T13:21:01,2,팁주께 24밑은  막놀아 알제???? ㅎㅎ
board_comment,NAVER,427137399,2026-08-04T13:24:37+0900,0,24에 처 물렸노ㅋ
board_body,NAVER,427137388,2026-08-04T13:20:53,2,많이 오르네요 네이버 이젠...제대로 가나요 ㅋㅋ
board_body,NAVER,427137364,2026-08-04T13:20:40,0,"누가 계속 223,000원에  초파리처럼 알을 까놓는거냐 ㅋㅋㅋㅋ그래도 상한ㅅㅅㅅ"
board_body,NAVER,427137288,2026-08-04T13:20:03,0,사자마자 발묶인거 실화냐ㅠ
board_comment,NAVER,427137288,2026-08-04T13:20:50+0900,0,거의 11시부터 2시간째 이가격에서 횡보중인데 발이 묶일수가 있냐
board_body,NAVER,427137278,2026-08-04T13:19:58,3,게미분들 이제 다른주식으로 넘어가주세요 이제 후달리잖아요 쫄리시면 참지말고 스위칭하세요
board_body,NAVER,427137236,2026-08-04T13:19:33,1,오후에 상승하면 네이버 종토방에 더 이상 글 안쓸게요 진심 ㅋㅋ 그럼 내가 알던 네이버가 아닌거니까 근데 종가는 어차피 5%대 상승 마감 할거임 몇개월간 진짜 관찰 열심히 했음 그리고 내일 오늘 상승분 반납하는 음봉 뜰거고 ㅋㅋ
board_comment,NAVER,427137236,2026-08-04T13:46:59+0900,0,"보통다 많이올랐가
종가에 대부분. 빠져
유치하게 가스라이팅좀 하지마라"
board_comment,NAVER,427137236,2026-08-04T13:27:43+0900,0,안전하게 상승 흐름 타면 들어가려고 관찰하는 중이지 안티가 아니란 말입니다 ㅋㅋ
board_body,NAVER,427137131,2026-08-04T13:18:24,0,고만 팔자 이젠   가자 가자
board_body,NAVER,427136980,2026-08-04T13:16:55,2,차트가 이쁘게 다져졌네요~ 상한가 치자!! 제발 상한가로 장마감 제발!
board_body,NAVER,427136971,2026-08-04T13:16:53,1,오늘 개미 70만주 이상 털리것네 좋아좋아~~~
board_body,NAVER,427136858,2026-08-04T13:15:57,0,삼닉은 어짜돴든 개투들 기쁨과슬픔을 주는데.. 이친구는 변함없이 꾸준하네... 그간행태가 찍힐만한 행동이었지. 주주기만의 기업이니..
board_body,NAVER,427136726,2026-08-04T13:15:01,3,진짜 팔아주는 개미들 너무감사하다 감사합니다 사랑합니다 팔아서 삼전닉스사주세요
board_body,NAVER,427136692,2026-08-04T13:14:42,0,아놔 막판에 고개를 들것인가 꼬로록 잠길것인가 단타로 돈벌었다고 인증 자랑질 하는 사람들 절대 돈 못벌어 패가망신한다 잘 새겨들어
board_body,NAVER,427136627,2026-08-04T13:14:12,13,"절대 장투하면 안되는 코스피 대형주  1, 개이버 2. 엘쥐전자 3. 좃트리온"
board_comment,NAVER,427136627,2026-08-04T13:45:54+0900,0,3.2.1번순 ㅋㅋ
board_comment,NAVER,427136627,2026-08-04T13:18:09+0900,0,3번 ㅊㅊ
board_comment,NAVER,427136627,2026-08-04T13:16:33+0900,0,종목변경 헬쥐전자
board_body,NAVER,427136581,2026-08-04T13:13:42,5,개이버가 점심시간 지나서 오를거라고 1이라도 생각한 머구리가 있다는게 놀랍다 ​ 조짭고 반성해야한다
board_body,NAVER,427136566,2026-08-04T13:13:36,2,소각공시 완료나 띄워라 어서~~~
board_body,NAVER,427136531,2026-08-04T13:13:22,5,소각공시 자체를 소각해버리는 클라스 게이버 답다 ​
board_body,NAVER,427136344,2026-08-04T13:11:44,7,오후에 급락각이네요 종가보합
board_comment,NAVER,427136344,2026-08-04T13:12:15+0900,0,짜증난다
board_body,NAVER,427136221,2026-08-04T13:10:39,5,"데이타센터 주도주는 누가뮈래도...네이버가,, 아니다 삼성에스디에스다..수급힘이 쎄다 개이버보다 훨씬.. 개이버는 힘이 없다 비아그라나 먹여라"
board_comment,NAVER,427136221,2026-08-04T13:47:19+0900,0,그걸. 인제서야. ㅋㅋ
board_body,NAVER,427136211,2026-08-04T13:10:32,4,간다 간다 2시 뿅 간다 어제는 예측이 실패했지만 오늘은 약속의 2시 상한가로 간다 간다 뾰옹 가~~~즈아!
board_body,NAVER,427136149,2026-08-04T13:09:57,5,차트 이쁘다. 오랫만에 네이버 가는거 보겠네요.
board_body,NAVER,427136016,2026-08-04T13:08:42,2,갭떳다~~~어차피 204500원 유증가 못벗어나 갭뜬거 안보이냐?? 물리려고 쯔쯔
board_body,에코프로비엠,427143089,2026-08-04T14:18:21,1,진짜 왕 짜증 날씨도 덥은데 이게 뭐하는건지 시원하게 한방 주소
board_body,에코프로비엠,427142935,2026-08-04T14:17:13,3,에코머티도 실적 박살 ㅋㅋㅋㅋ매출도 없는데 무슨 유증 ㅋㅋ 진짜 사기 그자체네 이런 사기를 빨아주는 찬티들땜에 더문제임 그러나 회사가 이렇게 대놓고 사기치지
board_body,에코프로비엠,427142606,2026-08-04T14:15:06,2,비엠이실적이안좋은데 에코프로가실적이좋을리가있냐... 선반영인줄알았드만 또 공매처맞네
board_body,에코프로비엠,427141290,2026-08-04T14:02:31,3,지수가 이틀간 8프로 올랐는데  지수 반도 못 따라 붙는거보면 여기는 답 없음 ㅋㅋㅋㅋㅋ 매물은 14층이 수두룩한데 12층도 못감 ㅋㅋㅋㅋㅋㅋ 동채의 사기라는걸 모두가 아는거지
board_body,에코프로비엠,427140717,2026-08-04T13:56:23,2,"8월 3일~~~!!!!!!! 삼성전자~ 공매도 수량 ; 4,581,393주 공매도 비율 ; 8.64 % 공매도 금액 ; 1,110,348,000,000원 간 땡이가 부었네~~~!!!!!!!   ㅋㅋㅋ ㅋㅋ ㅋㅋㅋ"
board_body,에코프로비엠,427140613,2026-08-04T13:55:09,1,"매도 리포트 쓰고 졸라 강아지처럼 쳐대잖아? 맨날 해오던 짓 ​ 근데 오르잖아 누구는 25마넌, 20마넌 보는 리포트도 있거든 ​ 광어눈 같은 눈으로 쳐다보지말고 똑바로 한번 쳐다봐라 ​"
board_body,에코프로비엠,427139251,2026-08-04T13:40:51,2,에코야 영어하는 직원 없냐? 포지션 노출 됫구만 제이피 모건 골드만 메를린치 숏 블랙록 롱~ 블랙록이랑 시티나 좀 찾아가서 영업 좀 해바라 맨날 바쁜 쩌리애들 모아 밥맥이며 하소연하지말고~
board_body,에코프로비엠,427139160,2026-08-04T13:39:51,0,주접들떨지마 오를것도 안올라
board_body,에코프로비엠,427137538,2026-08-04T13:22:22,3,반도체주 오르는동안 하락만했으니 얼마나 떨어진거야? 어휴
board_comment,에코프로비엠,427137538,2026-08-04T13:27:27+0900,0,이제는 이차전지 시간
board_body,에코프로비엠,427136621,2026-08-04T13:14:09,0,프로그램이 너무 던지니까 주가가 힘을못쓰네 프매가 매수로돌아서야 좀더 오를텐데
board_body,에코프로비엠,427135491,2026-08-04T13:03:30,2,코스닥에 수급이 들어와/삼전닉스와 달리 움직여/8월부터 코스닥 상승장 예상 코스닥이 처음에는 삼전닉스가 상승하면 동반상승하고 삼전닉스가 빠지면 같이 빠지는 등 삼전닉스와 동조화 현상을 보였는데 이제는 삼전닉스와 별도로 움직이고 있다. 9월 코스닥 활성화 대책을 앞두고 8월부터 기관과 외국인 등이 코스닥예 수급이 들어오고 있다 코스닥 시가총액 상위 종목인 에쿄프로와 에코프로비엠이 수혜를 받을 것이다
board_body,에코프로비엠,427131916,2026-08-04T12:22:51,3,엄청나 유증받고 싶어 얘들 줄섰네
board_body,에코프로비엠,427131559,2026-08-04T12:19:24,2,목표가 10만원 도달했네. 축하한다.
board_comment,에코프로비엠,427131559,2026-08-04T13:53:27+0900,0,왜 축하함? 님 나 알아요? 박애주의자세요? 아니잖아요 꼴값 ㄴㄴ 니살길이나 사세요. 남의 인생에 기웃기웃~ 쫌팽이세요?
board_comment,에코프로비엠,427131559,2026-08-04T13:01:30+0900,0,너 집구석 마누라 걱정이나해라
board_body,에코프로비엠,427129230,2026-08-04T11:55:03,4,"차트만 보면 팔 자리는 아니다. 그렇다고 오를 자리도 아니고 그래, 물렸으면 갖고 있어라. 근데 나라면 팔고 딴 거 산다. ㅎ ​"
board_comment,에코프로비엠,427129230,2026-08-04T12:17:55+0900,1,삼전 눈치 보지말고 가자. 코스닥 대장주 복귀실적도 앞으로 차차 좋아진다.
board_comment,에코프로비엠,427129230,2026-08-04T12:04:33+0900,1,차트만 봐도 아직 멀었다.
board_body,에코프로비엠,427128866,2026-08-04T11:51:02,3,엘앤에프하고 합병해라 그래애 중국을이기지
board_comment,에코프로비엠,427128866,2026-08-04T12:03:09+0900,0,니가 회장 해라 ㅋㅋㅋ
board_body,에코프로비엠,427128578,2026-08-04T11:47:40,6,"어제부터 수급이 삼전닉스에서 코스닥쪽으로 순환매 도는거 같다 반도체 섹터보단 그동안 눌려있던 코스닥 바이오, 로봇, 조선, 방산, 화장품, 2차전지, 소외되었던 코스피 종목쪽으로 수급 들어올거 같다. 코스닥 지수는 최소 850~900까지는 반등나올테니 저점에서 물량 털리지 말자"
board_comment,에코프로비엠,427128578,2026-08-04T12:02:06+0900,0,게코형제개똥주들은 해당 없어. 폭락 안 하기만을 빌어라. 게코똥주들은 지금 시장이 받쳐 주고 있다고 생각해라.
board_body,에코프로비엠,427127661,2026-08-04T11:37:25,8,아무도 기대안할때.. 가보자 ~ 비엠아
board_body,에코프로비엠,427124264,2026-08-04T11:06:51,3,에코프로 20일선위로올라타고 거래도괜찮은듯
board_comment,에코프로비엠,427124264,2026-08-04T11:32:32+0900,0,돔황촤~~
board_comment,에코프로비엠,427124264,2026-08-04T11:11:44+0900,0,정상적이면 오늘 같은 날 10퍼 이상은 가야 하지 않겠니? 근데 10마넌을 못 넘어가네. 이러다 장이 빠지면 -10% 가고... 잘 하고 있지. 게코개똥똥주...
board_comment,에코프로비엠,427124264,2026-08-04T11:08:57+0900,0,에코프로가서 적어라 그건
board_body,에코프로비엠,427123867,2026-08-04T11:04:21,11,여름 휴가 쳐가지말고 일해라 영업 안 뛰냐? 계약 안 따 올래? 여름휴가 쳐갈 시간에 일이나 해라 영업 좀 해 주주들 뒷통수 때렸으면 최소한 인간적으로 휴가는 다 반납해야지
board_comment,에코프로비엠,427123867,2026-08-04T13:55:43+0900,0,양심 없나? 너 돈벌려고 샀지. 회사보고 샀냐? 물론 회사는 봤겠지. 근대 그거 돈이 된다는 생각에 산거잖아. 양심 존나 없어요.
board_comment,에코프로비엠,427123867,2026-08-04T11:21:50+0900,0,이런놈들이 해봐야 100주도 없음 ㅋㅋㅋㅋㅋ
board_body,에코프로비엠,427123548,2026-08-04T11:02:11,3,코스닥지수 5퍼오르는데 비엠4퍼 올랏다고 찬티들 기어나오는거보니 다빠지겟네
board_body,에코프로비엠,427121229,2026-08-04T10:47:37,4,"에코프로비엠, 오늘 부터 우상향 예상 8월 15만원에서 18만원 사이에서 거래예상 이번주 또는 다음주 금감원 심사결과 나오면 주가는 계속 상승 예상"
board_comment,에코프로비엠,427121229,2026-08-04T10:49:31+0900,1,진짜로 그랬으면 좋겠네요 😢
board_comment,에코프로비엠,427121229,2026-08-04T10:48:51+0900,0,니 생각... 여기 닭대가리들 호도하지 마라. 워낙 머리가 없어 진짜로 믿을라...
board_body,에코프로비엠,427117585,2026-08-04T10:20:46,10,"에코프로, 인니 니켈 투자로 실적 양호 예싱 그러면 에코프로비엠 주가 큰 폭 상승 예상"
board_comment,에코프로비엠,427117585,2026-08-04T10:48:11+0900,0,빙//  신// 아  인니 니켈은 니 돈으로 사는 거야. 코 묻은 돈으로 사는 걸로 실적 양호 될까? 양극제 만들면 어디에 팔건데.. 삼스디도 포퓨 양극제 사는 것을 적극 검토하고 있다 던데.... 밖에서는 중궈에 밀려 내부에선 포퓨에 밀려 게코는 결국 사라질 수 밖에 없는 거 아닌가??
board_body,에코프로비엠,427115741,2026-08-04T10:09:33,5,어차피 하이닉 망하고 순환매돌거면 코스닥 대장주하던 시절로 돌아가자ㆍ에코야 가자
board_comment,에코프로비엠,427115741,2026-08-04T10:13:45+0900,0,대장주는 바이오나 반도체소부장이 될 것이다. 게코형제똥주들은 코스닥 상위에서 사라질 것이다..
board_body,에코프로비엠,427115121,2026-08-04T10:06:15,8,계속 악의적 리포트 발행하고 공매도 치고 그러다 피똥싼다 니들!
board_comment,에코프로비엠,427115121,2026-08-04T10:25:30+0900,0,회사가 공매세려과 짜고치는 고도리가 아닌가 하는 의심이드는건 나만 그런거야?
board_comment,에코프로비엠,427115121,2026-08-04T10:12:46+0900,0,"악의적인 리포트가 아니고 있는 그대로 쓰지 않았나? 실적 부족, 영업능력 부족 및 수주량 없음, 공장 등 투자에 대한 가동 효율성 제로, 뭐가 악의적인가? 똥채한테 코멘트한다. 2차전지를 꼭 전기차나 Ai, 로봇에만 넣는다고 생각하지 말고 전기차 충전소에 전력 저장, 원자력발전소의 전력 저장 등등등 니네 물건 활용 방법을 찾아 봐라. 맨날 전기차 시장 불황 탓만 하지 말고..."
board_body,에코프로비엠,427114524,2026-08-04T10:03:27,3,오늘 실적 양호하다. 큰폭 상승한다.
board_body,에코프로비엠,427112858,2026-08-04T09:55:28,1,우와 내가 젤로 좋아하는 뜩락 나왔다
board_comment,에코프로비엠,427112858,2026-08-04T10:26:06+0900,0,너 집구석 처럼 말이지
board_body,에코프로비엠,427112618,2026-08-04T09:53:56,1,줄줄줄줄 항상 똑같은 패턴 쳐올리고 줄줄줄줄줄줄
board_body,에코프로비엠,427112226,2026-08-04T09:51:35,1,패드립 전문 샌드야 ㅋㅋㅋ인증좀해라 ㅋㅋㅋ 엉아 어제 서브계좌 인증했잖아 ㅋㅋㅋㅋ ​ 오늘은 정말 메인계좌 인증좀하자 ㅋㅋㅋ ​ 어여 평단 30만원 보여줘 ㅋㅋㅋㅋㅋㅋㅋ
board_comment,에코프로비엠,427112226,2026-08-04T12:37:16+0900,0,너 집구석처럼 말이지? ㅋㅋㅋㅋ   너 집구석 에미 에비한테가서.. 씨브려라 악질 안티 댓글러 3대가 망할것이다 그렇다고 ㅋㅋㅋㅋ ㅋㅋㅋㅋ ㅋㅋㅋㅋ
board_body,에코프로비엠,427111814,2026-08-04T09:49:27,0,여기가 잡주인이유  코스닥이 코스피에 있는 반도체 가격에 영향을 엄청 받는거 그것도 2차전지 아님 ㅋㅋㅋ 반도체 코스닥 시총 알테8프로 쳐올리는데 ㅋㅋㅋㅋ 여기는 그런거 못함 신용이 반대매매 당하거나 나가는 이유가 여기에 있겠지이 아래위로 4프로씩 왔다갔다 하는데 뉴가 들어오겠노 ㅋㅋㅋ
board_body,에코프로비엠,427111756,2026-08-04T09:49:10,2,오늘 에코프로 실적발표/실적좋으면/특히 인니니켈투자/실적  좋으면/비엠 주가큰폭 상승예상 기대가 된다
board_body,에코프로비엠,427110949,2026-08-04T09:45:09,1,물타기 질문 ???(추매) 전문가님들!!! 질문 있습니다. 오늘 더 오를까요?? 종가에 빠질까요??
board_body,에코프로비엠,427110488,2026-08-04T09:43:09,2,엉아가 비엠 적정가 4만원 ㅋㅋ시총 3조대라했다 ㅋㅋㅋ 이것도 후하게 쳐 준거여 ㅋㅋㅋㅋ ​ 금양꼴 안난게 어디여 ㅋㅋㅋ ​ 근데 마진율 3%못벌면서 고per말이되냐 ㅋㅋ
board_body,에코프로비엠,427109888,2026-08-04T09:40:28,3,코스닥 1등 주식이 현재는 완전 잡주가 되어버린 상황 왜 그럴까? 회사도 문제지만 더 큰 문제는 공매도 친 증권사들의 개 장난질 이것을 이기는 방법은 대형 수주가 답 그러나 이 회사는 3년하고도 몇 개월이 지나도 응답이 없다 자기들 회사 가치를 올려 주주 우선보다는 본인들 자리 지키기가 우선인 듯
board_body,에코프로비엠,427109313,2026-08-04T09:37:48,0,10만원 단기 고점이라 했다 ㅋㅋㅋ 이젠 알때도 됐는되 주린이 뿡어덜 ㅋㅋㅋ ​ 어여 튀어 다시 10만원 아래로 간다 ㅋㅋㅋ ​ 2분기 실적 만 어닝쇼크가 아니여 ㅋㅋㅋ ​ 3분기 4분기도 어닝쇼크라 했다 ㅋㅋㅋ ​ 감이 안오니 찬티 뿡어덜아 ㅋㅋㅋㅋㅋ
board_body,에코프로비엠,427106706,2026-08-04T09:25:46,0,30년차)형이야~ 오늘입성신고 늦었어~♡ ​ 수거~^^
board_comment,에코프로비엠,427106706,2026-08-04T09:46:42+0900,0,형 이미손실... 어제 뭐하고
board_comment,에코프로비엠,427106706,2026-08-04T09:34:17+0900,0,빈수레가 요란하구나 그렇다고 ㅋㅋㅋㅋ
board_body,에코프로비엠,427106448,2026-08-04T09:24:39,2,"😎 비엠 목표가 십만대보다 27~30만대 보는 이들이 더 많댄다 십만대 보는 이는 밥이라도 먹고 다니니? 요즘 물가를 모르니?ㅎ 에코프로비엠 목표가 정리일부 증권사는 보수적으로 10만 원대 목표가를 제시하며 단기 실적 부진과 업황 불확실성을 반영.하지만 더 많은 증권사들은 27만~30만 원대 목표가를 제시하며 중장기 회복 가능성을 높게 평가.27만~30만 원대 목표가 근거 전기차 배터리 업황 회복 기대 헝가리 공장 가동 효과 고객사 확대ESS(에너지저장장치) 시장 성장휴머노이드·로봇 등 미래 배터리 수요 확대 기대 수익성 개선 및 실적 회복 가능성 ​ 📌정리 보수 전망 → 10만 원대(일부) 회복·성장 전망 → 27만~30만 원대(다수) 목표가 차이는 단기 실적을 더 크게 보는지, 향후 배터리 업황 회복과 미래 성장성을 더 크게 보는지의 차이.선택된 파일 없음"
board_body,에코프로비엠,427104841,2026-08-04T09:17:38,2,dog잡주 dog폭등중 ㅋㅋㅋㅋ 역시 비엠 ㅋㅋㅋㅋ ​ 실적3분기도 어닝 쇼크 예정 ㅋㅋㅋㅋ ​ 어여사라  신용 미수 몰빵 가즈아 ㅋㅋㅋ
board_comment,에코프로비엠,427104841,2026-08-04T09:34:45+0900,0,너 집구석 처럼 말이지 그렇다고 ㅋㅋㅋㅋ
board_body,에코프로비엠,427102495,2026-08-04T09:06:21,5,실적상관없다 섹터가 다 가면 간다 sdi목표가 두배상향이다 올라가자 국장이 실적으로 간적없다 튀어 오르자 미래가치보고 간다 ​
board_body,에코프로비엠,427102288,2026-08-04T09:05:14,1,실적 발표전에 튀어 ㅋㅋㅋㅋ 실적 알디 ㅋㅋㅋㅋ ​ 어닝 쇼크 ㅋㅋㅋㅋㅋ ​ 근데 반토막이라 ㅋㅋㅋ손절 의미없디??ㅋㅋ
board_body,에코프로비엠,427101964,2026-08-04T09:03:43,1,헐 이게 왜오르지 오를이유가없는데
board_comment,에코프로비엠,427101964,2026-08-04T09:35:30+0900,0,불쌍한 종자 그렇다고 ㅋㅋㅋㅋ
board_comment,에코프로비엠,427101964,2026-08-04T09:10:38+0900,0,니가 리포트에 당한거임  원래그래
board_body,에코프로비엠,427101671,2026-08-04T09:02:44,1,내가 리포트 개나주라 그랬지?? 리포트 설레발치면  올리는거여
board_body,에코프로비엠,427101556,2026-08-04T09:02:18,1,5% 이상 상승했어요 🎉
board_body,에코프로비엠,427101093,2026-08-04T09:00:18,0,에코프로 실적 몇시인가요 몇시에 나오려나 잘나와라
board_comment,에코프로비엠,427101093,2026-08-04T09:17:28+0900,0,엊그제 실적 나쁜것으로 맞았잖아 또 맞지않지
board_comment,에코프로비엠,427101093,2026-08-04T09:05:19+0900,0,2시전 발표
board_comment,에코프로비엠,427101093,2026-08-04T09:02:25+0900,0,적자일텐데 뭘 따지냐...
board_body,에코프로비엠,427100307,2026-08-04T08:52:17,3,코스피 꼭 이전 하겠다 ㅋㅋㅋ알디?? 구라 헝거리공장 유럽시장 교두보  구라 ㅋㅋㅋㅋ ​ 거기에 유증 ㅋㅋㅋ돈이 되면 ​ 3자배정 안하고 주주배정 하겠냐 ㅋㅋㅋ ​ sdi 납품도 못해   캐나다 공장 회계처리도 안해 ​ 산넘어 산이다 비엠ㅋㅋㅋㅋㅋ ​
board_comment,에코프로비엠,427100307,2026-08-04T09:36:09+0900,0,너 집구석 에미 에비처럼 말이지 그렇다고 ㅋㅋㅋㅋ
board_comment,에코프로비엠,427100307,2026-08-04T09:01:48+0900,2,캐나다 공장?? 기초공사에 철골만 세워 놓은게 무슨 공장이야. 철골만 세우면 공장 가동 되냐?? 그나마 사업 철수한다메.. 4천억 투자해서 지금 팔믄 1600억 받을 수 있다메... 근데 누가 그 돈에 무용지물인 물건을 구매할까? 공장은 업종에 따라 설계가 달라야 하는데 철골도 모두 철거하고 다시 지어야 하는데 땅값이 어떤지 몰라도 너무 비싸다.
board_body,에코프로비엠,427100117,2026-08-04T08:49:39,3,대머리 저주한다 손 ? 좋아요 꾹 선무당 +
board_comment,에코프로비엠,427100117,2026-08-04T08:52:20+0900,0,나는 ㄹㅈㅂ 저주하는데
board_body,에코프로비엠,427099861,2026-08-04T08:46:25,4,근데 3년동안 수주안하면 회사 운영비 감당되냐 ㅋㅋㅋㅋ 헝거리 공장 왜 지은거여 ㅋㅋㅋㅋ ​ 포항공장도 못돌리면서 ㅋㅋㅋㅋㅋ ​ 맨날 찌라시 언론 플레이나 하고 ㅋㅋㅋ ​ 회사가 실적으로 말해야지 ㅋㅋㅋ ​ 그리거 이젠 실적으로 증명해야할시기 ㅋㅋㅋㅋ
board_body,에코프로비엠,427099796,2026-08-04T08:45:32,4,유럽공장 라인 정리 1개 - skon 폭스바겐 ㅡㅡㅡ가동중 1개 - 윤다이 ㅡㅡㅡㅡ가동 가을 ​ 뭐야 sdi bmw catl 구라였어 ​
board_comment,에코프로비엠,427099796,2026-08-04T08:52:43+0900,1,"유럽 자동차 업계의 위기: 스텔란티스는 지난해 전기차 올인 전략 실패로 약 40조 원에 달하는 적자를 기록했습니다.르노, 폭스바겐 등 주요 유럽 완성차 업체들도 전기차 판매 부진과 실적 악화로 구조조정을 진행 중입니다

중국차의 급성장: 유럽 시장에서 가성비를 앞세운 중국 전기차(특히 BYD)의 점유율이 매년 급격히 상승하며 유럽 업체들을 위협하고 있습니다

디젤차의 일시적 부활: 전기차 경쟁에서 밀린 유럽 업체들은 중국이 생산하지 못하는 디젤차를 다시 생산하며 자금난을 피하려는 임시방편을 택했습니다"
board_body,에코프로비엠,427099523,2026-08-04T08:42:06,2,좋은 주식 많은데 뭐하러 이런데 있냐? ㅍㅎㅎㅎ
board_comment,에코프로비엠,427099523,2026-08-04T08:42:52+0900,0,물려있는거랍니다  아실만한분이..
board_body,에코프로비엠,427098519,2026-08-04T08:30:35,4,유증 누가 받아 대가리 총 맞지 않는 이상 그렇다고
board_comment,에코프로비엠,427098519,2026-08-04T08:38:31+0900,0,에코비 단톡방 돌아보면 널렸음 ㅋㅋㅋㅋㅋ 희망회로 늪에서 못빠져나오는중
board_comment,에코프로비엠,427098519,2026-08-04T08:32:32+0900,1,유증을 왜 받아. 굳이 사고 싶으면 시장에서 사면 되는데. 유증 후에 시장가가 유증가의 70% 까지 떨어질텐데... 지금 상화이면 유증가 7마넌. 유증후 시장가 5마넌.... 곡 사고 싶으면 연말에 5마넌에 사면 된다.
board_body,에코프로비엠,427098442,2026-08-04T08:29:35,0,에코프로비엠 현 상황 정리한 기사 http://www.dailyinvest.kr/news/articleView.html?idxno=71666
board_body,에코프로비엠,427098397,2026-08-04T08:29:00,2,어제는 파랭이 1등~~지금은 빨갱이 꼴찌~~ 오늘도 결국은 파랭이 가겠지 그렇다고
board_body,에코프로비엠,427097897,2026-08-04T08:22:50,6,유럽 생산하면 뭐하나? 수주를 못하는데 가동하면 좋을거 같지? 삼디도 44조도 다 안사주는데 다른데 영업 뛰라니깐 유럽 법 바뀌는것만 기다리고 있잖아! 법 바뀌면 알아서 사준데?
board_comment,에코프로비엠,427097897,2026-08-04T08:43:27+0900,0,28년도쯤  수주 가능할듯함  전고체 삼디가 성공을 한다면..
board_comment,에코프로비엠,427097897,2026-08-04T08:29:35+0900,0,게코를 경영하는 새:: 끼들은 능력 부재의 닭대가리들이다. 실적 부진을 시장 탓만 하고 있자나. 시장이 안 좋으면 방법을 찾아야 하는게 그래서 실적을 맞추고 주가가 빠지지 않게 하는게 경영자들의 기본 마인드 아닌가? 시장이 안 좋으면 사라질 회사야. 영업 능력도 졸라 없는 새:: 끼들. 영업실적이 부진하면 전사적으로 영업을 해서라도 재무제표는 정상적으로 만들어야 하는거 아닌가? 유증이니 뭐니 해서 개미들 호주머니만 털 생각하지 말고...
board_body,에코프로비엠,427095603,2026-08-04T07:44:50,6,리포트 개나줘라  하닉 12만원 리포트내고  3백까지 오르더라~~~~ 그때 폭등 직전 분위기네.
board_comment,에코프로비엠,427095603,2026-08-04T08:44:21+0900,2,존버는 승리합니다 단  현금 매수자만해당
board_comment,에코프로비엠,427095603,2026-08-04T08:03:56+0900,1,"차라리 이렇게 애기해라. """"그동안 유증이고 실적이고 맞을 만큼 맞았다. 더 맞아 떨어질게 없다. 이제 오를 일만 남았다."""" 라고.... 닭대가리야. 그래도 게코똥주는 절대 못 오른다. 금양처럼 상폐 안 다하면 다행이라고 생각해라."
board_comment,에코프로비엠,427095603,2026-08-04T08:00:50+0900,1,비교할 것하고 비교해라. 너는 벤츠하고 마티즈가 같다고 하는 거니?? 병:: 신::!!! 아무리 똥주라도 격이 다르고 중량감이 다른 거야. 게코똥주는 금양하고 비교하면 딱이야...
board_body,에코프로비엠,427094053,2026-08-04T06:34:42,6,속보>테슬라+3.65%리튬아메리카스+4.9%알버말+1.8% 대반등의 아침!
board_comment,에코프로비엠,427094053,2026-08-04T07:33:34+0900,0,여기 닭대가리들 상대로 호도하냐? 게코는 3분기도 실적 컨센서스가 개떡이라자나. 그래서 목표가 일제히 하향하고 주가가 폭락했는데 무슨 테슬라 오르면 오르냐? 니 친구가 돈벌면 너도 덩달아 돈 버네??? 병::  신:: 같은 생각을 가지고 주식하지 마라. 너 같은 놈 때문에 주가가 더 빠진다...
board_body,에코프로비엠,427093543,2026-08-04T05:47:52,1,가치투자의 대가 벤자민 그레이엄 2가지 투자원칙! 제1원칙 : 절대로 비엠신를 사지 마라 제2원칙 : 제1원칙을 절대 잊지마라
board_comment,에코프로비엠,427093543,2026-08-04T07:34:35+0900,0,제3원칙 : 너도 절대 주식하지 마라
board_body,에코프로비엠,427092882,2026-08-04T04:45:50,11,떵채 잣됐다... 8월3일 세제개편안 벌표 되었어 한국형 IRA 신설 되었지 핵심은 반도체와 2차전지 집중 지원인데....ㅋ ​ 이 보다 더 좋은 내용이 있다 주가 누르는 기업은 상속세 30% 할증... 떵채..잣댔지..나쁜넘 주가 졸라게 누르면 그 만큼 세금은 늘어난단다 떵채야... ​
board_comment,에코프로비엠,427092882,2026-08-04T07:36:38+0900,2,똥채는 똥 싸느라고 주가 못 눌러. 헝그리공장에서 똥만 열심히 쌌으니 실적이 개판돼서 적자 났자나. 3분기도 열심히 똥만 싸댈거란다... 언제 오르니? 개똥주가는?
board_body,에코프로비엠,427091610,2026-08-04T02:32:00,20,"나이40 다시 재취업한다. 3년전 에코에 7억 부어놓고 반토막 겪고있는 호구다. 배터리 아저씨 덕분에 좋은 기업알게되서 좋았지만, 업황이 나락가버리고 빠재도 정치병 + 반도체 열폭질에...대머리 손절하고 요즘은 그냥 혼자 정보찾아보며 묵묵히 들고가고있다. 원금 7억에서 12억 찍힐때까진 좋았는데...주식은 참 어려운것 같다ㅋ 그나마 여윳돈이니 망정이지... ​ 파이어족할려고 했다가 2차전지 꼬라지보니 몇년은 더 걸릴것 같아서...50살까지는 다시 일해야할것 같다. ​ 다행히 타이밍 맞춰 좋은자리가 하나 생기더라 경력감안해서 연봉 6천중반까지 맞춰준다는데, 돈준만큼 얼마나 굴려먹을지 심란해서 잠도 안온다... ​ 그래 내 팔자에 뭔 리치피플이냐... 일이나 할란다."
board_comment,에코프로비엠,427091610,2026-08-04T14:09:57+0900,1,마 ㅡ 잘했어 ㅡ
board_comment,에코프로비엠,427091610,2026-08-04T13:24:42+0900,2,욕심을 버렸어야지. 파이어족? 야 심심해. 열심히 땀흘리면서 80살까지 일해 마
board_comment,에코프로비엠,427091610,2026-08-04T08:39:22+0900,1,반토막 더나버리면..
board_comment,에코프로비엠,427091610,2026-08-04T08:27:24+0900,3,"시련과 고통은 모두에게 다 평등하게 다가 온다고 본다. 그 형태는 돈, 건강, 이혼, 우울, 불화, 구조조정, 왕따, 중독 등 다양하다. 그러나 좀 더 현명하게 정신적, 육체적 균형을 잘 유지하고 현재의 상황에 충실하고 버티면 반드시 기뻐할 날이 올 것이다. 전기차는 앞으로 누구가 뭐라고 해도 대세가 될 수 밖에 없는 지구 환경적인 요구사항이다. 버터라 쓰러지지 말고"
board_comment,에코프로비엠,427091610,2026-08-04T08:22:25+0900,2,"주식을 단순하게 생각해. 5일선깨면 매도
5일선위로가면 매수. 20일건선 꺽기기 시작하면 단중기 추세변화. 기계적인 매매를해라"
board_comment,에코프로비엠,427091610,2026-08-04T07:39:04+0900,2,게코똥주 같은 똥 다시는 밟지 말고 열심히 살아라. 응원한다.
board_comment,에코프로비엠,427091610,2026-08-04T07:02:03+0900,7,그래도 당신이 부럽습니다 내가 봤을때 ~~ 에코프로로 번돈 그리고 퇴직금까지 몽땅 투자 그 기간중에 계속 보유했으면 그나마 반에 반 토막인데 돌 하나 땜에 엔*으로 가서 10분의 1토막 다시 다른 2차전지 매수 또다시 하락 얼마나 하락했는지 계좌를 못멸어보고  있음 작년에 신용대출 내어서 투입 안했기만 했어도 다행일텐데 하고 후회중입니다 50대 중반이되어가는 나~~ 이젠 주식이 두렵습니다 2009년부터 투자하며 2023년 까지 불패였지만 한순간에 모든것이 사라질 수 있다는 걸 ~ 내가 다시 일어 설수 있을지 너무 고통스럽습니다
board_body,에코프로비엠,427090772,2026-08-04T01:20:27,3,미장 미치도록 오르네 비엠 날개달았나?
board_comment,에코프로비엠,427090772,2026-08-04T07:41:25+0900,0,근데 게코 똥주는 미치도록 빠지네... 게코똥주는 바위를 목에 매달았나??
board_body,에코프로비엠,427089549,2026-08-04T00:24:43,0,이건 오늘 왜 않올랏지 대한광통신도 올랏는데 ㅠㅠ
board_comment,에코프로비엠,427089549,2026-08-04T07:42:46+0900,0,이건 오늘도 땅굴 파겠네. 똥채 똥간이 다 차서 땅속을 파서 똥 쌀 거라네..
board_body,에코프로비엠,427088542,2026-08-03T23:56:44,9,비엠은 진짜 무슨생각이냐 2분기 실적 안좋고 3분기도 그렇다며.. 목표주가는 유증가보다 하락제시에 그냥 가만히 있으면 되는게 아니자나 어떻게든 유증가 위로 주가부양할 한방을 가져와 ​
board_comment,에코프로비엠,427088542,2026-08-04T08:39:41+0900,0,생각은 무슨 생각 ㅋㅋㅋㅋ 전기차시장 개박살나서 실적이 안좋은건데
board_comment,에코프로비엠,427088542,2026-08-04T01:34:28+0900,2,실적이 개판인건 답이 없다.ㅋㅋㅋㅋ뭘하든.......쇼취급 당하지.ㅋㅋㅋㅋㅋㅋㅋ
board_body,에코프로비엠,427088225,2026-08-03T23:50:58,5,똥체야욕.오직주주등처묵기위한온갖사기공갈동원 유증불가능주가는7만학실
board_body,에코프로비엠,427087289,2026-08-03T23:32:24,6,헝가리 생산기지 헝가리 생산기지 막 양산 체제 들어 갔으니 연말쯤이면 뭔가 실적이 나오겠지..
board_comment,에코프로비엠,427087289,2026-08-04T01:35:41+0900,1,공장 돌려서 적자 확대.ㅋㅋㅋㅋㅋㅋㅋㅋㅋㅋㅋㅋㅋㅋㅋㅋㅋ가동율50프로는 되야 본전일텐데.ㅋㅋㅋㅋㅋㅋ
board_comment,에코프로비엠,427087289,2026-08-03T23:36:01+0900,1,가동율 10%다
board_body,에코프로비엠,427087255,2026-08-03T23:31:52,4,야 민주당 유료회원 탈퇴 우찌하냐 갈켜줘라. 팩스 넣는거 말고 이번에 정떨어졌어 폭락 장
board_body,에코프로비엠,427086991,2026-08-03T23:27:07,2,●아이오닉3 와 차 나왔따 sdi 배터리 탑재 50만대분 계약했따는 썰 bm양극재 들어가는지는 몰라
board_body,에코프로비엠,427085476,2026-08-03T23:00:51,4,무제 오늘 아침에 반토막까지 가든데.. 이런 막장 주식이 뭐라고  처다보고 기댈 하고 있든지 내 자신이 참... 밥 맛도 없고 살고싶은 생각도 없고 엘지나 에코나 그냥 다 망했으면 좋겠다. 내가 왜 이따우껄 처다봤는지 넘 후회되고 ... 막막하다. ​ 이런 개... ​
board_comment,에코프로비엠,427085476,2026-08-03T23:23:15+0900,0,안티 작업자들 총 출동 했네.. 너가 지은 죄값이 너 자식에게 갈것이다 착하게살아라 악질 안티 댓글러 3대가 망할것이다 그렇다고 ㅋㅋㅋㅋ
board_body,에코프로비엠,427083948,2026-08-03T22:42:30,4,혹시 화장품 사업하는 이유가 딸 때문 아니겠죠. 설마
board_body,에코프로비엠,427083510,2026-08-03T22:37:43,6,"이동채, 이 놈은, , 몇 천억 정도의 , 재산을 , 가족 명의로,  빼 돌려 놓고, 유증한다고 ? ....ㅎㅎㅎㅎㅎㅎ 그냥, 에코 그룹 에서, 몽땅 , 돈을 빼 내서, 뒤로 빼 돌리고, 부도 내면, ?  ....ㅎㅎㅎㅎㅎ ​ 망하는 것은,  개미 주주들 뿐이라고, 동채는 그냥 , 이 회사를 버리면 되는 거야....ㅎㅎㅎ ​ 그 자는 , 앞으로도, 계속, 준 재벌로 , 그냥,  남아 있게 되고 , 개미들만, 아주, 알 거지로 남게 되지..... ​ 졸지에, 돈 한푼 없는,  거지가 된다는 말이야..., ....ㅎㅎㅎㅎ ​ 한번이라도 , 이런 경우를 ,당해 본  개미들은, 얼마나, 무서운지를 ,알 것이야....ㅎㅎㅎㅎ ​ 그런 일이, 이 바닥에서는 아주 , 흔한 일이라고.....ㅎㅎㅎㅎㅎ ​ 그래서, 자꾸 주의 하라고 하는 거야.....ㅎㅎㅎㅎㅎㅎ ​ 아직도, 무슨 소리지 모르겠다고 ? .....ㅎㅎㅎㅎㅎㅎㅎ ​ ㅎㅎㅎㅎㅎㅎㅎㅎㅎㅎㅎㅎㅎ ​"
board_comment,에코프로비엠,427083510,2026-08-03T23:02:06+0900,0,"돈 빼 돌리기 , 제일  쉬운 방법은, 신 사업을 합네 하고, 정보를 흘리면서, 돈을 뒤로, 빼내지, 제일 쉬운 밥법중에 하나 야....예를 들면, 화장품 회사 인수한다거나, 인도네시아서 광물 단지를, 산다는 것 등....ㅎㅎㅎㅎㅎㅎㅎㅎㅎㅎㅎㅎㅎ"
board_comment,에코프로비엠,427083510,2026-08-03T22:45:27+0900,1,"내가, 자꾸 , 이런 주의를 주는 , 이유는, 이 자는 불법으로 , 감방 안에서도, 주식을 팔아 먹은 자라고, 진짜 무서운 놈이야.!....ㅎㅎㅎㅎㅎㅎㅎㅎㅎㅎ"
board_body,에코프로비엠,427081090,2026-08-03T21:57:13,8,"나도 목표가 정해준다 per,pbr,eps계산하면  진짜 잘쳐줘서 34164원"
board_body,에코프로비엠,427079049,2026-08-03T20:58:09,8,이거상폐인가 주가가ㅋ 말을하네
board_body,에코프로비엠,427078632,2026-08-03T20:48:38,6,관심종목에서 삭제했음 이런것을 23만에 매수하여 25만에 매도했다니.
board_comment,에코프로비엠,427078632,2026-08-03T20:51:30+0900,1,"방금 한경와우 TV 에서 ,,,처답보지말라네여,,갚을돈도 어마어마하고(4400억)유상증자에 업황도안좋고 실적도 개판이라며"
board_body,에코프로비엠,427078573,2026-08-03T20:46:51,6,"뮈~뭐라고? 에코프로비엠.... 목표가 115,000원 이라고? 완전 미첫구나~ 뒤통수 치는기업 평단가 5만원이면 충분한디.. 어서오거라..형이 매수하마 풉.."
board_body,에코프로비엠,427078232,2026-08-03T20:38:58,10,"회사것들 ev도 폭망, ess도 폭망 다 폭망일거 미리 알고 있으면서 유증을 때린거냐? 주주간담회 영상보면 장미빛 전망에 이번에 수주 자신있다고 꼴깝 떨더니 실적은 폭망. 어떻게 작년동기 대비 마이너스가 될수 있냐? 이건 정말 너무한거 아니냐? ​"
board_body,에코프로비엠,427077832,2026-08-03T20:29:12,1,잡주 윤성코스모엔켐도 15%가고 오늘도 5%엔켐윤성 또 급등 낼은 104000원  유가폭락.
board_body,에코프로비엠,427076118,2026-08-03T19:55:49,6,매출 실적도 없는 거품 적정가 육만원 ~~
board_comment,에코프로비엠,427076118,2026-08-03T20:06:03+0900,1,오~~후하게 쳐주네  난 5만원😂
board_body,에코프로비엠,427075850,2026-08-03T19:51:15,6,진짜 저뚜 오른것도 없으면서 삼전닉스처럼내리네 ㅋㅋ 8대종목 ㅋㅋ
board_body,에코프로비엠,427075317,2026-08-03T19:41:12,4,날카롭게 내려 꽂네 잘못하면 손 나간다.
board_comment,에코프로비엠,427075317,2026-08-03T23:02:48+0900,0,너 집구석 마누라 처럼 말이지 그렇다고 ㅋㅋㅋㅋ
board_body,에코프로비엠,427074670,2026-08-03T19:31:02,8,백만원 백만원 찍을때까지 안팔고 있다가 거지되어있다
board_body,에코프로비엠,427074207,2026-08-03T19:24:50,5,그놈에 5만원 제발 와라 물 좀 타자
board_body,에코프로비엠,427073841,2026-08-03T19:19:31,5,5만원대 오면 물탈거임
board_body,에코프로비엠,427073110,2026-08-03T19:07:02,5,ㅋ 로봇보다 못한 잡주넹
board_body,에코프로비엠,427072386,2026-08-03T18:50:42,8,이런 11주연속 dog같은 주식이 내계좌에 있다니 쓰레기통에 쳐박아 버려야지 이런 주식이 코스닥 시총 상위 ?? 개별잡주도 이거보다 나아 ​
board_body,에코프로비엠,427072143,2026-08-03T18:45:00,4,전 분기 전년 동기 대비 양극제 수출량 증가했다. 글로벌 전기차 판매량을 봐라! 수출 통계 봐라! (https://moneyrecipe.blog/export-statistics/cathode/)
board_comment,에코프로비엠,427072143,2026-08-03T19:00:15+0900,0,야 s ekya 스팸이자나
board_body,에코프로비엠,427072142,2026-08-03T18:44:58,5,5만원 금방이다 조심해라
board_comment,에코프로비엠,427072142,2026-08-03T19:40:43+0900,0,"5만원은 예전 주가로 250,000원으로 이것도 비싸다.."
board_body,에코프로비엠,427071613,2026-08-03T18:32:36,5,그지같은 회사 ㅋ 9만원은 죽어라 버티는구만.. 주가 폭망으로 5만원 부탁한다.. 5만원 정도면 아무리 뒤통수 전문 회사라도 형이 사준다..~
board_body,에코프로비엠,427070347,2026-08-03T18:04:59,6,말이안되는게 에코프로비엠+포스코퓨처엠(배터리부문)+lg화학(배터리부문)+코스모신소재 4사 매출 합친게 =엘앤에프 한 회사매출인데 ㅋㅋ 시총이 3-4배 이상씩들 이게 국장;;
board_comment,에코프로비엠,427070347,2026-08-03T18:41:34+0900,2,야  엘앤 부채를 봐라
board_body,에코프로비엠,427069563,2026-08-03T17:49:44,5,난 찬티 뿡어덜 정말 이해불가 ㅋㅋㅋ 3년동안 수주도 못해 ㅋㅋㅋ ​ 돈더 못벌어 거기에 유증 ㅋㅋㅋㅋㅋ ​ 이런 잡주 사놓거 물타는 이유기 뭐여 ㅋㅋㅋㅋ
board_body,에코프로비엠,427069421,2026-08-03T17:47:06,5,여자들이 전기차 타는남자 싫어한다는 뉴스보고.. ​ 전기차를 자동차로 안보고 ​ 이동식 화장터로 본다는 말이 많터라. ​
board_body,에코프로비엠,427068895,2026-08-03T17:37:42,2,메인계좌도 인증허고 싶다 ㅋㅋㅋ 오늘도 서브 계좌만인증 ㅋㅋㅋ ​ 패드립 전문 샌드야 계좌인증좀해라 ㅋㅋㅋ ​ 엉아 메인계좌 좀 인증하자 ㅋㅋㅋ ​ ​
board_comment,에코프로비엠,427068895,2026-08-03T23:21:01+0900,0,빈수레가 요란하구나 그렇다고
board_body,에코프로비엠,427068676,2026-08-03T17:34:26,20,"IR자료가 중학교 수준이네 영업이익 200억이 10조 평가 받고 있으면, 현재 문제가 뭐고 미래에 대한 구체적인 비전을 제시해야 투자자들이 이해를 하지. 이건 뭐 북미시장 감소, 헝가리 공장가동 이미 다 알고 있는 뻔한 얘기로 또 퉁치고 있네 ㅋㅋㅋㅋㅋㅋ 진짜 이런 회사 투자한 내손을 잘라야지"
board_comment,에코프로비엠,427068676,2026-08-03T18:13:06+0900,0,사업한다는 놈들이 시장 탓을 하고 있는 게 정말 한심한 회사다. 시장 변화에 대한 대처도 할 줄 모르는 놈들이 1.2조 유증을 한다고? 유증 금액도 대충 때려 잡아 넣었겠지. 개 호로 새::  끼:: 들... 저런 것들이 코스닥 시총 상위 종목이니 코스닥이 대판 되지... 한심한 조성 주식 시장이다... 상폐되도 좋으니 이번 유증은 불발 되어야 한다.
board_body,에코프로비엠,427068423,2026-08-03T17:30:43,5,평단 20만원 넘은 뿡어덜은 ㅌㅌㅌㅌ 주식 접어 ㅋㅋㅌㅌ돈버는 길이다 ㅋㅋㅋ ​ 그 실력으로 주식 계속허면 한강 간다 ㅋㅋㅋ ​ 이런 잡주 살 실력이면 월급 저축이나해라ㅋㅋ
board_comment,에코프로비엠,427068423,2026-08-03T18:51:31+0900,0,Ni 엄2부터
board_body,에코프로비엠,427067924,2026-08-03T17:22:46,7,어떤곳에서는 맨날 줍줍 찬스라고 ㅋㅋㅋ그것은 바로 유튭 우공이산 ​ 머머리 아재 신도들 ㅋㅋㅋ ​ 20만 깨질때도 줍줍찬스 유증하고 꼬라박해도 줍줍찬스 10만 깨져도 줍줍찬스 ㅋㅋㅋ ​ 댓글보면 가관임 ㅋㅋㅋ ​
board_comment,에코프로비엠,427067924,2026-08-03T22:54:12+0900,0,퇴근하고 투잡하고 대리뛰고. 돈받아서. 물탈걸? 바떼리 아저씨 말 듣고
board_comment,에코프로비엠,427067924,2026-08-03T18:43:46+0900,0,사이비 종교
board_comment,에코프로비엠,427067924,2026-08-03T18:17:02+0900,0,그러니 게코가 주주들을 닭대가리로 보고 말도 안되는 유증을 한다고 설레발 떨지. 이번 유증은 절대로 불발돼야 한다. 그래야 게코 쓰레기들한테 더 당하는 닭대가리들이 없어진다.
board_body,에코프로비엠,427067853,2026-08-03T17:21:37,1,쩜상속보서울·경기남부‘폭염중대경보 쩜상속보 서울경기 남부 폭염중대경보  역사상 첫발령 외출금지
board_body,에코프로비엠,427066294,2026-08-03T16:56:31,17,최고점대비 70퍼 전고점대비 50퍼 빠졌는데 더 빠진다고 국내 증권사 전체가 일제히 매도하라고 쏟아내네 하루아침에 쓰레기 회사됨~ 에코야 기술력 좋다고 해주니 뭐 된거처럼 건방떨지 말고 발품 팔아다니며 원수진놈들이랑 좀 풀고 사업해라~ 이정도로 패는건 싫은정도가 아니라 겁나 싫다는거잔아~ 자꾸 바쁜애들 불러다 밥한끼 맥이며 하소연하지 말고~
board_comment,에코프로비엠,427066294,2026-08-03T18:20:30+0900,2,모간이 목표가 6.5마넌으로 책정했다. 이런 수치를 보고도 치욕을 못느끼는 놈들이 게코 똥주 경영진 새::  끼:: 들이다. 챙피한 놈들... 무슨 낮짝으로 IR은 계속 해대노...
board_body,에코프로비엠,427065744,2026-08-03T16:47:59,13,실적도 개판오분전에 유상증자까지하드만 아주 꼴갑을떨어요 글럿다 갈아탄다
board_body,에코프로비엠,427065460,2026-08-03T16:43:13,24,박이사  선대인이는 요즘 뭐하노? 저 두놈들 요즘 뭐하면서 사는지 아시는분? 궁금하다 갑자기 ㅋㅋ
board_comment,에코프로비엠,427065460,2026-08-04T08:28:45+0900,0,너 에미 에비 는  뭐하냐? 그렇다고 ㅋㅋㅋㅋ
board_comment,에코프로비엠,427065460,2026-08-03T17:13:48+0900,0,박작가님 유료멤버십회원 데리고 유튜브 방송하심
board_comment,에코프로비엠,427065460,2026-08-03T17:02:29+0900,1,선대인은 신도들과 함께 삼천당 앞으로 돌격중!!!!
board_comment,에코프로비엠,427065460,2026-08-03T16:54:50+0900,0,잘먹고 잘싸고 잘자고  해피타임 잘하고 있지 광신도들과 함께😂
board_body,에코프로비엠,427065240,2026-08-03T16:39:30,5,미리빼라 이번주내내빠진다 낼미장안좋고 에코프로실적 박앗는데 그게내일이다
board_comment,에코프로비엠,427065240,2026-08-03T16:44:18+0900,0,참 거지같은 주식이다... 3년간 주주들 고생을 시키더니 뜬금없이 주식장 안 좋을 때 유증까지 발표해 이게 무슨 꼴인지 주주를 다 죽여라
board_body,에코프로비엠,427065195,2026-08-03T16:38:51,4,내일은 오를거야 라는 꿈을 꾸겠지만 꿈은  현실에서  이룰수 없기에 꿈인거다 이번달안에 7자 안보면 다행이다 내일 프로 실적발표 후 다시 폭락 열차 출발한다 ​
board_body,에코프로비엠,427065149,2026-08-03T16:37:57,11,여기ceo공매도짜고치는거 냄새개남 유증도 본인지분까지유증하려했던적이있음 ㅋㅋㅋ
board_body,에코프로,427144778,2026-08-04T14:34:17,13,주가가 고점에서 60프로가 떨어졌는데 실적 따지는것들은 머리에 생각이란게 든거냐? 수급때문에 떨어졌건 뭐든 주가 조정 받을거 다 받았는데 ​
board_comment,에코프로,427144778,2026-08-04T14:41:05+0900,0,실적이 안좋으니 -60% 하락한거지 돌아
board_comment,에코프로,427144778,2026-08-04T14:38:45+0900,0,매출이 늘어야 한다 영익은 줄어도 된다 돌아
board_comment,에코프로,427144778,2026-08-04T14:37:06+0900,1,매출은 조금줄고 영업이익은 대폭 늘었다  ᆢ장사를 잘한거지 ᆢ
board_body,에코프로,427144687,2026-08-04T14:33:25,12,실적선방  하반기 실적대박 터진다  목표주가 20만원
board_comment,에코프로,427144687,2026-08-04T14:40:57+0900,0,꿈도 야무지다
board_comment,에코프로,427144687,2026-08-04T14:34:27+0900,0,추매금지  ᆢ지수가 살렸다  ᆢㅋㅋㅋ
board_body,에코프로,427144619,2026-08-04T14:32:48,5,"83층 구조대 오냐 실적 발표도 끝났고, 나름 선방한 분위기에 3분기는 더 좋아질 것 같은데..."
board_body,에코프로,427144610,2026-08-04T14:32:45,1,분기 300억 영업이익 순이익은 ? ​ 그러면서 1조2천억 넙쭉 손벌려 ​ 사기꾼 들아 ~
board_body,에코프로,427144576,2026-08-04T14:32:27,5,쫄지마셈 안티하는 애들 ​ 더 떨어져서 싸게 사고 싶은데 ​ 생각보다 안떨어져서 저러는거임. ​ 서프라이즈였어도 떨어졌을거임 ​ 난 떨어질때 샀지롱 ㅋ
board_body,에코프로,427144507,2026-08-04T14:31:48,2,내일은 마이너스 10퍼 빠진다  충돌에 대비하라 어여들 난파선에서 탈출하라 어여들 ....시간외에서 겁나게 뺄 예정입니다
board_body,에코프로,427144500,2026-08-04T14:31:43,4,개미 좀  떨고 가려고 겁주었구만 실적이 나쁜것도 아닌데
board_body,에코프로,427144447,2026-08-04T14:31:11,1,81800 뚫고 함 날라가주면 안되겠니? ㅋㅋㅋ
board_body,에코프로,427144423,2026-08-04T14:30:59,3,안티하는 얘들도.. 어디 맨날 중국인같은 얘들만 쓰니 복붙만 하고 자빠졋네 ㅋㅋ 안먹힌다.. 이제는 차례로 호재가 나올 차례인거 짬 있으면 다 아는걸.  오늘도 열심히 반도체로 꼬시네. ㅋㅋ  반도체 더 빠진다 정신차려 ㅋ
board_body,에코프로,427144311,2026-08-04T14:29:49,8,근데 매출줄고 순영익 늘었음 좋은거아니야 장사 잘함건데
board_comment,에코프로,427144311,2026-08-04T14:30:54+0900,0,생각보다  잘 나왔어 ᆢ
board_body,에코프로,427144296,2026-08-04T14:29:44,7,실적 선방했구만  안티만 있나? ㅎ 작년보다 102프로 올랐네 굿!! 다음분기 더기대되고  후반기부터 내년까지 쭉 잘가보자 ^^
board_body,에코프로,427144256,2026-08-04T14:29:22,1,젓 퉁수 불어도 나는 간다 한톨도 뺏기지 마라  주가는  실적으로 가는게 아니다  주가는 테마    테마로  간다
board_comment,에코프로,427144256,2026-08-04T14:29:32+0900,0,존버 삼십
board_body,에코프로,427144045,2026-08-04T14:27:18,7,에코 실적 그닥인데도 반등 이유 간결 정리 어라 적자인 줄 알았는데 흑자네?! ​ 그럼 올려야지! ​ 턴어라운드 기업은 당근 오르는 게 정석이다!
board_comment,에코프로,427144045,2026-08-04T14:29:00+0900,0,그냥 ㅡ적자라서 대폭락 한 거 아녔나??
board_comment,에코프로,427144045,2026-08-04T14:27:58+0900,0,적자? ㅋㅋㅋㅋ 개판인데 뭐가 적자가 낫다
board_body,에코프로,427143887,2026-08-04T14:25:36,12,어려운 시기에 실적 잘 나왔구만 바퀴벌레 안티들은 뭔 실적이 바닥쳤다고 생난리들이냐?
board_comment,에코프로,427143887,2026-08-04T14:27:55+0900,0,실적 똥꼬프로 상승
board_comment,에코프로,427143887,2026-08-04T14:26:59+0900,0,단타 신용들 오늘다정리하고 내일부터 수직상승하자
board_comment,에코프로,427143887,2026-08-04T14:26:30+0900,0,바퀴들 뇌속이 바닥
board_body,에코프로,427143844,2026-08-04T14:25:10,3,"지금이니.."" 물타도 돼?"
board_comment,에코프로,427143844,2026-08-04T14:32:06+0900,0,"웅 괴추물 봉지에 담어서 물타ㅡ
초보구나 물타지 말고 다른계좌 만들어 사라"
board_body,에코프로,427143825,2026-08-04T14:24:56,3,진짜 개국장 이건 뭐 대놓고 주가 조작이네 ​
board_body,에코프로,427143814,2026-08-04T14:24:51,8,실발만 아니였으면 오늘 10% 상승인데 이 종목은 하나부터 열까지 다 좋깥네 ​ 이죄명 이동채 최악이다
board_body,에코프로,427143565,2026-08-04T14:22:24,4,실적 망했다 아직 전기차 때가 아니네
board_comment,에코프로,427143565,2026-08-04T14:24:49+0900,1,인도네시아 공장 침수로 가동중단되서 실적하락했는데 복구 다했단다
board_comment,에코프로,427143565,2026-08-04T14:24:06+0900,2,전기차 문제가 아니고 이건 회사가 문제야
board_body,에코프로,427143528,2026-08-04T14:22:09,5,실적 개박았다며???? ㅋㅋㅋㅋㅋ SDI로 와라 에코프로는 ​ 노답이야 ㅋㅋㅋㅋ
board_body,에코프로,427143479,2026-08-04T14:21:41,2,실적 뭐냐 으휴 개판인거 예상은했지만 기분은 개드럽네 개코프로답다 증말
board_body,에코프로,427143443,2026-08-04T14:21:25,11,"에코프로 2분기 실적발표회 내용에 대한 개인 의견 형님 누님들 안녕하심까 투자의 귀재, 주식 차트의 지배자, 발끝에서 사서 머리 꼭대기에서 판다. 호재인가요? 아니 화재입니다. 한강물 수온 체크는 필요 없다. 왜? 안 들어갈테니까. 월스트리트가 벌벌 떠는 회귀한 재벌집 서자 망나니 바로 저 빠른매매독수리 입니다. 오늘은 에코프로 2분기 IR 핵심 정리를 해보겠습니다. ​ ​ 에코프로 2026년 2분기 IR 핵심 정리 (개인 의견) 2분기 실적은 시장 기대에는 다소 못 미쳤지만, IR 자료를 끝까지 보면 하반기 회복에 대한 근거를 꽤 구체적으로 제시했습니다. ​ ■ 연결 실적 매출 : 8,208억원 (1분기 8,183억원 → +0.3%) 영업이익 : 329억원 (1분기 564억원 → -41.7%) 영업이익률 : 4.0% (1분기 6.9%) 당기순이익 : 492억원 상반기 누적 영업이익 : 893억원 (전년 상반기 176억원 대비 +407%) ​ ■ 영업이익 감소 원인 양극재 영업이익 감소 전구체 영업이익 감소 인도네시아 니켈 제련소 자연재해 영향으로 일시적 가동률 하락 회사는 복구 완료 및 생산 재개, 가동률 회복 중 이라고 설명 ​ ■ 에코프로머티리얼즈 매출 : 1,788억원 (1분기 1,665억원 → +7.4%) 영업이익 : 106억원 (1분기 157억원 → 감소) 영업이익률 : 5.9% 외부 고객사 전구체 판매량 증가 GEN 지역 폭우 및 토사 붕괴 영향으로 수익성 둔화 현재 복구 완료, 생산 재개 중 하반기 북미 신규 고객사 출하 예정 중국 메탈 할인 정책 폐지로 중국산 전구체 가격 경쟁력 약화 → 유럽 시장에서 국내 전구체 점유율 확대 기대 ​ ■ 에코프로HN 매출 : 515억원 (1분기 347억원 → +48.4%) 영업이익 : 58억원 (1분기 50억원 → +16%) 영업이익률 : 11.3% 반도체 시장 호황으로 수주 확대 해외 LNG 발전소 공급 확대 신규 고객 확보 및 환경플랜트 매출 확대 전망 제품 믹스 개선으로 수익성 향상 기대 ​ ■ 리튬 사업 리튬 고객사의 선주문 기저효과로 판매량은 감소 하지만 판가 상승 효과 로 영업이익 증가 회사는 하반기에도 안정적인 매출과 수익성 유지 를 전망 ​ ■ 재무 현금성 자산 : 9,259억원 → 13,364억원 (+44%) 자산총계 : 11조 727억원 → 11조 3,745억원 부채총계 : 6조 391억원 → 6조 2,692억원 자본총계 : 5조 336억원 → 5조 1,053억원 연결 부채비율 : 120.0% → 122.8% 차입금은 자회사 운영자금 및 투자 영향으로 증가 ​ ■ 아쉬운 점 이번 IR에서 가장 아쉬웠던 부분은 에코프로비엠에 대한 구체적인 설명이 부족했다는 점 입니다. 양극재 영업이익 감소는 언급했지만, 출하량 회복, 신규 수주, 고객사 확대 등 시장이 가장 궁금해하는 내용은 자세히 설명되지 않았습니다. ​ ■ 개인적인 종합 의견 2분기 숫자만 보면 기대에는 다소 못 미쳤습니다. 하지만 회사는 하반기 핵심 키워드로 인도네시아 니켈 제련소 가동률 회복 북미 신규 고객 확보 환경사업 성장 리튬 수익성 유지 전구체 판매 확대 를 반복적으로 제시했습니다. 결국 올해 주가의 핵심은 2분기 실적보다 3~4분기 실적이 실제로 개선되는지 가 될 것으로 보입니다. ※ 개인적인 IR 분석이며, 투자 판단은 각자의 책임입니다. ​"
board_comment,에코프로,427143443,2026-08-04T14:26:07+0900,1,에코머티 2분기 영업익 100억이 아니라 -100억임
board_comment,에코프로,427143443,2026-08-04T14:25:09+0900,0,감사합니다
board_comment,에코프로,427143443,2026-08-04T14:25:08+0900,1,이런글은 찬티 안티를 떠나 추천 하고 봐야지...
board_body,에코프로,427143393,2026-08-04T14:20:52,3,실적발표하면  존나빠진다고난리던데 조금 조정받네 ㅎㅎ  그간 빠질만큼빠져서 주가도 무덤덤 ㅋㅋ 이미 기관 외인들 다알고있었다 발표하자 개미만 투매 오도방정 떨면 주식 접어야~지
board_body,에코프로,427143309,2026-08-04T14:20:13,7,그려 평생 수주는 협의 중이라고만 하길
board_body,에코프로,427143305,2026-08-04T14:20:10,9,찬물뿌리기전문이냐 ​ 뭐좀오르려고만하면 찬물뿌리냐 진짜 악마가 따로없네
board_body,에코프로,427143299,2026-08-04T14:20:07,6,실적 개판이네 이러니깐 ir을 한달에 한번씩 하지 실적이 개판이니 리포트 개판으로 쓸까봐 기관들 데려다가 밥 사주고 구라까고 그랬던거네
board_body,에코프로,427143226,2026-08-04T14:19:33,3,찡찡 금지  오빠 안그러기로 했잖아 왜그래 쫌생이 처럼
board_body,에코프로,427143213,2026-08-04T14:19:25,8,희안타 매출소폭줄고 영업이익 대폭 늘었으면 장사잘한거 아이가? 원가절감 밸류체인 잘되고있는거 아이가?
board_body,에코프로,427143208,2026-08-04T14:19:20,4,컨콜 요약  협의중 협의중 협의중 ㅋㅋㅋㅋㅋㅋ
board_body,에코프로,427143128,2026-08-04T14:18:41,5,버티는거 보니 추세 전환인가 보다...풀매수 대응하자.. 머티도 밀렸다가 반등중이다... 프로는 잘 버티고 있는거 보니... 매수 찬스구만.... 풀매수 들어갑시다....
board_comment,에코프로,427143128,2026-08-04T14:24:04+0900,0,긴~터널을 이제 지나왓자나~~ 실적은 그 터널이고 ㅋㅋ 이럴때 파는 얘들이 지금 삼전닉스 사러간다..
board_body,에코프로,427143056,2026-08-04T14:18:03,8,난 1조5천억쯤 할줄알았다 너무기대이하다 이걸 어떻게 기다리고 투자하냐.
board_comment,에코프로,427143056,2026-08-04T14:19:24+0900,0,이거 회사맞냐???? 이걸 실적이라고
board_body,에코프로,427143045,2026-08-04T14:17:59,3,2분기 실적은 보름전에 ai에 물어보면 전년도 대비2분기 잠정실적 안좋다고 나오는데 그것도. 모르고 주절거리는 인간들은 주식 접어라 ​
board_body,에코프로,427142923,2026-08-04T14:17:05,2,난 왠지 넥장에서 쳐 올려놓을거같냐
board_body,에코프로,427142892,2026-08-04T14:16:48,3,실적 게판이라 빼냐!!!!!!!
board_comment,에코프로,427142892,2026-08-04T14:17:40+0900,0,주가보면  알잖아  ᆢㅋㅋㅋ
board_body,에코프로,427142888,2026-08-04T14:16:47,3,아니 에코 2분기 실적 그닥인거 이미 다 알고 에코 매수한 거 아니었나? ​ 가장 많이 폭락한 게 가장 큰 빅호재다
board_body,에코프로,427142847,2026-08-04T14:16:24,2,머티 개급락했는데 니는 왜 버티노 나락 가즈아ㅋㅋㅋㅋㅋㅋㅋㅋ
board_comment,에코프로,427142847,2026-08-04T14:17:10+0900,0,코스닥 대장이잖아 얘 급락하면 코스닥이 급락이야 누군가 그게 싫은거겠지
board_body,에코프로,427142841,2026-08-04T14:16:23,2,"예정된 수순이다. 폭락한다고 했짠니.  고고싱 하락... -20% ​ 이 회사는 아닌듯 하다. 삼디나 엔솔이 맞다. ​ 여긴 진짜 망필인 회사인듯 하다 ​ 다 구리고, 주주들 뒤통수 치고.."
board_body,에코프로,427142820,2026-08-04T14:16:17,1,놀랍지도 않다ㅋㅋㅋㅋㅋㅋㅋㅋ 코스닥 대장주?  이제 코스닥 소외주다ㅋㅋㅋㅋ 지지리 복도 없지 이제 코스피에서 코스닥으로 자금이동 중?인데 코스닥 소외주로 등극하는구나 하필 유상증자... ​
board_body,에코프로,427142795,2026-08-04T14:16:09,3,진짜 못된게 전 분기 대비 실적 개 박살인데 언론엔 전년도 대비로  자료 뿌렸나보네 ㅋㅋ 어디 눈 먼 개미 꼬시려고 참 대단하다
board_body,에코프로,427142722,2026-08-04T14:15:44,1,멀 내리거 그러냐 인기더 없는 주식 내려 바야 ​ 누가 받아준다고
board_body,에코프로,427142708,2026-08-04T14:15:38,1,하 어렵다 넥장에 뒤통수치러 어디로 갈려나?
board_body,에코프로,427142654,2026-08-04T14:15:16,2,수주공시 수주 이야기가 절실하다. 잘좀 하자 IR깽판치지말고
board_body,에코프로,427142639,2026-08-04T14:15:12,2,매출 감소 수익 둔화 당분간 조정 불가피해 보인다
board_body,에코프로,427142624,2026-08-04T14:15:08,7,이딴 매출류 1조넘는 금액 유증을 하려하는게 제정신임?주주돈 다 꿀꺽하시게? ㅋㅋㅋㅋㅋ진짜 말이되니
board_body,에코프로,427142579,2026-08-04T14:14:57,1,빨리 10만 에코 가자~ 어서 가자
board_body,에코프로,427142565,2026-08-04T14:14:51,5,실적보소 처참하네 이런게 10조  에고프로비엠 더블카운팅
board_body,에코프로,427142513,2026-08-04T14:14:28,3,역시 지옥 이제 아무도 못나가
board_body,에코프로,427142511,2026-08-04T14:14:27,4,컨콜좀똑바로해라 무능함의끝;;
board_body,에코프로,427142507,2026-08-04T14:14:27,5,내일은 6만원대 볼예정이드 다들 대비하고 장투는 6만원에 대비하시오
board_body,에코프로,427142476,2026-08-04T14:14:11,2,"조짓다, 실적이 너무 않좋네, 기대치에 훨 못미치네,"
board_body,에코프로,427142470,2026-08-04T14:14:10,2,아이러니 하게도 국내주식은 실적 좋으면 하락 이해가 안되네
board_body,에코프로,427142448,2026-08-04T14:13:59,0,제발  컨콜  잘마무리하자🙏 기대감은 없지만..
board_body,에코프로,427142353,2026-08-04T14:13:08,3,이럴줄알았다 그 버릇 어디가나?
board_body,에코프로,427142308,2026-08-04T14:12:51,4,난진짜다팔고 삼전감 영업이익300억짜리에 물리느니 ​ 영업이익90조에 물리겠다
board_body,에코프로,427142295,2026-08-04T14:12:44,0,에코프로 머티는 급락이다!! 에코프로 머티는 급락이다!!
board_body,에코프로,427142270,2026-08-04T14:12:34,6,실적이 이따구에 유증?? 것도 대규모로 유증을 감행한거냐 회사로 한탕 해먹으려고 작정했네 이동채는 회사 매각시키고 물러나라 어차피 승계는 어려워보인다 그리고 주가 누르기 벌금이나 맞을 생각해라
board_body,에코프로,427142212,2026-08-04T14:12:00,3,실적 괜찮음 컨콜만 잘하면 됨 그냥 예상대로임 ㅇㅇ 쫄지들말어
board_body,에코프로,427142189,2026-08-04T14:11:48,3,에코 실적 턴어라운드 기대감 실적 엄청 잘 나오면 꼭지 부담감으로. 주가는 급락 ​ ​ 적자 기업 실적 흑자전환이면 턴어라운드 기대감으로 서서히 상승 ​ 요즘 장세가 이렇다
board_body,에코프로,427142163,2026-08-04T14:11:32,4,실적  나쁜것도 아니다 예코프로의 예상실적은 100~300억원으로 예상한 가격으로 주가가 이제까지 흘러내렸던거다 예상실작보다 상회다 그래서 주가가 잘 빠지지 않는거지 300억원을 초과했으니 악재선반영.. 내일부터 코스닥대장주 위엄을 보여줘야지 가~즈~~아~~!!!!!!!!!
board_body,에코프로,427142114,2026-08-04T14:11:02,6,IR... 오늘 IR때 잘 대답해야할터인데?
board_comment,에코프로,427142114,2026-08-04T14:13:46+0900,0,비엠에서 다 얘기함  3분기 기대말아라하고
board_comment,에코프로,427142114,2026-08-04T14:13:23+0900,0,Ir 때 오르는 것 못 봄.  지수 상승으로 8만대서 개미 오지게 꼬시고 넘긴거면 끝인 듯.
board_body,에코프로,427142097,2026-08-04T14:10:51,3,실적 괜춘한거 아닝? 과연.. 나는 8월까진 홀딩
board_body,에코프로,427142091,2026-08-04T14:10:47,2,실적 예상보다 하회 망했다
board_body,에코프로,427142036,2026-08-04T14:10:11,2,가자 겹악재소멸
board_body,에코프로,427142030,2026-08-04T14:10:09,1,정말 너무하네 니가 삼전닉스냐구? 몇번을 말해야 되냐? 코스닥 지수보다도 덜 오르는게 말이되냐? 증말 짱나네.
board_body,에코프로,427142021,2026-08-04T14:10:01,5,실적이 개판인데. 뭔 유증이냐.  실적 좋을때 다시 한다고 해라. ​ 쪽팔린다. 에효. ​ 전부 적자냐. 셀 업체는 다 서프라이즈인데. ​ 주가 하락이유가 있었는데. 유증도 유증인데. 실적이 개판이네. 실적이 개판인데. 주가가 오르겠냐 ​ 헝가리. 쇼질 그만해라. 좋같은 이동채야. ​ 이죄명한데 쇼하는것만 배워서..
board_comment,에코프로,427142021,2026-08-04T14:12:54+0900,1,금감원에서 유증 허가보류됐다 운영비도 못버니까 유증한거지 헝가리공장 가동비에쓸려고 핑계댄거지
board_body,에코프로,427141996,2026-08-04T14:09:45,1,와 이 개잡주를 받쳐  주는 세력이 있네 와  이거 주가 조작 아니냐 ​
board_body,에코프로,427141966,2026-08-04T14:09:30,2,지금주가에서내려봤자임 주가는 상승으로 방향이 바뀌어짐 여기서 내리면 얼마나 내린다고 ​
board_body,에코프로,427141934,2026-08-04T14:09:09,2,에코프로 주가조작 ㅋㅋ 영익 300억짜리 ​ 잡주가 ​ 시총이 10조?ㅋㅋ ​ ㅋㅋㅋㅋㅋㅋ 상폐가답
board_comment,에코프로,427141934,2026-08-04T14:12:45+0900,0,"주성은 영업이익 -70억인데 시총 6조다
알텐은 영업이익 400억에 시총18조"
board_body,에코프로,427141838,2026-08-04T14:08:17,3,..... 이래서 제3자 유증이 안됬구나 ㅁㅊㅋㅋㅋ
board_body,에코프로,427141820,2026-08-04T14:08:08,8,걱정했던거보다 좋네 시장은 어찌 볼것인지..
board_comment,에코프로,427141820,2026-08-04T14:09:13+0900,0,걍 분기만 봤을때는 예상치 이상인데 전체적으로는 노답이라 수주 없으면 내리 박을듯요
board_body,에코프로,427141810,2026-08-04T14:08:01,5,악재소멸!  흑자전환!!! 순이익 흑자전환 컨센서스상회 !!! 생각보다 잘나왔네 가즈아~~
board_body,에코프로,427141765,2026-08-04T14:07:28,3,ㅋㅋ 실발만을 기다린것처렁 실적 오르면 선반영되었다고 내리면 실적 저조로 내리고 뻔한 레파토리 ​
board_body,에코프로,427141747,2026-08-04T14:07:14,3,ㅋㅋㅋ이딴실적으로 10만원이 말이되냐 2만원이 적당함
board_body,에코프로,427141689,2026-08-04T14:06:39,6,에코들 1분기보다 2분기 다 폭망이네 누가 유증하겠냐
board_body,에코프로,427141664,2026-08-04T14:06:24,8,2분기 영익 329억이네 순이익은 훨씬 쪼그라들꺼고 무슨 생각으로 1.2조 주주배정 유증이냐 총부채 2.5조원 어떻게 갚을라고? 그냥 사업접어~
board_body,에코프로,427141631,2026-08-04T14:06:00,6,분기 300억 ㅋㅋㅋㅋ 심지어 비엠이익 2중계상임 ㅋㅋㅋㅋㅋㅋㅋㅋ300억 벌고 시총 20조로 봐야함 ㅋㅋㅋㅋㅋㅋㅋㅋㅋㅋ코미디 그자체
board_body,에코프로,427141588,2026-08-04T14:05:34,7,수주 공시 이런거 없나요? 버티고 버티던 사람들에겐 날벼락같은 실적이네... 진짜 이제는 좋은말이 나올래야 나올수가 없네. 에코프로 수주공시좀 내자!
board_comment,에코프로,427141588,2026-08-04T14:06:09+0900,0,"뭐가 날벼락 영익, 당기순이익 늘고 메출 소폭 감소한건데?"
board_body,에코프로,427141586,2026-08-04T14:05:34,4,이미 두 달간 조올라게 떨어짐 오르자 이제
board_body,에코프로,427141558,2026-08-04T14:05:17,2,흑자전환 로켓발사대 카운트다운 시작
board_body,에코프로,427141548,2026-08-04T14:05:11,1,gr 웃기시네 ㅎㅎㅎㅎㅎㅎ
board_body,에코프로,427141509,2026-08-04T14:04:50,3,머티는 실발하고 하방vi 적자전환 이라 함
board_body,에코프로,427141501,2026-08-04T14:04:47,0,나갈 개미들은 나가라 손절도 옳다 쌀때나가는게 개미들이지 그러니 돈 못버는거다
board_body,에코프로,427141491,2026-08-04T14:04:40,1,실적이 좋아도 내리고 나빠도 내린다 매수기회입니다
board_body,에코프로,427141489,2026-08-04T14:04:39,0,반도체 소부장보다 돈을못버네.. 분기 300억벌고 시총 10조가 맞냐?
board_comment,에코프로,427141489,2026-08-04T14:06:13+0900,0,주식은 미래가 중요한거야
board_comment,에코프로,427141489,2026-08-04T14:04:41+0900,0,😂
board_body,에코프로,427141484,2026-08-04T14:04:36,1,머티는 하한가 가는데 ~ 너는 뭐하냐 ~
board_body,에코프로,427141473,2026-08-04T14:04:29,2,"머티대규모적자, 에이치엔적자, 비엠 하회 , 프로 하회  그나마 실적하나 믿었는데 역시  기대감 상승한거 다 반납하긋네 올해 고유가에 잘나올줄 알앗는데 엉망이네.. 실적도 안좋은데 유증까지"
board_body,에코프로,427141465,2026-08-04T14:04:23,1,돌들 폭락 한다고 해도 말 안듣더니 돌아 무조건 폭락이다 내일도 폭락
board_body,에코프로,427141457,2026-08-04T14:04:18,7,악재소멸  이제부터  진상승 시작이다 순이익  흑자전환 컨센서스상회 !!! 생각보다 잘나왔네 가즈아~~
board_body,에코프로,427141441,2026-08-04T14:04:07,1,분기영익 300억인데 시총 11조요….? ㅅㄱㅇ~ ㅋ
board_comment,에코프로,427141441,2026-08-04T14:05:11+0900,0,영익 700억정도 예상하더니 ㅠㅠ 망이네
board_body,에코프로,427141426,2026-08-04T14:04:00,1,일 적게 하고 돈은 벌음 상승 해야지?ㅋㅋㅋ
board_body,에코프로,427141420,2026-08-04T14:03:56,2,이거 산 사람 거의 다 물렸을 텐데 흔든다고 나가겠냐? 이 등심 쩝쩝아. 주포 머리가 어떻게 된 거 아니냐? 날 더운데 꿀값을 떨고 있어 어차피 단타만 돈 빼주는 꼴이야. 항상 그러니까 탄타를 잘 쳐야 돼.ㅋ
board_body,에코프로,427141366,2026-08-04T14:03:16,4,프로그램  매도  물량 폭포수 같이 쏟아져라
board_body,에코프로,427141365,2026-08-04T14:03:16,2,ㅋㅋㅋㅋㅋ 뭐했노 일안하고 저게 뭐고
board_body,에코프로,427141357,2026-08-04T14:03:13,2,신저가간다니까ㅋㅋㅋ 빠이짜이찌엔
board_body,에코프로,427141353,2026-08-04T14:03:09,2,자자 약속의 2시입니다... 실적은 역시나 예상대로 개판?이고 주가도 흘러내리내요 종가 최저가 아니길 바래봅니다 ... 오늘 코스닥 폭등덕분에 생명유지 다행입니다ㅠㅠ
board_body,에코프로,427141329,2026-08-04T14:02:57,3,이동채가 운영을 못하는듯 고집 겁나 쎄서 회사 망치는 주범인듯 다른 애들은 다 흑자인데 에코만 적자인것은 윗선에 문제가 많다는거다 주가누르기로 벌금이나 내라
board_body,에코프로,427141319,2026-08-04T14:02:49,3,영익 겨우 329억으로 시총이 11조!!ㅋㅋ 영익 겨우 329억으로 시총이 11조!!ㅋㅋ
board_comment,에코프로,427141319,2026-08-04T14:03:47+0900,1,비젼보는거지 OOO야
board_body,에코프로,427141227,2026-08-04T14:01:40,4,걍 다팔고 삼전에 물리자 영업이익300억은못참는다 난간당ㅇㅇㅇ
board_body,에코프로,427141168,2026-08-04T14:01:00,5,실적 개망 화장품 기업 인수? ㅋㅋ 종가는 최저가다
board_body,에코프로,427141158,2026-08-04T14:00:50,3,매출도 적어 영익도 적어 시총 4조도 비싸다 주가 2만원 적정가.
board_body,에코프로,427141122,2026-08-04T14:00:25,4,시장좋은거에 ㅈㄴ감사해라 비엠도 오늘 정정요구안나오면 유증통과다;
board_body,알테오젠,427144763,2026-08-04T14:34:07,0,오늘 머크 실적 발표 한다  이거 보고 내일 팔던가 말던가 해라
board_body,알테오젠,427144594,2026-08-04T14:32:37,2,10배 갈 수 있는 텐배거 유력 종목 정리했습니다!!! 3자리남음 ㅋㅋ 밑에 적어둠
board_comment,알테오젠,427144594,2026-08-04T14:40:50+0900,0,싱거운 놈...
board_body,알테오젠,427144253,2026-08-04T14:29:19,10,무증 안받구 갑니다 성투하세요
board_body,알테오젠,427143449,2026-08-04T14:21:28,7,권리락 이후에는 또 팔기 바쁘겠네 개잡주의 숙명
board_body,알테오젠,427143379,2026-08-04T14:20:46,5,지금 분위기면 권리락 회복도 빠른 속도로 이뤄질것  갈넘은 어째도 갈테니 느긋한  마음으로 지켜 보시길
board_body,알테오젠,427143111,2026-08-04T14:18:33,1,"참고요. 펀글입닏ᆢ 최근 8개 분기 중 MRK는 매출을 7번 컨센서스 상회했으며, EPS는 매 분기 모두 컨센서스를 상회했습니다."
board_body,알테오젠,427142875,2026-08-04T14:16:39,2,"얘는 오히려 무증 때문에 못 감 다른 애들 섹터상승기류 타고 날아갈 때 오늘 오히려 무증 때문에 못 간 거임 다들 머릿속에 명확한 숫자가 있으니, 거기서 벗어나려 들질 않음"
board_comment,알테오젠,427142875,2026-08-04T14:32:51+0900,0,"낼부터 크게 가건데,..^*^ 걱정은 안해도 됩니다..
주식 갖고 있는 자가 들고 가겠다는 데,.."
board_body,알테오젠,427142529,2026-08-04T14:14:35,3,오늘  상승이유  바이오섹타  오르니까  동반편승해서  그리고  무증보고  단타성으로  들어와서 종가에는  크게  빠질듯 ​ 내일은  장대음봉 ​ 저점서  매수타점
board_comment,알테오젠,427142529,2026-08-04T14:31:09+0900,0,"낼부터 알테가 독보적 대장으로 앞장섭니다.. 알테 덕에 다른 바이오들 앞서간 줄 아시고, 감사하시길..
대장은 천천히,.. 뒤에서 가다가 앞으로 툭 튀어오르는 법!!!
낼,...기대^*^"
board_comment,알테오젠,427142529,2026-08-04T14:21:55+0900,0,넹...ㅠㅠ
board_comment,알테오젠,427142529,2026-08-04T14:16:16+0900,0,멍청한게 꼴값을 떠는구나 😂😂😂
board_body,알테오젠,427142524,2026-08-04T14:14:34,9,내일 공시 단군이래 최대 계약 ​ 또는 ​ 박순재 자사주 취득 ​ 이 둘중에 하나는 나올꺼라 믿습니다
board_comment,알테오젠,427142524,2026-08-04T14:33:35+0900,0,박순대가 자사주를 매입?  지나가는 똥개가 순대보고 웃겠다...
board_comment,알테오젠,427142524,2026-08-04T14:32:52+0900,0,순대 자사주 매입 ㅋㅋㅋ
board_comment,알테오젠,427142524,2026-08-04T14:16:55+0900,0,둘다아님 ㅋㅋ
board_body,알테오젠,427142514,2026-08-04T14:14:29,1,좋은 주식이었으면  자기들 주변 지인한테만 알려주지 ​ 생판 모르는 남들한테 사라고 추천할까요..?
board_body,알테오젠,427142356,2026-08-04T14:13:10,5,32만 원~ 그 가격을 넘었다~ 내가 어제 우연히 만든 신호.. ((삶은 우연이자 사실은 필연의 나날들..)) ((의사 할아버지가 오늘까지는 운동 하지 말라고.. 그래서 등산을 포기하고 그냥 차트를 봤다..)) ((그러다가 우연이자 기연을 봤다..)) ((제발.. 언제나 통하는 수식이기를..)) ((오늘부터는 드디어 등산을 해도 된다.. 기쁘다.. 얼마나 기쁘면 여기 게시판 세상에서 이러고 있을까.. ㅎㅎㅎㅎㅎㅎㅎㅎㅎㅎㅎㅎㅎㅎㅎㅎㅎㅎ)) ​ 32만 원의 화살표 신호를 넘었다.. ​ 한고비 넘었다.. ​ 하.. 갈 수 있다!!~~ 손실률 팍팍 줄었다.. 후.. ​ 어제라도 추매를 했으면 지금 본전일 수도.. 근데 돈이 별로 없다.. ​ 파동이 꺽이고 있다.. 갈 수 있다.. ​ #아~ 그리고 주봉에서도 추세전환 신호가 나온다!!~~ 좋은 징조!!~~ ​
board_body,알테오젠,427141938,2026-08-04T14:09:11,1,와우 겨우 본전왔다. 반도체가 계속 찌그러져 있어야 바이오가 갈랑갑다. 그럼 계속 찌그러져 있어주라.
board_body,알테오젠,427141694,2026-08-04T14:06:43,0,무증26.5에 사라  기존주주만이 즐거워하게 ​
board_comment,알테오젠,427141694,2026-08-04T14:23:48+0900,0,낼.. 갭상승 출발~~~!!!
board_body,알테오젠,427141676,2026-08-04T14:06:32,1,지금은? 공매도의 시간~~~
board_body,알테오젠,427141087,2026-08-04T14:00:10,0,그냥 가만히 있어. 매수하려면 26때 샀어야지.. ​
board_body,알테오젠,427140929,2026-08-04T13:58:35,3,글 올린 사람 중에 주주가 없네. 거의 보이는 목록 글 20개에 주주가 많아야 1-2명 정도. 남의 종목에 왜 그리 관심이 많나 내리던 오르던.....
board_comment,알테오젠,427140929,2026-08-04T14:14:08+0900,0,알테주주는 부끄러워서 인증못하는거다. 개잡주 주주라는거 티내고 싶겠냐
board_comment,알테오젠,427140929,2026-08-04T14:10:01+0900,0,나 500개 주주인데? 저번에 인증하래서 이증 했더만 얼마전 업댓한다고 초기화 시키길래 귀찮아서 그냥 쓰고있어
board_comment,알테오젠,427140929,2026-08-04T14:03:48+0900,1,설마 주주라고 써 있는 사람만 주주라고 생각하는 건 아니지? 그렇게 단순한 사람은 아닐거야
board_body,알테오젠,427140336,2026-08-04T13:52:13,4,성의있는상승장왕 얘도  차단들  하시죠  왜 여기서 지를이신지?
board_body,알테오젠,427140283,2026-08-04T13:51:41,1,오늘이고점 낼권리락 저점에매수
board_body,알테오젠,427140056,2026-08-04T13:49:10,3,햄왔다 10월까지 56만원 보내줄테니까 전닉은 그때 사라
board_body,알테오젠,427139900,2026-08-04T13:47:33,0,아까는 34-34.5 지금은 34.5-35 그래 이 정도만 올라줘도 큰절하고 감사하다 너한테 ​ 그치만 평소에 오르지도 않으니까 좀만 더 올라줘
board_body,알테오젠,427139678,2026-08-04T13:45:08,2,3월부터 35만원에서 맴돌았는데 25까지 떨어졌다가 올라오니 많이 오른거같네 이래서 주식에 중독되고 돈 잃고도 계속하는거다 꼭 번것같거든 ㅋㅋ
board_body,알테오젠,427139534,2026-08-04T13:43:48,3,와 내일 아침되면 파란불이겠군 이거 조금씩 오르고 내릴떄는 팍내리고
board_body,알테오젠,427139142,2026-08-04T13:39:35,1,마니 사세요 8월 6일날 무상 증좌 주잖아. 그러면 돈 벌어요 빨리 사세요.
board_body,알테오젠,427139123,2026-08-04T13:39:22,6,"반도체와의 관계 0 반도체가 피크를 찍고 내려오고 있다. 이에 반해 바이오는 이제 반등하고 있다. . 반도체를 분석하는 것이 곧 바이오를 분석하는 것일 수 있다. . 역의 상관관계를 보여주기 때문이다. ​ 0 반도체는 크게 2가지 논리로 본다. . 이번에는 다르다. AI 혁명은 다르다는 것이고, 미중 패권 전쟁의 정점에 있기 때문이다. . 반면, 반도체는 여전히 싸이클 산업이라는 것이다. ​ 0 필자의 경우 아직은 반반이라 생각하나, 싸이클 산업이라는 논리는 다음과 같다. . 메모리 수요는 선형으로 계속 증가하여 왔다. . 지금은 메모리 가격의 이상 급등에 따른 일시적인 현상이다. . 즉, 70~80%의 마진을 지속할 수는 없기 때문에, 정점을 찍고 내려올 일만 남은 것으로 보는 관점이다. ​ 0 반도체가 피크를 찍고 내려오는 것이라면, 수급은 급하게 바이오로 쏠릴 것이다. ​ 0 영업이익율 70~80%, 이것은 알테에게는 정상적이고, 지속가능한 숫치로 본다면, . 알테의 중장기 매력도는 높아만 간다. ​ 0 더불어, 반도체의 Q라고 할 수 있는 것은, 알테에게는 고객사이고, . 이것은 LO로 나타난다. . 10여개 이상의 LO가 기대되는 만큼, 그 누구도 알테의 성장의 끝을 쉽게 예단할 수 없을 것이다. ​ 0 모두의 성투를 기원, 투자는 각자의 판단에 의해서."
board_body,알테오젠,427139013,2026-08-04T13:38:15,0,3주 가지고 있음 무증은 어떻게 되나요? 지금 3주 가지고 있는데 무증하면 어떻게 되는건가요? 문의드립니다.
board_comment,알테오젠,427139013,2026-08-04T13:49:04+0900,1,한주도 받는거 없고 차액 현금으로 26일날 입금됩니다. 권리락으로 떨어진돈 입금해줌
board_comment,알테오젠,427139013,2026-08-04T13:39:18+0900,0,없써 거팔아서 소고기나 사묵어라
board_comment,알테오젠,427139013,2026-08-04T13:38:40+0900,1,돈으로 받아요
board_body,알테오젠,427138877,2026-08-04T13:36:43,2,354000원 마감하겠군 괜찮군...
board_comment,알테오젠,427138877,2026-08-04T13:56:31+0900,0,"379000원정도는 가야.. 공매물량 좀 수거할 듯 한데요..
낼 수거는 부담스러울 것이고,.. 오늘 최대한 수거해야 하는 상황일 듯,...
안팔면 낼부턴,.. 숏커버 아주 강하게,.. 숏스퀴즈는 아니더라도,,"
board_comment,알테오젠,427138877,2026-08-04T13:39:56+0900,0,354? 어디서 나온 숫자야
board_body,알테오젠,427138581,2026-08-04T13:33:19,1,엘씨도 20%다 웃전좀잘해라. 음주운전하고 있니 주포!!!
board_body,알테오젠,427138176,2026-08-04T13:28:49,8,"^*^ 공매도 물량 10만주 정도 매집했을려나?? 안팔면,... 공매도 물량 갚던지 말던지,.. 그건 그대들이 알아서 할 일,.. 진성주주들은 아마도 권리락 전 주가로 45만원 선 정도... 권리락후 주가로 346000원 정도.. 이정도까진 갈 수 밖에 없고,.. 이후 공시내용에 따라 최고가 갱신도 가능하다고 보는 입장.. ​ 오늘,.. 매집 제대로 했어도 10만주 언더일 듯,.. 언제 매집하는 게 더 싼지는 그대들이 더 잘 알고 있을 듯 하고,.. ​ 내일 머크,,, 컨콜에,.. 나온다는 LO!!! 기대감,,, 1건일지 다수일지.. 요것도 관심사고,.. ​ 자신없는 분들은 지금이 고점일 수도 있으니 파시고,.. 낼 권리락 이후 다시 들어오시던지.. 삼전 하닉으로 가시던 지... 거기도 많이 떨어졌으니,.. ​ 믿으면 고~~~~우!!! 못 믿으면 하~~~아~~~차!!! ​ 난 언제나 고~~~~우!!!"
board_comment,알테오젠,427138176,2026-08-04T14:02:43+0900,0,"고가대비 5호가 단위로 1주씩 내려올 때마다 삽시다.. 저도 사고 있습니다,,^*^"
board_comment,알테오젠,427138176,2026-08-04T13:42:14+0900,0,타용아 숏을 왜치니그러니까 계좌 녹자나 ㅋㅋㅋㅋㅋㅋㅋㅋㅋㅋㅋㅋㅋ
board_comment,알테오젠,427138176,2026-08-04T13:35:15+0900,0,"저것들 어제도  십민주넘게 대차한거 같던데
간이 튀어나온놈들이여"
board_comment,알테오젠,427138176,2026-08-04T13:31:49+0900,0,"여기서 공매도 친 돈으로 삼전 하닉들어가서 물렸나???  낮은 가격에 대차 많이 하던 데,.. 이걸로라도 일단 상환하면서 버텨보려고?? 삼전 하닉,.. 나도 들고 있지만, 당분간 조정 더 올수도 있을 듯 불안한 데,.. 거기 손절하고 여기꺼 사서 갚으슈,, 여기저기서 더 손실 보지말고,,,"
board_body,알테오젠,427138035,2026-08-04T13:27:22,1,빨리 합병 추진해라 순대야.   최적의 시기다 지금.
board_comment,알테오젠,427138035,2026-08-04T13:28:56+0900,0,주식 앵간치도 못한다 너돜ㅋㅋ 안쓰럽다
board_comment,알테오젠,427138035,2026-08-04T13:28:25+0900,0,오 얘왔다 다시 매수타이밍 ㄱㄱㄱㄱㄱㄱ😂
board_body,알테오젠,427137695,2026-08-04T13:24:00,4,35에 무증들어가믄 더땡큐지 징징이 느므들은 더징징되그라 계산해보믄 35/1.3  269200이 권리락 이구만  5일날 2만냥만 올라가자
board_comment,알테오젠,427137695,2026-08-04T13:25:39+0900,4,장 마감후 대표가 리가켐처럼 자사주 매입 뉴스 내주면 쉽게 갈텐데....
board_body,알테오젠,427137655,2026-08-04T13:23:37,5,성투하세요 무증까지는 못버티겠네요. 성투하세요
board_comment,알테오젠,427137655,2026-08-04T13:42:16+0900,0,아쉽다  여적 기다렸느넫  좀더 있지
board_body,알테오젠,427137628,2026-08-04T13:23:15,3,개잡주가 난리났네 개잡주 주제에. ​ 폭락가자
board_comment,알테오젠,427137628,2026-08-04T14:17:09+0900,0,그런 인성으로 주식하고 인생 살아봐 …어떤 일이 펼쳐지나 ..기대해라
board_comment,알테오젠,427137628,2026-08-04T13:50:07+0900,0,쯧쯧~~   그럴 시간에  뭔 일이라도 해라
board_comment,알테오젠,427137628,2026-08-04T13:26:02+0900,0,너도 난리났네?
board_body,알테오젠,427137614,2026-08-04T13:23:05,3,내일오르냐? 냉정하게..지금 본전이다
board_comment,알테오젠,427137614,2026-08-04T13:35:13+0900,0,오른다
board_body,알테오젠,427137486,2026-08-04T13:21:54,1,상승 VI 두번 포착! 올해 전고점까지 간다! 역대급 규모의 빅딜 기술이전 계약 큰거 한방 남아있다! ​
board_comment,알테오젠,427137486,2026-08-04T13:31:35+0900,0,8월 2분기 매출 실적 엄청 기대됩니다.
board_body,알테오젠,427137400,2026-08-04T13:21:01,1,괴뢰군 38고지를 뚫어야 진짜 상승시작임 ​ 멸공!
board_body,알테오젠,427137045,2026-08-04T13:17:31,3,상승 VI 발동! 돈 복사 제대로 하고 있다ㅋㅋㅋㅋ ​
board_body,알테오젠,427136976,2026-08-04T13:16:54,6,슬슬 수급 들어오네요... 큰손들 들어오겠죠...
board_body,알테오젠,427136896,2026-08-04T13:16:16,0,알텡ㅈ이가 Vi 도 발동 하고 원일이니 이ssgi
board_body,알테오젠,427136848,2026-08-04T13:15:54,0,아까 말해줘도 안사노 빙기들 말해줬자나..분봉 쏠거같다고...에휴 바보야..파는거 잘하면서 왜 사라할땐 안사노 아까 정리한애들 이제 다신 오지마러
board_body,알테오젠,427136780,2026-08-04T13:15:19,4,35만에 아예 잠궈 놨네.. 이거 뚫어줄 수급만 있다면 오늘 40만인데..
board_comment,알테오젠,427136780,2026-08-04T13:16:43+0900,0,40만 갈테이  좀 기다려봐라 내가 올려둘터이니
board_body,알테오젠,427136716,2026-08-04T13:14:55,6,상한가 가자~~~~~~~~~ ~~~~~~~~~~~
board_body,알테오젠,427136715,2026-08-04T13:14:55,0,주식 선배 형님들 주린인데요 본전에 나가는게 나을까요? 내일 30% 권리락 무증받는게 나을까요?  8월 26일가지의 주식방향을 알수가 없으니..... 솔직히 무증에 대한 영향이 너무 없는것 같아요 ​
board_comment,알테오젠,427136715,2026-08-04T13:36:38+0900,0,아저씨 꼴린대로
board_comment,알테오젠,427136715,2026-08-04T13:25:48+0900,0,니평단을 적어봐 계산해서 이익이라 생각됨 받는거구 아니면 안받음 되는기다
board_body,알테오젠,427136666,2026-08-04T13:14:31,2,신용미수전재산몰빵 집산다 상가자 패는보여졌다  패는보여졌다 바닥찍고 상승만 남았다
board_body,알테오젠,427135608,2026-08-04T13:04:42,1,투대이 이즈 상.안.가   리얼리 ??    새력 슨상님덜  날 도 더븐대  문다짜용 ~~    어여여
board_body,알테오젠,427135596,2026-08-04T13:04:34,4,아직도 -11% 어처구니가 없네 뭐하자는거냐? 이게 무슨 애들 장난도 아니고 ​
board_comment,알테오젠,427135596,2026-08-04T13:43:07+0900,0,니가 하는게 애들 장난이지;
board_body,알테오젠,427135538,2026-08-04T13:03:59,2,권리락 오늘 권리락이라서 오르는건가?
board_comment,알테오젠,427135538,2026-08-04T13:26:27+0900,0,ㅋㅋ 이런 소대갈 누믄 주식을 왜허나
board_body,알테오젠,427135201,2026-08-04T13:00:20,10,오늘밤  MSD  키트루다 큐렉스 전환율... point ​ MSD 목표 : 2027년 말 목표 (출시 후 18~24개월 내): 30% ~ 40%  중장기 최대 목표: 특허 만료 시점 전까지 최대 50% 내외 전환 유도 ​ ​ 미국 출시 9개월 만에 약 9%전환중 ​ 이미 UBS브랜든서 예측은 나가리 되었고  입꾹닫 시전중 ㅎ ​
board_comment,알테오젠,427135201,2026-08-04T13:08:32+0900,1,3월까지 2~3%이하로 머물다가 4월 J-Code 적용후 9%대로 급증했다는 것은 MSD가 목표로한 2년내 30~40%는 훨씬 빨리 더 높게 달성될 가능성이 높다는 것이죠
board_body,알테오젠,427134879,2026-08-04T12:56:30,6,"부럽네요 리가캠바이오 김용주 회장, 15억원 규모 회사 주식 장내 매수 공시 ㅡㅡㅡㅡㅡㅡㅡㅡㅡㅡㅡㅡㅡㅡㅡㅡㅡㅡㅡ 알테오젠 이사회 의장과 대표이사는 타사 경영진의 모범적인 책임경영 사례를 본받으세요. 너무하네"
board_comment,알테오젠,427134879,2026-08-04T13:06:02+0900,2,내일 발표하면 죽이는 타이밍인데....
board_body,알테오젠,427132647,2026-08-04T12:31:10,1,분 차트보면 맛있게 올라갈거같은데^^ 같이벌자 형아들
board_body,알테오젠,427132595,2026-08-04T12:30:31,3,거지들만 기어나와서 글쓰네 ㅋ 꼴려? ㅋ
board_body,알테오젠,427131772,2026-08-04T12:21:28,3,빨리 폭락가야지 개잡주답게
board_body,알테오젠,427131605,2026-08-04T12:19:50,2,단일종목알테오젠 레버리지가 시급하다다
board_body,알테오젠,427131154,2026-08-04T12:15:57,12,무증한다해도 이 꼬라지네 다른 바이오는 날아가는데 이 변신은 ​ 오늘도 혼자 꼴깝떨고 자빠졌네
board_comment,알테오젠,427131154,2026-08-04T13:12:20+0900,0,무식한게 꼴값을 떠는구나 😂😂😂
board_comment,알테오젠,427131154,2026-08-04T12:28:01+0900,1,화날만 하네요.
board_comment,알테오젠,427131154,2026-08-04T12:27:56+0900,0,다른 무슨 바이오????
board_comment,알테오젠,427131154,2026-08-04T12:19:15+0900,1,그만 자라~ 이 좋은 주식을 왜 변신이라 하니?그러니깐 니 마누라가 변심하는거다.
board_body,알테오젠,427130877,2026-08-04T12:13:09,18,두고봐라 회사가 충청도 꼰대끼가 있어도 병s은 아님 호재없는 무증은 계단식하락임. 회사입장에서도 돈써가며 무증을 괜히 한게아님. 권리락이후 분명 lo나온다. 알테오젠이 단타쟁이에 가혹할정도로 단기로 보면 힘든종목인데 장기보유자한테는 확실히 수익은 안겨줬다. 빠르면 오늘 장마감후 늦어도 이번주에는 계약하나 던져줄꺼니깐 너무 걱정들말길
board_comment,알테오젠,427130877,2026-08-04T12:17:42+0900,0,글쎄 나와도 26일 근처에 나올 것 같은데
board_comment,알테오젠,427130877,2026-08-04T12:15:09+0900,1,무증에 돈 들지 않아요
board_body,알테오젠,427130845,2026-08-04T12:12:51,3,진짜 잡주 맞네요 오늘 바이오 급등장에 뭐 대장이라는게 겨우 7% 한심허다
board_body,알테오젠,427129722,2026-08-04T12:00:35,4,쓰레기 쓰레기 혼자 뭐하는거지
board_comment,알테오젠,427129722,2026-08-04T12:12:13+0900,0,"넌 올라도 짜증, 내려도 짜증, 왕 짜증이구나"
board_comment,알테오젠,427129722,2026-08-04T12:06:23+0900,0,"제약 바이오 급등장에 이게 오르는거냐~~~
제약 바이오 오르니 따라 오르는거징~~ 알테가 주도해서 가야 하는댕
걍 덩달아 가는게 문제징~~~"
board_comment,알테오젠,427129722,2026-08-04T12:03:05+0900,0,"오르는 중인대, 모가, 불만인대 닭대갈 누마"
board_body,알테오젠,427129387,2026-08-04T11:56:39,5,무증이고 나발이고 그냥 바이오 올리니까 덩달아 올린거 뿐이다 기관섹들이 반도체 약세니까 바이오로 단타들어온거 뿐이다 며칠만 지나면 어느새 제자리로 내려가있을거야
board_comment,알테오젠,427129387,2026-08-04T12:14:11+0900,0,🦀 소리하고 있네
board_comment,알테오젠,427129387,2026-08-04T11:57:59+0900,0,"응
꺼져."
board_body,알테오젠,427128668,2026-08-04T11:48:45,5,변신 증말 삽질한다 이거 내일이 무증락 맞아?? 더럽네 진짜
board_body,알테오젠,427128391,2026-08-04T11:45:34,5,한 번 개잡주는 영원히 개잡주 ​ 사람이 쉽게 안바뀌듯 ​ 회사도 대주주가 안바뀜
board_comment,알테오젠,427128391,2026-08-04T13:44:55+0900,0,견  눈에는  견만보이지.
board_comment,알테오젠,427128391,2026-08-04T12:12:51+0900,0,너와 니 인생이 개잡주구나~~~ 무식한게 꼴값을 떠는구나 😂😂😂
board_comment,알테오젠,427128391,2026-08-04T11:56:13+0900,0,입벌구는 안변해
board_body,알테오젠,427128109,2026-08-04T11:42:26,13,개잡주 증말~~~ 오늘 제약 바이오 기본 10퍼 넘게 다 오르는댕 시총 1위 기업이 주가가 이게 모냐 증말~~ 최소 37만은 오늘 가 있어야 하는거 아니냐~~~ 심각하다 증말~~~
board_comment,알테오젠,427128109,2026-08-04T11:47:52+0900,0,37만에 물렸구나...기다리면 갈꺼야 😂😂
board_body,알테오젠,427127990,2026-08-04T11:41:13,8,매수 마지막날! 오늘 매수하면 주당 0.3주 무증. 알테오젠 주식수늘릴 마지막 기회인가요.
board_body,알테오젠,427127473,2026-08-04T11:35:22,10,내일까지 보유하면 30%주식 들어오나요  10주보유면 3주   ?
board_comment,알테오젠,427127473,2026-08-04T12:17:34+0900,0,오늘입니다.
board_comment,알테오젠,427127473,2026-08-04T11:39:02+0900,4,단기로 보고 들어오신거면 내일 팔아도 됩니다. 가능하면 연말까지 들고 가시는 걸 추천요.
board_comment,알테오젠,427127473,2026-08-04T11:37:45+0900,1,오늘!! 알면서 그러는거길...
board_body,알테오젠,427126913,2026-08-04T11:29:24,3,"알텡이는 여전히 반푼이군 동종 다른 종보다 ,,,,"
board_comment,알테오젠,427126913,2026-08-04T11:30:27+0900,1,오늘 장 마감전에 15%이상 말아올릴 예정입니다.
board_body,알테오젠,427126727,2026-08-04T11:27:25,3,개잡주 뭐하냐 시세 끝났으면서
board_body,알테오젠,427126592,2026-08-04T11:26:10,4,오늘 35찍고  낼종가는 30 목푠데 계획대로 가자~ 나갈 호구들도 내일까진 좀 버텨라~ 같이 먹고 살자 쫌~
board_comment,알테오젠,427126592,2026-08-04T11:43:12+0900,0,찍고 40
board_body,알테오젠,427126214,2026-08-04T11:22:42,1,지투지봐라  거래량없이  쳐올린다 고농축  sc가  맞는가보네 ​ ㅎㅎㅎㅎㅎ
board_comment,알테오젠,427126214,2026-08-04T11:35:33+0900,0,"거기로 가소.. 쪽집게 무당처럼 벌써 저점에 샀겠지요??
축하드립니다..^*^"
board_comment,알테오젠,427126214,2026-08-04T11:32:28+0900,0,D CAT B 일 가능성 / R B의 신뢰도는 거래량인데 ~없다는 얘기는 뭐다?
board_body,알테오젠,427125644,2026-08-04T11:17:50,2,이제 본색을 드러내라. 개잡주 본색.
board_body,알테오젠,427125490,2026-08-04T11:16:40,9,외국인 투신 연기금 트리플 매수 중 키움(개미)증권 35000주 순매도 탈탈 털리는 중
board_body,알테오젠,427125064,2026-08-04T11:13:16,8,1억이상 매수체결 1위 ....어휴 이 개투 호구들 증말~ 호가 아래로 던지지말고 위로 걸어놓고 팔리면 짜지라고 더 갈것도 못가는겨 니들 때문에~
board_body,알테오젠,427124999,2026-08-04T11:12:44,1,와이리 좋노 수익 전환에 무증까지 받고 노났네 ㅎㅎ
board_body,알테오젠,427124951,2026-08-04T11:12:22,3,종가예상  +3.5% 낼  권리락후  사도  안늦는다
board_comment,알테오젠,427124951,2026-08-04T11:39:54+0900,0,똥싸는 소리 하지말고 쳐 자라 응~~응~~~응 ㅋㅋㅋㅋ ㅋㅋㅋㅋ ㅋㅋㅋㅋ
board_comment,알테오젠,427124951,2026-08-04T11:17:23+0900,0,"난,, 20프로 이상 보는 데,..^*^"
board_comment,알테오젠,427124951,2026-08-04T11:16:04+0900,0,응원합니다.  가능하면 왜 그런지 근거를 달아주면 더 설득력 있을 듯 합니다.
board_body,알테오젠,427124696,2026-08-04T11:10:15,2,최악이다 반도체는 내리고 바이오 특히 알테가 오르다니.... 이러면 놀려먹을 수가 없잖아 그동안 알테주주들 놀려먹는게 유일한 낙이었는데.... 빨리 제자리로 돌아오길 기도해본다 알테 폭락~ 기승전 반도체~
board_comment,알테오젠,427124696,2026-08-04T11:38:29+0900,0,아직도 암 안걸렸냐? 검진 받아봐라 암이 무럭무럭 자라고 있을듯~~~ 평생 iv 맞으면서 살어~~~물론 그거 맞을 돈도 없겠지만 ㅋㅋㅋㅋ
board_comment,알테오젠,427124696,2026-08-04T11:12:53+0900,0,밥은 먹고 댕기냐~~~
board_comment,알테오젠,427124696,2026-08-04T11:10:48+0900,2,인생이 불쌍타
board_body,알테오젠,427124369,2026-08-04T11:07:43,6,숏커버 들어와서 상한가각
board_body,알테오젠,427124123,2026-08-04T11:05:54,0,충청도라 그런가 합병 수면위로 올라 올 때 된 것 같은데 ​ 졸라 밍기적 거리네.
board_comment,알테오젠,427124123,2026-08-04T13:10:57+0900,0,신병인가
board_comment,알테오젠,427124123,2026-08-04T11:42:45+0900,0,그런 머리로 알바 뛰면 사장님이 호구네~~~얼마나 불쌍해 보였으면~~ㅋㅋㅋㅋ ㅋㅋㅋㅋ ㅋㅋㅋㅋ 좀 더 참신한거 좀 생각해봐라~ 흐르는강물이 보다 못하노~~~
board_body,알테오젠,427124080,2026-08-04T11:05:40,8,"^*^ 꾹 움켜쥐고 있길,,,,이번주 박스권 탈출!!! 가능 박스권 상단,.. 420000원 선,..권리락 후 323000원 선.. 지난 연초 LO 이곳... 이번에 새로 나올 LO는 어디??? ​ 머크 큐렉스 매출 증가와 전환율 증가,..끝나가는 특허이슈!!! 유럽권으로의 판매 확대 시점,.. ​ 사노피 임상 1상 완료, 9월 3상 시작,.. 28년이면 끝나고,.. 제품 출시예상 사노피는 4프로 이상일 것으로 판단... ​ SC, 고농축!!!  아무나 하는 것 아님,.. 찌라시에 속지말고,.. SC와 고농축은 차원이 다름,.. 농축 농도도 다르고,.. 부작용도... SC가 현저하게 우수함.. ​ SC제형이 대세라는 방증!!! 모두가 하려하지만, 못하는,.. 머크도, 사노피도, AZ도,다이이치산쿄도, BMS도, 시밀러의 대마왕 산도즈도,.. 등등 ​ 아무나 할 수 있는 거 아님,.. 국내 기사 찌라시에 놀아나지 말길....^*^ ​ 그냥 넘어야하는 숫자,..420000원,, 오늘?? ㅋㅋ 못가죠. 상한가 위라서, 내일부터는 323000원,... ​ 성투하세요... 안팔면 올라요,,,"
board_comment,알테오젠,427124080,2026-08-04T11:41:45+0900,0,흘러내릴 때 5호가당 1주씩만 담지요...340500에 1주 주문이욤..하하
board_comment,알테오젠,427124080,2026-08-04T11:27:07+0900,0,"오늘.. VI 두번정도 구경하면 좋겠네요^*^
오늘보다는 내일이 더 기대되는 날!!!"
board_comment,알테오젠,427124080,2026-08-04T11:10:17+0900,2,아무리 그래도 팔사람들은 다 팝니다. 전 큐렉스 첫 로얄티 들어올때까지 가지고 가볼랍니다.
board_comment,알테오젠,427124080,2026-08-04T11:06:16+0900,1,43만원 넘어야 안정빵인듯요 ㅠㅡ 롸이팅
board_body,알테오젠,427123596,2026-08-04T11:02:29,7,무증후 LO 공시 나오는거같다
board_comment,알테오젠,427123596,2026-08-04T11:44:26+0900,0,대표 표현으론 여름휴가 즈음에 나온다했는데~
board_comment,알테오젠,427123596,2026-08-04T11:39:51+0900,1,개소리는 하지말고
board_comment,알테오젠,427123596,2026-08-04T11:28:30+0900,0,"이번주중에 나오긴 할 것 같습니다..^*^ 기사이후 45일정도 지나는 시점이니,.. 마루리될 수도...^*^"
board_comment,알테오젠,427123596,2026-08-04T11:12:53+0900,1,근거없는 이야기 퍼뜨리지는 말아주세요. 안나오면 실망매물 나옵니다.
board_body,알테오젠,427123485,2026-08-04T11:01:51,2,개잡주 힘이 떨어졌다 살 사람 다 샀냐
board_body,알테오젠,427123311,2026-08-04T11:00:27,3,작년 8월4일 43만원이다 올랐지만 9만원 떨어졌네 1년이상 장투자는 주식접어라~ㅋㅋㅋㅋㅋㅋ
board_comment,알테오젠,427123311,2026-08-04T11:09:38+0900,0,네이버 주톡방 초록강아지 같은 넘이냐
board_comment,알테오젠,427123311,2026-08-04T11:08:39+0900,0,내가 산 가격을 어찌 아시고 떡 맞추심 ㅜㅜ
board_comment,알테오젠,427123311,2026-08-04T11:08:35+0900,0,1년이상 장투자는 주식 접어요? 왜요? 저는 7년차라 이렇게 떨어져도 수익율이 4000% 이상인데 ㅋㅋㅋ
board_body,알테오젠,427122842,2026-08-04T10:57:09,7,오늘 5만넌 상승 할꺼가따
board_body,알테오젠,427122376,2026-08-04T10:54:29,0,전자 닉스 양전 코스닥 끝난거?
board_body,알테오젠,427122232,2026-08-04T10:53:37,2,이제  실실  매도타이밍 무증  받아봐야  영양가없다 ​ 권리락후  재매수가  현명하다 ​ 내일  공매성님들이  무쟈게  때릴겨 ​ ㅎㅎㅎㅎ
board_comment,알테오젠,427122232,2026-08-04T11:18:15+0900,1,오늘 장 막판에 크게 감아올릴 것 같은데 오늘 공매성님들은 활동 안하나요? 측근이면 잘 아실텐데 좀 알려주면 감사.
board_comment,알테오젠,427122232,2026-08-04T10:58:08+0900,2,"이번주 420000원 박스권 상단,(권리락 후 323000원) 넘는다... 쫑알 되지말고..
살거면 지금이라도 사라...연초 2건 LO가 42만우너 선이다. 이번 새로운  LO는 이것보다 더 가야하지 않겠니??
머크 큐렉스 전환율과 매출이 급격하게 증가하고 있는 데,... 특허이슈 긑나가고 있고,.. SC제형 누구나 할 수 있는 것 아니다.. 찌라시에 속지마라.."
board_body,알테오젠,427121653,2026-08-04T10:50:14,6,형님들 36만원 올까요?? 36만원에 오랜기간동안 물려있어서요
board_comment,알테오젠,427121653,2026-08-04T11:45:53+0900,0,당근 요~
board_comment,알테오젠,427121653,2026-08-04T10:52:16+0900,0,저는 40만원입니다. 50만원까지 가면 좋겠네요
board_body,알테오젠,427121312,2026-08-04T10:48:07,2,개잡주 알테오젠 개잡주일수밖에
board_comment,알테오젠,427121312,2026-08-04T10:51:44+0900,0,응원 감사합니다
board_body,알테오젠,427121188,2026-08-04T10:47:22,2,무증하나요? 2쥬인데 3주면 1주 주나요?
board_comment,알테오젠,427121188,2026-08-04T11:07:16+0900,0,4주
board_body,알테오젠,427120857,2026-08-04T10:45:23,5,34.5 매물대 못뚫는게 아니고 안뚫는거다 형들 저런 허매도벽은 사라질예정~ 잘보소~
board_comment,알테오젠,427120857,2026-08-04T10:49:37+0900,0,vi가서 항방에 올리면 되는 물량들...
board_body,알테오젠,427120490,2026-08-04T10:43:20,1,신한창구 폭탄 매물 언제 쏟아내냐?
board_body,알테오젠,427120257,2026-08-04T10:41:15,6,3주만에  30%상승 ㅅㅅㅅㅅ ​ 50만원 가냐?
board_body,알테오젠,427120181,2026-08-04T10:40:27,2,오늘 오르길래 개잡주 아닌줄 알았더니 다른종목 상승률 보니까 다시 개잡주 맞다.
board_comment,알테오젠,427120181,2026-08-04T10:53:06+0900,0,언제나 응원 감사해요
board_comment,알테오젠,427120181,2026-08-04T10:46:26+0900,1,개잡주 종토방에 꼬이는 너는 개잡것?
board_comment,알테오젠,427120181,2026-08-04T10:41:44+0900,1,알테 개잡주니까 다른 방에 가서 노세욤.
board_body,알테오젠,427120137,2026-08-04T10:40:08,4,신기하군 344를 가는 게 이렇게 힘들다고? 알테오젠이 잡회사였나. 흠...
board_body,알테오젠,427119912,2026-08-04T10:38:08,6,코스닥의 정상화 알테가 이끈다. 키트루다 하나만으로도 벌써 40위에서 놀아야 하거늘.. 정상화로 가자! ​ 듀피젠트... 추가 LO는 덤
board_comment,알테오젠,427119912,2026-08-04T10:39:23+0900,1,40이 아니라 50위에서 놀아야징~~~
board_body,알테오젠,427119802,2026-08-04T10:37:25,30,"★★★무상증자 내용 정리 해줄게★★★ 무증 참여 대상: 8월 4일(화) 장 마감 때까지 주식을 보유하고 있던 주주 (이것 때문에 오늘 15% 이상 무조건 간다. 살 사람 지금 사라..) ​ 오늘(8월 4일) 마감되는 장후 시간외 거래(넥장, 오후 4:00 ~ 6:00)까지 모두 포함 ​ 권리락일: 8월 5일(수) (이날부터는 주가가 30% 낮아진 가격으로 시작하며, 주식을 팔아도 무증 받음) ​ 신주배정 기준일 : 8월 6일(목) ​ 신주 상장(입고)일: 8월 26일(수) ​ 1주당 0.3주 비율로 지급 ​ 즉, 100주 가지고 있으면 33주 주고, 0.3주는 현금으로 들어옴 ​ 1주 미만으로 떨어지는 단수주는 8월 26일 상장 첫날 종가를 기준으로 계산하여 현금으로 계좌에 입금 (이런 것도 알려줘야 함 ㅡㅡ?) ​ 신청 할 필요 없음. 8월 26일 아침에 알아서 들어옴 ​ 핑프들아 제발 좀 찾아보고 사라 좀 ​ 뭔 무당도 아니고 주식을 감으로 쳐하냐"
board_comment,알테오젠,427119802,2026-08-04T13:42:03+0900,1,넥장은 20시까지인거 맞죠?
board_comment,알테오젠,427119802,2026-08-04T13:36:28+0900,0,"더 쉽게 말하면, 액분은 그냥 만원짜리를 천원짜리로 10조각 만드는거고, 무증은 만원이 있는데, 주주들한테 공짜로 3천원을 더 주는거지."
board_comment,알테오젠,427119802,2026-08-04T13:32:51+0900,0,"반응 좋네? 더 알려줄게. ""그럼 무증이랑 액분이랑 뭔 차인데요!!! 다른 주식도 액분하는데 그건 악재라잖아요!!"" 야이.. 의도가 다르잖아. 액분은 매수 가격을 낮춰서 유동성, 즉 신규 유입을 목적으로 하는거고, 무증은 회사가 가지고 있는 현금을 주식으로 바꿔서(이러면 회사 돈 묶임) 주주님들.. 우리 회사 건강하고 튼튼해요.. 제발 빼지 말고 장기투자 해주세요.. 라고 말하는거임. 액분같은 짓거리랑은 성격 자체가 달라."
board_comment,알테오젠,427119802,2026-08-04T13:20:34+0900,1,"내일 왜 30퍼가 떨어지죠??
무증30퍼 준다고 30퍼 떨오진다 생각한건 아니죠??
오늘 종가÷1.3 이렇게 계산해야지 
이런것도 알려줘야함??"
board_comment,알테오젠,427119802,2026-08-04T12:54:12+0900,0,"야, 내일이 권리락인데 오늘 4시 5시 에 장이 열리냐? 3시30분에  마감이지? 미련 밥통아! 얘들한테 똑봐루 알려줘"
board_comment,알테오젠,427119802,2026-08-04T11:48:28+0900,10,100주 들고 있으면 33주가 아니고 30주 들어오는거 아닌가요?
board_comment,알테오젠,427119802,2026-08-04T10:46:27+0900,4,"여기서 주의할 점. 무상증자 하는줄도 모르고, 주가 떨어지니까 패닉셀 하는 개미들이 많아서 잠깐 하락할 가능성 있음. 이때가 또 저점 매수 하기 좋은 타이밍이지. 이때 기관,외인들이 많이 들어옴. 그니까 내일 가격 좀 떨어졌다고 바로 팔지 말고 좀 찾아보란 말이야"
board_comment,알테오젠,427119802,2026-08-04T10:44:27+0900,2,"그리고 너네 하이닉스 주식 10주씩 살 수 있음? 못사지? 왜? 150만원 200만원 하는거 어떻게 사냐 비트코인처럼 0.01주 살 수 있는 것도 아니고.

근데 무증해서 가격이 낮아지면, '통장에 남는 돈'으로 투자하는 사람들이 유입하기 쉬워짐. 현금이 없어서 40만원 1주 못사는 애들이 25만원되면 살 수 있다는 말이야."
board_comment,알테오젠,427119802,2026-08-04T10:43:21+0900,3,"간단하게정리
똑똑씨다"
board_comment,알테오젠,427119802,2026-08-04T10:42:53+0900,12,"그리고 십 무상증자가 뭔지 모르는 애들 위해서 쓴다. 

??? : 어차피 무증 이후 가격 형성이 30% 떨어지는데, 이득은 아니지 않나요?

입을 확 ㅋㅋ

무증은 아무회사나 못한다. 회사 장부(이익잉여금 등)에 공짜 주식을 발행해 줄 만큼 현금성 자산이 엄청나게 많이 쌓여 있다는 것을 시장에 증명하는거다. 회사에서 ""나 돈 많아요!"" 하는거임


그리고 착시 효과도 있다. 어 이거 얼마전까지 40만원 하던 주식인데 왜 25만원임? ㅋㅋ 바닥에서 산다 하는 애들이 많아짐."
board_body,알테오젠,427119474,2026-08-04T10:34:52,1,신기한용자야 또 매수타점 알려조!!!!!!!!!! 사랑해
board_comment,알테오젠,427119474,2026-08-04T10:38:50+0900,0,지금들어가 소대가라
board_body,알테오젠,427119209,2026-08-04T10:32:55,13,싸도 너무 싸다 이 가격에 줍고 무증까지 받는 사람 너무 부럽다 2년보유했는데 지금 단가보다 높다
board_comment,알테오젠,427119209,2026-08-04T10:45:12+0900,1,30밑으로 400개 주웠네요 알테 믿으세요
board_body,알테오젠,427118937,2026-08-04T10:31:06,8,외것 개관 다들왔다 오늘 크게 갈거 같다. 간만에
board_comment,알테오젠,427118937,2026-08-04T10:44:23+0900,0,미국 보험청구 환경 쪽에서 한 단계 진전된 자료가 확인됩니다. 미국 보험사 의료정책 문서에서 KEYTRUDA QLEX에 기존 임시코드(J3590/C9399) 대신 전용 영구 J-code J9277을 반영하고 QLEX SC를 보험정책 대상으로 명시하고 있습니다. 즉
board_comment,알테오젠,427118937,2026-08-04T10:31:53+0900,1,이제 축제 분여기 나네
board_body,알테오젠,427118856,2026-08-04T10:30:27,10,오늘 상한가 가도 마이너스네요 따뜻한 덕담한마디씩만 해주고 가세요..
board_comment,알테오젠,427118856,2026-08-04T10:58:51+0900,1,저도 비슷해요 워낙 높은가격에 사서 계속 흘러내려서..ㅠㅠ
board_comment,알테오젠,427118856,2026-08-04T10:33:07+0900,1,"머크 가이던스 높게 나오고 lo 열개 하면
천당갑니다."
board_body,알테오젠,427115966,2026-08-04T10:10:38,7,신기한타이밍고아가 지낄때마다 매수타이밍이네 ㅋㅋㅋㅋㅋㅋ
board_body,알테오젠,427114861,2026-08-04T10:05:01,10,코오롱티슈도 10% 이상가는데 넌 뭐냐?  참 답도 없고 약도 없고 백약이 무효하네 ​ 욕할 기운도 없다
board_comment,알테오젠,427114861,2026-08-04T10:36:54+0900,0,티슈가 아니라 쓰레기라 그렇지
board_comment,알테오젠,427114861,2026-08-04T10:22:18+0900,0,기운내
board_comment,알테오젠,427114861,2026-08-04T10:09:44+0900,3,코티가 하한가 3방 맞은 건 모르냐? ㅋㅋ
board_body,알테오젠,427114512,2026-08-04T10:03:24,6,신기한숏고아 엄마가 ㅌ찾는다~
board_body,알테오젠,427114255,2026-08-04T10:02:18,7,신기한타이밍유기견 이제 곧 돚 물고 D 질때 됐네
board_body,알테오젠,427114110,2026-08-04T10:01:39,4,미국45개주 식중독확산 식중독 관련주 사자
board_body,한미반도체,427145020,2026-08-04T14:36:52,3,보합까지 일단 가보자 가즈아 ~~~~~ 공견 매도 물량 꾹꾹 담았다 아래서
board_body,한미반도체,427144997,2026-08-04T14:36:40,0,"2026년 2조 매출???? ㅋㅋㅋㅋㅋㅋㅋㅋ 3,4분기 8000억 이상씩??? ​ 곽회장 입꾹닫하는 이유가 괜히잇는게 아니엿구마 ​ ㅋㅋㅋㅋㅋㅋㅋㅋㅋㅋㅋㅋㅋ"
board_body,한미반도체,427144632,2026-08-04T14:32:54,1,"영업이익률 51.9%에도 주가는 하락한 한미반도체 관련 뉴스 창사 최대 매출에도 실적 발표 전보다 주가 낮아 목표주가 10만~50만원…'매출 2조' 현실성도 도마 ​ 곽동신 회장이 이끄는 한미반도체는 2분기 최대 실적에도 불구하고 주가 고전을 겪고 있다. /한미반도체 ​ ​ [더팩트｜윤정원 기자] 한미반도체가 2분기 창사 이래 최대 실적을 냈지만 주가는 실적 발표 이전 수준으로 되돌아갔다. 영업이익률 51.9%에도 분기별 실적 변동성과 기존 성장 목표의 현실성을 둘러싼 의문이 커지면서 적정 기업가치 논쟁이 다시 불붙고 있다. ​ ◆ 상한가 보름 만에 원점…최대 실적도 못 지킨 주가 ​ 4일 한국거래소에 따르면 한미반도체는 전날 20만2500원에 거래를 마쳤다. 전 거래일보다 5.59% 내린 가격으로, 2분기 실적 발표 직전인 지난달 14일 종가 20만7500원보다도 2.4% 낮다. ​ 한미반도체는 지난달 14일 올해 2분기 연결 기준 매출 2511억원, 영업이익 1303억원을 기록했다고 발표했다. 전년 동기 대비 각각 39.5%, 51.0% 증가했다. 매출은 창사 이래 분기 최대치를 기록했고 영업이익률은 51.9%에 달했다. ​ 주가는 실적 발표 직후 급등했다. 발표 다음 날인 지난달 15일 가격제한폭인 29.88% 오른 26만9500원에 거래를 마쳤다. 하지만 이튿날 곧바로 10.02% 하락했고, 29일에는 장중 14만8900원까지 밀렸다. 상한가를 기록한 종가와 비교하면 장중 낙폭은 44.7%에 이른다. ​ 지난달 31일에는 27.98% 반등했지만 상승세는 이어지지 못했다. 이달 3일 다시 5% 넘게 하락하면서 실적 발표 직후의 상승분을 모두 반납했다. 지난달 15일 상한가 종가와 비교해도 24.9% 낮은 수준이다. ​ 같은 기간 반도체주와 국내 증시 전반의 변동성도 커졌다. 핵심 고객사인 SK하이닉스 주가는 지난달 15일 208만2000원에서 이달 3일 156만7000원으로 24.7% 떨어졌다. 이달 3일 하루 동안 SK하이닉스는 8.79%, 코스피는 5.12% 하락했다. ​ 다만 한미반도체는 실적 발표 직후 상한가를 기록할 정도로 기대가 집중됐던 만큼 주가 반락 폭도 컸다. 사상 최대 실적이 확인된 이후에도 향후 이익 전망에 대한 시장의 평가가 빠르게 달라지고 있는 모습이다. ​ 한미반도체는 기존 매출 목표의 유지 여부에 대해서 답변을 내놓지 않았다. /한미반도체 ​ ​ ◆ 1분기 17%·2분기 52%…고객사 투자에 출렁인 수익성 ​ 한미반도체의 올해 1분기 매출은 509억원, 영업이익은 85억원이었다. 전년 동기 대비 각각 65.5%, 87.9% 감소했고 영업이익률은 16.6%에 머물렀다. 2분기 영업이익률과의 격차는 35.3%포인트다. 매출은 전 분기보다 약 5배, 영업이익은 15배 이상 증가했다. 한 분기 사이에 수익성이 크게 달라지면서 향후 실적 추정의 불확실성도 커졌다. ​ 반도체 장비업체는 고객사의 발주뿐 아니라 장비 생산과 납품, 검수 시점에 따라 매출 인식 시기가 달라진다. 고마진 TC본더의 출하와 검수가 특정 분기에 집중되면 매출과 영업이익률이 동시에 높아질 수 있지만, 고객사의 투자 일정이 늦어질 경우 실적 인식도 뒤로 밀릴 수 있다. ​ 증권가에서는 마이크론을 비롯한 해외 고객사의 발주 확대가 2분기 실적 개선을 이끈 것으로 보고 있다. 메릴린치는 국내 고객사의 투자 둔화를 마이크론과 중국 수요가 상쇄했으며, 신규 TC본더 수출이 국내 판매를 넘어선 것으로 추정했다. ​ 해외 발주가 늘었지만 고객 구조가 충분히 다변화됐다고 판단하기는 이르다. HBM 투자를 주도하는 글로벌 메모리업체가 제한적인 데다 주요 고객사의 설비투자 일정에 따라 분기 실적이 크게 달라지는 구조도 이어지고 있다. ​ 향후에는 마이크론의 발주가 하반기 이후에도 이어지는지, SK하이닉스 등 국내 고객사의 투자가 다시 확대되는지가 관건이다. 여러 고객사의 발주와 납품 일정이 분산되지 않으면 분기별 실적 편차가 반복될 수 있다는 우려도 제기된다. ​ 증권가의 적정가치 평가도 크게 엇갈린다. 집계 기관에 따라 한미반도체의 12개월 목표주가는 최저 10만원에서 최고 50만원까지 벌어져 있다. 투자의견 역시 매수 4건, 매도 3건, 보유 1건으로 팽팽하게 갈린다. ​ TC본더 수요가 수년간 이어지고 해외 고객 매출이 확대될 것으로 보는 증권사는 높은 성장률을 적용하고 있다. 반면 고객사의 설비투자 조정과 분기별 실적 변동성, 장비업체 간 경쟁을 우려하는 곳은 보수적인 평가를 내놓는 모습이다. ​ ◆ 사라진 '매출 2조' 목표…투자계획만 있고 실적 청사진은 없다 ​ 한미반도체가 최근 발표한 기업가치 제고 계획은 적정 기업가치를 둘러싼 의문을 해소하기보다 새로운 논쟁거리를 남겼다. 생산시설과 신제품 투자계획은 구체적으로 제시했지만 앞서 내걸었던 매출 목표의 유효성에 대해서는 별다른 설명을 내놓지 않았기 때문이다. ​ 한미반도체는 앞선 기업가치 제고 계획에서 2025년 매출 1조2000억원과 2026년 매출 2조원을 목표로 제시했다. 그러나 지난해 실제 매출은 5767억원으로 목표의 절반에도 미치지 못했다. ​ 올해 상반기 누적 매출은 3021억원이다. 기존 매출 2조원 목표를 달성하려면 하반기에만 약 1조7000억원의 매출을 올려야 한다. 3분기와 4분기에 각각 평균 8490억원가량이 필요한 셈으로, 창사 이래 최대였던 올해 2분기 매출의 약 3.4배에 해당한다. ​ 그러나 한미반도체가 지난달 20일 내놓은 새 기업가치 제고 계획에는 매출 2조원 목표의 유지 여부가 담기지 않았다. 5000평 이상 규모의 8공장 매입과 미국 법인 설립, 차세대 장비 개발 등 투자계획을 제시하면서도 이를 통해 달성할 매출과 수익성 목표는 공개하지 않았다. ​ 대규모 시설투자가 어떤 수주 전망을 토대로 마련됐는지, 기존 매출 목표를 폐기하거나 수정한 것인지도 확인되지 않는다. 기업가치 제고를 내세우면서 정작 투자자가 성과를 판단할 기준은 불분명해졌다는 지적이 나오는 대목이다. ​ 차세대 성장동력으로 제시한 하이브리드 본더 역시 아직은 개발 로드맵 단계에 머물러 있다. 회사는 올해 말 2세대 하이브리드 본더 시제품을 공개하고 2027년 상반기 전용 공장을 가동할 계획이다. ​ 시제품 공개 이후에는 고객사의 성능 평가와 장비 인증, 공급계약, 양산 적용 절차를 거쳐야 한다. 고객사와 공급 시점이 확인되지 않은 상황에서 공장 가동 계획만으로 향후 매출 기여도를 가늠하기는 어렵다. ​ 한미반도체는 기존 매출 목표의 유지 여부와 최근 계획에서 재무 목표를 제외한 배경, 하반기 수주·납품 전망, 하이브리드 본더의 고객사 평가 일정 등에 관한 질의에 별도의 답변을 내놓지 않았다. 시장의 평가가 극단적으로 갈리는 상황에서도 기업가치 산정에 필요한 핵심 정보는 여전히 공백으로 남게 됐다."
board_body,한미반도체,427144452,2026-08-04T14:31:14,0,아직도 희망회로 돌리고 있는 BS찬티들
board_comment,한미반도체,427144452,2026-08-04T14:38:33+0900,0,봤냐? 오르는거? 니들은 모르면 주식접아라
board_comment,한미반도체,427144452,2026-08-04T14:35:35+0900,0,"찬티들한테 궁금하긴 함.
도대체 뭘 보고 그렇게 오른다고 하는지 ㅋㅋㅋㅋㅋ 아니 이틀 연속 하락장인데 뭘 믿고 있는건지 좀 알려주십쇼
설마 실체도 없는 허상을 보고 믿는 건 아니게ㅛ지 ㅋㅋ"
board_comment,한미반도체,427144452,2026-08-04T14:33:18+0900,0,"약속의 2시30분이다 미장 마크롱,샌디 양전했다 이제 올라간다"
board_body,한미반도체,427143094,2026-08-04T14:18:23,0,며칠전 삼전닉스 마지막 불꽃쑈 나왔었잖오~ 근데 아직 반도체주 들고있냐ㅋ
board_comment,한미반도체,427143094,2026-08-04T14:24:00+0900,0,아맞다 다방에서 돔황차 마실 시간인거 깜빡했네
board_comment,한미반도체,427143094,2026-08-04T14:19:52+0900,0,약속의 2시30분이 다가오는군
board_body,한미반도체,427142725,2026-08-04T14:15:47,4,공매도 중단해라. 공매도 중단해라.
board_body,한미반도체,427142538,2026-08-04T14:14:39,1,ㅋㅋㅋ 진짜 욕도 아깝다^^
board_body,한미반도체,427142510,2026-08-04T14:14:27,1,"한미 하여간 여기도  남탓깨나 해되는 인간들,집합소가맞네.  니가남돈낼름먹어보겠다고 니손가락으로눌러투자햐놓고선 이제와서 와 니탓 너탓 나빼고 모두의탓으로 돌리는데~~뭐가빠져도 많이빠졌나벼.^!^^!^^!^~~"""
board_body,한미반도체,427141868,2026-08-04T14:08:30,4,자~~~  또다시~~ 추매구간 들어 왔네요~~~ 우리 한번 잘~~~ 해봅시다~~^^♡♡♡♡♡
board_comment,한미반도체,427141868,2026-08-04T14:25:22+0900,0,"넵..아제님..
오전에 좀 담았지요..
감사요.."
board_body,한미반도체,427141575,2026-08-04T14:05:26,0,영차영차 15만원이 보인다 ... 빨리 탈출하세요 형님들
board_body,한미반도체,427141398,2026-08-04T14:03:39,0,돈이 반도체 몰림에서 사방으로 풀어진거야. 한미가 문제인게 아니고. 이번 녹는 여름 겪으면서 반도체가 이제 기대감 반영 다 된 구간아냐? 라는 생각에 다른 종목으로 퍼진거라고.
board_comment,한미반도체,427141398,2026-08-04T14:07:10+0900,1,ㅋㅋㅋ 소설은 니 읽기장에 적어 여기다 적지말고
board_comment,한미반도체,427141398,2026-08-04T14:05:04+0900,1,알았어 추매할께
board_body,한미반도체,427141131,2026-08-04T14:00:31,2,누르는 쉐이 누구냐? 고만 눌러!!!!!
board_body,한미반도체,427140629,2026-08-04T13:55:16,4,2시 반등 주냐 ㅎ 분위기가 요상하네 ㅋ
board_comment,한미반도체,427140629,2026-08-04T14:07:19+0900,0,반등은 개뿔...하락임..
board_body,한미반도체,427140286,2026-08-04T13:51:42,0,인스타댓글막아놨노 하도욕처먹으니까
board_comment,한미반도체,427140286,2026-08-04T14:00:18+0900,0,댓글애들이 정상이 아니긴해
board_body,한미반도체,427139966,2026-08-04T13:48:10,2,정치쟁이 광고쟁이 많네 ㅋ ㅋㅋㅋㅋㅋ 차단 ㅋ
board_body,한미반도체,427139909,2026-08-04T13:47:40,2,꾸준히  모아라   어느정도  안정되면  반도체만  우상향 한다
board_body,한미반도체,427139714,2026-08-04T13:45:26,1,"이 대통령 제20대 대선 후보 시절 부동산 공약""부동산 세금 확 줄이고, 공급은 늘리겠다""대출 규제 완화, 재건축 신속 추진 약속제21대  이 대통령 제20대 대선 후보 시절 부동산 공약""부동산 세금 확 줄이고, 공급은 늘리겠다""대출 규제 완화, 재건축 신속 추진 약속제21대 대통령 취임 후 정반대 노선  그니깐 왜 공약과 반대로 자꾸 가냐구ㅋㅋㅋㅋㅋ 설명 부탁한다!!!"
board_body,한미반도체,427139262,2026-08-04T13:40:56,0,"한미    개잡주 상장폐기 가자 기초가 없는 모래성 종목  한미 거품주 ​ 동일업종  평균ㆍPER  15배 한미개잡주ㆍ     PER 104배 ㅡ600% 고평가 ​ 한미  PBR 29배  고평가 1분기영익  84억   ㅡ쥐꼬리실적  개잡주 반기매출 3,020억ㅡ고평가 ​"
board_body,한미반도체,427138751,2026-08-04T13:35:21,3,옆집 짱꿰 이사왔는데 담배피고 밤늦게 까지 소리지르고 ㅈ겠음 ㅠㅠ 1찍들아 제발 무비자 좀 없애주라 ㅠㅠ
board_comment,한미반도체,427138751,2026-08-04T13:59:18+0900,0,그 동네 원래 그랬자나요
board_comment,한미반도체,427138751,2026-08-04T13:50:19+0900,0,넌 중궈한테 타살당해서 한강에서 변사체로 발견될것같다ㅋ
board_comment,한미반도체,427138751,2026-08-04T13:41:47+0900,0,병진이 육갑떠는모습이 훤하다 훤해 ㅋㅋㅋ
board_body,한미반도체,427138694,2026-08-04T13:34:46,0,장대음봉 한번 부탁드려용ㅡㅡㅎ
board_body,한미반도체,427137956,2026-08-04T13:26:39,3,기사나온걸보면 기업가치실현이고 주주가치제고고 하는것들은 순전히 립써비스고 믿을만한 실체가 없다는거잖아. 그걸 지금주가가 반영하는거고.. 그러니까 수주공시 없으면 암것두 아니란거지 당사자간 약정때문에 공시못한다고????...
board_comment,한미반도체,427137956,2026-08-04T14:02:41+0900,0,팩트는 현 KOSPI 반도체 장비사중 매출이 제일 잘 나온다는 것
board_comment,한미반도체,427137956,2026-08-04T13:44:28+0900,2,더 팩트라는 언론사는 어떤데에요? 처음 듣는데?  영업이익률 좋고도 주가 반토막 난거 한미만 그런가  삼성은 ? 하이닉스는?
board_body,한미반도체,427137553,2026-08-04T13:22:30,0,갭메우러가자 ㅎㅎㅎㅎㅎ 야는못간다
board_comment,한미반도체,427137553,2026-08-04T14:30:54+0900,0,갈 때가 되면   기겠지
board_body,한미반도체,427136889,2026-08-04T13:16:13,2,호가창   이리 가벼운데도  못올라가네
board_body,한미반도체,427136577,2026-08-04T13:13:41,3,"근데 느그 대통령은 지가 약속한 대선공약에서 정확히 반대로만 하는 이유가 뭐밍??, 진짜 먼 생각임??? 궁금해서 그럼ㅋㅋㅋ"
board_comment,한미반도체,427136577,2026-08-04T13:29:02+0900,0,외국인이 왜 여기서 정치질하고 난리야.  너 모스탄이야?
board_comment,한미반도체,427136577,2026-08-04T13:16:30+0900,1,이넘 짱꿰였구만 어쩐지 자꾸 떨어지길 기도하더라니 넌 대한민국의 국민이 아닌가봐 너거 대통령이라고 하는거 보니
board_body,한미반도체,427136327,2026-08-04T13:11:36,5,나닥 선물 살아나는데  외놈들 숏포지션에 국장 전체가 하방이네
board_comment,한미반도체,427136327,2026-08-04T13:14:38+0900,1,좀 있으면 살아나서 탈출할수있게 양전할것같다 탈출할수있게 탈출아 기도해서 탈출하자
board_body,한미반도체,427135948,2026-08-04T13:08:07,2,아싸!!!! 좋아!!! 좋아!!!좋아!!!! 하한가!!!!!ㅋㅋㅋㅋ 이젠 지하실 뚫고 맨틀 뚫고 내핵까지 가보자!!!ㅋㅋㅋ
board_comment,한미반도체,427135948,2026-08-04T13:35:28+0900,0,정신병자쉐리
board_comment,한미반도체,427135948,2026-08-04T13:17:12+0900,2,니 삶이 하한가
board_comment,한미반도체,427135948,2026-08-04T13:10:13+0900,3,왜 사냐? ㅋ 그냥 나가 ㄷㅈ*** ~~~^^
board_body,한미반도체,427135429,2026-08-04T13:02:50,3,쫌 살려주십쇼
board_body,한미반도체,427135413,2026-08-04T13:02:42,1,",아직도   고평가라는거야  ... 설거지  설거지~"
board_comment,한미반도체,427135413,2026-08-04T13:06:59+0900,2,동신이경영도 문제지만. 이건 레버리지 상장이후 모든종목이 반토막 이게 더 큰거다 이런기사때문에 떨어지는건 아니다.
board_body,한미반도체,427135328,2026-08-04T13:01:41,4,어제 오늘 금요일 올린거 뺏으니 내일이나 모레 쳐올리것지 공매도 친게 얼마인데  넥장 오늘도 어떤지 보자 ㅎ
board_comment,한미반도체,427135328,2026-08-04T13:03:32+0900,1,왠지 넥장은 올릴것 같은 느낌아닌 느낌이 드네
board_body,한미반도체,427134765,2026-08-04T12:54:56,6,거래량이 확줄어서 ㅎ 위에 매물텅텅 비워 있는듯 ㅎ
board_body,한미반도체,427134505,2026-08-04T12:51:59,2,아싸!!!! 기관 외인 다 던지넼ㅋㅋㅋㅋㅋ 오늘 종가 -8%예상함ㅋㅋㅋㅋㅋ
board_comment,한미반도체,427134505,2026-08-04T12:53:37+0900,2,이놈 왜이리 좋아하냐?
board_body,한미반도체,427133797,2026-08-04T12:44:24,1,"1분기 영익 84억   ㆍ 상폐가답이다 기초가 없는 모래성 종목  한미 거품주 ​ 동일업종  평균ㆍPER  15배 한미개잡주ㆍ     PER 104배 ㅡ600% 고평가 ​ 한미  PBR 29배  고평가 1분기영익  84억   ㅡ쥐꼬리실적  개잡주 반기매출 3,020억ㅡ고평가 ​"
board_body,한미반도체,427133024,2026-08-04T12:35:40,5,100원 따먹기 하냐 ㅋ ㅋㅋㅋㅋㅋ
board_body,한미반도체,427132880,2026-08-04T12:34:02,7,외인은 그렇다치고  개 기관 이쎄리들이 꼴통짓거리하네 미쵸 뭐하자는겨  기관 죄다 매도치면 우짜라는겨  증시를개판 만드네
board_comment,한미반도체,427132880,2026-08-04T12:35:05+0900,0,당신 같으면 개잡주 계속 가지고 가고 싶으세요
board_body,한미반도체,427132802,2026-08-04T12:33:14,1,"한미 실적 개판ㆍ기초가 없는 모래성 종목 기초가 없는 모래성 종목  한미 거품주 ​ 동일업종  평균ㆍPER  15배 한미개잡주ㆍ     PER 104배 ㅡ600% 고평가 ​ 한미  PBR 29배  고평가 1분기영익  84억   ㅡ쥐꼬리실적  개잡주 반기매출 3,020억ㅡ고평가 ​"
board_comment,한미반도체,427132802,2026-08-04T12:43:03+0900,0,애들은 다른데 가서 놀아라ㅡ
board_comment,한미반도체,427132802,2026-08-04T12:35:32+0900,1,그리 잘아는넘께서 왜 기웃거릴까
board_body,한미반도체,427132616,2026-08-04T12:30:45,6,"반도체 끝물이라는 찌라시 2G폰 쓰던 시대를 곱씹어 보아라 아직두 쓰는 사람 존재 하겠지만 지금은 5-6,7~무궁무진 발전중. 반도체가 뒷받침이 안되면 그게 가능 할까?"
board_body,한미반도체,427132599,2026-08-04T12:30:36,5,곽똥신아 주주홧병 주주 환원  하라 주주가치제고 투쟁
board_body,한미반도체,427132563,2026-08-04T12:30:07,3,한미반도체는 기존 매출 목표의 유지 여부에 대해서 답변을 내놓지 않았단다. ◆ 사라진 '매출 2조' 목표…투자계획만 있고 실적 청사진은 없다 https://n.news.naver.com/mnews/article/629/0000521534 ​ ​ 구라 아닌거 보이던 구라치더라도 주주환원 잘하던 둘중하나해라. 주가 개박살났는데 대안이 없니?
board_body,한미반도체,427132539,2026-08-04T12:29:50,5,오후에 지수 반등하면 차트가 참 이쁘겠네~~
board_comment,한미반도체,427132539,2026-08-04T12:33:13+0900,0,"6,500만 찍어다오."
board_body,한미반도체,427131774,2026-08-04T12:21:29,4,주가세력 공매도 힘이 이렇게 무섭네요
board_body,한미반도체,427131312,2026-08-04T12:17:14,2,주식쟁이들 원투데이냐? 9천피갈동안 한미 고점36만원찍을땐 시장이 불장이여서 멍멍이도 돈벌던시절인데 지가잘난줄알았지 그리고 조정받으니 나라탓 정부탓 대통령탓 ㅋㅋ 물론 레버리지는 만프로 잘못맞음 그로인해 피해입은것도맞고 근데 레버리지하나때문에 이렇게 흐르는건 말이안되지 기관 외인들은 이익실현한거고 수급이 안되는거고 개미들만 죽자사자 사팔사팔하니 가격이오르니? ​
board_comment,한미반도체,427131312,2026-08-04T13:12:59+0900,0,주성이나 한미나 도찐개찐 ㅋㅋ
board_comment,한미반도체,427131312,2026-08-04T12:20:44+0900,0,뭔개소리야 레버리지상장이후 전부반토막 난거 해외에서도 레버리지는 잘못이라는데. 당연히정부에서레버리즈를 급하게 상장시킬 이유가 있었냐 그걸 뭐라 하는건데 넌 무슨개소리를 하고다니냐
board_body,한미반도체,427130076,2026-08-04T12:04:19,5,한가지 확실한건 절대 공매는 못이긴다는게 정답인것 같으다 도적놈들이긴하나 어쩔수가 없다
board_body,한미반도체,427128675,2026-08-04T11:48:53,3,18-20박스피에갇힌 이름예쁜종목 이름은 잘지었어 한미반도체~ 이름만예뻐 ㅋㅋㅋㅋㅋㅋㅋㅋㅋㅋㅋㅋ 가격은 떨어졌어도 사악해 PER 107배!
board_comment,한미반도체,427128675,2026-08-04T11:51:19+0900,1,네이버기사에 동신이형 얼굴 대문짝만하게 나왔네
board_body,한미반도체,427128461,2026-08-04T11:46:19,1,제반 찌라시 보고 가자 한미보다 탄력있다 요즘 코스닥이 한도만 상승장
board_body,한미반도체,427127667,2026-08-04T11:37:28,2,챙길수있을때 챙겨야지요. 주식은 매도해도 바로 돈을 쓸수가 없습니다. 3일뒤에 인출할수있지요. ​ 늦었다고 생각했을때가 가장 빠른시점이라고 하지요. 중앙일보에서는 반도체 끝물이라고 기사 내보내지요. 결국은 전기도 매출이 줄어드는겁니다. 수익이 있을때 챙기지 못하면 결국은 내돈이안되는거지요. ​ 이제 매도하고 챙겨야할때라고 10일간 알려드렸죠 그리고 이제는 이동을 해야할곳이 생겼다고 알려드렸구요. ​ 일단은 말씀드린 종목이 신용비율이 현저히 줄어들었네요. ​ 갤럭시아 머니트리 네이버에 게재된 매출과 영업이익과 영업이익율 찾아봤죠 2025년 1분기 매출 312억 영업이익 46억 영업이익율 14.63% 상당히 좋은영업이익율입니다. ​ 2분기 매출 323억 영업이익 50억 영업이익율 15.36% ​ 3분기 매출 329억 영업이익 48억 영업이익율 14.62% ​ 4분기 매출 333억 영업이익 41억 영업이익율 12.18% ​ 2026년 1분기 매출 351억 영업이익 46억 영업이익율 13.18% 전부 10% 대이상의 영업이익율을 보이고있고 정말 건실하고 탄탄한실적의 기업입니다. ​ 안티들이 적자다 특히 절대로 안간다넘이 2분기 폭망이다 그러는데 2분기 폭망아니면 잡주라느니 상폐가 맞다는둥의 글의 쓰는 절대로 안간다넘은 사기질 사과하고 게시판 떠나야할겁니다. 아니면 정말 양심없는사기꾼넘이니 고소 고발해야합니다. 안티들 자금은 10억은 넘지 않는것 같습니다. 이정도 자금과 싸울수있는 사람이면 여기서 주가를 움직일수있는 세력이 될것입니다. ​ 투자에 있어서 아니 투기라도 영업이익율 10%대 이상의 흑자기업은 절대로 상폐된다느니 하는 절대로안간다같은 사기꾼넘의 글처럼 되지 않는다는것이니 무조건 안심하고 투자해도 된다는겁니다. 현재같이 폭락상태에서는 물타기매수로 신규매수로 매집 반등시 수익을 극대화하는것이 주식투자의 정석입니다.
board_comment,한미반도체,427127667,2026-08-04T12:22:22+0900,0,그럼  거가서 놀기라
board_comment,한미반도체,427127667,2026-08-04T11:45:23+0900,1,"니 계좌도 끝났네?
찌라시 주제에 말이 많네 ㅋㅋ"
board_body,한미반도체,427127577,2026-08-04T11:36:28,2,광고쟁이 거지 안티들 뭐이리 많어 ㅋ 역시 한미가 인기가 좋네 ㅎ
board_body,한미반도체,427127266,2026-08-04T11:32:50,4,캬 외인 기관 쌍끌이 매도 ㅋㅋㅋㅋㅋㅋㅋㅋ 곽과곽 ㅋㅋㅋㅋ
board_body,한미반도체,427126960,2026-08-04T11:29:53,4,발바닥주식 삼전 못가면 못가는 주식 챠트가 똑같네 ㅠㅠ 답답하다 이거 밖에 안되는 건가...
board_body,한미반도체,427126779,2026-08-04T11:27:50,7,내가 지지하고 찍었던 이재명 이놈이 날 배신하고 내 계좌를 박살내 버렸다. 돈 앞에 의리고 나발이고 없다. 내 이놈을 디지게 패주고싶다. 사과 한마디 없는 뻔뻔함에 경멸하고 저주한다. 다시는 자빨놈들 궁물도 없다. ​
board_body,한미반도체,427126324,2026-08-04T11:23:45,0,이제는 소형주 시대  이제는 소형주 시대 반도체  죽쑤고 있을때 소형주 가서 수익 챙겨야지
board_body,한미반도체,427125930,2026-08-04T11:20:21,1,아~정말 희망 없는 놈 앞으로 이놈은 희망이 없는놈이다 ​
board_body,한미반도체,427125818,2026-08-04T11:19:17,2,평단 20밑으로만  만들어놓아도 기회가 훨씬 많아 보이네유 ㅎ
board_body,한미반도체,427124959,2026-08-04T11:12:24,5,레버리지 원수놈 재명이가 죽어야 우리가 산다
board_body,한미반도체,427124445,2026-08-04T11:08:14,3,거래량 없으니 살짝 올리고 다시 쳐내리네 196000원 대기중이다
board_body,한미반도체,427124328,2026-08-04T11:07:20,7,곽 동신아  이제 떠난다  주주가치제고 주주 환원해라! 나만 떠난다
board_body,한미반도체,427123542,2026-08-04T11:02:09,2,신용 잔뜩인디 갈수가 있겠니ㅋ 계단식으로 계속 빼겠지^^
board_comment,한미반도체,427123542,2026-08-04T11:21:26+0900,0,신용 1.2퍼 인데  그냥 자라 자
board_body,한미반도체,427123436,2026-08-04T11:01:24,2,"여러분 제발~~~!! 20만원 중반 이상 물린 분들은 어쩔 수 없지만...신규 진입이나 애매한 분들은 제발 단타 치세요! ​ 반도체가 조정 받았다 해도 그동안 너무 올랐기에 쉽게 가지 못해요...지금처럼 변동성도 크고 널뛰기 할때는 욕심을 버리시고 단타치면서 수익을 올리는 것도 하나의 방법입니다! ​ 약 2주간 한미에서 천만원으로 3백만원 수익 보고 있는데, 분단위까진 아니지만 적당히 내리면 사고 적당히 오르면 파는게 수익이 좋아요ㅋ ​ 제가 글 올리면 누군 푼돈 벌어 머하냐고 조롱 열라 하지만 2주전 첫 진입 금액이 22만원인데 지금까지 뒀으면 3백 수익은 커녕 -10%로 백만원 손해입니다ㅋ ​ 다들 홧팅입니다ㅋ"
board_comment,한미반도체,427123436,2026-08-04T12:12:39+0900,0,기생충
board_body,한미반도체,427122932,2026-08-04T10:57:44,2,반등 꼬락서니 글렀다. 에효
board_body,한미반도체,427122872,2026-08-04T10:57:23,1,솔브레인으로 간다 삼전하닉 Q싸이클 최대수혜
board_body,한미반도체,427122623,2026-08-04T10:55:49,1,원익 이수 다갈때 못가면 개잡주맞제 ㅋㅋㅋㅋㅋ
board_body,한미반도체,427122586,2026-08-04T10:55:35,1,"사다보니 1000개가 넘었네 평단 197,000원 ㅎㅎ"
board_body,한미반도체,427122339,2026-08-04T10:54:15,3,오늘 종가 217500원 오늘 종가 217500원
board_body,한미반도체,427122293,2026-08-04T10:53:56,4,이거뜨라 못눌러  한미는 나아갈거다 ❤️
board_body,한미반도체,427122046,2026-08-04T10:52:27,1,이제 이공에. 올라왔으니~~~ 각자 그릇 크기에 맞는 시점까지 들고 가셔도 되고 팔아서 수익 챙기셔도 되겠죠~~^^♡♡♡♡♡
board_body,한미반도체,427121570,2026-08-04T10:49:48,5,늘. 말하지만 ~~ 아제만 따라오세요~~~ 쩐 쫌. 법니다~~~~^^♡♡♡♡♡ 성성투투!!!^^♡♡♡♡♡
board_body,한미반도체,427120306,2026-08-04T10:41:43,3,불안정한. 장세에  어쨌든 지금현재 아제는 그래도 수익 내고 있습니다~~~~ 아제는 언제나 여러분 편 입니다~~~~ 어제 먹고 오늘 먹고 있고~~~~ 대박은 천천히 기다리며 소소하게 기백 무거면서 버티는. 겁니다~~ 절~~~때. 안 꼴습니다~~  아제는!!!!! 내돈 내산 보닌 채김 빚투금지 !!!!^^♡♡♡♡♡
board_comment,한미반도체,427120306,2026-08-04T14:28:25+0900,0,"아제 따라 어제도 먹고 오늘도 먹고...다시 매수 행어요.
196에...."
board_body,한미반도체,427119797,2026-08-04T10:37:22,9,🩷🩷🩷 오늘23간다_메롱~😝😝😝
board_comment,한미반도체,427119797,2026-08-04T10:58:04+0900,1,182300
board_comment,한미반도체,427119797,2026-08-04T10:47:59+0900,0,"장전 210,000원 50개 매도, 푼도 50만원 수익! 195,000원 50개 재매수! 에라이~~ 이래도 너처럼 묵히는 것만이 정답이니?ㅋㅋㅋㅋㅋ 210,000원 50개 매도 걸어놓음ㅋ"
board_comment,한미반도체,427119797,2026-08-04T10:43:25+0900,3,ㅋㅋㅋㅋ 😆 😆 😆 😆 😆
board_comment,한미반도체,427119797,2026-08-04T10:40:55+0900,3,👏👏👏
board_comment,한미반도체,427119797,2026-08-04T10:39:49+0900,1,🩷🩷🩷🩷
board_comment,한미반도체,427119797,2026-08-04T10:39:11+0900,3,❤️❤️❤️❤️
board_body,한미반도체,427119741,2026-08-04T10:36:50,1,"어차피 갑니다. 짜릿하게 즐겨라 스프라잇! 한미반도체 042700 코스피 198,500원 4,000원 -1.98% 2026.08.04. 10:36 KRX 실시간 기준 레스고레아"
board_body,한미반도체,427119430,2026-08-04T10:34:38,2,PER 36배 초 고평가주 전문가들도 반도체  투자할거면 삼전닉스 추천함 어찌됐든 지금 가격은 매출대비 초저평가라 근데 한미는 반도체중 PER가 36배 초고평가주라고 투자주의하라함
board_comment,한미반도체,427119430,2026-08-04T14:03:22+0900,0,ㅋ
board_body,한미반도체,427119370,2026-08-04T10:34:05,2,씨잘때기 없는 소리 다 필요없고 삼전 하닉이 치고 올라와야 한미반도체도 ⬆️
board_body,한미반도체,427119171,2026-08-04T10:32:39,11,시원시원 올라가버리자 ❤️❤️🥰
board_comment,한미반도체,427119171,2026-08-04T10:34:33+0900,0,앗❤️
board_comment,한미반도체,427119171,2026-08-04T10:34:10+0900,0,레드하트가 없자노요==&gt;&gt;❤️
board_body,한미반도체,427119126,2026-08-04T10:32:25,7,슬슬~~~~ 대반전의 기운이 감돈다!!~~^^♡♡♡♡♡
board_body,한미반도체,427118866,2026-08-04T10:30:32,3,반등 이냐 꼬시기냐 ㅎ 뭐라도하자 ㅋ
board_body,한미반도체,427118589,2026-08-04T10:28:23,4,그리 알려줘도 적정가 3만원  소중한 돈을 휴지로 바꾸지 마라 천번하고 만번 말해 주었다
board_comment,한미반도체,427118589,2026-08-04T10:33:10+0900,0,"그놈의 적정가타령 ㅋㅋ
니 계좌 녹는거나 신경써"
board_body,한미반도체,427118516,2026-08-04T10:27:47,3,좀가자 좀 가자 그럴거면 코스닥으로 가
board_body,한미반도체,427118384,2026-08-04T10:26:46,4,"모간의 놀이개감으로 전락? 곽회장, 소각, 무증, 수주공시로 탈출 좀 하시죠~"
board_body,한미반도체,427118381,2026-08-04T10:26:44,2,하이닉스 따라쟁이 우후훗~~
board_body,한미반도체,427118361,2026-08-04T10:26:37,3,오후!!!  대반전 기대해 봅시다~~~^^♡♡♡♡♡
board_body,한미반도체,427117815,2026-08-04T10:22:20,2,오늘도 퍼담~~^^ ㆍㆍㆍㆍㆍㆍ
board_body,한미반도체,427117795,2026-08-04T10:22:13,4,193300에. 추매 200쭈 매수~~~^^♡♡♡♡♡
board_body,한미반도체,427117756,2026-08-04T10:21:55,0,소부장 동전주보다 못하냐 언제부터 한미 개잡주로 전락했다냐. 너무 고평가라 올라가질 못하네.
board_body,한미반도체,427117568,2026-08-04T10:20:40,2,씰떼엄는 글 쓸시간에~~ 매수 타점 잡으세요~~^^♡♡♡♡♡
board_body,한미반도체,427117567,2026-08-04T10:20:40,1,ㅋ.. 한미반도체 진짜 잡주 다됬네... ㅋ 어케 반등 제대로 함 없나??  ㅋ
board_body,한미반도체,427117352,2026-08-04T10:19:12,0,반도체 올라갈땐 요지부동 내려갈땐 앞장서서 떨어지는 주식이 잇다?? ​ 그거슨 바로 ​ 한뮈반도췌에네 개잡주우우우우
board_body,한미반도체,427117215,2026-08-04T10:18:10,1,어차피 레버러지 자연사 할때까지는  많이 흔들듯 분할매수 하고 비중조절 해야함 ​
board_comment,한미반도체,427117215,2026-08-04T10:21:11+0900,0,자연사 - 고독사
board_body,한미반도체,427116875,2026-08-04T10:16:01,6,이러고 재난지원금 10만원주면  역시 우리 대통령!!  이러고 좋다고 꼬리 흔들겠지 ㅋ 그럴려고 증시 일부러 박살낸건데 그건 알고있나?> 아파트 규제로 집팔게하고  삼전 하닉스 억지로 띄워서 주식에 박게한다음 레버리지만들어서 폭락! ​ 대출규제로 다시 집도 못사게함 ㅋㅋ 국민이 거지가되야  푼돈으로 다루기 쉬워지거든 ​
board_comment,한미반도체,427116875,2026-08-04T10:24:53+0900,0,"시골에서 비닐하우스  3동 운영하고 잘살고 있습니다....공기맑고, 유정란 삶아서 까먹고, 정치 무관심하고, 지인들과 파크볼도 하고,,질좋은 농작물 먹고, 애완견 편하게 키우고,,, 욕심안부리고 , 이티에플킬라 모르고...적게 벌어도 몸이 건강합니다."
board_comment,한미반도체,427116875,2026-08-04T10:17:11+0900,1,에휴 답도 읍는 우파.. 김세의~~같은넘
board_body,한미반도체,427116845,2026-08-04T10:15:50,0,커플링 지금 현재 한미반도체 삼전 하닉과 커플링일뿐 !!!!! ​
board_body,한미반도체,427116715,2026-08-04T10:15:02,1,개미님들아 여긴 얼씬거리지마라 님들이 먹을수있는 곳이 절대아니다
board_comment,한미반도체,427116715,2026-08-04T10:15:58+0900,0,지금 사야 저녁때 10% 먹을수 있어 냠냠
board_body,한미반도체,427116446,2026-08-04T10:13:28,3,한미반도체 진짜 살만한데.. 슬슬 매집해볼까
board_body,한미반도체,427116196,2026-08-04T10:11:54,5,거지 안티들 주식도 없으면서 뭔말이 많어 시끄러우니 묵념좀 해라 정신사납다 ㅋ
board_comment,한미반도체,427116196,2026-08-04T10:16:19+0900,0,현실도피하지마라 ㅋㅋ
board_comment,한미반도체,427116196,2026-08-04T10:16:00+0900,2,거지들 지들도 거지인줄아네 ㅋㅋ
board_comment,한미반도체,427116196,2026-08-04T10:14:51+0900,0,너도 좀 현실좀 직시해라  누가 떨어지길 바라겠냐
board_comment,한미반도체,427116196,2026-08-04T10:14:33+0900,2,안티가 댓글도 달고 많이컸네요
board_comment,한미반도체,427116196,2026-08-04T10:12:55+0900,1,지들은 뭐 말 없는 줄 아네 ㅋㅋㅋㅋㅋㅋㅋㅋㅋㅋㅋㅋㅋㅋㅋㅋㅋㅋㅋ 분탕질이나 하지말고 관망이나 해 딸랑 한 주 사놓고 유세는 ㅋㅋ
board_body,한미반도체,427116118,2026-08-04T10:11:28,0,내려갈댄따라가거 오를댄 안따라가기만해 적당히 따라가라
board_body,한미반도체,427116048,2026-08-04T10:11:07,1,"아무 근거없이 오른다는 똥글에 추천수가 수십개씩 박히는데 오르겠냐? 그만큼 쳐물린 개미들이 바글바글하다는 거오. ​ 이런 상황에서 외인 , 기관들이 미쳤다고 올리겠소? ​ 게시판이 잠잠해진다는건 털고 나간 개미들이 많다는거. ​ 그때쯤 오를것이외다. ​ 동무들 말해보라우!"
board_body,한미반도체,427115904,2026-08-04T10:10:20,0,제주반도체 상한가 3방 짜리 뉴스(속보) 대단합니다. 경축!!
board_comment,한미반도체,427115904,2026-08-04T10:12:38+0900,0,현재 제반 주가 보면 딱히 호재 기사는 아닌듯요
board_body,한미반도체,427115725,2026-08-04T10:09:28,4,좌파 니들이 만든 나라다 ㅋ 달게  받아라  너희의 업보를
board_body,한미반도체,427115584,2026-08-04T10:08:41,5,개미들 죽어 나갈때 잠시 숨고르기 하고 계속 하한 방향 이리고 그리 말해도  그냥 미장으로 당분가 가는걸 추천 해요 이미 기관이랑 외국인인랑 짜고 치는 고스톱 판 임 여기서 마음 고생 하지 말고 자기 자산이니 신중을 하시기 바랍니다 일브러 레버러지 만들어서 유지 하는 정부나 문제가 이리 많아도 손볼생각 없음 으로 대응하는데 개미들 다 잡아 죽이는 살충제 도포 한거랑 마찬가지 입니다 예들은 실적도 없고 거래처도 없으니 투자에 신중학시고 공매도 많은 건 진짜 주의 해야 합니다 지들 마음대로 주식은 가지고 오는데 그럼 아마도 오늘 지옥가는 사람들 많을듯 합니다
board_body,한미반도체,427115506,2026-08-04T10:08:16,0,국내 증시 강세전환 국내 증시 강세전환 ​
board_body,한미반도체,427115141,2026-08-04T10:06:23,4,"지금 하락 추세 이유 [결론 = 정부의 무능] 투자 부적합 국가 전락 블룸버그는 정부 정책 실패의 가장 큰 피해자로 개인 투자자들을 꼽았다. 이들은 이른바 ‘코리아 디스카운트(한국 증시 저평가)’ 해소를 내건 이재명 대통령의 주식 개혁을 믿고 투자에 나섰다고 블룸버그는 짚었다. 그러나 외국인들이 시장을 빠져나가는 동안 코스피를 사들였던 개인들은 엄청난 손실을 안게 됐다. 가장 인기 있는 SK하이닉스 레버리지 ETF는 6월 고점 대비 84%나 폭락했다. 36만 개에 달하는 증권 계좌는 강제 청산당했다. 특히 강제 청산 계좌 가운데 62%는 35세 이하 젊은 층에 집중된 것으로 나타났다.국민연금의 일관성 없는 행보도 비판의 도마 위에 올랐다. 칼럼은 국민연금이 코스피 보유 물량 매도를 피하기 위해 국내 주식 투자 목표치를 임의로 상향 조정하면서, 시장 과열을 식히는 연기금 본연의 역할을 저버렸다고 지적했다. 과거 규정에 따라 행동하지 않음으로써 코스피 열풍을 부추기는 데 일조했다는 의미로 풀이된다."
board_comment,한미반도체,427115141,2026-08-04T10:15:12+0900,2,정신병자들인거지  이래도 지지하면  지능 문제인거지뭐
board_comment,한미반도체,427115141,2026-08-04T10:06:36+0900,3,이래도 지지하는거면 진짜 멍청한건지 모지란건지
board_body,한미반도체,427114240,2026-08-04T10:02:14,1,수직 적층 한미장비내 말해뭐 마이크론 빠지는척 양전이다 속지마 추매찬스 https://n.news.naver.com/article/016/0002679129
board_body,한미반도체,427113450,2026-08-04T09:58:46,1,주주환원효과 9등 상법개정 후 자사주누적600억 이제소각 무증 남음 배당도 고배당 https://naver.me/FEgPt65W
board_body,한미반도체,427113362,2026-08-04T09:58:22,5,이재명씨!  공매 어찌된건가요>? 이정부는 증시 올릴생각 절대 없다 지금이라도 튀는게 상책 일부러 떨구는거다~ 그래야 돈 몇푼으로 국민들 개돼지마냥 다루기가 쉬워지거든
