source,stock,nid,date,likes,text
yt_comment,삼프로TV,P7CM0Soo8mw,2시간 전,0,1등
yt_comment,삼프로TV,P7CM0Soo8mw,16분 전,0,안녕 동주~
yt_comment,삼프로TV,P7CM0Soo8mw,3분 전(수정됨),0,AI 발전하면 인간이 만들던 대량생산은 껌이지않나? 더이상 중국이 필요없다는거
yt_comment,삼프로TV,TiQvRYsugiY,6분 전,1,최병욱 전도사님 시작 3:31:25
yt_comment,삼프로TV,TiQvRYsugiY,1시간 전,0,최병욱 전도사님 요즘 너무 바빠요.건강조심하세요
yt_comment,삼프로TV,TiQvRYsugiY,59분 전,0,"얼른 미장가라. 국장탈출은 지능순이다. 돌핀오고 있느니, 돌핀팬츠관련 좋은사람들 주가 오를거다. 반도체가 오르려면, 트럼프가 청경체 정도는 먹어줘야 한다."
yt_comment,삼프로TV,b6R9NntPR6g,59분 전,1,오늘 정우창 부장님 정리 깔끔하고 너무 좋네요.
yt_comment,삼프로TV,b6R9NntPR6g,1시간 전,3,"전문가라는 사람들 말만 듣고 주식하면 실패하기 마련이다 .
개인은 주식안하는것이 돈 버는 것이다"
yt_comment,삼프로TV,b6R9NntPR6g,3시간 전,2,N배 ETF 상장 기관의 로비+결탁 공무원 카르텔을 검사 조사해야
yt_comment,삼프로TV,b6R9NntPR6g,3시간 전,1,여도은님 고마워요. 어려운 주식시장을 물 흐르듯 자연스럽게 풀어가는 프로 앵커~~~!!! 덕분에 공부 많이 해요.
yt_comment,삼프로TV,b6R9NntPR6g,3시간 전,2,이런 ...이야기를 듣고 있어야 하나?
yt_comment,삼프로TV,b6R9NntPR6g,2시간 전,0,감사합니다 😊
yt_comment,삼프로TV,b6R9NntPR6g,2시간 전,3,하나마나한 이야기네.
yt_comment,삼프로TV,b6R9NntPR6g,3시간 전,1,정부는 뭐합니까???
yt_comment,삼프로TV,b6R9NntPR6g,2시간 전,1,"우리끼리 매일 말해모하냐
보완수사폐지나 빠르지????"
yt_comment,삼프로TV,b6R9NntPR6g,1시간 전,0,욕심부리지말고 여유돈으로 아주 먼 미래를 보고 투자를 해라~~~ 대박을 노리고 빚투하니 이런 사단이 난거다!!!
yt_comment,삼프로TV,b6R9NntPR6g,3시간 전(수정됨),2,대통령과 자본시장의 믿음과 신뢰를 잡아묵고 돈 번 놈이 범인이다 이제는 책임을 물어야
yt_comment,삼프로TV,3EG8okO5yVk,3시간 전(수정됨),71,"국장에서 맨날 얘기하는 외국인은 두종류인데 첫번째는 진짜 롱텀으로 투자하는 외국 거대 연기금 큰손들. 이 외국기관들은 사팔사팔 안함. 대신 지네가 운용하는 기금에 비해 우리나라포션이 작지. 두번째가 메인인데 일명 헤지펀드 하이에나들. 얘네들 대부분 홍콩, 싱가폴에 있는 애들이고 블랙락이나 모건스탠리 등 유명한애들도 결국 국장 거래하려면 본토가 아니고 홍콩 싱가폴에 있는 지사에서 맡는거임. 결국 우리가 상상하는 노랑머리 외국인이 아닌거지. 얘네들은 국장을 ATM으로 생각하는 애들이고 정프로 의문대로 누가 지휘하는거냐 생각들정도 한몸처럼 움직이는 이유가 그 수많은 개별종목이 아니라 코스피200선물거래가 메인이고 그 파생으로 옵션, 그리고 요즘은 삼전닉스 주식선물, 그 다음이 삼전닉스 현물이 타겟이기 때문에 지네끼리 누가 어떤 포지션인지 다 알고 있고 소문으로는 한국 담당하는 애들끼리 다 텔레그램으로 연락한다고 함. 근데 이번에만 그러는게 아니라 하루이틀된 상황이 아님. 얘네들은 국장에 중장기 방향은 선물로 위, 아래, 박스 중 하나를 잡고 그 사이에서 위아래 변동성을 극대화시켜서 선물, 옵션과 현물로 털어먹는 구조임. 그래서 msci선진국 지수편입이 중요한게 진짜 큰형님들 거대자금이 롱텀으로 들어와야 지금 있는 양아치들이 장난칠 확률이 줄어드는거지. 미국시장처럼 거대시장도 시타델 같은 한 회사가 지수를 10%정도 영향 줄수 있는데 국장은 뭐 껌이지."
yt_comment,삼프로TV,3EG8okO5yVk,1시간 전(수정됨),18,빈센트는 패널이 쉽게 한 말을 더 어렵게 다시 설명해주네 ㅋㅋ
yt_comment,삼프로TV,3EG8okO5yVk,3시간 전,52,"정영진 말이 맞아..
음모론이 아니라 실제 그런거지..
이거 불법인거지..
아니면  개인들도 네트워크 만들어서 일사분란하게 움직여도 되는거지?"
yt_comment,삼프로TV,3EG8okO5yVk,4시간 전(수정됨),90,"외인들이 하고자 하는 방향대로 좌지우지 되는 국장~~그것을 연기금 등 기관들이 방어하지 못한 개쓰레기장이 돼가고 있다,  정부도 그것을 방치하고 있다, 매주마다 미니옵션은 왜 만들어놓고 외인들에게 먹잇감을 주고 있고 정부(세금)와 운용사(수수료)만 배채워주고 95%이상 손실중인 쓰잘데 없는 단일종목2배짜리 만들어 대응이나 대책도 미지근~~이러니깐 개인들만 피본다.  국장은 확실히 구조적 취약한 대표적인 시장임,  왜왜 많은 개인들이 미장으로 갔을까????????"
yt_comment,삼프로TV,3EG8okO5yVk,2시간 전(수정됨),28,"영진이형 드디어 진실을 알아버렷네 ㅋㅋ

다같이 전화돌리고 화상회의하고
요이땅 하는거임"
yt_comment,삼프로TV,3EG8okO5yVk,4시간 전,172,"정프로 말이 진짜 의미있는 말이다
정부가 이걸 잡아야지 아님 그런 증안펀드나 이런걸로 저런 장난을 때려잡아야지 이걸 안잡고 그냥 개인들보고 주식투자 하라는건 그냥 돈 외국인들한테 갖다받쳐란말이다"
yt_comment,삼프로TV,3EG8okO5yVk,1시간 전,17,"외국인이라고 표시하니 개인개인이 투자하는걸로 오해할 수 있는데, 시장에서 외국인이라고 하는건 외국기관입니다.
외국인이 우리나라 국장을 하는 건 거의 불가능할 정도로 어렵습니다."
yt_comment,삼프로TV,3EG8okO5yVk,3시간 전,25,삼프로 tv 관계되신분에게 간절히 부탁합니다. 이분을 지키세요. 이분의 분석이 누구보다도 명쾌해서 누구보다도 도움됩니다.  삼프로tv 화이팅
yt_comment,삼프로TV,3EG8okO5yVk,4시간 전,94,정영진 의문 나도 그렇다.. 외국인이 왜 함께 움직이는건지.
yt_comment,삼프로TV,3EG8okO5yVk,3시간 전,29,"하창완님
설명 좋고 감사해요"
yt_comment,삼프로TV,3EG8okO5yVk,3시간 전,27,"아무리 생각해도 외인들 단합 같다. 외인 들어오면 코스피 오르고 빠지면 코스피 빠지니 요즘 같은 코스피 장은 개미들 쌈지돈 빼먹기  딱 좋고 이건 뭐 외인들은 누워서 떡먹기네??
그리고 마음 안들면 미장하라고 하는데 국민들이 한창 주식에 관심이 생긴 후 폭락이 와서 대부분 물려있는데 아님 미장하라니요.. 소문이 있으면 파헤쳐보고 팩트를 알려줘야지 전문가라고 하지않을까요?"
yt_comment,삼프로TV,3EG8okO5yVk,3시간 전,17,하창완 똑똑
yt_comment,삼프로TV,3EG8okO5yVk,2시간 전,14,정영진 질문좋았당
yt_comment,삼프로TV,3EG8okO5yVk,3시간 전,45,정프로는 구독자의 궁금증을 아주 잘 알고 있어
yt_comment,삼프로TV,3EG8okO5yVk,3시간 전(수정됨),25,"주린이 일수록 국장은 멀리해야~~결과적으론 아주 취약한 시장입니다. 어제 외인들이 막판 선물 대량매도해서 시작은 상승중이나 갈수록 하락할것(장담, 왜 선물로 장난쳐서 배불린다음 올려도 올릴것), 매크로로는 다 좋음/ 지들도 오늘 마냥 빼기엔 분치보일거라 보기엔 어제와 같은 폭락장은 안될 듯~~"
yt_comment,삼프로TV,3EG8okO5yVk,2시간 전,8,와 외국인에 대한 궁금증을 정영진님이 물어봐주시네 나만 글케 생각하는줄
yt_comment,삼프로TV,3EG8okO5yVk,3시간 전(수정됨),24,본전만 올라오면 국장 정리하고 미장으로 몰빵간다
yt_comment,삼프로TV,3EG8okO5yVk,3시간 전,17,그걸 최소화하라고  정부가 있는 건데..대한민국 재경관료들은 그럴능력이 있나 모르겠다.
yt_comment,삼프로TV,3EG8okO5yVk,2시간 전,9,정영진 알아버렸네ㅋㅋㅋ
yt_comment,삼프로TV,3EG8okO5yVk,3시간 전(수정됨),45,"정프로님 외국인에 대한 얘기 공감갑니다😊
예리하십니다
빈센트.저분은 왜 자세히 설명을 안해주시고 슬쩍 넘어가려는 느낌."
yt_comment,삼프로TV,3EG8okO5yVk,1시간 전,3,금방 할수있는게 없네그럼 ㅡㅡ
yt_comment,삼프로TV,3EG8okO5yVk,25분 전,1,너도아는걸 나랏일하시는분들이 그걸모를가
yt_comment,삼프로TV,3EG8okO5yVk,16분 전,0,"@강민초이 ㅉㅉㅉ 참 어리석네. 당연히 알지. 아는데 뭐? 증시에서 외국인들 다 퇴출시켜? 그 뒷배에는 월가의 IB들이 다 깔려있는데? 그리고 개미는 선이고 외국인은 악이라는 프레임을 가지면 주식하면 안돼지. 사팔사팔 하고 싶으면 외국인의 단기포지션이나 플레이를 이해해야하고, 롱텀으로 투자하고 싶으면 최소 3개월 단위의 방향성만 체크하면 되는거고."
yt_comment,삼프로TV,3EG8okO5yVk,36분 전,1,나 알아요 시전
yt_comment,삼프로TV,3EG8okO5yVk,1시간 전,4,외국기관들이 블룸버그 단말기로 그런거 하더라도 현실적으로 잡을 방법이 없다는거...
yt_comment,삼프로TV,3EG8okO5yVk,3시간 전(수정됨),9,"외국인 선물 현물 장난질 총알 대주는 국내 기관 - 금융투자 는 제발 좀 그만 해라 
이름 공개 청원 해야하나 ㅠ"
yt_comment,삼프로TV,3EG8okO5yVk,37분 전,1,시장은 그냥 놔둬야지 손대면 안되지... 정부가 이걸 왜 나서나. 그냥 규칙 정하고 그 규칙 안에서는 알아서 하는거지...
yt_comment,삼프로TV,3EG8okO5yVk,2시간 전(수정됨),0,"중앙은행, 정부를 이런 상황에서 역으로 찾아가면 결국 비즈니스가 통합니다. 국부펀드, 기관, 글로벌헤지펀드, 정부, 여야권 세력 등등 우리나라 국민연금은 보건복지부 입니다. 보건복지부 내부구조는.."
yt_comment,삼프로TV,3EG8okO5yVk,2시간 전,5,"정프로님이 약간 착각하는거 같은데, 외국인이라고 하니까 우리처럼 외국인 개개인이 투자하는 줄 아시나본데, 실제론 골드만삭스 모건스탠리 JP모건등 초거대 투자사들이
외국인들한테 투자받은 돈 모아서 운용 하는거임. 실제 외국인 개인이 직접 투자하는 규모보다 이게 훨씬 큼.
그러니까 이순신 장군님한테 명령받고 움직이는 병사들처럼 외국 개인이 일사분란하게 움직이는게 아니고 실제로 돈을 움직이는건 소수의 투자사들이 다 하는거지.
이건 용어의 문제도 있다고 봄. 외국인이라고 하니까 자꾸 외국인 개인들을 말하는거 같은데, 외국계투자 같은 용어로 만들었으면 이런 오해가 안생겼을거같음.

그리고 이건 심증이지만 저 거대 투자사들이 외국 시장 털어먹을때 서로 짬짜미 해서 같이 움직일 확률이 매우 높음.
그러니까 본장에서 일사 분란하게 뺐다가 야간선물시장에서 갑자기 몇조원 규모로 매수하고, 그걸 아침에 다 집어 던지고 이러는게 가능한거지."
yt_comment,삼프로TV,3EG8okO5yVk,2시간 전,3,"​ @불멸의꼬부기  그치요. 같이 털어먹는 거지요.
정프로가 착각했다기 보다는 합리적인 이유를 질문하는 거고요."
yt_comment,삼프로TV,3EG8okO5yVk,2시간 전,0,왜다들 고점에 처물리세요
yt_comment,삼프로TV,3EG8okO5yVk,3시간 전,8,"보노보노 작년까지 오후 시황 책임졌었죠.
시장 잘 봄."
yt_comment,삼프로TV,3EG8okO5yVk,3시간 전,2,하창원대표
yt_comment,삼프로TV,3EG8okO5yVk,3시간 전,0,하창완 대표님 죄송합니다
yt_comment,삼프로TV,3EG8okO5yVk,3시간 전,1,블럭딜 장외거래...답답하다.
yt_comment,삼프로TV,3EG8okO5yVk,4시간 전(수정됨),9,"털어먹기 좋기 때문
헤지펀드들이 약점을 노출한 다른 펀드를 다 같이 사냥해온 역사처럼
(반대로 가면 자기도 죽을거고 따라가면 콩고물 떨어지니 당연한 것)"
yt_comment,삼프로TV,3EG8okO5yVk,2시간 전,1,현명하십니다.
yt_comment,삼프로TV,3EG8okO5yVk,2시간 전,1,미장에서도 반도체 하지 마세요. AI 관련주들은 어차피 비슷해요...😢
yt_comment,삼프로TV,3EG8okO5yVk,41분 전,0,잘가~~~
yt_comment,삼프로TV,3EG8okO5yVk,4시간 전(수정됨),22,"개인분들 주식 사지 마세요
찔끔 찔큼 사든지요
외인들 모두 아래쪽이라
선물옵션 다 하방 입니다.
현물은 의미 없고요"
yt_comment,삼프로TV,3EG8okO5yVk,3시간 전,12,정프로👍👍👍
yt_comment,삼프로TV,3EG8okO5yVk,3시간 전,11,증권사는 사람들이 매매많이 할수록 좋다..
yt_comment,삼프로TV,3EG8okO5yVk,4시간 전,89,정영진 니가 제일 전문가다~~~ ❤❤❤
yt_comment,삼프로TV,3EG8okO5yVk,3시간 전(수정됨),9,"국내에는 빅머니가 없거나 규모가 안되나봄.
개인은 돈이 부족. 확신도 부족. 방향성을 만들 수도 없음.

남은 건 외국인 헤지펀드

걔네들이 털어먹기 딱 좋은 환경.
 손 놓은 정부
 
자사주 소각 발표든 하늘이 돕든 방향이 바뀔 때까지 몸 낮춰야.
(개인들 제발 신용 레버리지 하지마 !! 그게 털어먹기 딱 좋은 거니까 )

애초에 레버리지는 폭만 키운 것
방향은 외국인 헤지펀드들이 털어먹은 것"
yt_comment,삼프로TV,3EG8okO5yVk,4시간 전,17,"한국 주식은 개판이다
도박 장이다
개미들 다 죽는다
원망스럽다"
yt_comment,삼프로TV,3EG8okO5yVk,2시간 전,5,외국인 수급이 절대적인게 국장 현실이고 개인들이 떠나야 오르는게 현실이면 한국인들이 코스피에 투자할 이유가 없는듯... 최근 1년은 한여름 밤의 꿈이었고 밸류를 못찾는 1~2년전으로 돌아가는건가봐요.
yt_comment,삼프로TV,3EG8okO5yVk,3시간 전,25,정영진님 때문에 삼프로 봐요♡  이런 질문 당당하게 해줘요. 최고.
yt_comment,삼프로TV,3EG8okO5yVk,3시간 전,6,"다 너희들 털려고 그러는거지....
안맞으면 미장으로 고하시고, 버틸만하면 기다리시고.....
난 지고싶지 않아서 존버~~이제 -20% 
반드시 먹고 나온다"
yt_comment,삼프로TV,3EG8okO5yVk,2시간 전,4,외국인 수급에 100% 흔들리는 시장이라면 거꾸로 가야지. 무조건 외국인 수급을 따라가야지.
yt_comment,삼프로TV,3EG8okO5yVk,42분 전,1,감사합니다❤❤❤
yt_comment,삼프로TV,3EG8okO5yVk,2시간 전,3,정영진 말이 너무 공감간다.
yt_comment,삼프로TV,3EG8okO5yVk,3시간 전,14,"선물 이런거 이제 소용없어
28에서 24까지 빠질때도 선물 옵션 추세보고 버티다가 쵼나 쳐맞았다
지금은 전문가들 이런애들 말 듣지말고 알아서 각자 도생해야됨"
yt_comment,삼프로TV,3EG8okO5yVk,1시간 전,2,이분이 일반인들에겐 최고.  내렸다고 무조건 들어가지 말라고 말해주고.
yt_comment,삼프로TV,3EG8okO5yVk,3시간 전,5,내 변압기 아저씨!
yt_comment,삼프로TV,3EG8okO5yVk,2시간 전,3,"기관들은 점심시간 통화 자주한다는 쇼츠가 .. 
근데 세력은 실제합니다."
yt_comment,삼프로TV,3EG8okO5yVk,2시간 전,4,"결국 주식은 
안하는게 돈 버는 거다
장이 좋아 벌기는한다
그러나
결국
주식시장에 남아있다가는 나중에는 물려서
손실이된다"
yt_comment,삼프로TV,3EG8okO5yVk,35분 전,1,빈세트씨 항상 응원합니다 ~.
yt_comment,삼프로TV,3EG8okO5yVk,1시간 전,3,연기금이 방어해주라는 말은 좀 웃긴게 수익이 극대화됐을때 어느정도 정리할라고 하니까 온갖 언론이 개미 다죽일거냐는 식으로 기사써댔지..그래서 정작 윗포지션에서 정리를 못했으니 지금 나락장에 지수방위대가 막아주지를 못하고있다
yt_comment,삼프로TV,3EG8okO5yVk,2시간 전(수정됨),4,"핵심만 말하는
정영진님
넘잼나요ㅡㅋ"
yt_comment,삼프로TV,3EG8okO5yVk,1시간 전,1,찔끔 찔끔 사요. ㅎㅎ
yt_comment,삼프로TV,3EG8okO5yVk,2시간 전,4,빈센트님 두 최고 전문가
yt_comment,삼프로TV,3EG8okO5yVk,1시간 전,0,@복덩이-g7i4k  ??????
yt_comment,삼프로TV,3EG8okO5yVk,3시간 전,2,형 그런말 함부로 뱉으면 좀 그래.....9000오면 또 안할꺼야?
yt_comment,삼프로TV,3EG8okO5yVk,2시간 전,1,@장그뤠  첨부터 급하게 9천 가지말고 천천히 지금 주가여야지. 머가 좀그래. 포모와서 8천이후에 들어온 개미들 다 물렸는데
yt_comment,삼프로TV,3EG8okO5yVk,2시간 전,1,"@장그뤠 9000가면 더 못하지
고점인데 ㅡㅡ"
yt_comment,삼프로TV,3EG8okO5yVk,2시간 전,0,​ @장그뤠 그러게요
yt_comment,삼프로TV,3EG8okO5yVk,1시간 전,3,"이번에 털리고 나서 알았다.  
국장은 하는게 아님."
yt_comment,삼프로TV,3EG8okO5yVk,4시간 전,32,기업이 자사주를 많이 사던가 주주들을 챙겨줘서 코스피를 하는 이유를 만들어 내던가 해야될듯
yt_comment,삼프로TV,3EG8okO5yVk,1시간 전(수정됨),3,"시원시원하네
아닌건 아니라고  해야지...  맨날 저평가다...왜 떨어지는지 모르겠다..  지금이 기회다 ...이런말만 떠들더니 이제사 제대로 하네"
yt_comment,삼프로TV,3EG8okO5yVk,1시간 전,3,"​삼성전자 (우선주 포함 670억 여 주)
분기 배당 4회 합 1,500원(100조) + 주주환원 100조 특별배당 1,500원 = 총 배당금액 200조 원.
5% 배당 수익률(주당 3,000원) 적용 시 주가는 6만 원.
​SK하이닉스 (7억 3천여 주)
주당 5,000원 배당 시 총 배당금액 3조 6,500억 원. 주식 가치는 10만 원.
​'환상적인 대형 거품'이나 '미래 가치'라는 말에 현혹되지 마십시오. 주가는 오직 실제 지급되는 배당금으로 가치를 평가해야 무책임한 손실을 막을 수 있습니다."
yt_comment,삼프로TV,3EG8okO5yVk,4시간 전,1,국장 개장과 동시에 전세계 다운^_^
yt_comment,삼프로TV,3EG8okO5yVk,3시간 전,2,이 미친 주식장 ㅎㅎ
yt_comment,삼프로TV,3EG8okO5yVk,3시간 전,4,나듀영진님조아함❤
yt_comment,삼프로TV,3EG8okO5yVk,3시간 전,1,"뱅상 슨상께서 명언을 남기셨눼요
'에지간히 흔드네요'
적극 공감합니돠.
오늘도 보노보노상+줭프로+뱅상 슨상 
사이꼬자나이꽈 고레"
yt_comment,삼프로TV,3EG8okO5yVk,4시간 전(수정됨),1,"각자 포지션 잡아 놓은 거, 다 보쟎어
변동성은 확실히 줄어 드는 듯"
yt_comment,삼프로TV,3EG8okO5yVk,1시간 전(수정됨),3,"음모론이 맞지         정확히  맞다  아니다 할수없음

10군데 등산 코스에서  10명이 정상에 만났는데       약속해서 온건지 알수없음   연락해서 그날 등산할거다라고 충분히 할수도잇고               근데  다같이 하산하지는 않음"
yt_comment,삼프로TV,3EG8okO5yVk,1시간 전,2,오늘의 결론 미장가라
yt_comment,삼프로TV,3EG8okO5yVk,2시간 전,2,"6월까지 국민연금 풀매수, 7월부터 매도. 이보다 더 수급에 영향주는거는 없다"
yt_comment,삼프로TV,3EG8okO5yVk,2시간 전(수정됨),3,코스피하지 말자!정부도 기관도 나몰라라하는 시장아닌가? 이번에 진짜 질렸다 미장으로 Go Go Go
yt_comment,삼프로TV,3EG8okO5yVk,4시간 전,8,외국인은 개인이 아니라 펀드매니저가 운용하는 돈 아닌가요?
yt_comment,삼프로TV,3EG8okO5yVk,3시간 전,3,모든 종목이 물려서~ㅠㅠ
yt_comment,삼프로TV,3EG8okO5yVk,16분 전,2,"썬그라스 좀 벗고하면 안될까요
야외도 아닌데"
yt_comment,삼프로TV,3EG8okO5yVk,1시간 전,2,국장이 양도소득세가 없으니까 하지 ?
yt_comment,삼프로TV,3EG8okO5yVk,1시간 전,2,"음모론: 맞는듯. 이번국장이 개인이 이끌어서 주식이 올랐고 외국인 리벨런싱(사실 최고치 익절 , 좋던 싫던) 익절 , 레버리지로 한국주식 자폭, 그와중에 외국인들 큰손은 레버활용 두번째 이득. 결국 구조적으로 단타가 아니면 믿고 기다린 사람은 갑자기 당하게 되어있는 구조. 방향성이 좋아서 믿고 기다리는 게 맞을 수도 있지만. 중간에 계속 가만히 있으면 당한다.  떨어지면 대응하라는 말...본인들거 다 챙기고 해준듯. 본인들만 아는 건 안가르쳐 주는 듯. 내가 모른탓,  결론은 내가 멍청한 탓, 내가 쉽게 생각한탓, 내가 남의 말을 믿은 탓,"
yt_comment,삼프로TV,3EG8okO5yVk,1시간 전,1,보노보노님 똑띠네
yt_comment,삼프로TV,3EG8okO5yVk,2시간 전,1,국장은 안하는게 진짜 맞다……
yt_comment,삼프로TV,3EG8okO5yVk,2시간 전,2,그 펀드들이 먹잇감 포착하고 다 같이 약점 포착해서 털어 먹는 거임. (개인 레버리지 신용) 레오폴드도 당한 거고. 월가에 수도 없이 많음.
yt_comment,삼프로TV,3EG8okO5yVk,1시간 전,0,"외국인=개인+기관
하지만 기관이 90%는 된다고 보죠."
yt_comment,삼프로TV,3EG8okO5yVk,34분 전,1,크 반도체 롱 5적 중 대장 빈센트 아직 정신 못차렸구나 하이닉스 80만원 간다
yt_comment,삼프로TV,3EG8okO5yVk,3시간 전,1,버블 삼전닉스 제자리 찾아가는 중..아직 바닥아니니 빚투는 조심하세요
yt_comment,삼프로TV,3EG8okO5yVk,2시간 전,1,국장이 힘들면 하지마라.  흠.  그걸 누가 모르나
yt_comment,삼프로TV,3EG8okO5yVk,2시간 전,0,이젠 짧게 시간단위로 찍어올려야할듯
yt_comment,삼프로TV,3EG8okO5yVk,3시간 전,3,"외국인이 왜 그러냐고? 돈벌려고 모르나?
주식말고 국채하면 되지.
어차피 현장에서 싸움이다.
어제 선물에서  1천억  손실 본 기관 금투증권이 바보다.
외국인 뒤에 숨어서 ""해줘! 외국인!"" 외치다 바가지 썻다.
꼬시다...개미는 광야에서 참전하는데....🐜........."
yt_comment,삼프로TV,3EG8okO5yVk,2시간 전,2,이번에 국장의 민낯이 제대로 들어났지 ㅣㅋ  진행자가 팩트찌르고있는대 전문가들이 인정을못하내
yt_comment,삼프로TV,3EG8okO5yVk,3시간 전,1,신규 진입 시점 말고 빠져 나올 타이밍도 좀 알려주세요.
yt_comment,삼프로TV,3EG8okO5yVk,1시간 전(수정됨),1,미장에이 저런데   빠지는구나. 대단한다. ㅠㅠㅜㅠㅠ
yt_comment,삼프로TV,3EG8okO5yVk,3시간 전,2,먹잇감이되어버린......
yt_comment,삼프로TV,3EG8okO5yVk,2시간 전,2,"외국인은 특정할 수 없는 집단인데 외국인을 어떻게 해야한다는 그런 논쟁은 의미없음. 여러실책중에 간과되는게 바로 연기금이 국내주식 못팔게 한거임. 연기금 처럼 대형자금이 손발이 묶여있다는 패가 드러났는데 게다가 개인은 신나서 주구장창 사고 있고 그럼 살찌워서 잡아먹고 싶어지지 않겠음? 밑에서 사놓은 물량 꾸준히 팔아재낀 외국인 자금의 운용능력이 좋았던거임. 무슨 이런걸 두고 외국인이 털었네 말았네 하는건 의미도없고 적절하지도 않음. 애초에 흥분해서 시장을 왜곡시키는 정책이 자꾸 시행된게 문제임. 원래 하려던 거버넌스 개혁을 더 정밀하고 속도 조절해가면서 해야지. 주가 오르고 지지율 좋다고 똥볼차서 이모양 이꼴난거. 정프로가 의구심을 가진 외국인에 대한 내용은 애초에 확인이 불가능하고 빈센트가 말했듯이 음모론일 수 밖에 없는 영역임. 다만 외국인에 대해 더 주목하는 이유는 외국인으로 잡히는 햇지펀드나, 해외 자금들이 자금의 규모가 비교도 안될 정도로 크기 때문임. 미국 전체 금융시장에 비한다면 한국의 금융시장은 조족지혈이라 밀면 밀 수 있다는게 핵심임. 여기서 뇌피셜을 더하면 글로벌 햇지펀드 몇군데가 모여서 ""야 한국 많이 오른김에 연말까지 밀어서 한번 싹 털어먹자""라고 했을 수도 있지. 물론 이런 상황에서 언제든지 배신자가 나와서 같이 밀기로한 다른 자금을 털어먹을 수도 있는거임. 이런 저런 상황을 가정해보면 시장은 특정 그룹이 이끌기에는 너무 크고 평균회귀한다 즉 시장이 효율적일거다 라고 생각하게 되는거임. 빌리언스같은 드라마를 보면 이런 음모론에 관한 시나리오를 좀 디테일하게 볼 수 있음. 아무튼 이런 시장의 비효율성이 의심된다고 해도 외국인 투자를 막을것도 아니고(시장의 비효율을 잡자고 시장을 죽이는꼴임)  금융산업을 키우는것만이 해법임."
yt_comment,삼프로TV,3EG8okO5yVk,3시간 전,24,"정영진질문을 막아버리는
빈센트는 무슨~~~???"
yt_comment,삼프로TV,3EG8okO5yVk,3시간 전,1,폭락했다 말아올렸다하락중  허구헌날 하락중 수급도  바닥이라고
yt_comment,삼프로TV,3EG8okO5yVk,3시간 전,34,지방선거 이기려고 국민연금 레버리지 ETF 주가 끌어 올려놓고 외국인만 돈 벌어 간다. 젊은이들 죽을 지경이다
yt_comment,삼프로TV,3EG8okO5yVk,1시간 전,2,하닉 내려간다~잉~~
yt_comment,삼프로TV,3EG8okO5yVk,3시간 전,8,"삼전 27.2만원,  하닉 172만 돌파하고 지지해서 매수해도 늦지 않는다~~적극 동감한 부분"
yt_comment,삼프로TV,3EG8okO5yVk,2시간 전,0,개미들이 국장해야 증권사에 떨어지는게 많나보네
yt_comment,삼프로TV,3EG8okO5yVk,2시간 전,0,우리나라 기관들도 짬짜미 하는 것 같은데
yt_comment,삼프로TV,3EG8okO5yVk,2시간 전,1,"확실히 돌아 섰을 때? ㅋㅋ 그때가 언제요? 적당히 싼가격에 사서 적당한 가격에 팔거나 웃돈 붙여서 파는것, +분배되는 회사의 수익(배당)으로 이익을 보는 것이 성투, 반대로 손실보는 것이 투자실패, 확실히 돌아서는 시점이라고 확신하고 투자해서 화들짝 아닌것 같아서 팔았더니 천정부지로 올라서 화들짝, 주식시장에 전문가라니 ㅎㅎ"
yt_comment,삼프로TV,3EG8okO5yVk,3시간 전,0,"안녕하세요
매일 명강 잘듣고있습니다
삼프로님 선글라스 착용이 항상 궁금했어요
미남얼굴 왜  가리시는지 궁금해요"
yt_comment,삼프로TV,3EG8okO5yVk,2시간 전,0,국장은 정말 상승 하락 크지않은 배당주만 투자하세요. 멀리보면 여기말곤 답이 없음
yt_comment,삼프로TV,3EG8okO5yVk,2시간 전(수정됨),1,죽창+드럼통 날아온다.  선수 보호 차원.  눈치 존나 보네 진짜..
yt_comment,삼프로TV,3EG8okO5yVk,2시간 전,0,빈센트님 소신 좋은데?
yt_comment,삼프로TV,3EG8okO5yVk,2시간 전,1,눈치 빠른 사람들 선거때 다 팔았죠
yt_comment,삼프로TV,3EG8okO5yVk,3시간 전,0,하쌤이 끝부분에 삼전과 하닉 프로그램 매수매도 잡히는 부분 설명해주신 것이 이해가 잘 안됩니다.ㅠㅠ
yt_comment,삼프로TV,3EG8okO5yVk,2시간 전(수정됨),1,음모론이 아니라 등가교환법칙으로 따져들여가야지 대중들 무지성을 좀 타파하지 않을까 싶은데. 메이커가 이번 아센을 징벌한것처럼 음모가 아니라 암약이 더 적합한 표현인거같습니다. 정프로 말이 맞는데 그렇다면 또다른방도가 있는가? 하면 또 없기에 기술적분석에 의지하고 있는게 대다수라 그나마 분석이 상대적 유효한 미장을 하는거죠
yt_comment,삼프로TV,3EG8okO5yVk,2시간 전,1,삼전닉스만 올라야 하나? 오늘은 그래도 코스닥이나 코스피 여타 다른기업들도 양전하는 기업들 많고 순환매 도는거 같아서 오히려 주식시장이 나름 건강해진거 같은데
yt_comment,삼프로TV,3EG8okO5yVk,3분 전,0,"투자공부 할 필요 없네요 ~~
미장이 답이예요"
yt_comment,삼프로TV,3EG8okO5yVk,1시간 전(수정됨),1,"노동자들이 힘들게 일해 벌어도 뭐하나.....미제놈들께  상납하는 구조인데.....
어느나라 어느곳에서나  개미는 죽어 나간다.....
알면서도 억지로 주가 끌어 올린 정부탓이고 그리고 욕심만.... 많은 국민 탓이다. 
국민연금 물어내라~~~~~~"
yt_comment,삼프로TV,3EG8okO5yVk,1시간 전,1,마이너스다  뭘 올라
yt_comment,삼프로TV,3EG8okO5yVk,1시간 전,1,개인들은 주식 하지마라  아는 건 5 모르는건 95인 상태에서 주식투자하니까 외국인이 다 털어먹지 외환위기는 개인투자자들이 초래할것이다
yt_comment,삼프로TV,3EG8okO5yVk,1시간 전,1,솔직히 2버레버는 핑계고 하락주범은 외인 70 기관30
yt_comment,삼프로TV,3EG8okO5yVk,43분 전,1,빈 저거 삐끼다. 저것도 한패야
yt_comment,삼프로TV,3EG8okO5yVk,4시간 전,0,듬성 사지 마시라
yt_comment,삼프로TV,3EG8okO5yVk,2시간 전,0,연기금이 던진다니 풋옵션잡고 기다리는거지
yt_comment,삼프로TV,3EG8okO5yVk,2시간 전,2,8:51 전문가가 말해주는데 뭐 어떻게 돈 벌어보겠다고 국장에서 깝치냐 달러 환전이나해라
yt_comment,삼프로TV,3EG8okO5yVk,1시간 전,1,빈센트 너 왜 자꾸 나오니~~~
yt_comment,삼프로TV,3EG8okO5yVk,1시간 전,1,개미들이 기대안하는 코스닥먼저 올려라 외인들아.. 코스닥 계속 올리면 삼전닉스 코스피 팔고 개미들 이동할건데.. 그때가 삼전닉스 바닥이다!
yt_comment,삼프로TV,3EG8okO5yVk,1시간 전,0,"주식하면서 볼것들이 너무많아져서  점점 힘들어집니다  
이제 저축이나  해얏나나봅니다"
yt_comment,삼프로TV,3EG8okO5yVk,23분 전,0,맞아 국장은 아닌것 같아요.ㅠ
yt_comment,삼프로TV,3EG8okO5yVk,4시간 전,6,이래서 미장을 해야 하는거야
yt_comment,삼프로TV,3EG8okO5yVk,3시간 전,0,외국인이
yt_comment,삼프로TV,3EG8okO5yVk,3시간 전,1,"국장하지마라! ㅎ
ㅇㅋ"
yt_comment,삼프로TV,3EG8okO5yVk,3시간 전,8,미정이 진리다  국장 탈출은 지능순이다
yt_comment,삼프로TV,3EG8okO5yVk,2시간 전,1,웃긴게 미장 가자한 초보개미들 미장가서도 투자한다는게 마이크론 샌디스크 속슬임 ㅋㅋㅋ 미장간 서학개미들도 손실율 크다는데 ㅋㅋ 미장도 공부하고 종목 잘골라야 수익보지 어중간하면 미장도 세금은 세금대로 뜯기고 손실큼
yt_comment,삼프로TV,3EG8okO5yVk,2시간 전,0,미장도 비슷함..
yt_comment,삼프로TV,3EG8okO5yVk,2시간 전,0,국장하지마라 그냥 미장해라
yt_comment,삼프로TV,3EG8okO5yVk,2시간 전(수정됨),1,"아니왜댓글에
정부가 뭘하라는것이지
주식장은 도박이야
정부는 좋은 제도만 만들면 되는거고 연기금은 계획대로
사팔하면 되는것 
지금 주식장이 왜이렇게 되었는가이게주식이야
이런걸 집팔아 주식하라는 정부
정부 눈치보며 고점에 안판 연기금 환장의 콜라보
이번 미친 상승장 외국인만 배터짐 이번에 알았으면 주식은
무섭다는걸  제발 공부합시다"
yt_comment,삼프로TV,3EG8okO5yVk,1시간 전,0,"우리나라도 주주환원정책을 마니해쥬야 주식투자할 맛이 나지 아님 투자할 필요할 있을까 
저축이나하던가 미장으로 가야지
외국인의 출금인 국장인인데 정부는 뭐하는건지"
yt_comment,삼프로TV,3EG8okO5yVk,4시간 전,19,정영진물음에 대충대답하고 확 주제를 넘겨버리네
yt_comment,삼프로TV,3EG8okO5yVk,4시간 전,1,"다아는걸 뭘 아무도 몰른다는건지ㅎㅎ
진짜 모르는거면 접어야지ㅎㅎ"
yt_comment,삼프로TV,3EG8okO5yVk,3시간 전,1,빚내지마라
yt_comment,삼프로TV,3EG8okO5yVk,2시간 전,0,오늘도 하락행진이고만. 무슨~~~
yt_comment,삼프로TV,3EG8okO5yVk,3시간 전,3,통정 매매를 의심 하는데 국장을 떠나라하네 미친거 아냐?
yt_comment,삼프로TV,3EG8okO5yVk,3시간 전,0,이걸 산뒤에 올리내
yt_comment,삼프로TV,3EG8okO5yVk,49분 전,0,"요즘 코스닥 상한가는...
직원들 월급은 제때 주냐..?
이런거 샀다 물리고 누굴 원망하냐?"
yt_comment,삼프로TV,3EG8okO5yVk,1시간 전,0,외국인들이 생각이 다 똑같으면 왜 레오폴드는 시타델한테 청산당했을까?  그냥 생각이 동일하게 겹칠때 큰 방향성이 나오는것일 뿐이다
yt_comment,삼프로TV,3EG8okO5yVk,23분 전,0,개인은 너무 불쌍
yt_comment,삼프로TV,3EG8okO5yVk,4시간 전,13,아 팀으로 움직이냐 물었는데 딴소리만 하시네요..
yt_comment,삼프로TV,3EG8okO5yVk,3시간 전,3,외인들이 맘대로 하게 왜 내버려두나 ㅡ 도대쳎이 나라는 정부가 존재하는지 기관이 존재하는지 ㅡ 이들은 아주  어디 있는지 찾을수가 없다
yt_comment,삼프로TV,3EG8okO5yVk,57분 전,0,이미 물려 있습니다.
yt_comment,삼프로TV,3EG8okO5yVk,1시간 전,0,기업은 뭐하냐고 자사주 안사??? 지들 돈벌고 성과금 잔치하고 기업은 뭐하냐고 정부도 역할하고 그냥 개미들보러 알아서 하라는건진짜
yt_comment,삼프로TV,3EG8okO5yVk,1시간 전,0,"빈센트 아웃!!
부끄러운줄 모르네"
yt_comment,삼프로TV,3EG8okO5yVk,2시간 전,0,맨날 외인타령. 연기금이 더 던지는데
yt_comment,삼프로TV,3EG8okO5yVk,44분 전,0,그냥 시즌종료임
yt_comment,삼프로TV,3EG8okO5yVk,2분 전,0,"정프로 핵심을 찌르는 질문이다
전문가들 나와서 매일 외인 외인 외인 지들도 모르면서 이럴거라면
국장은 하지말자 
정부는 손놓거나 늦장대응 전문가들은 매일 국장임에도 외인만 외쳐 한심하고 취약한 시장에 지들 수수료 먹을라고 헛소리만 늘어놔 이게 맞아??"
yt_comment,삼프로TV,3EG8okO5yVk,3시간 전,0,"거기 먹을 게 있으니까 따라 가는 거
반대로 가면 죽고. (이번에 털린 헤지펀드 비롯 수도 없이 많음)"
yt_comment,삼프로TV,3EG8okO5yVk,31분 전,0,분석은 쓸모없다 그냥 외인기관이 기분좋으면 사는거고 아니면 마는거지~
yt_comment,삼프로TV,3EG8okO5yVk,3시간 전,5,"아마 이번에 물린 많은분들 최소한 손해를 만회하게 되면 국장 탈출 많이 하겠네....
증권사도 특화된 증권사 추천,,.."
yt_comment,삼프로TV,3EG8okO5yVk,58분 전,0,"내 지인은 차라리 2500때가 더 수익이 좋았다던데, 정프로 손해 많나봐"
yt_comment,삼프로TV,3EG8okO5yVk,40분 전,0,"삼전하닉의 펀더멘탈은 용이고 주가는 뱀이예요. 용이 솟아오르자 뱀이 저도 용인줄 알고 뛰어올랐어요. 거기에 금융당국이 단일종목레버리지라는 날개를 뱀에게 달아주었어요. 그러자 뱀은 신이 나서 더 높이 날아서 용을 쫒아갔어요. 그걸 보던 불나방들이 뱀을 용이라 착각하고 뱀을 따라갔어요. 그런데 뱀은 땅바닥으로 고꾸라졌고 불나방들도 바닥에 떨어졌어요.
뱀은 정신차리면 다시 올라가겠지만 불나방들은 안타까울 뿐입니다."
yt_comment,삼프로TV,3EG8okO5yVk,44분 전,0,"홀짝 쇼
여유있는 사람이야 괜찮겠지만..
중요한 돈 넣은 사람은 어떡하냐?"
yt_comment,삼프로TV,3EG8okO5yVk,2시간 전,15,"빈센트 아웃, 애널 자격 없음"
yt_comment,삼프로TV,3EG8okO5yVk,4시간 전(수정됨),45,"삼프로 애내들 하나증권에서 돈 받고 같이 방송하는 같은데.. 도움이 아니라 완전 반대로 얘기하는 수준 삼프로 수준이 저질 수준임
6월 초에 삼전닉스 팔아야 한다고 숨은 고수들이 얘기 할 때   삼프로 에서는 계속 사라고 한 것이 팩트임!!!"
yt_comment,삼프로TV,3EG8okO5yVk,3시간 전,11,"빈센트=빈깡통,돌파리,월급받고사나"
yt_comment,삼프로TV,3EG8okO5yVk,3시간 전,8,ㅋㅋㅋㅋ 오늘 방송 재밌네 ㅋㅋㅋㅋㅋ
yt_comment,삼프로TV,3EG8okO5yVk,2시간 전,0,"조용히 입 다물어라.
우리나라에 주식 전문가 없다."
yt_comment,삼프로TV,3EG8okO5yVk,1시간 전,0,빈센트는 신뢰가 안감
yt_comment,삼프로TV,3EG8okO5yVk,1시간 전,0,하나마나한 이야기를 정성들여서 길게 하는 방송
yt_comment,삼프로TV,3EG8okO5yVk,41분 전,0,하나만한소리
yt_comment,삼프로TV,3EG8okO5yVk,3시간 전,8,"빈센트 
김동한프로랑 주말 방송에서 깔끔하게 인정하고, 빗을 갚고 싶다고 했던 얘기 너무 인상적이고 멋졌습니다."
yt_comment,삼프로TV,3EG8okO5yVk,2시간 전,5,빈센트는 자꾸 질문만하는게 웃기네.. 니가답해 너도전문간데
yt_comment,삼프로TV,3EG8okO5yVk,38분 전(수정됨),0,ㅋㅋ전문가 ㅋㅋ
yt_comment,삼프로TV,3EG8okO5yVk,4시간 전,4,"하. 배경광고 눈에 거슬리네. 주식대여서비스.... 주식 빌려주면 소액이지만 이자 받아 먹긴하지. 근데 주식 빌린 넘은?? 바로 공매도 때려서 주가하락에 이용해먹지. 
주식 빌려준 개미한테  푼돈 쥐어주고 뒤통수 치는거지.  이런걸 모를일 없을건데..."
yt_comment,삼프로TV,3EG8okO5yVk,4시간 전,12,빈.나오지마토나온다
yt_comment,삼프로TV,3EG8okO5yVk,3시간 전,1,풋콜은 단시간 확 변해서 지표로 보기엔 그닥
yt_comment,삼프로TV,3EG8okO5yVk,3시간 전,4,"국장하지마시라
이말 함부로 하지 마시라~~~"
yt_comment,삼프로TV,3EG8okO5yVk,2시간 전,1,누가 그런발칙한 판단하는데?
yt_comment,삼프로TV,3EG8okO5yVk,2시간 전,5,"방송 나오는 증권사 소속 애널리스트 말은 절대로 믿는거 아님. 상승장에서는 애널들 말처럼 주가가 오르니까 뭔가 대단한 분석가인것처럼 보이지만, 
하락장에서는 개미들을 저점 방어선으로 쓰는게 증권사 애널리스트들임.
8월에는 다를거다, 8월은 상승장이다 이런 증권사 소속 애널리스트들 한둘이 아닌데, 어제 봐봐 삼성전자를 외국인보다 더 많이 판게 국내 기관임.
증권사 소속 애널들이 외국인 동향은 못 읽어도 국내 기관들, 특히 본인 소속 증권사가 살지 팔지도 모르진 않을건데, 어제 하루만 투신 + 투자사들이 삼전만 6백만주를 팔아치우는데
이걸 몰라서 개미들한테 계속 사라고 했을까?

개미들이 사야 증권사는 수수료 수익벌어서 좋고, 또 지들이 가진 삼전 주식 뺄때 개미들이 저점 방어해줘서 좋고, 뭐로 보나 하락장에서 개미들이 매수를 계속 해야 지들한테 좋으니까
계속 사라고 속이면서 꼬드기는거임. 이거에 당하면 답도 없음. 24년 9월 모건 스탠리가 삼전 하이닉스 매도 리포트 냈을 때도 방송 나오는 애널리스트들은 모건스탠리 말은 믿지 말라면서
만약에 이걸로 삼전 주가가 빠지면 더 사라더니 그때 기관들은 삼전 겁나 팔아먹었음.
그리고 그해 겨울에 삼전이 4만9900원 저점 찍으니까 애널들이 나와서 당분간 삼전은 쉽지 않을거 같다. 이렇게 급락하면 횡보장이 길게 온다 이러면서 일단 삼전 팔고 2차전지 등 다른 섹터를 노려보자
이런 소리 했는데, 이때 기관들은 삼전 매수 겁나 많이 했음 ㅋㅋㅋ

하락장에서는 방송 나오는 애널들이 하는 말하고 실제 기관들이 매수 매도하는거 완전 다름. 그러니까 이런 방송 나와서 맨날 사라고 하는 애널들 말을 믿지 말고 기관들이 실제로 사는지 파는지
데이터 보고 투자하는게 훨씬 나음."
yt_comment,삼프로TV,3EG8okO5yVk,3시간 전,2,증권사 직원들 많네
yt_comment,삼프로TV,3EG8okO5yVk,4시간 전,1,숨은고수 ?? 웃기고 자빠졌네
yt_comment,삼프로TV,3EG8okO5yVk,2시간 전,1,투자는 본인 책임입니다 유튜브 보면서 전문가들이 사라는거 산다고 다 돈벌면 대한민국에 부자 아닌사람이 없겠죠
yt_comment,삼프로TV,3EG8okO5yVk,1시간 전,0,"물론 본인 책임이 맞지만  
빈센트  저 사람 이야기 첨엔 통하는듯했죠. 주린이들은~^
무슨 기도가 통해?
진실을 알고 실력을 키우는거죠.

원칙에  맞게 행동하면 됩니다.  전 3개월만에 깨달았네요. 절대 몰빵하지 말것. 빚내지말구"
yt_comment,삼프로TV,3EG8okO5yVk,4시간 전,5,사라고 산건 본인이잖음?
yt_comment,삼프로TV,3EG8okO5yVk,4시간 전,5,투자는 본인 탓임 ㅇㅇ뽀찌 찔러준거아니면 남탓 하면 안됨
yt_comment,삼프로TV,3EG8okO5yVk,2시간 전,0,​@닥정꾸맞는말씀 이십니다
yt_comment,삼프로TV,3EG8okO5yVk,2시간 전,0,빈센트님 짱
yt_comment,삼프로TV,3EG8okO5yVk,1시간 전,0,@복덩이-g7i4k  이 분 빈센트 엄만가...?
yt_comment,삼프로TV,3EG8okO5yVk,2시간 전,1,좋아요
yt_comment,삼프로TV,3EG8okO5yVk,1시간 전,0,애널리스트라 실전매매 경험 거의 없을 듯
yt_comment,삼프로TV,3EG8okO5yVk,3시간 전,0,미경이 거울봐라
yt_comment,삼프로TV,3EG8okO5yVk,1시간 전(수정됨),1,"언제는 공산당이냐 정부가 왜개입하느냐, 언제는 왜 공적역활으로못하느냐, 내돈잃기는 싫지"
yt_comment,삼프로TV,3EG8okO5yVk,2시간 전,4,빈센트님 항상 건강하시고 인사이트 감사합니다 ❤
yt_comment,삼프로TV,3EG8okO5yVk,1시간 전,1,빈센트님 화이팅!!
yt_comment,삼프로TV,3EG8okO5yVk,3시간 전,3,빈센트 보고싶어 들어옵니다
yt_comment,삼프로TV,3EG8okO5yVk,2시간 전,2,"이  친구는 부르지 마세요.
그리고...기도의 영역?
그러면 주식시장 폐쇄 해야.  .정프로의 지적은 명품."
yt_comment,삼프로TV,3EG8okO5yVk,2시간 전,1,빈센트님 정프로님  최고다
yt_comment,삼프로TV,3EG8okO5yVk,3시간 전,1,그럼 국장하지미셔라? 저게 대답이냐 ㅋㅋㅋ
yt_comment,삼프로TV,3EG8okO5yVk,3시간 전,3,빈센트 집에 가세요
yt_comment,삼프로TV,3EG8okO5yVk,2시간 전,0,썬글라스 끼고 나온 사람은 뭔가 감출 것이 많은 사람인가? 그러면 나오지 마라
yt_comment,삼프로TV,3EG8okO5yVk,3시간 전,1,본전  근처만가도 주식안하고  싶다
yt_comment,삼프로TV,3EG8okO5yVk,3시간 전(수정됨),5,저** 웃기넹~음모론이 상황상 그리돌아가니 생기는 의구심인데~~그걸 쉴드치는 느낌은 나만이 아닐것같구~뭐 국장하지마라?? 세력의 힘으로 모든게 흘러가는 상황을 누구나 의심하게된다면~그런걸 일부인정하고~살아갈 방법을 얘기하던가~~애써 그런걸 피해가려는게 신뢰가 제로~빈센트도 약간 그런 뉘앙스~~정영진이 정상적인 의구심의 표현이라고 여겨짐~~쟈는 표리부동의 표본같넹~
yt_comment,삼프로TV,3EG8okO5yVk,2시간 전,0,빈센트님 최고다
yt_comment,삼프로TV,BIRb5vYYuZo,5시간 전,1,"✨주식의 시대 제.대.로 배우자!✨삼프로 구독 서비스
🔥박병창&이선엽&김장열&이권희&장우진&박명석을 지금 만나보세요!
👉https://bit.ly/46OIrLB 
========================
🌄 3PRO 두근두근 오늘의 핫딜! 😍
💻 LG그램 11세대 테라급 최초, 87만원!
👉 https://web.rethinkmall.com/link/20287
🍳 대상 볶음요리 4+2팩 최초, 2만원대!
👉 https://web.rethinkmall.com/link/20290
========================
🚨 [투자자라면 놓치지 마세요!] 3PRO 도슨트 총출동!
투자 전문가들과 함께하는 2026 3PRO 테크 탐방
👉 https://bit.ly/3Rbnfec
========================
[삼프로X리빙아트] 🍳르베토 초경량 유리 글라스 에어프라이어 3.5L
👉 https://smartstore.naver.com/livingart/products/11106990769
========================
[삼프로X슬립앤슬립] 🌜아이스넷(Ice-net) 냉감패드
👉 https://sleepnsleepmall.com/product/detail.html?product_no=491
========================
📊 자동으로 청약해주는 일육공
🎁 일육공 앱 설치와 청약하고 만원 받기
👉 https://i6o.onelink.me/eGH9/share?pid=youtube_organic&af_sub1=3protv
========================
📺프로그램 편성표
[06:00-07:20] 월스트리트 모닝브리핑 (월가 뉴스레터, 글로벌 인터뷰)
[07:20-08:40] 오늘아침 라이브 (뉴스3, 마켓 인사이드)
[08:40-10:00] 더블 밸류업 (개장방송)
[10:00-11:00] 아침N투자
[11:00-12:00] 크립토 PLUS
-----------------------------------
[15:20-16:30] 클로징벨 라이브 (마감방송)
[16:30-17:15] 여의도 인사이트
[17:15-18:00] 집중, 오늘의 주식
[18:00-19:50] 주린이 구조대
========================
🏫 전문가(연사) 섭외 및 기업교육 문의
👉 https://bit.ly/3EofRlH
========================
📢 광고없이 오디오 듣는 법
- 삼프로 앱을 설치하시면, 유튜브 프리미엄 없이도 유튜브를 오디오로 들으실 수 있습니다.
- 삼프로TV, 언더스탠딩, 지구본 연구소, 위즈덤 칼리지, 압권 등 모든 3PRO 채널의 방송을 쉽고 빠르게 찾을 수 있어요.
- 지금 바로 3PRO 앱 또는 웹을 만나보세요!
👉 https://3protv.page.link/S7cX
========================
🗂 방송 자료 다운로드 방법
👉 [방송] - [신의자료실]에 들어가시면 됩니다.
3PRO 웹사이트 : https://apps.3protv.com/original/pds 
3PRO 모바일 앱 : onelink.to/6gkezx
========================
🙋‍♂3PRO 고객센터
- (전화) 1877-4344
- (메일) edu.help@3protv.com
- (1:1 문의 게시판) https://apps.3protv.com/myqna/write
- 전화는 평일 10:00-17:00 (점심시간 12:00-13:00) 에 운영됩니다.
- 주말에는 3PRO 앱/웹에 1:1 문의를 남겨주시면 감사하겠습니다.
========================
💼 비즈니스 문의 채널 안내
- '삼프로TV' 광고/협업 및 영상 제작대행 문의 : (메일)ad@3protv.com (전화) 010-2090-6748  (설문) https://forms.gle/16UjV3bPBN3Yv7X4A
- 전문가(연사) 섭외 및 기업교육 문의 :  (메일) edu@3protv.com (전화) 02-2118-0704~0705 (웹사이트) https://bit.ly/3EofRlH
- 언더스탠딩 문의 : (메일) to.understanding.official@gmail.com
========================
📢 사칭 주의
- 삼프로TV의 구성원과 삼프로TV 출연자는 문자메시지/카카오톡/전화/텔레그램 등을 통해 절대 개인적인 투자권유 및 리딩방, SNS 가입을 권유하지 않습니다.
- 만일 이러한 연락을 받으셨다면 모두 사기이므로, 링크를 클릭하지 마시고 피해가 없도록 주의하시기 바랍니다.
========================
❤ 당부 말씀
- 삼프로TV는 시청자의 다양한 해석과 의견을 존중합니다. 또한, 콘텐츠에 대한 비판과 평가도 언제나 환영합니다.
- 하지만, 출연자에 대한 근거없는 비난, 욕설, 인신공격, 비하성 표현이 담긴 댓글은 안내없이 삭제될 수 있습니다. 
- 삼프로TV가 건강한 소통의 장이 될 수 있도록 도와주세요. 늘 감사합니다^^

#삼프로TV #삼프로 #3protv"
yt_comment,삼프로TV,BIRb5vYYuZo,4시간 전,22,"걍 나도몰라!
돈주니깐 나와서 썰푸는겨~~
오를수도있고 내릴수도있고!
이건 100% 내말이 맞아~~
ㅋㅋㅋ"
yt_comment,삼프로TV,BIRb5vYYuZo,5시간 전,21,반도체 특히 메모리 반도체는 한 6개월 잊고 계심이 낫겠습니다.
yt_comment,삼프로TV,BIRb5vYYuZo,4시간 전,18,흘러내린다
yt_comment,삼프로TV,BIRb5vYYuZo,4시간 전,6,명창 박병창님의 춘향가 들어 보겠습니다.
yt_comment,삼프로TV,BIRb5vYYuZo,5시간 전,0,오늘도 감사합니다😊
yt_comment,삼프로TV,BIRb5vYYuZo,5시간 전,0,감사드립니다🎉
yt_comment,삼프로TV,BIRb5vYYuZo,4시간 전(수정됨),15,그냥 전문가 같지도 않은 애들 불러놓고 말장난 하지 말고 다른거 해라
yt_comment,삼프로TV,BIRb5vYYuZo,3시간 전,3,"이번 영상 핵심 요약

1. 국내 증시는 급등 이후 차익실현이 나타났지만 기술적으로는 반등 가능성이 남아 있다고 분석했다.
2. 미국 빅테크는 AI 투자 효과가 실적으로 확인되며 시장 신뢰를 회복하고 있다.
3. 오라클와 아마존의 강세는 AI 인프라 투자 확대가 계속되고 있음을 보여주는 신호로 평가했다.
4. 엔비디아를 비롯한 AI 반도체 기업은 여전히 장기 성장성이 유효하다고 전망했다.
5. 미국 제조업 지표 개선은 반도체와 AI 투자 확대에 긍정적인 환경을 제공하고 있다.
6. 시장은 AI·반도체·전력기기·바이오 등 업종 간 순환매가 이어지는 모습으로 분석했다.
7. 국내 코스닥은 반도체 소부장까지 동반 강세를 보여야 상승 흐름이 이어질 수 있다고 설명했다.
8. 현금 비중을 과도하게 늘리기보다 실적이 좋은 종목을 중심으로 대응하는 전략을 제시했다.
9. 국채금리와 환율, 지정학적 리스크는 계속 확인해야 할 핵심 변수로 꼽았다.
10. 종합적으로 AI와 반도체 중심의 상승 추세는 유지될 가능성이 높으며 단기 조정보다는 실적과 장기 성장성에 주목해야 한다."
yt_comment,삼프로TV,BIRb5vYYuZo,5시간 전,8,코스피 오늘도 떡락 중~~어디까지 떡락할까? 국장 반도체는 끝??? 그 끝이 안보이네..이러니 국장이 개판이라는거지~~
yt_comment,삼프로TV,BIRb5vYYuZo,3시간 전,4,추임새 너무 넣어서 거슬림
yt_comment,삼프로TV,BIRb5vYYuZo,5시간 전,3,"이쯤 되면 방송시간을 바꿔야하는거아님?
미장열릴때 방송해야하는게 아닐까? 그래야 할말이 더 많고 예측도될거같은데"
yt_comment,삼프로TV,BIRb5vYYuZo,4시간 전,4,오후에오른다
yt_comment,삼프로TV,BIRb5vYYuZo,4시간 전,5,다 틀린 말씀이였네요
yt_comment,삼프로TV,BIRb5vYYuZo,4시간 전,1,밑이 없네요 징글징글 합니다
yt_comment,삼프로TV,BIRb5vYYuZo,4시간 전,8,오르긴ㅋ 미국 본장때 올리고 우리장 시작할때 다빼는거 이제 익숙하지않음???
yt_comment,삼프로TV,BIRb5vYYuZo,4시간 전(수정됨),15,오늘도 빠지는데 뭐가 올라?
yt_comment,삼프로TV,BIRb5vYYuZo,5시간 전(수정됨),13,"오늘 올라?? 어제와 그제 30% 너무 많이 급등했기 때문에 좀 더 조정받아야 한다. 상반기 100% 오른 급등장에서 외국인들 그렇게 파는데도 리스크관리 차원에서 같이 비중 줄이라는 코멘트 한 줄 못했던 시장전문가들, 이후 30~40% 폭락장에서 맞지도 않는 하루 하루 바닥권 접근 분할매수 틀린 전망들 이젠 많이 실망했다. 욕 먹기가 싫었는지, 용기가 없었는지, 실력이 없었는지 그 중 어떤 것이든지 ...."
yt_comment,삼프로TV,BIRb5vYYuZo,4시간 전,4,데이터낭비다
yt_comment,삼프로TV,BIRb5vYYuZo,5시간 전,1,코스닥 올랐다고 말하면 안된다 한달내리고 오늘 좀 상승한다고 올랐다라는 표현자체가
yt_comment,삼프로TV,BIRb5vYYuZo,1시간 전,0,6개웡 후에 봐요❤
yt_comment,삼프로TV,BIRb5vYYuZo,2시간 전,0,ㅋㅋ 지금 12시 20분 더 빠지는중
yt_comment,삼프로TV,BIRb5vYYuZo,4시간 전,0,주식 주도주 -->https://www.youtube.com/watch?v=gPfzKpUkEsU
yt_comment,삼프로TV,BIRb5vYYuZo,5시간 전,1,오전에는 단타들 꼬셔서 코스피 하락. 그나마 코스닥이 반등하는건 다행.
yt_comment,삼프로TV,BIRb5vYYuZo,4시간 전,6,"무슨말인지  삼전닉스""  _4%인데 뭐요?,"
yt_comment,삼프로TV,BIRb5vYYuZo,4시간 전,0,오늘 상승장 맞네 ㅎㅎㅎ
yt_comment,삼프로TV,BIRb5vYYuZo,5시간 전,0,다른건 다 올라도 삼전닉스는 못오름...
yt_comment,삼프로TV,BIRb5vYYuZo,3시간 전,2,안살아남 끝난듯
yt_comment,삼프로TV,BIRb5vYYuZo,5시간 전,7,폭락중
yt_comment,삼프로TV,BIRb5vYYuZo,3시간 전,1,"기다리면 오르것지뭐 주식은 기다리면 언젠가는 오르더라 대형주들은 기다리면
먹게 돼있더라 주식은 그냥 기다림인거 같다"
yt_comment,삼프로TV,BIRb5vYYuZo,4시간 전,0,진짜 미친장이다. 코스닥만 오르고
yt_comment,삼프로TV,BIRb5vYYuZo,2시간 전,0,모든 전문가가 개미지옥을 만들었어
yt_comment,삼프로TV,BIRb5vYYuZo,4시간 전,3,맞는게 없냐?
yt_comment,삼프로TV,BIRb5vYYuZo,4시간 전,19,이 사람은 전문가가 맞나.
yt_comment,삼프로TV,BIRb5vYYuZo,4시간 전,1,계속 빠지는데요 😢
yt_comment,삼프로TV,BIRb5vYYuZo,5시간 전,18,잘 맞추지도 못하면서 올라간다고 뭘그리 확신하나....정말 한심하네.
yt_comment,삼프로TV,BIRb5vYYuZo,4시간 전,0,헐 이사님  차별화~~~~   고맙습니다
yt_comment,삼프로TV,BIRb5vYYuZo,17분 전,0,떨궜어요
yt_comment,삼프로TV,BIRb5vYYuZo,4시간 전,0,비정상이라는거네
yt_comment,삼프로TV,BIRb5vYYuZo,5시간 전,15,다시 다 쳐내리네요
yt_comment,삼프로TV,BIRb5vYYuZo,3시간 전,0,먼저 기자님 휴가갔어요?
yt_comment,삼프로TV,BIRb5vYYuZo,1시간 전,1,"대한민국만 반도체 만들면 호황이다 
하지만 다른 국가도 만들고 있다는 것
결국 경쟁이고 언젠간 거품이 빠지는 것이 반도체"
yt_comment,삼프로TV,BIRb5vYYuZo,1시간 전,0,예
yt_comment,삼프로TV,BIRb5vYYuZo,38분 전,0,멀 자꾸 맞출라고 노력하나요. 어케 맞춰 ㅋㅋ 😂
yt_comment,삼프로TV,BIRb5vYYuZo,3시간 전,0,alcls아마존 신고가라니
yt_comment,삼프로TV,BIRb5vYYuZo,4시간 전,6,오르는 날이 맞아요? ㅋㅋㅋㅋㅋㅋㅋㅋㅋㅋㅋㅋㅋㅋㅋㅋㅋ
yt_comment,삼프로TV,BIRb5vYYuZo,2시간 전,0,네이버카카오가 오르는 이유 : 호재나왔을때 시장이 빠졌음 그래서 지금 오르는것임 지금들어가면 100퍼 물림 이상~
yt_comment,삼프로TV,BIRb5vYYuZo,1시간 전,0,"에널리스트분들 참 힘들겠어요
뭐하나 맞는게 없네"
yt_comment,삼프로TV,BIRb5vYYuZo,1시간 전,0,코스닥이 훨씬 급등하는 데 여전히 삼전 하이닉스만 진단하는 주식 예능방속 삼프로
yt_comment,삼프로TV,BIRb5vYYuZo,2시간 전,0,한국은 믿을수 없는 시장이 됨. 이런 시장에 누가 투자할까? 한국인들도 미장으로 돌리는데. 쪽박깨는 정부정책이 원인.
yt_comment,삼프로TV,BIRb5vYYuZo,5시간 전,8,오늘 오른다고요???
yt_comment,삼프로TV,BIRb5vYYuZo,5시간 전,7,니들 바보야? 반도체 죽이고 AI 빅테크 살리기하잖아. 결국 실적이 제아무리 좋아도 삼전닉스 주가는 하락이야. 앞으로 목표주가 조사해서 틀리는 금융사에 강력한 페널티를 줘야한다
yt_comment,삼프로TV,BIRb5vYYuZo,34분 전,0,망했어요~
yt_comment,삼프로TV,BIRb5vYYuZo,2시간 전,0,감사합니다~* 🎉
yt_comment,삼프로TV,BIRb5vYYuZo,4시간 전,7,야! 임마 똑바로 방송해라
yt_comment,삼프로TV,rKt6k8GejzU,7시간 전,3,"🌄 3PRO 두근두근 오늘의 핫딜! 😍
💻 LG그램 11세대 테라급 최초, 87만원!
👉 https://web.rethinkmall.com/link/20287
🍳 대상 볶음요리 4+2팩 최초, 2만원대!
👉 https://web.rethinkmall.com/link/20290
========================
🚨 [투자자라면 놓치지 마세요!] 3PRO 도슨트 총출동!
투자 전문가들과 함께하는 2026 3PRO 테크 탐방
👉 https://bit.ly/3Rbnfec
========================
✨주식의 시대 제.대.로 배우자!✨삼프로 구독 서비스
🔥박병창&이선엽&김장열&이권희&장우진&박명석을 지금 만나보세요!
👉https://bit.ly/46OIrLB 
========================
[삼프로X리빙아트] 🍳르베토 초경량 유리 글라스 에어프라이어 3.5L
👉 https://smartstore.naver.com/livingart/products/11106990769
========================
[삼프로X슬립앤슬립] 🌜아이스넷(Ice-net) 냉감패드
👉 https://sleepnsleepmall.com/product/detail.html?product_no=491
========================
📊 자동으로 청약해주는 일육공
🎁 일육공 앱 설치와 청약하고 만원 받기
👉 https://i6o.onelink.me/eGH9/share?pid=youtube_organic&af_sub1=3protv
========================
📺프로그램 편성표
[06:00-07:20] 월스트리트 모닝브리핑 (월가 뉴스레터, 글로벌 인터뷰)
[07:20-08:40] 오늘아침 라이브 (뉴스3, 마켓 인사이드)
[08:40-10:00] 더블 밸류업 (개장방송)
[10:00-11:00] 아침N투자
[11:00-12:00] 크립토 PLUS
-----------------------------------
[15:20-16:30] 클로징벨 라이브 (마감방송)
[16:30-17:15] 여의도 인사이트
[17:15-18:00] 집중, 오늘의 주식
[18:00-19:50] 주린이 구조대
========================
🏫 전문가(연사) 섭외 및 기업교육 문의
👉 https://bit.ly/3EofRlH
========================
📢 광고없이 오디오 듣는 법
- 삼프로 앱을 설치하시면, 유튜브 프리미엄 없이도 유튜브를 오디오로 들으실 수 있습니다.
- 삼프로TV, 언더스탠딩, 지구본 연구소, 위즈덤 칼리지, 압권 등 모든 3PRO 채널의 방송을 쉽고 빠르게 찾을 수 있어요.
- 지금 바로 3PRO 앱 또는 웹을 만나보세요!
👉 https://3protv.page.link/S7cX
========================
🗂 방송 자료 다운로드 방법
👉 [방송] - [신의자료실]에 들어가시면 됩니다.
3PRO 웹사이트 : https://apps.3protv.com/original/pds 
3PRO 모바일 앱 : onelink.to/6gkezx
========================
🙋‍♂3PRO 고객센터
- (전화) 1877-4344
- (메일) edu.help@3protv.com
- (1:1 문의 게시판) https://apps.3protv.com/myqna/write
- 전화는 평일 10:00-17:00 (점심시간 12:00-13:00) 에 운영됩니다.
- 주말에는 3PRO 앱/웹에 1:1 문의를 남겨주시면 감사하겠습니다.
========================
💼 비즈니스 문의 채널 안내
- '삼프로TV' 광고/협업 및 영상 제작대행 문의 : (메일)ad@3protv.com (전화) 010-2090-6748  (설문) https://forms.gle/16UjV3bPBN3Yv7X4A
- 전문가(연사) 섭외 및 기업교육 문의 :  (메일) edu@3protv.com (전화) 02-2118-0704~0705 (웹사이트) https://bit.ly/3EofRlH
- 언더스탠딩 문의 : (메일) to.understanding.official@gmail.com
========================
📢 사칭 주의
- 삼프로TV의 구성원과 삼프로TV 출연자는 문자메시지/카카오톡/전화/텔레그램 등을 통해 절대 개인적인 투자권유 및 리딩방, SNS 가입을 권유하지 않습니다.
- 만일 이러한 연락을 받으셨다면 모두 사기이므로, 링크를 클릭하지 마시고 피해가 없도록 주의하시기 바랍니다.
========================
❤ 당부 말씀
- 삼프로TV는 시청자의 다양한 해석과 의견을 존중합니다. 또한, 콘텐츠에 대한 비판과 평가도 언제나 환영합니다.
- 하지만, 출연자에 대한 근거없는 비난, 욕설, 인신공격, 비하성 표현이 담긴 댓글은 안내없이 삭제될 수 있습니다. 
- 삼프로TV가 건강한 소통의 장이 될 수 있도록 도와주세요. 늘 감사합니다^^

#삼프로TV #삼프로 #3protv"
yt_comment,삼프로TV,rKt6k8GejzU,1시간 전,1,자세한 설명 감사합니다 ^^
yt_comment,삼프로TV,rKt6k8GejzU,2시간 전,0,좋은 의견 정보 감사합니다
yt_comment,삼프로TV,rKt6k8GejzU,5시간 전,4,바닥과 고점을 아시나봐요?
yt_comment,삼프로TV,rKt6k8GejzU,3시간 전,0,"마이크론이 떨어지면, 아마존, MS가 올라가고. 대체주식이 있는 미국"
yt_comment,삼프로TV,rKt6k8GejzU,35분 전,0,매모리는 아예 끝난듯
yt_comment,삼프로TV,rKt6k8GejzU,6시간 전,3,비메모리면 뭔데요?
yt_comment,삼프로TV,rKt6k8GejzU,4시간 전,0,삼전닉스 바닥은 일년전 주가입니다..대폭락시작이니 레버리지하다가는 개박사납니다
yt_comment,삼프로TV,rKt6k8GejzU,3시간 전,0,그넘에 메모리 끝난듯ㅋㅋ
yt_comment,삼프로TV,rKt6k8GejzU,2시간 전,1,크게보면 마이크론 뺀 나머지
yt_comment,삼프로TV,rKt6k8GejzU,4시간 전,0,비메모리는 cpu gpu 그런데 이런것 모르고 투자 하나요? 은행에 저축 하세요 투자하시면 잃을듯 하네요
yt_comment,삼프로TV,rKt6k8GejzU,2시간 전,0,메모리 제외한 반도체
yt_comment,삼프로TV,rKt6k8GejzU,6시간 전,7,영상을 제발 봐주면 안되겠니. 영상에서 종목까지 예시로 들어주는데.
yt_comment,삼프로TV,rKt6k8GejzU,2시간 전,0,"27년초까지는 한국주식 좋을 거라 기대합니다 
코스닥 가자너요,
AI도 그렇게 평가해요😊"
yt_comment,삼프로TV,jUhsBTSZLOc,7시간 전,3,"🌄 3PRO 두근두근 오늘의 핫딜! 😍
💻 LG그램 11세대 테라급 최초, 87만원!
👉 https://web.rethinkmall.com/link/20287
🍳 대상 볶음요리 4+2팩 최초, 2만원대!
👉 https://web.rethinkmall.com/link/20290
========================
🚨 [투자자라면 놓치지 마세요!] 3PRO 도슨트 총출동!
투자 전문가들과 함께하는 2026 3PRO 테크 탐방
👉 https://bit.ly/3Rbnfec
========================
✨주식의 시대 제.대.로 배우자!✨삼프로 구독 서비스
🔥박병창&이선엽&김장열&이권희&장우진&박명석을 지금 만나보세요!
👉https://bit.ly/46OIrLB 
========================
[삼프로X리빙아트] 🍳르베토 초경량 유리 글라스 에어프라이어 3.5L
👉 https://smartstore.naver.com/livingart/products/11106990769
========================
[삼프로X슬립앤슬립] 🌜아이스넷(Ice-net) 냉감패드
👉 https://sleepnsleepmall.com/product/detail.html?product_no=491
========================
📊 자동으로 청약해주는 일육공
🎁 일육공 앱 설치와 청약하고 만원 받기
👉 https://i6o.onelink.me/eGH9/share?pid=youtube_organic&af_sub1=3protv
========================
📺프로그램 편성표
[06:00-07:20] 월스트리트 모닝브리핑 (월가 뉴스레터, 글로벌 인터뷰)
[07:20-08:40] 오늘아침 라이브 (뉴스3, 마켓 인사이드)
[08:40-10:00] 더블 밸류업 (개장방송)
[10:00-11:00] 아침N투자
[11:00-12:00] 크립토 PLUS
-----------------------------------
[15:20-16:30] 클로징벨 라이브 (마감방송)
[16:30-17:15] 여의도 인사이트
[17:15-18:00] 집중, 오늘의 주식
[18:00-19:50] 주린이 구조대
========================
🏫 전문가(연사) 섭외 및 기업교육 문의
👉 https://bit.ly/3EofRlH
========================
📢 광고없이 오디오 듣는 법
- 삼프로 앱을 설치하시면, 유튜브 프리미엄 없이도 유튜브를 오디오로 들으실 수 있습니다.
- 삼프로TV, 언더스탠딩, 지구본 연구소, 위즈덤 칼리지, 압권 등 모든 3PRO 채널의 방송을 쉽고 빠르게 찾을 수 있어요.
- 지금 바로 3PRO 앱 또는 웹을 만나보세요!
👉 https://3protv.page.link/S7cX
========================
🗂 방송 자료 다운로드 방법
👉 [방송] - [신의자료실]에 들어가시면 됩니다.
3PRO 웹사이트 : https://apps.3protv.com/original/pds 
3PRO 모바일 앱 : onelink.to/6gkezx
========================
🙋‍♂3PRO 고객센터
- (전화) 1877-4344
- (메일) edu.help@3protv.com
- (1:1 문의 게시판) https://apps.3protv.com/myqna/write
- 전화는 평일 10:00-17:00 (점심시간 12:00-13:00) 에 운영됩니다.
- 주말에는 3PRO 앱/웹에 1:1 문의를 남겨주시면 감사하겠습니다.
========================
💼 비즈니스 문의 채널 안내
- '삼프로TV' 광고/협업 및 영상 제작대행 문의 : (메일)ad@3protv.com (전화) 010-2090-6748  (설문) https://forms.gle/16UjV3bPBN3Yv7X4A
- 전문가(연사) 섭외 및 기업교육 문의 :  (메일) edu@3protv.com (전화) 02-2118-0704~0705 (웹사이트) https://bit.ly/3EofRlH
- 언더스탠딩 문의 : (메일) to.understanding.official@gmail.com
========================
📢 사칭 주의
- 삼프로TV의 구성원과 삼프로TV 출연자는 문자메시지/카카오톡/전화/텔레그램 등을 통해 절대 개인적인 투자권유 및 리딩방, SNS 가입을 권유하지 않습니다.
- 만일 이러한 연락을 받으셨다면 모두 사기이므로, 링크를 클릭하지 마시고 피해가 없도록 주의하시기 바랍니다.
========================
❤ 당부 말씀
- 삼프로TV는 시청자의 다양한 해석과 의견을 존중합니다. 또한, 콘텐츠에 대한 비판과 평가도 언제나 환영합니다.
- 하지만, 출연자에 대한 근거없는 비난, 욕설, 인신공격, 비하성 표현이 담긴 댓글은 안내없이 삭제될 수 있습니다. 
- 삼프로TV가 건강한 소통의 장이 될 수 있도록 도와주세요. 늘 감사합니다^^

#팔란티어 #알파벳 #아마존 #샌디스크 #삼프로TV #삼프로 #3protv"
yt_comment,삼프로TV,jUhsBTSZLOc,6시간 전,4,41:22 박명석 선생님의 T 모먼트😂😂😂
yt_comment,삼프로TV,jUhsBTSZLOc,1시간 전,1,감사합니다 🎉
yt_comment,삼프로TV,jUhsBTSZLOc,7시간 전,2,부러운 미장
yt_comment,삼프로TV,jUhsBTSZLOc,1시간 전,0,써클인터넷그룹 재료소멸이야 내가투자할떼는 소외종목. ㅋㅋㅋ 익절후 개미대거탑승
yt_comment,삼프로TV,Mmre5PhOKj8,1시간 전,0,"✨주식의 시대 제.대.로 배우자!✨삼프로 구독 서비스
🔥박병창&이선엽&김장열&이권희&장우진&박명석을 지금 만나보세요!
👉https://bit.ly/46OIrLB 
========================
🌄 3PRO 두근두근 오늘의 핫딜! 😍
🥩 최현석 함박 10팩 최초, 3만원대!
👉 https://web.rethinkmall.com/link/20266
👕 폴로티 셋업 2+2 최초, 3만원대!
👉 https://web.rethinkmall.com/link/20268
========================
🚨 [투자자라면 놓치지 마세요!] 3PRO 도슨트 총출동!
투자 전문가들과 함께하는 2026 3PRO 테크 탐방
👉 https://bit.ly/3Rbnfec
========================
[삼프로X네이처샵] 레몬머틀 릴렉스 핫딜 세트 🎁티백5포증정
👉 https://upstanding.co.kr/surl/P/30
========================
[삼프로X슬립앤슬립] 🌜아이스넷(Ice-net) 냉감패드
👉 https://sleepnsleepmall.com/product/detail.html?product_no=491
========================
📊 자동으로 청약해주는 일육공
🎁 일육공 앱 설치와 청약하고 만원 받기
👉 https://i6o.onelink.me/eGH9/share?pid=youtube_organic&af_sub1=3protv
========================
📺프로그램 편성표
[06:00-07:20] 월스트리트 모닝브리핑 (월가 뉴스레터, 글로벌 인터뷰)
[07:20-08:40] 오늘아침 라이브 (뉴스3, 마켓 인사이드)
[08:40-10:00] 더블 밸류업 (개장방송)
[10:00-11:00] 아침N투자
[11:00-12:00] 크립토 PLUS
-----------------------------------
[15:20-16:30] 클로징벨 라이브 (마감방송)
[16:30-17:15] 여의도 인사이트
[17:15-18:00] 집중, 오늘의 주식
[18:00-19:50] 주린이 구조대
========================
🏫 전문가(연사) 섭외 및 기업교육 문의
👉 https://bit.ly/3EofRlH
========================
📢 광고없이 오디오 듣는 법
- 삼프로 앱을 설치하시면, 유튜브 프리미엄 없이도 유튜브를 오디오로 들으실 수 있습니다.
- 삼프로TV, 언더스탠딩, 지구본 연구소, 위즈덤 칼리지, 압권 등 모든 3PRO 채널의 방송을 쉽고 빠르게 찾을 수 있어요.
- 지금 바로 3PRO 앱 또는 웹을 만나보세요!
👉 https://3protv.page.link/S7cX
========================
🗂 방송 자료 다운로드 방법
👉 [방송] - [신의자료실]에 들어가시면 됩니다.
3PRO 웹사이트 : https://apps.3protv.com/original/pds 
3PRO 모바일 앱 : onelink.to/6gkezx
========================
🙋‍♂3PRO 고객센터
- (전화) 1877-4344
- (메일) edu.help@3protv.com
- (1:1 문의 게시판) https://apps.3protv.com/myqna/write
- 전화는 평일 10:00-17:00 (점심시간 12:00-13:00) 에 운영됩니다.
- 주말에는 3PRO 앱/웹에 1:1 문의를 남겨주시면 감사하겠습니다.
========================
💼 비즈니스 문의 채널 안내
- '삼프로TV' 광고/협업 및 영상 제작대행 문의 : (메일)ad@3protv.com (전화) 010-2090-6748  (설문) https://forms.gle/16UjV3bPBN3Yv7X4A
- 전문가(연사) 섭외 및 기업교육 문의 :  (메일) edu@3protv.com (전화) 02-2118-0704~0705 (웹사이트) https://bit.ly/3EofRlH
- 언더스탠딩 문의 : (메일) to.understanding.official@gmail.com
========================
📢 사칭 주의
- 삼프로TV의 구성원과 삼프로TV 출연자는 문자메시지/카카오톡/전화/텔레그램 등을 통해 절대 개인적인 투자권유 및 리딩방, SNS 가입을 권유하지 않습니다.
- 만일 이러한 연락을 받으셨다면 모두 사기이므로, 링크를 클릭하지 마시고 피해가 없도록 주의하시기 바랍니다.
========================
❤ 당부 말씀
- 삼프로TV는 시청자의 다양한 해석과 의견을 존중합니다. 또한, 콘텐츠에 대한 비판과 평가도 언제나 환영합니다.
- 하지만, 출연자에 대한 근거없는 비난, 욕설, 인신공격, 비하성 표현이 담긴 댓글은 안내없이 삭제될 수 있습니다. 
- 삼프로TV가 건강한 소통의 장이 될 수 있도록 도와주세요. 늘 감사합니다^^

#삼프로TV #삼프로 #3protv"
yt_comment,삼프로TV,Mmre5PhOKj8,16시간 전,2,내일도 하락이네요 ㅠㅠ 반도체 얼마나 빠질까 두렵다
yt_comment,삼프로TV,Mmre5PhOKj8,15시간 전,2,34:33 민준아... 한국이 베네수엘라는....오바다..
yt_comment,삼프로TV,Mmre5PhOKj8,9시간 전,1,자꾸 정부 편을 들지말고 국민 편을 들어라 ㆍ
yt_comment,삼프로TV,Mmre5PhOKj8,15시간 전,0,암만생각해도 잣댄거같다... 아~~~~무리생각해도 잣댄거같어... 나도 한강행인가...
yt_comment,삼프로TV,Mmre5PhOKj8,16시간 전,0,이분이나오신다고?ㅋㅌㅋㅋ
yt_comment,삼프로TV,Mmre5PhOKj8,15시간 전,1,"편하게 아니라 모르겠다 포기 한거지 ㅋㅋㅋ
그랜저 하나가 날라가 버린 조정장"
yt_comment,삼프로TV,Mmre5PhOKj8,15시간 전,3,저거 비꼬는거임ㅋㅋㅋ 저딴 주장하는 사람들이 실제로 있어서ㅋㅋㅋㅋ
yt_comment,삼프로TV,Mmre5PhOKj8,15시간 전,0,@yubinlee8845  앜ㅋㅋㅋ
yt_comment,삼프로TV,Pfu8rWMGwoQ,39분 전,0,"✨주식의 시대 제.대.로 배우자!✨삼프로 구독 서비스
🔥박병창&이선엽&김장열&이권희&장우진&박명석을 지금 만나보세요!
👉https://bit.ly/46OIrLB 
========================
🌄 3PRO 두근두근 오늘의 핫딜! 😍
🥩 최현석 함박 10팩 최초, 3만원대!
👉 https://web.rethinkmall.com/link/20266
👕 폴로티 셋업 2+2 최초, 3만원대!
👉 https://web.rethinkmall.com/link/20268
========================
🚨 [투자자라면 놓치지 마세요!] 3PRO 도슨트 총출동!
투자 전문가들과 함께하는 2026 3PRO 테크 탐방
👉 https://bit.ly/3Rbnfec
========================
[삼프로X네이처샵] 레몬머틀 릴렉스 핫딜 세트 🎁티백5포증정
👉 https://upstanding.co.kr/surl/P/30
========================
[삼프로X슬립앤슬립] 🌜아이스넷(Ice-net) 냉감패드
👉 https://sleepnsleepmall.com/product/detail.html?product_no=491
========================
📊 자동으로 청약해주는 일육공
🎁 일육공 앱 설치와 청약하고 만원 받기
👉 https://i6o.onelink.me/eGH9/share?pid=youtube_organic&af_sub1=3protv
========================
📺프로그램 편성표
[06:00-07:20] 월스트리트 모닝브리핑 (월가 뉴스레터, 글로벌 인터뷰)
[07:20-08:40] 오늘아침 라이브 (뉴스3, 마켓 인사이드)
[08:40-10:00] 더블 밸류업 (개장방송)
[10:00-11:00] 아침N투자
[11:00-12:00] 크립토 PLUS
-----------------------------------
[15:20-16:30] 클로징벨 라이브 (마감방송)
[16:30-17:15] 여의도 인사이트
[17:15-18:00] 집중, 오늘의 주식
[18:00-19:50] 주린이 구조대
========================
🏫 전문가(연사) 섭외 및 기업교육 문의
👉 https://bit.ly/3EofRlH
========================
📢 광고없이 오디오 듣는 법
- 삼프로 앱을 설치하시면, 유튜브 프리미엄 없이도 유튜브를 오디오로 들으실 수 있습니다.
- 삼프로TV, 언더스탠딩, 지구본 연구소, 위즈덤 칼리지, 압권 등 모든 3PRO 채널의 방송을 쉽고 빠르게 찾을 수 있어요.
- 지금 바로 3PRO 앱 또는 웹을 만나보세요!
👉 https://3protv.page.link/S7cX
========================
🗂️ 방송 자료 다운로드 방법
👉 [방송] - [신의자료실]에 들어가시면 됩니다.
3PRO 웹사이트 : https://apps.3protv.com/original/pds 
3PRO 모바일 앱 : onelink.to/6gkezx
========================
🙋‍♂️3PRO 고객센터
- (전화) 1877-4344
- (메일) edu.help@3protv.com
- (1:1 문의 게시판) https://apps.3protv.com/myqna/write
- 전화는 평일 10:00-17:00 (점심시간 12:00-13:00) 에 운영됩니다.
- 주말에는 3PRO 앱/웹에 1:1 문의를 남겨주시면 감사하겠습니다.
========================
💼 비즈니스 문의 채널 안내
- '삼프로TV' 광고/협업 및 영상 제작대행 문의 : (메일)ad@3protv.com (전화) 010-2090-6748  (설문) https://forms.gle/16UjV3bPBN3Yv7X4A
- 전문가(연사) 섭외 및 기업교육 문의 :  (메일) edu@3protv.com (전화) 02-2118-0704~0705 (웹사이트) https://bit.ly/3EofRlH
- 언더스탠딩 문의 : (메일) to.understanding.official@gmail.com
========================
📢 사칭 주의
- 삼프로TV의 구성원과 삼프로TV 출연자는 문자메시지/카카오톡/전화/텔레그램 등을 통해 절대 개인적인 투자권유 및 리딩방, SNS 가입을 권유하지 않습니다.
- 만일 이러한 연락을 받으셨다면 모두 사기이므로, 링크를 클릭하지 마시고 피해가 없도록 주의하시기 바랍니다.
========================
❤️ 당부 말씀
- 삼프로TV는 시청자의 다양한 해석과 의견을 존중합니다. 또한, 콘텐츠에 대한 비판과 평가도 언제나 환영합니다.
- 하지만, 출연자에 대한 근거없는 비난, 욕설, 인신공격, 비하성 표현이 담긴 댓글은 안내없이 삭제될 수 있습니다. 
- 삼프로TV가 건강한 소통의 장이 될 수 있도록 도와주세요. 늘 감사합니다^^

#삼프로TV #삼프로 #3protv"
yt_comment,삼프로TV,Pfu8rWMGwoQ,17시간 전,5,증권주 반토막 났어요😢
yt_comment,삼프로TV,Pfu8rWMGwoQ,17시간 전,4,냉철한  조언 늘 잘 듣고있습니다~!
yt_comment,삼프로TV,Pfu8rWMGwoQ,18시간 전,9,상 거지가 다됬다  ㆍ
yt_comment,삼프로TV,Pfu8rWMGwoQ,16시간 전,3,"다 물려있는데 현금이 있냐구요~
말이 좋지"
yt_comment,삼프로TV,Pfu8rWMGwoQ,16시간 전,2,"처음 방문했는데
진심인것 같네요"
yt_comment,삼프로TV,Pfu8rWMGwoQ,16시간 전,2,이분은 목소리도 좋고 그래도 믿음이감
yt_comment,삼프로TV,Pfu8rWMGwoQ,17시간 전,4,그렇게 털리고 또 전문가란 사람들 방송 보고있는 나도 참 한심하다. 어찌 살아야하나?
yt_comment,삼프로TV,Pfu8rWMGwoQ,17시간 전,3,40%이상 물렸으면 다 팔고 저점에서 다시 재매수 하는게 나을듯
yt_comment,삼프로TV,Pfu8rWMGwoQ,18시간 전,6,아무도 믿지마라 이런거 볼시간에 조은기업 찾고 공부하세요
yt_comment,삼프로TV,Pfu8rWMGwoQ,16시간 전(수정됨),2,"그래도 ai관련주를 사야된다
반도체 로봇 전력 조선 방산 이정도면 끝 .."
yt_comment,삼프로TV,Pfu8rWMGwoQ,16시간 전(수정됨),3,'반도체 잘 나갈때 다른거 봐야된다고 했다. 반도체 약세일때 반도체 봐야 된다고 했다. 나는 그랬다.' 이런말 좀 하지 맙시다. 지금도 어제도 몇년 전에도 이런말 하는 사람 한트럭은 됐고 삼류 주식 책에도 그정도는 다 나옵니다. 객장에서 초보 꼬실때나 하는 말을 시청자를 얼마나 알로봤으면 방송에서 뭘 그리 혼자 잘 한 것처럼 합니까.
yt_comment,삼프로TV,Pfu8rWMGwoQ,17시간 전,1,반대로
yt_comment,삼프로TV,Pfu8rWMGwoQ,16시간 전(수정됨),1,"이 미친도박판 시장의 근본적인 원인은 삼전닉스 레버리지출시로 코스피시장과 코스닥시장의 균형점이 깨졌기 때문이고, 유일한 해법은 정부가 하루속히 코스닥시장의 정상화로 균형점을 찿아줘야 합니다, 그래야 금융시장의 안정화를 찿을 수 있고, 개인투자자들의 해외투기적 이탈을 최소화해 피해를 줄이고 환율안정도 가능해집니다,"
yt_comment,삼프로TV,Pfu8rWMGwoQ,17시간 전,3,이쯤되면 삼프로폐지학야하는거 아님?
yt_comment,삼프로TV,Pfu8rWMGwoQ,17시간 전,3,이제와서요?
yt_comment,삼프로TV,Pfu8rWMGwoQ,17시간 전,8,이재규 차장님만큼 진실로 조언해주는 사람 많지 않다.
yt_comment,삼프로TV,Pfu8rWMGwoQ,17시간 전,0,끝나버린 반도체 ㅎㅎㅎㅎㅎㅎㅎㅎㅎㅎㅎ
yt_comment,삼프로TV,Pfu8rWMGwoQ,17시간 전,3,"또 약팔고 계시네
뭘 또 사요!"
yt_comment,삼프로TV,Pfu8rWMGwoQ,3시간 전,0,@토푸리아-t8t  이런생각 위험함.  회사 동료 이렇게 하다가 골로 갔음요. 귀신도 모름 주가는.
yt_comment,삼프로TV,Pfu8rWMGwoQ,16시간 전,0,말이안대는 소리. 브로커의 헛소리요
yt_comment,삼프로TV,Pfu8rWMGwoQ,18시간 전(수정됨),28,니들 삼프로 애널놈들때문에 이미 삼전 하닉에 몰빵 물린사람들은 어쩌라는거냐.?
yt_comment,삼프로TV,Pfu8rWMGwoQ,17시간 전,1,방송 시간 때우기
yt_comment,삼프로TV,Pfu8rWMGwoQ,18시간 전,24,이사람들 다 헛소리 지껄이는거로 점점 확인이되는 국장.
yt_comment,삼프로TV,Pfu8rWMGwoQ,18시간 전,0,그래도 차익 20프로 입니다.
yt_comment,삼프로TV,Pfu8rWMGwoQ,5시간 전,0,재규차장님이 저렇게 애원을 하는데 ㅋ ㅋ 귓등으로도 안들으면 답이없지... 반도체가 바이오랑 비중이 같아질때 이미 꺽었다고 본다
yt_comment,삼프로TV,Pfu8rWMGwoQ,17시간 전,0,몰빵이고 나발이고 이미 반도체만 남았다고 하면서 사람들 거의 반도체에 들어와 물렸을텐데 균형 잡을 돈이 있나 모르겠네.
yt_comment,삼프로TV,Pfu8rWMGwoQ,17시간 전,0,"기본을 잘 지키라는 말, 삼닉에 몰빵하지말고 여러 종목 분산해라. 삼닉 비중 좀 줄여라(상반기 같지 않다), 빚내서 하지마라"
yt_comment,삼프로TV,Pfu8rWMGwoQ,10시간 전,0,결국 반도체는 답이 없다는 얘기네
yt_comment,삼프로TV,Pfu8rWMGwoQ,5시간 전,0,"다 물려있는데 비중을 줄이라니요 ㅠㅠ
80% 반도체에 물려있네여"
yt_comment,삼프로TV,Pfu8rWMGwoQ,18시간 전,6,그래도 비교적 이 사람은 냉철한 편임
yt_comment,삼프로TV,Pfu8rWMGwoQ,8시간 전,0,"많은 전문가분들이 현금 비중을 늘리라고 하시던데요, 그 현금은 언제 어떻게 사용하는 건가요? 다들 늘리라고만 해서..."
yt_comment,삼프로TV,Pfu8rWMGwoQ,1시간 전,0,반도체못가고다른게가네 올한해내내이러려나
yt_comment,삼프로TV,Pfu8rWMGwoQ,17시간 전,0,여주사라면서요
yt_comment,삼프로TV,Pfu8rWMGwoQ,11시간 전,0,다르긴 뭐가달라
yt_comment,삼프로TV,Pfu8rWMGwoQ,14시간 전,0,여주사 밀사...이게 3프로에서 나온거 아닌가
yt_comment,삼프로TV,Pfu8rWMGwoQ,13시간 전,0,삼프로 하는 말은 결국 또 사라는 말 ㅋㅋ (믿으면 조짐)
yt_comment,삼프로TV,Pfu8rWMGwoQ,17시간 전,3,"오를때 더 담고 내릴때 덜면
그냥 개미아님??"
yt_comment,삼프로TV,Pfu8rWMGwoQ,17시간 전,0,"삼전 하이닉스 안오르면 생길일 하락 슈퍼사이클
코스피 지수 ETF대량매도
코스피 200지수 종목 하락
지수하락
코스피 지수 ETF매도
코스피 200지수 편입종목하락
지수하락
...
.
.
.
슈퍼사이클 완성 
반도체 쉬면 좋다?
다 게소리임
두종목안가면 다 못감"
yt_comment,삼프로TV,Pfu8rWMGwoQ,17시간 전(수정됨),8,할려면 윤센처럼 미리조심 하라하던가 지수8천에는 반도체 팔지말라면서 이제와서 다른거보라구여?
yt_comment,삼프로TV,Pfu8rWMGwoQ,18시간 전,2,죄다 앞으로 전망 안좋다 반도체 피해라  이럴 때 반도체 들어가야 됨.
yt_comment,삼프로TV,Pfu8rWMGwoQ,17시간 전,0,윤센이 ㄹㅇ 혜안이 ㅋㅋ
yt_comment,삼프로TV,Pfu8rWMGwoQ,15시간 전(수정됨),1,"이재규상무님의 진심이 담긴 열변을
많은 개미분들이 경청하여 뼈에 새기길 바랍니다
저도 큰 울림 받고 갑니다
제가 수익을 보고있으니 마음이 안정돼서 상무님 코멘트 경청하는거지 
수익도 안 나고 계좌 개 박살나있으면 누구 말인들 귀에 들어올까 싶습니다
많은 분들이 이재규상무님의 진심을 깊이 새기시길
댓글들 보니 확실히 다치고 아프신분들 진짜 많아요
이재규상무님의 진심이 담긴 열변이 이 분들에게 과연 통할 수 있을지

삼프로에서 빨리 이재규상무도 멤버쉽 출시하셔야합니다 이제 더 큰 물에서 노셔야합니다"
yt_comment,삼프로TV,Pfu8rWMGwoQ,16시간 전,0,뭔 맨날 시장 보고 말을 바꾸는지
yt_comment,삼프로TV,Pfu8rWMGwoQ,16시간 전,0,결국 반도체 떨어지몀 팔아라. 코스닥 오르면 사라… ㅋㅋㅋㅋ
yt_comment,삼프로TV,Pfu8rWMGwoQ,16시간 전,0,크 딴 주식을 사라고 ^ ^
yt_comment,삼프로TV,Pfu8rWMGwoQ,16시간 전,0,이제와서 무슨 물건은 괘변이야
yt_comment,삼프로TV,Pfu8rWMGwoQ,16시간 전,0,하나마나한 얘기를 진지하게 하네
yt_comment,삼프로TV,Pfu8rWMGwoQ,15시간 전,0,이사람 말바꾸기 시작
yt_comment,삼프로TV,Pfu8rWMGwoQ,15시간 전,0,지금 얘기하면 나도 삼프로 방송한다 ㅋㅋ
yt_comment,슈카월드,tT1Km_wKo_M,19시간 전,2.8천,어떻게 한 나라의 대표지수가 개잡주 차트...
yt_comment,슈카월드,tT1Km_wKo_M,17시간 전,1.1천,시바 내용이 너무 충격적이라 모자 현란한 것도 20분만에 알아차림.ㅋㅋㅋㅋㅋㅋㅋㅋㅋㅋ
yt_comment,슈카월드,tT1Km_wKo_M,19시간 전,2.2천,고도로 발달한 국장은 코인과 구별할 수 없다
yt_comment,슈카월드,tT1Km_wKo_M,17시간 전,683,"자살 사건 규제 보도는 진짜 역사 대대로 남을 병크다 ㅋㅋㅋㅋㅋㅋㅋㅋㅋㅋㅋㅋ   자살을 만든것도 나라,  숨기는 것도 나라:face-blue-smiling:"
yt_comment,슈카월드,tT1Km_wKo_M,19시간 전,1.3천,'저게 먼저 반등할것처럼 꼬리를 쳤다니까??'
yt_comment,슈카월드,tT1Km_wKo_M,18시간 전,52,"개미죽이는 살충장이다 진짜... 요즘 개미들 안거많고 독해졌다고 큰손세력들 더독한 약들고옴...
미친듯이 흔들림 하"
yt_comment,슈카월드,tT1Km_wKo_M,19시간 전,1.8천,제1 원칙: 국장은 하지 않는다.
yt_comment,슈카월드,tT1Km_wKo_M,18시간 전,426,전세계 사람들이 실시간으로 코리아주식으로 레버리지 하는바람에 카지노업계가 망하고 있다라는게 업계의 정설입니다.
yt_comment,슈카월드,tT1Km_wKo_M,19시간 전,196,제1원칙-절대국장을하지마라 제2원칙-제1원칙을준수하라
yt_comment,슈카월드,tT1Km_wKo_M,19시간 전,275,ㅋㅋㅋㅋ 월가에서 얼마나 좋았을까 저런 먹잇감이 잇다는게...세상을 지배하는건 월가여
yt_comment,슈카월드,tT1Km_wKo_M,18시간 전,332,코스피 6천대부터 조정 진하게 맞았으면 이렇게 개판은 안났을텐데... 조정없이 너무행복하게 9000까지간게 독약
yt_comment,슈카월드,tT1Km_wKo_M,14시간 전,16,분할 매수로 모든 갈고리에 낚였습니다.. 이제 인간 보단 물고기에 가까워진 기분..
yt_comment,슈카월드,tT1Km_wKo_M,18시간 전,302,개인이 문제라고하는 우리 용범씨
yt_comment,슈카월드,tT1Km_wKo_M,18시간 전,35,"답은 슨피랑 나스닥이다
제1원칙 절대 국장을 하지 마라"
yt_comment,슈카월드,tT1Km_wKo_M,19시간 전(수정됨),163,개미털기를 무슨 상하한가로 터니깐 안털릴수가 없다
yt_comment,슈카월드,tT1Km_wKo_M,17시간 전,35,"솔직히 알만한 사람 중에 국장 들어온 이유가 포모 때문인거지 
국장의 정상화라든가 코리아 디스카운트가 해결되었다던가 그런 걸 기대한 건 아니잖아~"
yt_comment,슈카월드,tT1Km_wKo_M,19시간 전(수정됨),817,김용범 구속기원 아들이 금융권 ㅋㅋ
yt_comment,슈카월드,tT1Km_wKo_M,16시간 전,18,병이 이래서 생기는구나..깨달았다. .험한 여름이였다
yt_comment,슈카월드,tT1Km_wKo_M,19시간 전,111,ISA도 개정한다는데 걍 서민들 다 갈아먹는구나
yt_comment,슈카월드,tT1Km_wKo_M,16시간 전,14,"형 진짜 7월 너무 힘들었아 ..ㅜㅜ 눈물나 ... ㅜㅜ 
진짜 지난 주 2연속 서킷 걸리는 거 보고 토할 뻔 했어..."
yt_comment,슈카월드,tT1Km_wKo_M,15시간 전,72,개잡주는 위로 쏘기라도 하지 저건 임상 실패해서 망한 주식차트임
yt_comment,슈카월드,tT1Km_wKo_M,13시간 전,10,"​ @donstop_fit  먄날 시체 처럼 누워있는 박스피 보다는, 사후 경직 마냥 발딱 거리는게 차라리 좋음"
yt_comment,슈카월드,tT1Km_wKo_M,17시간 전,62,코스피가 작전주 무빙이에요 말이 안되요 최근 흐름이
yt_comment,슈카월드,tT1Km_wKo_M,14시간 전,6,이제 국장 드러버서 안함.
yt_comment,슈카월드,tT1Km_wKo_M,18시간 전,58,용범이 대단하긴 혀
yt_comment,슈카월드,tT1Km_wKo_M,18시간 전,47,​ @용가리통뼈-m2u 금마는 그분의 스피커일뿐
yt_comment,슈카월드,tT1Km_wKo_M,16시간 전,8,​ @용가리통뼈-m2u 레버리지 때문이면 지금 개떡상해야지 왜떨어짐 ㅋㅋ
yt_comment,슈카월드,tT1Km_wKo_M,18시간 전,132,나라가 박살났다는 증거
yt_comment,슈카월드,tT1Km_wKo_M,17시간 전,60,@백구형-VoV​​⁠행복주택 입주를 축하드립니다. 입주 전 주소 회신 부탁드립니다. 😊
yt_comment,슈카월드,tT1Km_wKo_M,14시간 전,0,@백구형-VoV 얼마나 잃었을지 감도 안온다 ㅋㅋㅋㅋㅋㅋ
yt_comment,슈카월드,tT1Km_wKo_M,4시간 전,1,코인판은 일상인데 ㅋㅋㅋㅋ
yt_comment,슈카월드,tT1Km_wKo_M,1시간 전,0,@GoldBar-g2u-h8k그러니까 정상이 아니라는거지
yt_comment,슈카월드,tT1Km_wKo_M,15시간 전,0,레오폴드 아셴브레너의 AI 헤지펀드 몰락 사건 때문아닐까?
yt_comment,슈카월드,tT1Km_wKo_M,12시간 전,0,ㅋㅋㅋㄱㅋㅋㅋㅋㄱㅋㅋㅋ
yt_comment,슈카월드,tT1Km_wKo_M,18시간 전,39,그만큼 조선이 무근본 국가시라는 거지
yt_comment,슈카월드,tT1Km_wKo_M,15시간 전,7,이것이 K 주식인것을 몰랐을까.. 우리모두 공범이고 국민 주식이다.
yt_comment,슈카월드,tT1Km_wKo_M,18시간 전,6,수업료 냈다고 생각해라
yt_comment,슈카월드,tT1Km_wKo_M,18시간 전,21,프사 꾹 형들이 좋아하는 연예인 후방라이브터진거 있음 어린얘들은 누르지마 얼굴보고 깜짝 놀랬으면 개추는 필수
yt_comment,슈카월드,tT1Km_wKo_M,17시간 전,2,ㅋㅋ 미장 샌디 마이크론 보면 기절하겠네..
yt_comment,슈카월드,tT1Km_wKo_M,17시간 전,6,@까는맛  걔넨 오르긴 더오르고 덜내렸는데?
yt_comment,슈카월드,tT1Km_wKo_M,18시간 전,11,"래버리지,인버스는 이제 이유를 붙이면 안됨  이유붙이는건 더 피말리게 하는거임. 그냥 이번장은 주식가격이 전종목 엄청비싸서 조금 내렸다로 바꿔서 바라보면 하락이 정상적이게 됨  그만큼 외국인 큰손이 가격이라는 메리트로 유혹하는거임. 과거하고 다른 반도체발 거품임"
yt_comment,슈카월드,tT1Km_wKo_M,17시간 전(수정됨),1,"​​ @KAS-n6x1i  전종목이 비싸서?
????? 조금 내렸다???????"
yt_comment,슈카월드,tT1Km_wKo_M,12시간 전,0,"이게 무슨상관인지 자세하게 설명좀 해줘봐
무턱대고  까지말고"
yt_comment,슈카월드,tT1Km_wKo_M,9시간 전,3,"​ @크나우스 아직도 모른다고? 경제대공황수준의 악재여야 벌어질일들이 아무렇지도 않게 ""그냥"" 일어난다니까?
치안으로치면  화재 ㅁ약 ㅅ범죄 납치 이런범죄가 들끓는느낌이라고하면 이해가 되나요?"
yt_comment,슈카월드,tT1Km_wKo_M,5시간 전,0,미국은 안그럼?
yt_comment,슈카월드,tT1Km_wKo_M,16시간 전,8,그게 니라 탓이냐?니그들 탓이지.
yt_comment,슈카월드,tT1Km_wKo_M,8시간 전,7,​ @kong6942 오를 땐 나라 덕이라던데
yt_comment,슈카월드,tT1Km_wKo_M,18시간 전,3,이런 개쉬운 장에서 돈을 못 먹고 있다뇨...
yt_comment,슈카월드,tT1Km_wKo_M,18시간 전,60,@서로-사랑하자  ㅋㅋ 이런놈도 꺼드럭대는거 보니까 아직 바닥 한참남았노
yt_comment,슈카월드,tT1Km_wKo_M,18시간 전,9,@서로-사랑하자  자산 100억 됨?
yt_comment,슈카월드,tT1Km_wKo_M,18시간 전,2,​ @서로-사랑하자 숏숏롱숏숏롱롱롱숏장에서 어떻게 먹었나보네
yt_comment,슈카월드,tT1Km_wKo_M,18시간 전,2,@tjddlfma-n9n  쉴세없이 오르다 조정 좀만 됐는데 아직 한참 남았지
yt_comment,슈카월드,tT1Km_wKo_M,17시간 전,1,​ @tjddlfma-n9n 긁힌 사람 34명 개욱기네
yt_comment,슈카월드,tT1Km_wKo_M,17시간 전,2,​@성욱강-o2n성욱이 자산 얼만데
yt_comment,슈카월드,tT1Km_wKo_M,7시간 전,1,​ @임창규-v6w 그게 좀이냐? 9천에서 5천대 떨어지는게 한달도 안 걸린듯한데?
yt_comment,슈카월드,tT1Km_wKo_M,7시간 전,1,​ @tjddlfma-n9n 이런놈은 얼마나 위에서 물렸는자 감도 안옴 ㅋㅋ
yt_comment,슈카월드,tT1Km_wKo_M,7시간 전,0,"​@얏옹-q1x오를때도 한달이야 ㅋ
그리고 2400부터 오른건 왜 빼냐
추하다"
yt_comment,슈카월드,tT1Km_wKo_M,17시간 전,0,​ @UCJwqdp_y1tIDueidvDR4UKQ  네 저번주에도 131에 사서 170에 전량 매도함ㅋㅋㅋ 개꿀딱임ㅋㅋㅋㅋ
yt_comment,슈카월드,tT1Km_wKo_M,17시간 전,1,​ @서로-사랑하자 미래를 보시나요?
yt_comment,슈카월드,tT1Km_wKo_M,17시간 전(수정됨),0,​​ @dndhdu12  채널링으로 떨어지는 중인데 채널 상단에 닿으면 팔고 하단에 닿거나 가까울 때 사면 돈복사 오지게 되는데 멍청하게 가만히 냅두는 애들 보면 겁나 답답함. 참고로 오늘 미장은 개떡락 빅숏임ㅅㄱㅇ
yt_comment,슈카월드,tT1Km_wKo_M,17시간 전,2,​ @서로-사랑하자 네 그래요..화이팅
yt_comment,슈카월드,tT1Km_wKo_M,16시간 전,0,​ @dndhdu12 뒤늦게 들어온사람이 잘못인거임 트럼프 당선당시 테슬라400불일때 삼전닉스 샀으면 m7주식 산것보다 10배이상 돈 다 벌었음
yt_comment,슈카월드,tT1Km_wKo_M,7시간 전,1,​ @서로-사랑하자 미장 개떡상했는데ㅋㅋㅋㅋㅋ 한시간뒤도 못맞추면서 무슨ㅋㅋ 하이닉스한주 살돈은있나ㅋㅋ  개웃기네
yt_comment,슈카월드,tT1Km_wKo_M,7시간 전,0,​@아따마a 괜찮음ㅋㅋㅋ 그동안 많이 먹어놔서요ㅎㅎ
yt_comment,슈카월드,tT1Km_wKo_M,7시간 전,0,​@병든나무어떤 미친넘이?
yt_comment,슈카월드,tT1Km_wKo_M,6시간 전,2,​ @kong6942 ㅈㅁㅇ
yt_comment,슈카월드,tT1Km_wKo_M,17시간 전,2,"@오주환-t6u 마이크론은 비슷하고, 샌디스크는 뒤지게 올랐지만 고점대비 50%빠졌어요. 뒤지게 빠졌죠"
yt_comment,슈카월드,tT1Km_wKo_M,16시간 전,0,​ @오주환-t6u 미장도 전체적으로 다운분위기임 테슬라도 400불 안되고 엔비도 230불 회복도 못하자늠
yt_comment,슈카월드,tT1Km_wKo_M,17시간 전,6,@Topopoala44503 드럼?
yt_comment,슈카월드,tT1Km_wKo_M,16시간 전,8,​ @밥도둑둘리 🛢
yt_comment,슈카월드,tT1Km_wKo_M,14시간 전,0,​@Topopoala44503어둠이냐 ㄷㄷ
yt_comment,슈카월드,tT1Km_wKo_M,15시간 전,2,​예??  님계좌 박살이 아니고요?
yt_comment,슈카월드,tT1Km_wKo_M,14시간 전,1,@백구형-VoV  경상수지나 경제성장률은 아무 문제 없는디?
yt_comment,슈카월드,tT1Km_wKo_M,11시간 전,9,​ @taylorjeong6202  주가지수가 어쩌고하다가 그것마저 망하니 경상수지 타령 ㅋㅋ
yt_comment,슈카월드,tT1Km_wKo_M,5시간 전,1,@oioi-152ㅋㅋㅋㅋㅋㅋㅋㅋㅋㅋㅋㅋㅋㅋㅋㅋㅋㅋㅋ
yt_comment,슈카월드,tT1Km_wKo_M,17시간 전,18,​@백구형-VoV나라가 박살난건 코스피 2400일때지 6400일때겠냐 😂😂😂
yt_comment,슈카월드,tT1Km_wKo_M,16시간 전,34,@jackskim7452  코스피가 2400일때는 -33%씩 안빠졌는뎁쇼....
yt_comment,슈카월드,tT1Km_wKo_M,16시간 전,18,@jackskim7452  베네수엘라랑 터키도 지수 올랐는데 그게 나라가 좋아서 올라간거냐 화폐가치가 날라가서 올라간거지.
yt_comment,슈카월드,tT1Km_wKo_M,16시간 전,3,​ @jackskim7452  박스피라는 단어를 모르나?
yt_comment,슈카월드,tT1Km_wKo_M,16시간 전,13,@jackskim7452 진지하게 6400 개잡주 무빙해서 돈 번게 전부 한국인이라고 생각함?
yt_comment,슈카월드,tT1Km_wKo_M,15시간 전,9,​ @jackskim7452  중국인 댓글부대들은 왜 전부 미국이름 써요? 진짜 궁금해요😂
yt_comment,슈카월드,tT1Km_wKo_M,15시간 전,4,@jackskim7452  증권가에서 일하면 어느정도 파악 가능한데 우리나라 사람들 전체 이득 본 사람 50%도 안된다 ㅋㅋ 병슨아... 외인이 다 쳐먹고 간거야 ㅋㅋ
yt_comment,슈카월드,tT1Km_wKo_M,16시간 전,3,​ @pipipapa-i9r 인버스 레버리지 모름?
yt_comment,슈카월드,tT1Km_wKo_M,14시간 전,7,@pipipapa-i9r  지능 90????
yt_comment,슈카월드,tT1Km_wKo_M,2시간 전,0,@pipipapa-i9r 이게 그짝 평균지능
yt_comment,슈카월드,tT1Km_wKo_M,11시간 전,9,​ @123-x7n7i  도박판이 옳다고?
yt_comment,슈카월드,tT1Km_wKo_M,8시간 전,6,​@oioi-152 니들이 만든 도박판인데 ㅋㅋ 뭔 남탓함?
yt_comment,슈카월드,tT1Km_wKo_M,1시간 전,0,​ @123-x7n7i 국평5 수준 ㅋㅋ
yt_comment,슈카월드,tT1Km_wKo_M,16시간 전,67,ㅋㅋㅋㅋㅋㅋㅋㅋㅋㅋ 덧글보고 겨우 눈치챔 ㅋㅋㅋㅋㅋㅋ
yt_comment,슈카월드,tT1Km_wKo_M,16시간 전,19,이걸 눈치 못 챗네 ㅋㅋㅋㅋㅋ 아 ㅋㅋㅋ=
yt_comment,슈카월드,tT1Km_wKo_M,16시간 전,56,지금 모자가 중요해?
yt_comment,슈카월드,tT1Km_wKo_M,15시간 전,41,소주 세병 정도 먹고 영상보면 모자부터 보입니다. 현실을 잊었거든요.
yt_comment,슈카월드,tT1Km_wKo_M,16시간 전,9,ㅋㅋㅋㅋㅋㅋㅋㅋㅋㅋㅋ
yt_comment,슈카월드,tT1Km_wKo_M,14시간 전,9,ㅋㅋㅋㅋㅋㅋㅋㅋㅋㅋㅋ 다봣는데 이거 보고 알앗네
yt_comment,슈카월드,tT1Km_wKo_M,8시간 전,8,보라색맛 났어!!
yt_comment,슈카월드,tT1Km_wKo_M,2시간 전,7,충격적이고 무거운 얘기일수록 요란한 모자로 밸런스를 맞춤
yt_comment,슈카월드,tT1Km_wKo_M,8시간 전,6,그르네요ㅋㅋ 무슨 포켓몬 야도킹 같네
yt_comment,슈카월드,tT1Km_wKo_M,53분 전,0,@u @user-uj8fu4oz5v 룰루 모자 아입니까
yt_comment,슈카월드,tT1Km_wKo_M,15시간 전,1,ㅋㅋㅋㅋㅋㅋ ㄹㅇ
yt_comment,슈카월드,tT1Km_wKo_M,7시간 전,1,ㅁㅊ
yt_comment,슈카월드,tT1Km_wKo_M,5시간 전,0,나스닥 슨피 두배짜리만 해서 국장 차트를 올해 처음봄. 근데 보기만해도 막 심장이 두근거림. 국장 미쳤다 진짴ㅋㅋㅋㅋㅋㅋㅋㅋㅋㅋ
yt_comment,슈카월드,tT1Km_wKo_M,19시간 전,98,"요즘 코인이 더 무빙 없음 ㅋㅋㅋㅋ
비트 하루에 많아야 2~3%무빙"
yt_comment,슈카월드,tT1Km_wKo_M,19시간 전,24,내가 볼땐 비트코인/이더리움보다 더함…
yt_comment,슈카월드,tT1Km_wKo_M,19시간 전,21,코스피 = 도박
yt_comment,슈카월드,tT1Km_wKo_M,19시간 전,11,비트도 아니고 알트급 무빙이라는거임ㅋㅋ
yt_comment,슈카월드,tT1Km_wKo_M,18시간 전,5,요즘 코인은 돈 많이 빠져나가서 별로 안움직임...
yt_comment,슈카월드,tT1Km_wKo_M,19시간 전,4,주식=도박
yt_comment,슈카월드,tT1Km_wKo_M,19시간 전,4,실제로 코인 거래대금 반토막ㅋㅋ
yt_comment,슈카월드,tT1Km_wKo_M,18시간 전,4,비트코인저정도 아닙니다. 변동성이 코스피못따라갑니다
yt_comment,슈카월드,tT1Km_wKo_M,18시간 전,3,실제로 코스피 전체가 비트코인보다 변동성 큼 요즘
yt_comment,슈카월드,tT1Km_wKo_M,17시간 전,3,국장 탈출은 지능순
yt_comment,슈카월드,tT1Km_wKo_M,18시간 전,1,ㅋㅋㅋ
yt_comment,슈카월드,tT1Km_wKo_M,18시간 전,1,고도?? 발달??
yt_comment,슈카월드,tT1Km_wKo_M,18시간 전,1,"코인 1년전 1010 청산빔 이전에 김프가 기본 4~5는 기본일 정도로 국장급이었음
요즘엔 역프인거보니 그놈들 싸그리 국장으로 들어감"
yt_comment,슈카월드,tT1Km_wKo_M,17시간 전,1,유튜버들은 우리돈 벌어주지 않는다 저거들 일기장에 쓸꺼 자꾸  잡음만 만들어 심법에 방해만 될뿐ㅋㅋㅋ 주식은 세월을 깔아야 누가 편하게 쉽게 벌게 해주냐ㅋㅋ
yt_comment,슈카월드,tT1Km_wKo_M,14시간 전,1,진지하게 누가 총 겨누고 전재산 하닉 or 비트코인 사라하면 차라리 비트삼
yt_comment,슈카월드,tT1Km_wKo_M,19시간 전,62,"솔직히 말해. 돈 잃으니깐 레버리지 탓하는거잖아?

네"
yt_comment,슈카월드,tT1Km_wKo_M,19시간 전,17,"​ @Dohan06 코스닥투자자는 피해자이니
욕해도 됨"
yt_comment,슈카월드,tT1Km_wKo_M,18시간 전,0,광기의 증거네 하이먼 민스키 모델 따라갈듯
yt_comment,슈카월드,tT1Km_wKo_M,17시간 전,0,코인하라니까
yt_comment,슈카월드,tT1Km_wKo_M,16시간 전,0,발달 맞아 이거? ㅋㅋ
yt_comment,슈카월드,tT1Km_wKo_M,10시간 전,0,ㅋㅋㅋㅋㅋㅋㅋㅋㅋㅋㅋ😂
yt_comment,슈카월드,tT1Km_wKo_M,8시간 전,0,"애초에 비트코인 거래대금 최상위국가가 한국임 ㅋㅋㅋ 한국인 투자 성향 = 도박
참고로 테슬라 변동성이 가장 클 때도 한국인이 해외 국가 중 1위였고 레버리지 단타도 가장 많았음"
yt_comment,슈카월드,tT1Km_wKo_M,6시간 전,0,전성기로 따져도 코인보다 더함 ㅋㅋ
yt_comment,슈카월드,tT1Km_wKo_M,1시간 전,0,ㅋㅋㅋㅋㅋㅋㅋ 이럴때 쓰는말이였냐고
yt_comment,슈카월드,tT1Km_wKo_M,19시간 전,14,국장이 도박이 아니라 한국인이 투자하는 주식이 도박(…)
yt_comment,슈카월드,tT1Km_wKo_M,18시간 전,22,국장은 장소가 아니다.
yt_comment,슈카월드,tT1Km_wKo_M,18시간 전,8,"@shuri125  한국인이 거래하는 곳, 그곳이 국장이다."
yt_comment,슈카월드,tT1Km_wKo_M,18시간 전,0,"모든 투자는 본인 지능탓
돌맹이 들고 힘껏 내리쳐라"
yt_comment,슈카월드,tT1Km_wKo_M,16시간 전,0,"​ @vtr-l2d  잡주와 구분할수 없는데
우량주라 할수 있나요? 레이디두 아또물림"
yt_comment,슈카월드,tT1Km_wKo_M,16시간 전(수정됨),0,​​ @vtr-l2d 고로 테슬라는 국장이다
yt_comment,슈카월드,tT1Km_wKo_M,18시간 전,10,​ @전생유방 코스닥은ㅋㅋ 찢햄에게 정상화 당하셨잖아 한잔해~
yt_comment,슈카월드,tT1Km_wKo_M,18시간 전,0,​ @전생유방 그딴걸 투자할거면 본인 지능을...
yt_comment,슈카월드,tT1Km_wKo_M,17시간 전,2,@전생유방 거긴 원래 테마주 놀이터잖어
yt_comment,슈카월드,tT1Km_wKo_M,9시간 전,55,언론통제아님?
yt_comment,슈카월드,tT1Km_wKo_M,7시간 전,1,넌 이미 죽어있다 ㅋㅋㅋ
yt_comment,슈카월드,tT1Km_wKo_M,3시간 전,1,"코인하락때 자살사건 보도하니까 다들 따라서 죽어버림
가족동반살자부터... 애 죽이고 지도죽을려다 살아버리는 사건도 있었음"
yt_comment,슈카월드,tT1Km_wKo_M,14시간 전,30,팩트 : 이번에 논란인 자살예방보도준칙은 2024년 11월에 제정됐다
yt_comment,슈카월드,tT1Km_wKo_M,6시간 전,14,​ @DotRoll-bu7pz 근데 여태 뭐하다가 허겁지겁 함??
yt_comment,슈카월드,tT1Km_wKo_M,5시간 전,14,@DotRoll-bu7pz  팩트는 ㅈㄹ 그걸 이시기에 한다는게 중요한건데 ㅋㅋㅋ
yt_comment,슈카월드,tT1Km_wKo_M,14시간 전,16,베르테르 효과 때문에 오히려 자살율이 늘어날거에요.
yt_comment,슈카월드,tT1Km_wKo_M,8시간 전,0,​ @Uminam-j7m  구더기 무서워서 장 못담그는 격
yt_comment,슈카월드,tT1Km_wKo_M,13시간 전,14,@Uminam-j7m  근데 그건 유명인이 자살하거나 자살을 다른 작품이 센세이션을 일으켰을 때라 이번 사항과는 결이 좀 다르지.
yt_comment,슈카월드,tT1Km_wKo_M,14시간 전,15,"그 보도로 수많은 사람이 목숨을 잃는다. 다들 속앓이는 안 털어놓지만 요즘 주식 안하는 사람이 어디 있나. 네 가장 소중한 가족, 친구들일 수 있다. 그 목숨의 무게를 생각한다면 어찌 병크라며 가벼이 치부할 수 있겠는가"
yt_comment,슈카월드,tT1Km_wKo_M,4시간 전,0,"그건 세계 언론에서 합의로 막음 자살,우울증 같은 원인보도를 막음
도미노현상 때문에"
yt_comment,슈카월드,tT1Km_wKo_M,8시간 전,1,만들다니? 누가 국장에 투자하라고 국가에서 칼협 했냐?
yt_comment,슈카월드,tT1Km_wKo_M,13시간 전,25,@TaeTae_xoxo  오히려 주변에 자살을 고민하는 사람이 많구나 라고 심각성을 깨달아야지 그냥 숨기려고 급급하는건 해결책이 아니다. 원인을 어떻게 해결할까 생각해야지 소위 일본에서 '냄새가 나는 것은 덮어두고 열지 말아야 한다'는 식으로 쉬쉬하는 식으로 가는거랑 똑같은거야. 결국 오늘도 내일도 똑같은 상황이 벌어지겠지.
yt_comment,슈카월드,tT1Km_wKo_M,12시간 전(수정됨),11,"​​ @TaeTae_xoxo  상대가 말을 하면 그 맥락을 읽고 이해해야지..엉뚱한 의도하지도 않았던걸로 꼬투리잡고,  도덕적 우월감 느끼고..역겨움 정말;;
일상에서도 그런성격 드러내면 딱 왕따당하기 좋은 스타일.."
yt_comment,슈카월드,tT1Km_wKo_M,10시간 전,4,@watermellon3  맥락을 읽고 이해는 한 거 같은데? 그럼에도 불구하고 그렇게밖에 할 수 없었던 이유를 대변하는거잖아.
yt_comment,슈카월드,tT1Km_wKo_M,8시간 전,3,@watermellon3  댓글에 내용은 없고 혐오와 증오밖에 담겨있지 않네
yt_comment,슈카월드,tT1Km_wKo_M,42분 전,0,​ @watermellon3  생각이 다른거지 맥락은 정확함.
yt_comment,슈카월드,tT1Km_wKo_M,8시간 전,0,​ @TaeTae_xoxo 주식하라고 누가 칼협함?
yt_comment,슈카월드,tT1Km_wKo_M,13시간 전,7,군중효과가 안좋게도 일어나 잖아
yt_comment,슈카월드,tT1Km_wKo_M,6시간 전,1,​ @yjj2826  이번 보도 규제도 유명인 관련인걸로 알고 있는데?
yt_comment,슈카월드,tT1Km_wKo_M,6시간 전,0,​ @stk7251  몰라  일단 째맹이는 아님
yt_comment,슈카월드,tT1Km_wKo_M,4시간 전(수정됨),1,"​​ @stk7251  팩트 : 4.0이 2024년에 새로 제정된거고 당연히 지금까지 3.0이 시행되고 있었다. 

여태까지 뭐하다가 지금하냐 운운하는건 자긴 뭔지도 모르고 검색도 안해봤다고 자랑하는건가?"
yt_comment,슈카월드,tT1Km_wKo_M,18시간 전,49,ㄴㄴ 개미들의 눈물이 증거임
yt_comment,슈카월드,tT1Km_wKo_M,19시간 전,22,미워 ㅠㅠ
yt_comment,슈카월드,tT1Km_wKo_M,17시간 전,12,퍈사님 이렇게 된겁니다.
yt_comment,슈카월드,tT1Km_wKo_M,14시간 전,4,근데 밑꼬리 달리면 못참긴해 ㅋㅋㅋ
yt_comment,슈카월드,tT1Km_wKo_M,18시간 전,1,???
yt_comment,슈카월드,tT1Km_wKo_M,6시간 전,1,"솔직히 언젠가 떨어질줄 알앗는데
너무 한순간에 떨어졋지"
yt_comment,슈카월드,tT1Km_wKo_M,15시간 전,0,참았어야지..
yt_comment,슈카월드,tT1Km_wKo_M,15시간 전,0,ㄱㄱ범이 되어버린 한국인들..
yt_comment,슈카월드,tT1Km_wKo_M,11시간 전,2,"실질적으로 중국 식민지인 2026년 대한민국에서,  5천만명 국민 그 누구도 절대로 말을 하면 안되는 진실 : 이번 한국 주식 대폭락의 진짜 원인은 중국."
yt_comment,슈카월드,tT1Km_wKo_M,4시간 전,0,@trajectory-g7c  심정은 이해하지만 현생을 사세요. ㅋㅋㅋ
yt_comment,슈카월드,tT1Km_wKo_M,34분 전,0,그동안은 기초교육이였고 이제 응용교육임 ㅋㅋㅋㅋㅋㅋㅋㅋㅋ 이대로가단 심화교육까시 금방임
yt_comment,슈카월드,tT1Km_wKo_M,19시간 전,134,죄송합니다죄송합니다죄송합니다
yt_comment,슈카월드,tT1Km_wKo_M,19시간 전,348,제2원칙: 1원칙을 절대 잊지 않는다
yt_comment,슈카월드,tT1Km_wKo_M,17시간 전,22,@Ihpoeyoiten  진짜 쌉 명언임 ㅋㅋㅋ
yt_comment,슈카월드,tT1Km_wKo_M,19시간 전,149,"""국장은 장소가 아니다. 한국인이 있는 곳이 곧 국장이다."""
yt_comment,슈카월드,tT1Km_wKo_M,7시간 전,0,@halmaize-oz5to 미장 ㅋㅋㅋㅋㅋㅋㅋ
yt_comment,슈카월드,tT1Km_wKo_M,17시간 전(수정됨),25,제3원칙: etf는 미장 지수추종만 산다
yt_comment,슈카월드,tT1Km_wKo_M,16시간 전,11,"​ @m-cresol 두에빌, 에코프로, 현대차 등등 코스피, 코스닥 종목 안가리고 그냥 소문난 것들 조금씩 들어갔는데, 지금 +10% 이상인건 S&P500, 나스닥 100..."
yt_comment,슈카월드,tT1Km_wKo_M,19시간 전,93,"제3원칙 : ""한국인들을 피해라. 한국인이 있는 곳이 국장이다."""
yt_comment,슈카월드,tT1Km_wKo_M,17시간 전,17,월가 입장에선 거의 뭐 탈북자한테 사기치는거마냥 쉬운 먹잇감이었을듯 20년 전에나 먹히던 사기가 간만에 먹히면 얼마나 짜릿할까
yt_comment,슈카월드,tT1Km_wKo_M,19시간 전,13,카지노랑 다를 바가 없어서 잃는 사람 돈이 버는 사람 지갑으로 들어가는 거나 마찬가지입니다. 정말로 예리한 감각과 흔들리지 않는 원칙이 있으면 돈 벌기 괜찮은 곳이지만 95%가 소수의 지갑을 채워 주는 거나 마찬가지라고 생각해야 합니다.
yt_comment,슈카월드,tT1Km_wKo_M,17시간 전,7,"이거 진짜다...
올해 반도체 오른거 참다참다 안 돼서 미장 익절하고 들어갔다가 이익금 전부 잃고 다시 미장왔다.
삼전 닉스 포모 오면 마이크론을 사라.
반도체 지수가 떨어지더라도 마크롱이 덜 떨어진다.
국장은 하지 않는다라는 제1원칙과 2원칙을 항상 준수해라...."
yt_comment,슈카월드,tT1Km_wKo_M,18시간 전,3,국장 주가 조작해도 그들은 별 타격 없는 개잡주 모음
yt_comment,슈카월드,tT1Km_wKo_M,14시간 전,3,국장이 문제가 아니라 니들이 문제란 생각은 안해봤냐
yt_comment,슈카월드,tT1Km_wKo_M,4시간 전,0,​ @iliilliiiliil8385 장애새긴가 ㅋㅋㅋ 코스피 나스닥 변동성 비교가안됨?
yt_comment,슈카월드,tT1Km_wKo_M,14시간 전,0,​ @iliilliiiliil8385  이건또 뭔 개소리지 ㅋㅋ
yt_comment,슈카월드,tT1Km_wKo_M,15시간 전,2,2원칙을 잊었어요ㅜㅜ
yt_comment,슈카월드,tT1Km_wKo_M,7시간 전,1,노노.. 국장 = 미국 반도체장 -> 미장도 반도체 산 사람들은 똑같은거 겪는중. 왜냐면 내가 미장만 하는데 롤러코스터 타고 토하는중이거든요... 살려죠요~~~~~~~~~~
yt_comment,슈카월드,tT1Km_wKo_M,7시간 전,1,미장에 물려서 뒤지던 애들이 코스피 보고 배아파서 떨어져라 떨어져라 기도하더니 진짜 작살남 ㅋㅋ
yt_comment,슈카월드,tT1Km_wKo_M,16시간 전,0,이렇게 말하고 안해야 돈벌지 ㅋㅋ
yt_comment,슈카월드,tT1Km_wKo_M,13시간 전,0,살려줘~~
yt_comment,슈카월드,tT1Km_wKo_M,13시간 전,0,"주식 시작하면서 국장은 쳐다도 안봤다
앞으로도 안 볼 예정"
yt_comment,슈카월드,tT1Km_wKo_M,8시간 전,0,제4원칙:개잡주와 단타를 하지 않는다
yt_comment,슈카월드,tT1Km_wKo_M,6시간 전,0,굿
yt_comment,슈카월드,tT1Km_wKo_M,6시간 전,0,제일뤈치이이이익 ㅋㅋㅋ
yt_comment,슈카월드,tT1Km_wKo_M,18시간 전,23,"제 1원칙 외치는 무세들 특
남달 국장으로 다 벌때 혼자 포모와서 개같이물리고손실
---->다시 1원칙 무새가됨"
yt_comment,슈카월드,tT1Km_wKo_M,18시간 전,7,​@from_from_0쳐다도안보고슨피만 7년째 샀는데 2배 먹었는데 신경 하나도 안쓰고
yt_comment,슈카월드,tT1Km_wKo_M,19시간 전,20,국장이 문제같지?ㅋㅋㅋ
yt_comment,슈카월드,tT1Km_wKo_M,18시간 전,16,@lunanim 확실한건 10년단위 장기투자 하기에 코스피는 적절하지 않네요
yt_comment,슈카월드,tT1Km_wKo_M,18시간 전,7,​ @lunanim 아무래도😅
yt_comment,슈카월드,tT1Km_wKo_M,18시간 전,2,이제 슬슬 매집 시작시간 이구나
yt_comment,슈카월드,tT1Km_wKo_M,17시간 전,2,적어도 아직까지는 국장에서 돈 벌고  있는 중임.
yt_comment,슈카월드,5Rhtr2hJ0us,2주 전,1.9천,"걸려도 남는장사, 안걸리면 더 많이 남는 장사
담합 대체 왜안함??"
yt_comment,슈카월드,5Rhtr2hJ0us,2주 전,960,담합하는 게 이득인 담합민국
yt_comment,슈카월드,5Rhtr2hJ0us,2주 전,311,"담합이익보다 벌금이 약하니, 사실상 벌금이 아닌 세금수준.. 소득이 확실하니 세금같은 벌금이 무서울리가.. 범죄자는 벌금도 천문학적으로 나오고 실형도 때리고, 사주도 실형가능해야 안하지 에휴"
yt_comment,슈카월드,5Rhtr2hJ0us,2주 전,513,난 오히려 담합이 아니라고 했으면 더 놀랐을 듯
yt_comment,슈카월드,5Rhtr2hJ0us,2주 전,383,담합 안하면 바보인 대한민국
yt_comment,슈카월드,5Rhtr2hJ0us,2주 전,601,"매출액의20%? ??
20배로 해봐라 누가 담합하겠냐"
yt_comment,슈카월드,5Rhtr2hJ0us,2주 전,810,"곧 슈카형 또 구설수 오르겠내

'바른말을 한 죄'"
yt_comment,슈카월드,5Rhtr2hJ0us,2주 전,123,"주유소 휘발유가 오를때.. 블라인드에 정유사 기름집애들 죄다 ""이거은 다 이유가 있는것이여~~ 절대 폭리나 담합이 아니다. 국제 가격에 따라 올렸을뿐""하고 피의 쉴드 치는거 보고 진짜 개극혐이었음"
yt_comment,슈카월드,5Rhtr2hJ0us,2주 전,45,한국도 20% 말고 피해액에 3배 저런식으로 해야지...지금은 담합해도  안걸리면 장땡이고 걸려도 조금 들버는 정도니까 자꾸 하지
yt_comment,슈카월드,5Rhtr2hJ0us,2주 전,40,정유사 손실 운운하던 경제관련 유투버들도 반성해야된다
yt_comment,슈카월드,5Rhtr2hJ0us,2주 전,141,개 웃겼던게 커뮤니티에 기름값 얘기만 뜨면 기름집 직원들인지 뭔지 득달같이 달려들어서 반박하고 기름값이 왜 올랐는지 열변을 토 하던데 ㅋㅋㅋ 결국 담합이었네?
yt_comment,슈카월드,5Rhtr2hJ0us,2주 전(수정됨),19,벌금을 지금보다 1000배는 더 물어야됨
yt_comment,슈카월드,5Rhtr2hJ0us,2주 전(수정됨),12,"담합을 하면 징벌적 손해배상을 매기고, 만약 배상금 안내고 배째면 강제로 대출을 받게해서 골수까지 빼먹어야함."
yt_comment,슈카월드,5Rhtr2hJ0us,2주 전,37,담합에 무엇보다 진심인 유튜버..
yt_comment,슈카월드,5Rhtr2hJ0us,2주 전,6,법 무서운건 몰라도 돈 무서운건 아주 잘알기때문에 법을 빨리 바꿔서 돈으로 조져야지 !!
yt_comment,슈카월드,5Rhtr2hJ0us,2주 전,211,그냥 담합으로 발생한 매출 10배 토해내게 하면 안되나
yt_comment,슈카월드,5Rhtr2hJ0us,2주 전,7,"담합은  국가는 세금걷어 좋고,기업은 초과이득나산 좋고

결국 피해는 소비자만 보는 구조가 아닌가 싶다.
담합 장려 하는건지도."
yt_comment,슈카월드,5Rhtr2hJ0us,2주 전,3,감사합니다.
yt_comment,슈카월드,5Rhtr2hJ0us,2주 전,3,일해라 국회!! 이상한 법 만들지 말고.
yt_comment,슈카월드,5Rhtr2hJ0us,2주 전,7,결국 국민만 피해 보는 구조임. 과증금을 200%해야 꿈도 못꾸지.
yt_comment,슈카월드,5Rhtr2hJ0us,2주 전,41,그래서 해버리기~~
yt_comment,슈카월드,5Rhtr2hJ0us,2주 전,24,정유사 애네들은 불황도 없음. 반도체 성과급 가지고 온갖 욕 했겠지만 애네들은 진짜 언론에서도 안 다뤄주는 만큼 그냥 조용히 성과급도 빵빵하게 챙겨감. 그러니 파업을 안하지. 여수 산단에서 일하는 사람은 알거야. GS칼텍스가 아주 옛날에 딱 1번 파업했다 그럤음. 답함해서 영업이익 챙기고 국제 유가 오르면 비싸게 팔면 되고 내려가면 재고 쌓아났다가 조금씩 풀면 되거든
yt_comment,슈카월드,5Rhtr2hJ0us,2주 전,7,​ @caffelatte3058 정유사는 파업을 안하는게 아니라 국가산업이라 사실상 못한다고 봐야지 줫도 말 같지도 않은 지식으로 개소리 좀 그만해라
yt_comment,슈카월드,5Rhtr2hJ0us,2주 전(수정됨),86,"여러회사가 성장하면서 가격경쟁 해야하는데
우리나라처럼 모든 업종에서 대기업이 독식하는 자리라 아무리 지나도 안없어질듯
근데 국민들 대기업 살리라고 난리치니까 절대 안바뀜"
yt_comment,슈카월드,5Rhtr2hJ0us,2주 전,42,​ @대한민국-j7n7m  ???: 대기업 쫓아내고 중국 기업들 들여올려는 수작이다~ 사서 애국하자~
yt_comment,슈카월드,5Rhtr2hJ0us,2주 전,28,​ @대한민국-j7n7m 그런거치곤 대기업이 제공하는 일자리 비중은 바닥중의 바닥인 나라
yt_comment,슈카월드,5Rhtr2hJ0us,2주 전,62,@대한민국-j7n7m  잡으려하면 이러니까 기업이 다 해외로나가지! 기업이 잘돼야 나라가 잘되는데 아이고 나라망했다 이럼 ㄷㄷ
yt_comment,슈카월드,5Rhtr2hJ0us,2주 전(수정됨),5,"왜 안함이라니? 
관행으로 많이 해오셨잖아~"
yt_comment,슈카월드,5Rhtr2hJ0us,2주 전,9,@ledboos5777  그래서 이번에도 했잖아 한잔 해
yt_comment,슈카월드,5Rhtr2hJ0us,2주 전,1,나 같아도 무조건 함
yt_comment,슈카월드,5Rhtr2hJ0us,2주 전,1,출산은 죄악 세상은 지옥 명심 또 명심
yt_comment,슈카월드,5Rhtr2hJ0us,2주 전,0,근데 세금은 걸려도 더많이 남는데
yt_comment,슈카월드,5Rhtr2hJ0us,2주 전,0,걸리면 1명이 2년 쉬다가 오기😂
yt_comment,슈카월드,5Rhtr2hJ0us,2주 전,0,응 그래서 항상 하고있어 ㅋㅋㅋㅋㅋ
yt_comment,슈카월드,5Rhtr2hJ0us,2주 전,0,그래서 하고있음 ㅋㅋ
yt_comment,슈카월드,5Rhtr2hJ0us,2주 전,0,심지어 월급도 담합이라는거임 ㅋㅋ 물가올리는거 담합하면서 월급은 최대한 안올리는부분
yt_comment,슈카월드,5Rhtr2hJ0us,2주 전,0,물가 올린 주범들임 ㅋㅋㅋㅋㅋㅋㅋㅋㅋㅋ 최저시급 이아니라 이게 물가 주범임 ㅋㅋㅋㅋㅋㅋㅋㅋ
yt_comment,슈카월드,5Rhtr2hJ0us,2주 전,0,기업하기 함든나라 ㅋㅋㅋ
yt_comment,슈카월드,5Rhtr2hJ0us,2주 전,0,재벌 찬양 애국보수들 어디감 ㅋㅋ. 니들 돈 털어먹어서 부자되는 재벌 기득권들한테 착취당하는게 좋으면 니들만 당해. 불법파견 안하는 대기업이 어디있냐 ㅋㅋㅋㅋ
yt_comment,슈카월드,5Rhtr2hJ0us,2주 전,14,"갈라파고스라 그래여
Bp같은 대형 정유사가 들어와야하는데 나라에서 막는건 둘째치고 뭐만 할려고 하면 일자리 다 뺏는다고 시위하니까 맨날 이꼴나는거임"
yt_comment,슈카월드,5Rhtr2hJ0us,2주 전,0,@까네-c3h 아니예요 진짜 돈이 안돼서 안들어와요 저도 해외 정유사 들어오면 좋겠는데 국내 휘발유가격이 생각보다 낮아서(세금 제외) 유통비 인건비 등 더하면 적자예요 정제 시설을 국내에 지어야 영업이익 1%라도 가져갑니다
yt_comment,슈카월드,5Rhtr2hJ0us,2주 전,0,그래서 담합했는데 왜 욕하지 참 꼬우면 니들도 하던가
yt_comment,슈카월드,5Rhtr2hJ0us,2주 전,0,그게 이득이라고 생각하시면 정유회사 주식 사시면 됩니다 그 이득을 나도 받을 수 있습니다
yt_comment,슈카월드,5Rhtr2hJ0us,2주 전,0,너도해라
yt_comment,슈카월드,5Rhtr2hJ0us,2주 전,3,​ @밤이길더니 ㅋㅋㅋㅋ
yt_comment,슈카월드,5Rhtr2hJ0us,2주 전,2,@밤이길더니  묘하네 ㅋㅋㅋㅋ
yt_comment,슈카월드,5Rhtr2hJ0us,2주 전,38,@대한민국-j7n7m  본인은 보조금받으면서 살거나 백수여도 마음만은 대기업재벌들임 ㅋㅋㅋ
yt_comment,슈카월드,5Rhtr2hJ0us,2주 전,6,​ @seongwanhong1582 강자편에 붙어야 마음의 위안이라도 되지
yt_comment,슈카월드,5Rhtr2hJ0us,2주 전,4,​ @대한민국-j7n7m  막상 그 대기업 아니면 ㅈ도 아니긴 함 구조가 그럼 ㅇㅇ;;
yt_comment,슈카월드,5Rhtr2hJ0us,2주 전,19,​ @HoMr.-zf3cb 국가산업??ㅋㅋㅋㅋㅋ정유사가 사기업이지 공기업이었나?? 아니면 뭐 현직임? 매년 노사 임금협상 다 하고 결과 다 공유되는 마당에 헛소리는 니가 쳐  하고 있노ㅋㅋ
yt_comment,슈카월드,5Rhtr2hJ0us,2주 전(수정됨),5,​​ @caffelatte3058  국가 전략시설이라 예비군도 따로받거나 안받거나 그러더라 그리고 2005년 모 정유 노조 개처발린 뒤로 그냥 아닥하고있음
yt_comment,슈카월드,5Rhtr2hJ0us,2주 전,18,누가 대한민국이 기업하기 어렵다고 하는가
yt_comment,슈카월드,5Rhtr2hJ0us,2주 전(수정됨),15,사기/횡령/배임도...
yt_comment,슈카월드,5Rhtr2hJ0us,2주 전,3,대마불사는 영원하다
yt_comment,슈카월드,5Rhtr2hJ0us,2주 전,3,국명바꾸자
yt_comment,슈카월드,5Rhtr2hJ0us,2주 전,0,담합으로 나온 수익도 세금으로 나오니까 국가 입장에서는 노 상관이니까 ㅋㅋㅋㅋ
yt_comment,슈카월드,5Rhtr2hJ0us,2주 전,0,세금도 아님 거의 수수료수준임
yt_comment,슈카월드,5Rhtr2hJ0us,2주 전,11,국가도 담합하면 가격 비싸니 세금 더 많이 걷고 담합걸려도 세금 걷으니 ㄹㅇ 창조경제네
yt_comment,슈카월드,5Rhtr2hJ0us,2주 전,15,ㄹㅇ 당연히 담합한줄알고 있었는데 이제서야 알았음 이거?
yt_comment,슈카월드,5Rhtr2hJ0us,2주 전,4,국민들 달래줄려고 ㅋㅋ 저렇게 발표해도 정유사 눈하나 깜빡 안함ㅋ
yt_comment,슈카월드,5Rhtr2hJ0us,2주 전,0,ㅋㅋㅋㅋㄱㅋㅋㅋㄱㅋㅋㅋ
yt_comment,슈카월드,5Rhtr2hJ0us,2주 전,0,ㅋㅋㅋㅋㅋㅋㅋㅋㅋㅋㅋㅋㅋ
yt_comment,슈카월드,5Rhtr2hJ0us,2주 전,23,회장을 징역때려야 안하지~  금액이 높을수록 형량이 높게
yt_comment,슈카월드,5Rhtr2hJ0us,2주 전,2,담합으로 낸 수익 몰수에서 그치면 안걸리면 장땡 걸리면 쩔수지 뭐.. 법 개정해서 징벌적 배상 들어가야함
yt_comment,슈카월드,5Rhtr2hJ0us,2주 전,1,애초에 법이 그러면 안할꺼아님?
yt_comment,슈카월드,5Rhtr2hJ0us,2주 전,15,"삼성전자 2025년 매출 대비 영업이익이 13.8프로 정도 되는데, 20프로면 담합해서 번 돈(담합안했어도 어느 정도 벌었을 돈) 싹 다 몰수하겠다는 취지임. 단, 담합기간을 입증하기 쉽지 않아 10년짜리 담합도 2-3년치 자료만 있으면 3년치밖에 못 가져감"
yt_comment,슈카월드,5Rhtr2hJ0us,2주 전,0,​ @안현빈-j1t 일단 얼마나 부당하게 매출을 올린건지 조사가 필요할듯?
yt_comment,슈카월드,5Rhtr2hJ0us,2주 전,0,3배를 하는 미국에서도 단합하는데. 증거없다고 넘어가는 꼬라지 봐라 ㅋㅋ. 애국보수 트럼프 답게 친기업 정책으로 불법행위 눈감아주네
yt_comment,슈카월드,5Rhtr2hJ0us,2주 전,26,20프로?이정도면 국가도 담합에 참여한거지.ㅋㅋㅋ
yt_comment,슈카월드,5Rhtr2hJ0us,2주 전,28,"이익이 아니라 매출의 20프로면 존나크긴해
이익에 비례하는건 말이 안되지만"
yt_comment,슈카월드,5Rhtr2hJ0us,2주 전,2,정유사 평균 순이익이 한자리 수 인걸 감안하면 높긴함
yt_comment,슈카월드,5Rhtr2hJ0us,2주 전,12,진짜 이런 놈들은 뭐하는 인간들일까 ㅋㅋㅋ
yt_comment,슈카월드,5Rhtr2hJ0us,2주 전,0,ㅋㅋㅋ 고용은?
yt_comment,슈카월드,5Rhtr2hJ0us,2주 전,3,"영업이익이 몇 프로인줄 알고 얘기하는거야?
월 매출 1억 가게가 1억씩 남는 줄 아나보네 ㅋㅋㅋㅋ"
yt_comment,슈카월드,5Rhtr2hJ0us,2주 전,5,​ @정호영-f4q 그러니까 그렇게해야 겁나서라도 담합 안하지 않겠냐는 의도 같아요.
yt_comment,슈카월드,5Rhtr2hJ0us,2주 전(수정됨),2,@정호영-f4q   담합하다 걸리면 과징금 과태료 벌금 액수를 회사 망할정도로 늘려서 아예 저런짓을 생각도 못하게 원천봉쇄하자는 얘기.... 를 풀어서 말 안하면 알아듣기 힘드실까요?
yt_comment,슈카월드,5Rhtr2hJ0us,2주 전,10,"20배 때려서 회사 망하면 
바로 새로운 공급망을 만들 수 있음?"
yt_comment,슈카월드,5Rhtr2hJ0us,2주 전,28,​ @user-on6vf5ie1r  일단 그 회사보단 나은 공급망은 나올거같은데
yt_comment,슈카월드,5Rhtr2hJ0us,2주 전,3,@user-on6vf5ie1r  누가 칼들고 담합하라고 협박함...?
yt_comment,슈카월드,5Rhtr2hJ0us,2주 전,2,@user-on6vf5ie1r  이딴걸 일침이라 생각하고 말한거겠지ㅋㅋㅋㅋㅋ 캬
yt_comment,슈카월드,5Rhtr2hJ0us,2주 전,7,​ @100coin6  4개 회사가 98프로의 지분을 가졌다는데 4개회사가 망하면 어떻게 공급망이 나은 회사가 뿅 생김;
yt_comment,슈카월드,5Rhtr2hJ0us,2주 전,23,@user-on6vf5ie1r  회사가 망한다고 인프라가 사라지는 게 아님 윗댓 말대로 인수하면 됨
yt_comment,슈카월드,5Rhtr2hJ0us,2주 전,10,"​ @user-on6vf5ie1r 걱정 ㄴㄴ, 권력과 자본은 공기와 같음 절대로 진공상태를 허용안하지"
yt_comment,슈카월드,5Rhtr2hJ0us,2주 전,5,​ @user-on6vf5ie1r 글고 웃긴게 저런 논리면 길거리에 침뱉는것도 사형하자는거랑 똑같은 논리임 ㅋㅋㅋ 적당한 처벌이 있어야지 무조건 과하게 처벌한다고 능사가 아닌데
yt_comment,슈카월드,5Rhtr2hJ0us,2주 전,1,​ @user-on6vf5ie1r 그렇게 법안을 세게하면 회사 망하니까 아예 시도조차 안할꺼니 더 이득이라는 거죠
yt_comment,슈카월드,5Rhtr2hJ0us,2주 전,32,​ @user-on6vf5ie1r 그회사 망하면 인수할 회사 하나 없겠음? 님 말대로면 공급망 날로 먹을 수 있는데
yt_comment,슈카월드,5Rhtr2hJ0us,2주 전,0,"담합을 하면 망해야 됨
그래야 담합을 안 하지

미국에선 담합으로 인한 피해액의 최대 세 배만큼
피해자들이 손해배상 청구할 수 있음
과징금에 개인 징역은 별도로 들어가고"
yt_comment,슈카월드,5Rhtr2hJ0us,2주 전,14,@user-on6vf5ie1r  담합 안하면 되는데 왜 하는걸 전제로 말하냐 ㅋㅋ
yt_comment,슈카월드,5Rhtr2hJ0us,2주 전,10,"​ @user-on6vf5ie1r  그런 걱정은 우리가 안해도 됨
다 알아서 다른 회사가 잘 성장할테니"
yt_comment,슈카월드,5Rhtr2hJ0us,2주 전(수정됨),8,"@user-on6vf5ie1r  일단 망하는 기업은 생겨야 새로운 기업이라도 촉발되죠.
기존의 것만 이어가지는 것도 불건전한 환경입니다."
yt_comment,슈카월드,5Rhtr2hJ0us,2주 전,3,@user-on6vf5ie1r  그.. 담합을 하지 말고 정직한 가격과 성실한 정책으로 장사하는 옵션은 없나요..?
yt_comment,슈카월드,5Rhtr2hJ0us,2주 전,1,닉값하셈
yt_comment,슈카월드,5Rhtr2hJ0us,2주 전,28,소금빵 생각하면 바른말 안 해도 어차피...
yt_comment,슈카월드,5Rhtr2hJ0us,2주 전,5,정유사를 향한 혐오조장 불법정보ㄷㄷ
yt_comment,슈카월드,5Rhtr2hJ0us,2주 전,2,소금빵쟁이
yt_comment,슈카월드,5Rhtr2hJ0us,2주 전,5,"김해 사는 노인의 영상 제목이 떠올랐다면, 당신은 위기입니다."
yt_comment,슈카월드,5Rhtr2hJ0us,2주 전,5,바른말이 아닌데 기름이 비싼건 세금 때문임 근데 왜 마녀사냥을하며 다른곳으로 시선을 돌림
yt_comment,슈카월드,5Rhtr2hJ0us,2주 전,62,"@삼-f2w  유류세율은 최근 상승률이랑 별개인 상수인데
왜 변수인 양, 영상의 포인트와 겹치지도 않는 주장을 함?"
yt_comment,슈카월드,5Rhtr2hJ0us,2주 전,3,​ @삼-f2w  기름이 리터당 1억을 해도 세금 때문이라고 하겠네 ㅋㅋㅋㅋㅋ
yt_comment,슈카월드,5Rhtr2hJ0us,2주 전,0,​ @삼-f2w  정확하게 알고오세요 ^^
yt_comment,슈카월드,5Rhtr2hJ0us,2주 전,17,​ @Rutsphalt  쟤 같은 애들이 소금빵 사태 같은거 저지름ㅋㅋ
yt_comment,슈카월드,5Rhtr2hJ0us,2주 전,1,@Rutsphalt  쟤들은 생각이 없어서 저런 스탠스를 취할 수 밖에 없는 거임.
yt_comment,슈카월드,5Rhtr2hJ0us,2주 전,0,​ @곰쿠마-q7i 뭘? 세금 때매 기름비싼거?
yt_comment,슈카월드,5Rhtr2hJ0us,2주 전,0,​ @삼-f2w 뭐라냐 ㅋㅋ 세금 얼마나 붙는다고
yt_comment,슈카월드,5Rhtr2hJ0us,2주 전,0,​@얏옹-q1x얼마 붙는데 알고 끄적여 진짜 혐오스러워서 통탄할일이다
yt_comment,슈카월드,5Rhtr2hJ0us,2주 전,0,@얏옹-q1x절반이 세금임 ㅋㅋㅋ
yt_comment,슈카월드,5Rhtr2hJ0us,2주 전,7,​ @삼-f2w 뭐 세금 때문에 비싼거면 담합한게 안한게 됨?
yt_comment,슈카월드,5Rhtr2hJ0us,2주 전,1,​ @우엉이우엉우엉 이해 못 했냐 담합도 영향은 있는데 썸네일이랑 영상 제목이랑 내용이 담합 때문에 기름이 비싸다고 하잖음 근데 세금은 왜 ㅈㄹ안함 이게 논리적이고 맞는거냐
yt_comment,슈카월드,5Rhtr2hJ0us,2주 전,5,@삼-f2w  이란전쟁 이후로 세금 인하했는데도 휘발유가격 올라갔잖음 그럼 세금 영향이 크다고 보는게 맞는거임?
yt_comment,슈카월드,5Rhtr2hJ0us,2주 전,0,@설록차-l7n ㅇㅇ ㅈ만큼 줄였으니
yt_comment,슈카월드,5Rhtr2hJ0us,2주 전,0,@antec9075  ㅇㅇ 그러니까 영향이 덜 한거지
yt_comment,슈카월드,5Rhtr2hJ0us,2주 전,0,​ @설록차-l7n 그래도 담합 영향보다는 크다 이거다 롱스톤 같은것들 진짜 대단하다
yt_comment,슈카월드,5Rhtr2hJ0us,2주 전,0,​ @삼-f2w 롱스톤이 왜나옴
yt_comment,슈카월드,5Rhtr2hJ0us,13일 전,0,​ @설록차-l7n 돌덩이 돌대가리라고 역시 세금이 영향커도 담합 빼액 하고싶은 수준인건가
yt_comment,슈카월드,5Rhtr2hJ0us,13일 전,0,​ @삼-f2w 이란전쟁이후 급격하게 휘발유가 올라간게 세금 때문이라는거냐 논리적으로 반박을 해라 떼쓰지말고
yt_comment,슈카월드,5Rhtr2hJ0us,2주 전,7,그때 이야기 나오던건 욕을 개인 소매 주유소 보고 하니까 나오던 얘기임. 지금 담합 내용 보면 소매점 주유소도 피해자네?
yt_comment,슈카월드,5Rhtr2hJ0us,2주 전,3,응 올해도 천프로 낭낭하게 받아갈게~~
yt_comment,슈카월드,5Rhtr2hJ0us,2주 전,2,지하철 무임승차도 걸리면 5배인가 50배 이러드만;;
yt_comment,슈카월드,5Rhtr2hJ0us,13일 전,0,​ @Depserver 그러네ㅋㅋㅋㅋㅋㅋㅋㅋㅋ 그냥 법이 지들 좃대로임ㅋㅋㅋ
yt_comment,슈카월드,5Rhtr2hJ0us,2주 전,8,현직 사람들은 정유사들이 장난질친다고 얘기가 이미 돌고있었음.
yt_comment,슈카월드,5Rhtr2hJ0us,2주 전,0,​ @jhi7629 지들끼리만 쳐 돌리면 머하노 ㅋㅋ
yt_comment,슈카월드,5Rhtr2hJ0us,2주 전,24,차라리 미국처럼  반갈죽 하는게 더 나을지도
yt_comment,슈카월드,5Rhtr2hJ0us,2주 전,11,@Semicon-x7b  영상본거맞음? 미국도 못한다함 ㅋㅋ
yt_comment,슈카월드,5Rhtr2hJ0us,2주 전,1,토해내게 하면 안되고 이득의 1.5배 정도 가격 낮춰서 팔면됨
yt_comment,슈카월드,5Rhtr2hJ0us,2주 전,0,​ @BP-ui6bv  1개기업이면 모를까 연대하면 어렵다고요
yt_comment,슈카월드,5Rhtr2hJ0us,2주 전,1,매출 10배면 낼 돈이 없을 거 같은데 매출 2~3배만 해도 괜찮을 듯
yt_comment,슈카월드,5Rhtr2hJ0us,2주 전,6,"기업 하나면 몰라도 여러개는 못조짐
괜히 연대해서 담합하는게 아닙니다
저기에 걸린사람수만해도 꽤나올텐데 할수있겠어요?"
yt_comment,슈카월드,5Rhtr2hJ0us,2주 전,28,​ @dogcrazy8864 해야지. 힘든가의 문제가 아니고 해야 하는 문제지.
yt_comment,슈카월드,5Rhtr2hJ0us,2주 전(수정됨),4,"​​ @투미드제라스-v5q  1개만 조지면 상관없는데 저기 전부다 조지게되면 당장 생활인프라부터 박살날수있는데요?
대체재가 있는것도 아닌데
쿠팡 하나만 조지는것도 애먹는데 정유사 여러곳을 조진다? 이거는 불가능합니다."
yt_comment,슈카월드,5Rhtr2hJ0us,2주 전,2,@dogcrazy8864  그럼 담합해야겠네요. 잡지말죠 뭐 불가능한건데
yt_comment,슈카월드,5Rhtr2hJ0us,2주 전,1,"@dogcrazy8864  출혈 감수 하더라도 일단 하라고, 그럼 계속 하게 놔 둘거임?
빨리 해야 미래가 바뀌지 무슨 ㅋㅋㅋ"
yt_comment,슈카월드,5Rhtr2hJ0us,2주 전,0,"​ @tww2682  출혈감수하고 하는건 맞는데 그러다 과다출혈나면 사망인데?
그래서 본보기로 하나만 진짜 쎄게 조지고 끝내야지"
yt_comment,슈카월드,5Rhtr2hJ0us,2주 전,0,"​ @dogcrazy8864 아 그게 맞네
싸게 먹힐듯 ㅈㅅ"
yt_comment,슈카월드,5Rhtr2hJ0us,2주 전,16,​ @크와앙-t8w 과거 록펠러 가문의 스탠다드 오일을 20개 회사로 갈랐던 사건을 말한겁니다.
yt_comment,슈카월드,5Rhtr2hJ0us,2주 전,5,@Semicon-x7b  언제적 스탠다드 오일 ㅋㅋ 마이크로소프트 가르려다 말았던 순간부터 반독점법은 유명무실해졌음.
yt_comment,슈카월드,5Rhtr2hJ0us,2주 전,13,@NuttyV2  마이크로소프트가 윈도우 독점으로 반갈죽은 면했지만 그 시기에 법적 대응 하느라 일을 제대로 못해서 구글과 애플이 성장했지. 결국 반독점법 덕분에 다른 회사 성장한거고 현재도 반독점법 때문에 안드로이드 강제 매각하라고 법적 소송에 휘말려있음. 유명무실 해졌다는건 님 뇌피셜임
yt_comment,슈카월드,5Rhtr2hJ0us,2주 전,4,​ @NuttyV2 마소도 블자 에딕티비전 삼키는 과정에서 반독점으로 소송당해서 콜옵 강제로 플스 진영에 납품중인데 유명무실같은 소리하네
yt_comment,슈카월드,5Rhtr2hJ0us,2주 전,0,​ @ET-19  마소와 구글 애플은 전혀 다른 영역에서 성장했는데용 ㅎㅎ 컴퓨터 관련이면 모든게 같은 바구니라고 생각하시면 그렇게 생각하실 수도 있겠네요
yt_comment,슈카월드,5Rhtr2hJ0us,2주 전,5,유류 금액의 40%가 나라세금이에요 이런것도 조사해줬으면해요. 사실 정유사는 이익이얼마남지않은 박리다매형식이에요
yt_comment,슈카월드,5Rhtr2hJ0us,2주 전,109,이걸 지금까지 몰랏을까 ㅋㅋ
yt_comment,슈카월드,5Rhtr2hJ0us,2주 전,17,나라에 도둑놈들이 너무 많다
yt_comment,슈카월드,5Rhtr2hJ0us,2주 전,3,이렇게 보면 대한민국은 담합으로 움직이는 나라인듯…
yt_comment,슈카월드,5Rhtr2hJ0us,2주 전,2,과거에 솜방망이 처벌 했다고 지금도 그러하면 정말 썩은 공정위가 되는 거죠!
yt_comment,슈카월드,5Rhtr2hJ0us,2주 전,7,역시 대한민국 담합 안 하면 섭하지~
yt_comment,슈카월드,5Rhtr2hJ0us,2주 전,0,매번 반복되는 현상!
yt_comment,슈카월드,5Rhtr2hJ0us,2주 전,7,경제 범죄를 저질러도 법조계 공직자를 매수하던가 김앤장같은 전관 로펌을 고용하면 무죄로 풀어버리고 설사 대대적으로 이슈되서 그게 안 되더라도 어짜피 범죄 수익의 1%도 안 되는 푼돈을 내면 일사부재리로 종결내버리니 경제 범죄가 나날이 증가만 할 뿐 절대 안 바뀌지. 미친 나라 그 자체다.
yt_comment,슈카월드,5Rhtr2hJ0us,2주 전(수정됨),2,"대한민국은 나라가 플랫폼 기업이야
벌금인지 수수료인지 모르는 소정의 대가를 받고 사기 담합 눈감아주는 장터 제공"
yt_comment,슈카월드,5Rhtr2hJ0us,2주 전,68,설레이는 댓글창 열기
yt_comment,슈카월드,5Rhtr2hJ0us,2주 전,67,기름값 오르는 속도로 달려왔습니다!!
yt_comment,슈카월드,5Rhtr2hJ0us,2주 전,163,"재매이햄이 전쟁초기에 정유사 출고상한제 발표하니까 
기업죽이기라던 일부 세력들..."
yt_comment,슈카월드,5Rhtr2hJ0us,2주 전,7,기름으로 장난치면 기름부어 태워버려야지..
yt_comment,슈카월드,5Rhtr2hJ0us,2주 전(수정됨),158,"정유사가 무슨 동내 구멍가게도 아니고
나라 경제를 좌지우지하는 가격인데
담합을 거르지못한 정책도 없고 나라가 개판이라는거"
yt_comment,슈카월드,5Rhtr2hJ0us,2주 전,39,8:36 ㅋㅋㅋㅋ 자진신고는 그거 아님? 이번 순번은 나다
yt_comment,슈카월드,5Rhtr2hJ0us,2주 전,0,"이렇게 국민들이 고통 받는데, 왜 법이 바뀌지를 않는거냐"
yt_comment,슈카월드,5Rhtr2hJ0us,2주 전,1,❤
yt_comment,슈카월드,5Rhtr2hJ0us,2주 전,2,4월인가? 식용유랑 라면가격 인하한다는 소식 있었는데..하긴 했나 몰겠네요
yt_comment,슈카월드,5Rhtr2hJ0us,2주 전,1,"피해는 국민들이 보고 과징금으로 이익은 나라가?
누구를 위한 처벌이냐"
yt_comment,슈카월드,5Rhtr2hJ0us,2주 전,2,"담합에 배상금이 너무 적어서 그래. 
회사가 망하게 벌금을 때려야 없어지는겨"
yt_comment,슈카월드,5Rhtr2hJ0us,2주 전,2,아는데 모른체해주는거임 욕먹기 싫어서
yt_comment,슈카월드,5Rhtr2hJ0us,2주 전,7,그럼 영상 올라오기 전에 왔어야하는데 많이 늦으셨네요~
yt_comment,슈카월드,5Rhtr2hJ0us,2주 전,0,조금 늦었습니다.
yt_comment,슈카월드,5Rhtr2hJ0us,2주 전,0,헉 또 오른대요?
yt_comment,슈카월드,5Rhtr2hJ0us,2주 전,27,깔껀까고 빨껀빠는건데 이런거는 이악물고 아무튼 모르쇠임 ㅋㅋ
yt_comment,슈카월드,5Rhtr2hJ0us,2주 전,9,검찰이 정유사 때려 잡음
yt_comment,슈카월드,5Rhtr2hJ0us,2주 전,3,공산당 천지네
yt_comment,슈카월드,5Rhtr2hJ0us,2주 전,53,​ @제우3321 담합은 미국이 제일 잘때려잡음ㅋㅋㅋㅋ그리고 독과점은 미국이 제일 쎄게 때림. 니말은 미국이 공산국가라는거임?
yt_comment,슈카월드,5Rhtr2hJ0us,2주 전,9,@제우3321 혹시 담합이 뭔지 모르는거임?
yt_comment,슈카월드,5Rhtr2hJ0us,2주 전,17,담합은 지금까지 있어왔고 개판이면 묵인했겠지
yt_comment,슈카월드,5Rhtr2hJ0us,2주 전,13,"​ @woo4830  ㅇㅇ 구설수에 올린다는거 자체가 해결하려는 의지가 있다는거라고 생각함.

어처피 1,2년 짜리가 아니란거, 그동안 다햇다는거 누가모르겟음? 기름에 엮인 회사들은 점점 커지기만 하는데 정작 기름값은 오르기만 하고 절대 내리지않는데 ㅋㅋ
문제는 서민들이 이런 불만을 얘기해봤자 그 누구도 바로잡긴 커녕 공론화조차 안햇는데 이제라도 얘기가 나오는게 다행인거지..."
yt_comment,슈카월드,5Rhtr2hJ0us,2주 전,17,적어도 수사후 언론사에서 얘기를 하잖아요.. 수면위로 뜨지도않고 죽을때까지도 모를수도있는겁니다.. 어쨋든 잘 정리되길
yt_comment,슈카월드,5Rhtr2hJ0us,2주 전,15,이때까지 담합없다가 지금 생긴줄아나 ㅋㅋㅋㅋㅋㅋㅋ
yt_comment,슈카월드,5Rhtr2hJ0us,2주 전,1,멍청하긴
yt_comment,슈카월드,5Rhtr2hJ0us,2주 전,21,정유사들의 도덕적인 잘못은 지적하지 않고 그저 나라탓을 한다니 물질만능주의가 너무 만연하네
yt_comment,슈카월드,5Rhtr2hJ0us,2주 전,0,@밀롱가-t5q ??:알았다면 공범 몰랐다면 무능
yt_comment,슈카월드,5Rhtr2hJ0us,2주 전,0,"​ @밀롱가-t5q  일단 입법/사법에선 사인에 대해 '자유로울 경우 죄를 범하고 싶어하는
경향이 있다'고 보고있음.
그들의 해석에 따르면 책임을 물을 대상은 사인이 아닌 국가기관이 되긴 함."
yt_comment,슈카월드,5Rhtr2hJ0us,2주 전,0,심각하다...
yt_comment,슈카월드,5Rhtr2hJ0us,2주 전,1,법적처벌 빡센 미국에서도 계란값 담합이 일어났는데..
yt_comment,슈카월드,5Rhtr2hJ0us,2주 전,1,@밀롱가-t5q  도덕으로 나라운영은 안되지 사회주의국가도 아니고 자본주의 국가에서;;;
yt_comment,슈카월드,5Rhtr2hJ0us,2주 전,7,"@venusalen-p4o  도덕을 등한시하니까 다 개판인 거지, 애초에 사회주의와 자본주의는 도덕과 관련이 없음"
yt_comment,슈카월드,5Rhtr2hJ0us,2주 전,1,@venusalen-p4o  도덕이라는 말랑말랑한 단어를 사용하니까 거부감이 드나 보군요. '모럴 해저드' 라고 근사한 단어를  쓰면 마음이 더 편해지실까요? 음...  완전 같은 의미도 아니기도 하고... 그게 보통 '도덕적' 해이라고 번역되는 건 잠깐 무시하고요.
yt_comment,슈카월드,5Rhtr2hJ0us,2주 전,0,"​ @부계정-v5i 사회주의와 자본주의와는 관련 없겠지만 기업은 도덕을 따지는 단체가 아님 효율만 나온다면 애들도 가져다 쓰는게 기업임 
기업한테 도덕적인 책임을 바라는게 이상한거임"
yt_comment,슈카월드,5Rhtr2hJ0us,2주 전,1,@밀롱가-t5q  ? 당연히 국회의원들을 욕해야 하는거 아님? 법을 제대로 안만들고 있으니까? 왠 정유사 도덕을 운운함?
yt_comment,슈카월드,5Rhtr2hJ0us,2주 전,3,​ @로오댕 '독점규제 및 공정거래에 관한 법률'이 작동하고 그 법에 의해 제제 당하고 있는 현장을 목격하고 계십니다. 이 법이 없다면 봉이 김선달이 담합과 독과점으로 경제를 쥐고 흔드는 현상이 지속됐겠죠.
yt_comment,슈카월드,5Rhtr2hJ0us,2주 전,0,​ @GoBoSeong 그 법이 있으나 마나 하니까 하는 말이잖아요? 법를 고치는 것도 국회의원이 할 일인데 안하고 있잖아요?
yt_comment,슈카월드,5Rhtr2hJ0us,2주 전,0,​ @로오댕 논점은 둘다 욕해야 마땅하다는건데 왜 정유사쪽은 욕 안하고 나라 욕만 하냐는거죠 조두순 죄질에 비해 솜방망이 처벌 당했을때 조두순 욕을 안하는건 이상한게 맞잖슴? 그런거임
yt_comment,슈카월드,5Rhtr2hJ0us,2주 전,0,​ @로오댕 기름집한테 검은돈 안먹은 국개의원 찾기가 어려울듯 ㅋㅋ 이러니 관행이 이어지지
yt_comment,슈카월드,5Rhtr2hJ0us,2주 전,2,"@로오댕  범죄가 일어났을 때, 범죄자를 욕해선 절대 안 되나요? 아무튼 나라 탓이니까? 욕 먹을 상황에서 욕하는 사람을 비난하는 건, 사실상 옹호 행위에 가깝습니다.
법이 미흡하다는 님의 주장은 물론 옳죠. 하지만, 거기에 정유사를 사실상 옹호하는 의견까지 덧붙여진 순간, 님은 '법적으로 큰 문제가 아니니, 쟤들은 옳다!' 라고 주장하는 셈입니다."
yt_comment,슈카월드,5Rhtr2hJ0us,2주 전,0,​@구구-s9s아니 정유사는 당연히 욕 처먹어야 하는거고 그건 그냥 인간은 숨을 쉰다 급이니까 굳이 말 할 필요 없으니까 쟤들이 저러고 다닐 수 있게 방치하는 국회을 욕해야지
yt_comment,슈카월드,5Rhtr2hJ0us,2주 전,0,@로오댕  ㅋㅋㅋ 이제까지 정유사들이 실컷 해먹다가 이제와서 잡은건데 지금 현 국회의원 욕을 하는게 말이됨? 이제라도 잡았으면 잘한거아니야?
yt_comment,슈카월드,5Rhtr2hJ0us,2주 전(수정됨),0,"​@qweryyrchj 인간의 이기심의 극치는 기업을 통해 볼수있음 
무슨말을 하고싶은지는 모르겠지만 법 위에 도덕적으로 살수 있는거지 도덕 위에 법으로 살수는 없다고 생각함
도덕적이지 못한건 모든 기업이 다 그럼 법으로 그 통제를 해야하는거지"
yt_comment,슈카월드,5Rhtr2hJ0us,2주 전,1,"@venusalen-p4o  기업윤리라는 말이 있음

상식적으로 기업이 윤리를 지키지 않는 것이 이상한 거지, 이윤을 추구한다고 윤리를 저버려도 된다는 건…

기업이 본래 악한 존재라면 왜 사회가 이를 용인하겠음?
이런 말이야말로 아무리 좋게 말해도 자본주의를 필요악이라 보는 시선이지"
yt_comment,슈카월드,5Rhtr2hJ0us,2주 전,0,"​ @부계정-v5i  르네상스 이후부터 기업들이 어떻게 자리잡았는지, 대기업들이 어떻게 대기업의 지위를 유지하는지, 인건비를 어떻게 줄이는지 찾아보면 수두룩 빽빽함
기업이 원래 악한 존재라는게 아님 그냥 기업은 ㅈㄴ 효율적인길, 최고의 이득을 가져다주는 길들만 보게 태어난거임"
yt_comment,슈카월드,5Rhtr2hJ0us,2주 전,5,줄빠따 순서ㅋㅋ
yt_comment,슈카월드,5Rhtr2hJ0us,2주 전,0,먼저맞는매도 더 낫다 사실판
yt_comment,슈카월드,5Rhtr2hJ0us,2주 전,1,결국은 소비자가 세금을 더 낸것과 다를게 없는 wwe
yt_comment,슈카월드,5Rhtr2hJ0us,2주 전,0,담합에 진심인 유튜버
yt_comment,슈카월드,FNT-gOjT8Kw,3주 전,802,이건 진짜 우리나라 얘기랑 다르잖아 ㅋㅋㅋㅋㅋㅋㅋㅋ
yt_comment,슈카월드,FNT-gOjT8Kw,3주 전,936,근데 자꾸 땅넓다고 하는데 지금 한국도 지방에 노는 땅 많은데 거기 가서 살라하면 안살잖아요..ㅋㅋ
yt_comment,슈카월드,FNT-gOjT8Kw,3주 전,7,"재밌고 유익한 영상들 잘 보고 있습니다.
요즘 동식물이나 역사 컨텐츠가 없어서 서운합니다 워낙 이슈들이 많이 터지다보니 중요한 주제들만으로도 이미 차고넘치겠지만, 기회가 될 때 스트레스 없이 부담 없이 볼 수 있는 영상도 올려주시면 좋겠습니다!! 감사합니다"
yt_comment,슈카월드,FNT-gOjT8Kw,3주 전,1,좋은 내용 감사합니다 ❤
yt_comment,슈카월드,FNT-gOjT8Kw,3주 전,7,12:32 알아! 를 여기서 들을 줄은.. 😂😂
yt_comment,슈카월드,FNT-gOjT8Kw,3주 전,10,단독주책을 살면서도 옆집 사람이 마음에 안들면 그 집을 사버려서 비워둘 정도로 프라이버시에 민감한 미국인들에게 한국식 아파트는 진입징벽이 너무 높음 뉴욕이나 샌프란에 아파트 많은데 뭐가 문제냐 할텐데 미국은 같은 나라라도 생활습관이 천차만별임 평생을 한적한 단독주택 지역에 살았던 사람은 누구와 벽을 마주하고 같이 생활하는건 상상도 못하는 미국인이 절대 다수임
yt_comment,슈카월드,FNT-gOjT8Kw,3주 전(수정됨),614,우리나라같은 아파트 보급하면 홈파티중에 아래층에서 샷건 쏠수도...
yt_comment,슈카월드,FNT-gOjT8Kw,3주 전(수정됨),0,듣다가 잠들어서 3번째 듣는중..  항상 감사합니다. 스포티파이 팟캐스트도 더 올라왔으면 좋겠어요...
yt_comment,슈카월드,FNT-gOjT8Kw,3주 전,7,"기본적인 도덕성, 치안 이 두가지가 한국하고 외국하고 달라도 너무 다릅니다 막말로 저런 공공거주 지역에서는 총기사건 나면 헬게이트 열려요"
yt_comment,슈카월드,FNT-gOjT8Kw,3주 전,437,"결국 저런 문화적으로 보이는 부분도 파고들어가면 현실적인 문제가 있다는..
일본 경차 선호도 작은걸 선호하는 문화가 아니라 자동차세 때문이죠"
yt_comment,슈카월드,FNT-gOjT8Kw,3일 전,2,8:20 와.... 진짜 푸른 공간이 함께 하는 집들과 아파트만 빽빽이 채워진 공간을 비교하니 숨이 막힙니다.
yt_comment,슈카월드,FNT-gOjT8Kw,3주 전,6,"그럼 엘리베이터 유지,수리 하는 비용도 엄청 비싸고 그러면 월세도 같이 올라가는게 당연하게 대고 ,,"
yt_comment,슈카월드,FNT-gOjT8Kw,3주 전,5,아파트 져서 저기는 바로 층간소음나면 총이여 건법
yt_comment,슈카월드,FNT-gOjT8Kw,3주 전,0,슈카형 서킷브레이크 또 터졌어🎉🎉😂
yt_comment,슈카월드,FNT-gOjT8Kw,3주 전,26,저기 아파트 보급률 높아지면 밤낯으로 총소리 엄청날듯
yt_comment,슈카월드,FNT-gOjT8Kw,3주 전,31,귀족노조 근원이 미국인거 모르냐
yt_comment,슈카월드,FNT-gOjT8Kw,3주 전,15,그렇네..옛날에는 왜 미국에 아파트를 안 짓나 생각했는데 저기는 '총'이 있구나
yt_comment,슈카월드,FNT-gOjT8Kw,3주 전,2,"12:33 ???: ""알아"" (대충 그브금)"
yt_comment,슈카월드,FNT-gOjT8Kw,3주 전,6,"우리나라 택시들과 엘레베이터 노조를 보니 
대부분의 사람들은 서서히 말라죽기를 택하는 경향이 있는건가"
yt_comment,슈카월드,FNT-gOjT8Kw,3주 전,31,근데 층간소음으로 총격일어날까봐 좀 무섭긴함
yt_comment,슈카월드,FNT-gOjT8Kw,3주 전,7,미국 동포인데 엘에이 공항 착륙 직전에 엘에이 시를 보시면 아파트가 거의 없고 60년대 1/2층 자택 밖에 없어서 심각하죠. 그리고 부유층 지역은 절대로 15층 아파트 못 짓게 법안을 만들죠. 아파트= 내 집 가치가 떨어진다
yt_comment,슈카월드,FNT-gOjT8Kw,3주 전,2,1:28 1:31
yt_comment,슈카월드,FNT-gOjT8Kw,3주 전,5,"어디든 노조묻으면 나락가던데
우리나라 요즘 진짜 힘드네"
yt_comment,슈카월드,FNT-gOjT8Kw,2주 전,2,@I9얏둉저장소7Rp4 닉값
yt_comment,슈카월드,FNT-gOjT8Kw,3주 전,4,@I9얏둉저장소7Rp4  그럼 노조가 없는 중국은 지금 경제 대호황중? ㅋ
yt_comment,슈카월드,FNT-gOjT8Kw,3주 전,4,아니 니네 하고픈 아무말 쓸거면 일기장에 쓰라고ㅋㅋㅋ 왜 굳이 남의 영상 댓글에 쓰는건데ㅋㅋㅋㅋㅋㅋ
yt_comment,슈카월드,FNT-gOjT8Kw,3주 전,13,​ @캡틴토마토  아침에 일어나서 양치를 하고 냉면 육수랑 라면사리로 냉면을 만들어 먹었다. 맛있었다.
yt_comment,슈카월드,FNT-gOjT8Kw,3주 전,25,@캡틴토마토  어디 아픔?
yt_comment,슈카월드,FNT-gOjT8Kw,2주 전,4,@andrewkim2591  우리보다 호황이긴 함
yt_comment,슈카월드,FNT-gOjT8Kw,2주 전,4,@junyoungjung9345  노조 파워가 강한 미국은 개발도상국 됐겠네 ㅋㅋㅋ
yt_comment,슈카월드,FNT-gOjT8Kw,3주 전,124,"이게 맞는 말임. 뉴욕, 샌프란 같은 곳 땅 너무 좁아 사람들이 바다에 빠질지경임."
yt_comment,슈카월드,FNT-gOjT8Kw,3주 전,27,​ @MCMLXXV-MMX 게다가 집값 땜에 절대 고층아파트도 못 짓게 함
yt_comment,슈카월드,FNT-gOjT8Kw,3주 전,26,하이퍼루프 만들어달라고 ㅋㅋ 그럼 가서 살거라고 아 ㅋㅋ
yt_comment,슈카월드,FNT-gOjT8Kw,2주 전,1,​@Madwalker-ca(교통비 월 200만원)
yt_comment,슈카월드,FNT-gOjT8Kw,3주 전,6,​@Madwalker-ca요금ktx5배라도요?
yt_comment,슈카월드,FNT-gOjT8Kw,3주 전,136,지방가면 미분양 아파트 천지빼깔임. 근데 아무도 안 삼. 일자리도 없고 인프라도 후지니까. 미국도 똑같음. 일자리는 다 도시에 있고 인프라도 마찬가지임.
yt_comment,슈카월드,FNT-gOjT8Kw,3주 전,1,​ @ohwilliam8517  맞아요 미분양 많긴 하죠.. 지방도 지방 나름이라지만 ..
yt_comment,슈카월드,FNT-gOjT8Kw,3주 전,24,​ @ohwilliam8517 지방도 조금만 도심으로 가면 6억 시작임
yt_comment,슈카월드,FNT-gOjT8Kw,3주 전,3,@ohwilliam8517 지방 미분양도 비쌈
yt_comment,슈카월드,FNT-gOjT8Kw,3주 전,2,엄청 지방까지 갈 필요도 없음 경기남부 평택만 봐도 저렴하고 살기좋은 매물 차고넘침
yt_comment,슈카월드,FNT-gOjT8Kw,3주 전,0,;
yt_comment,슈카월드,FNT-gOjT8Kw,3주 전,0,헛똑똑 여기다가 따봉 넣으준사람들 반성해라
yt_comment,슈카월드,FNT-gOjT8Kw,9일 전,0,의료기관만 제대로 되면 지방 시골에서 살 의향 있음 근데 그게 안되니깐 문제 다른 인프라는 다 참을 수 있어도 의료기관은 타협할만것도 아님
yt_comment,슈카월드,FNT-gOjT8Kw,5일 전(수정됨),0,인프라가 잘 안돼있잖아요 ㅋㅋ 그나마 경기도면 몰라도.. 광역시마저 광주나 대구 이런 곳은 처참함
yt_comment,슈카월드,FNT-gOjT8Kw,3주 전,11,일자리랑 인프라만 만들어 주면 충분히 분산되는데 일단 광역시 급에라도 좀 분산시켜줘야함
yt_comment,슈카월드,FNT-gOjT8Kw,3주 전,2,​ @화이팅-g9v  이미 늦음. 수도권에 집중되어 있어서 인프라도 기업도 다 수도권에 있는데 어캐함. 그 인프라는 어디서 따오고 기업 유치 행정 다 돈 인데 ...
yt_comment,슈카월드,FNT-gOjT8Kw,3주 전,1,@화이팅-g9v  왜? 그렇게 해야해? 이런건 누구나 생각하지 먼가 문제가 있지않을가요
yt_comment,슈카월드,FNT-gOjT8Kw,3주 전,7,미국은 재택근무 비중이 한국보다 높은거로 암
yt_comment,슈카월드,FNT-gOjT8Kw,3주 전,3,@taijjun3320 암? 그런식으로 요즈 말하면 잘못된걸로 암
yt_comment,슈카월드,FNT-gOjT8Kw,3주 전,6,"살고싶은집 달라했음? 
더 레버리지 당겨서 가격이 오를 투자상품을 원하는거지"
yt_comment,슈카월드,FNT-gOjT8Kw,3주 전,5,20년쯤뒤에 모든차가 통합 자율주행시스템으로 운영된다면 출퇴근시 차에서 자거나 쉬거나 씻을 수 있어서 충남 충북 강원까지 생활반경 넓어질지도 모르죠ㅎㅎㅎ
yt_comment,슈카월드,FNT-gOjT8Kw,3주 전,1,@러브샷-w9z  모든사람이 다 자기 차 끌고나오면 출근시간이 3배로 늘겠는데? ㅋㅋㅋㅋㅋ
yt_comment,슈카월드,FNT-gOjT8Kw,3주 전,0,@러브샷-w9z  차에서 자고 씻고 다할거면 집을 뭐하러 사요
yt_comment,슈카월드,FNT-gOjT8Kw,3주 전,0,@러브샷-w9z  이게 정답 모르죠 일어나지 않을일을 왜벌써 ㅈㄹ 병이야~
yt_comment,슈카월드,FNT-gOjT8Kw,3주 전,4,거기가서 살고 싶음. 근데 거기엔 일자리가 없자너
yt_comment,슈카월드,FNT-gOjT8Kw,3주 전,0,"​ @souprain541 그쵸. 저도 지방살고, 직장이 안정적이라 저렴한 신축아파트 구매해서 편하게 살면서 주변 사람들에게 지방도 살기좋다고 말하는 편입니다만, 일자리가 없으면 말짱황이지요. 설령 있다해도 그사람에게 그 일자리가 맞을지도 알수없고요.

지금까지 여러 지인에게 제 지역으로 이주를 권해보았습니다만, 두명정도만 제대로 정착했고 나머지는 일자리 찾아 다시 더나더군요."
yt_comment,슈카월드,FNT-gOjT8Kw,2주 전,0,@souprain541  그건 살고 싶지않은거임
yt_comment,슈카월드,FNT-gOjT8Kw,3주 전,3,"그.. 미국은 지방에 일자리와 인프라가 넘치냐고요..ㅋㅋㅋㅋ
조금만 생각해보세요. 왜 지방에 자꾸 제조업 만들어달라고 협박하는지"
yt_comment,슈카월드,FNT-gOjT8Kw,3주 전,1,샌프란 거의 2층이잖아요. (미국 가족 있음) 용적률 올려!!!!!
yt_comment,슈카월드,FNT-gOjT8Kw,3주 전,1,무주택자들은 진짜 이 말이 뭔 말인지 이해를 못해요 ㅋㅋㅋ 살(live) 만한 신축 아파트 신도시에 공급 터지도록 많은데 살 (buy) 만한 아파트는 애초에 부족한게 정상인 상황인걸 인지부조화와서 인정을 못하고 집값 잡아달라함 ㅋㅋ
yt_comment,슈카월드,FNT-gOjT8Kw,3주 전,0,똑소리
yt_comment,슈카월드,FNT-gOjT8Kw,3주 전,0,한국시골도 집값 높음
yt_comment,슈카월드,FNT-gOjT8Kw,3주 전,0,미국은 한국처럼 대도시에 모여사는 곳이 아니에요 ㅋㅋ 대도시 인구비율이 한국보다 훨씬 낮습니다
yt_comment,슈카월드,FNT-gOjT8Kw,3주 전,0,차라리 한국정도면 괜찮음 ㅋㅋㅋㅋ
yt_comment,슈카월드,FNT-gOjT8Kw,3주 전,0,이런말 하는애들이 멍청 ㅋㅋㅋ 인프라는일자리??
yt_comment,슈카월드,FNT-gOjT8Kw,3주 전(수정됨),2,@김사랑-j3s  근데 도로정체의 원인 차가 많은것도 문제지만 끼어들기같은 운전 습관이 도로정체를 유발함. 모든차들이 자율주행보다 더 나아가 유기적으로 움직이면 도로정체도 지금보다 줄어들수 있음. 그럼 제한속도도 지금보다 높일수도 있을테고
yt_comment,슈카월드,FNT-gOjT8Kw,3주 전,0,"​ @swframe347  오 이것도 꽤 좋은 통찰일지도 모름
기술과 환경이바뀌면 차가 집이될 수 있지않을까?"
yt_comment,슈카월드,FNT-gOjT8Kw,3주 전,4,"​ @밀비-t3t 그래서 반독립해야함.
수도권만 대한민국이고 나머지는 동남아 오지취급이니 지방은 대한민국 아니니...
그래서  미국처럼 연방제 국가가되어.
수도권주.
지방연합주
분리되어  독자적인법가진 특색있게 가야한다고봄.
그게 좋죠? 수도권분들도?
우리지방사람들도  우리지방에서 사업돈벌어서 수도권으로  쭉쭉가는거보면 기분나쁘거든요...
그래서 갈라져야함"
yt_comment,슈카월드,FNT-gOjT8Kw,3주 전(수정됨),0,​@lee-rf2eu 그...그런다고 수도권에 있는 인프라가 다른데로 올까요? 아니면 인프라가 생길까요? 그인프라 만들 돈은 어디서....
yt_comment,슈카월드,FNT-gOjT8Kw,1일 전,0,@orange3808  평택 저렴한 곳 ㅋㅋㅋㅋ살아봄? 축사냄새 오진다
yt_comment,슈카월드,FNT-gOjT8Kw,3주 전,0,​ @orange3808 저렴하고 살기좋다는 뭐다? 집값이 안오르는동네다라는뜻. 그건 무슨뜻이다?
yt_comment,슈카월드,FNT-gOjT8Kw,12일 전,0,@elkein99 무슨 뜻인데? 뭐 대단한 비밀이라도 있어? 그런데 띄어쓰기 몰라?
yt_comment,슈카월드,FNT-gOjT8Kw,3주 전,0,​ @user-kl7sh7nw4m  광역시급 지방이 아니라 진짜 시 이름만 달고 있는 곳
yt_comment,슈카월드,FNT-gOjT8Kw,2주 전,3,@ACE-sw2sp   진짜 그냥 시인데도 5억 6억 넘침. 그 아래로 가려면 군 수준으로 낮춰야 함.
yt_comment,슈카월드,FNT-gOjT8Kw,2주 전,0,​ @seyoscar 경기도권 시 말씀이신지요? 시 이름만 달고 있는 곳에 6억짜리 못봤는데 어딜까요?
yt_comment,슈카월드,FNT-gOjT8Kw,2주 전,0,펜트하우스나 대형평수 말고 국평으로요
yt_comment,슈카월드,FNT-gOjT8Kw,2주 전,4,@ACE-sw2sp   그냥 천안만 가도 84타입 기본 6억이 넘네요. 아니면 뭐 30년 넘은 구축은 싸다 이런 말씀 하시려는 거면 뭐. 할 말 없구요.
yt_comment,슈카월드,FNT-gOjT8Kw,2주 전,1,​ @seyoscar  천안을 들고 오시면 ㅋㅋ... 거기는 천안 아산 합하면 100만이에요. 거의 광역시급이죠.
yt_comment,슈카월드,FNT-gOjT8Kw,2주 전,3,@ACE-sw2sp  군산 정도까지 내려가니까 84타입 4억 정도 하는군요. 현대산업개발 아이파크 같은게요. ㅋㅋㅋ 4억 정도로 내려가면 좀 만족스러운 결과이실까요?
yt_comment,슈카월드,FNT-gOjT8Kw,2주 전,2,@ACE-sw2sp   아아 또 뭐 광역시급이라 거긴 또 안 되고 그래요? 알겠습니다
yt_comment,슈카월드,FNT-gOjT8Kw,2주 전,2,@ACE-sw2sp  인구가 많은데는 다 빼야하면 막 뭐 청주도 빼야하고 전주도 빼야하고 창원도 빼야하고 막 그렇겠다. 그쵸? 거긴 막 지방도 아니고 엄청나게 거대한 대도시니까요. ㅋㅋㅋㅋㅋㅋㅋㅋㅋㅋ
yt_comment,슈카월드,FNT-gOjT8Kw,2주 전,2,​ @seyoscar 어디서 존나 화가 나신 건지? ㅋㅋ 님이 지방도 신축 분양 전부 6억 이상이라고 하길래 아닌 경우가 아직 많다고 했던 건데요? 지방이 꼭 비싸다고 억지 써야 하는 이유가 있으신건지? 제대로 꼴받으셨네. 좀 가라앉히세요.
yt_comment,슈카월드,FNT-gOjT8Kw,12일 전,0,@user-kl7sh7nw4m  6억은 수도권 수준 가격이지..
yt_comment,슈카월드,FNT-gOjT8Kw,12일 전,0,@seyoscar  댓글을 제대로 읽지도 않고 부다다다 달아 놓고 비아냥 거리기까지 하네
yt_comment,슈카월드,FNT-gOjT8Kw,11일 전(수정됨),2,"​​ @noname-o9t7w 댁은 진심 깡 시골 가셔서, 정말, 아~~~~무 것도 없는, 농사짓고 2억 미만 아파트(이름은 아파트지만 아파트가 아닌;;;)에서 사셔야 할 듯..."
yt_comment,슈카월드,FNT-gOjT8Kw,3주 전,0,@liliiliilliil 요금은 공짜야
yt_comment,슈카월드,FNT-gOjT8Kw,3주 전,1,"친구 손절 너무 많이하셧네요
팩트충이라는 말이 갑자기 나온게 아니에요 한번 말들어보세요
본인한테 도움이 많이 될거에요"
yt_comment,슈카월드,FNT-gOjT8Kw,3주 전,4,@rising_goon 집값때문이아니라 조망권 땅꺼짐 일거같네용 집값은 올라가져 높이지을수록
yt_comment,슈카월드,FNT-gOjT8Kw,3주 전,0,@쭈밍-u2v 높이지으면 내려가겠지 친구야?
yt_comment,슈카월드,FNT-gOjT8Kw,3주 전,4,​ @쭈밍-u2v 아니요 집이란건  선호도 높은게 집값이 올라가잖아요 뉴욕이런데는 높은 빌딩도 많이 올라가지만 미국인들 기본은 단독주택은 선호하거든요 그래서 못짓게  해요 우리는 이런공동주택이 빌라든 아파트든 임대도 되고 분양도 다 할수 있는데 저기는 아파트는 거의 임대에요 그러니깐 못  사는 사람들이 사는곳이란거에요 그럼 분양형 공동주택은 뭐라고 하냐 콘도나 멘션이라고 하더라구요 그런건 엄청 고급형입니다 근데 기본은 단독주택 선호고 작은 집도 못 짓게 하더라구요
yt_comment,슈카월드,FNT-gOjT8Kw,3주 전,62,"그렇지 않습니다. 미국도 아파트가 있긴 있죠. 그런데, 층간 소음이 심하고, 계단이 나무로 된 곳도 있어서, 올라갔다 내려갔다 하는 소리가 집안에서 다 들립니다. 
그래서 서로 조심하면서 살고 있습니다. 저는 한국처럼 별 생각없이 오르락 내리락 했더니, 며칠 후 제가 살든 집 문에 조심히 계단을 이용하라는 종이 쪽지가 붙어 있더군요."
yt_comment,슈카월드,FNT-gOjT8Kw,3주 전,36,​ @bob_dylan_oh_yes 최후 통첩 ㄷㄷ
yt_comment,슈카월드,FNT-gOjT8Kw,3주 전,11,​ @bob_dylan_oh_yes 이건진짜 흘려듣다가 머리전체가 귓구멍될듯;;
yt_comment,슈카월드,FNT-gOjT8Kw,3주 전,9,애초에 아파트 에서 홈파티를 하지 말라고 ㅋㅋ
yt_comment,슈카월드,FNT-gOjT8Kw,3주 전,3,"@콩가콩가-k5b   미드 보면 아파트에서 홈파티 자주 함
관리인 퇴직때도 파티하고 보내줌"
yt_comment,슈카월드,FNT-gOjT8Kw,3주 전,2,폭탄이라면?
yt_comment,슈카월드,FNT-gOjT8Kw,3주 전,2,@트리플상한가  그럼 자폭이지.... 다같이 붐!
yt_comment,슈카월드,FNT-gOjT8Kw,3주 전,2,벅샷ㄷㄷ 천장 무너져내릴듯
yt_comment,슈카월드,FNT-gOjT8Kw,3주 전,20,ㅋㅋㅋㅋ ㄹㅇ
yt_comment,슈카월드,FNT-gOjT8Kw,3주 전,1,샷건 쏜대도 못 뚫죠... 목조주택할 것도 아니고.
yt_comment,슈카월드,FNT-gOjT8Kw,3주 전,1,ㄹㅇ 장난 안까고 밑층에서 야스하는 소리가 윗층에 들린다는 소릴 아파트 형으로 된 기숙사에서 살던 친구로부터 들었음🤣
yt_comment,슈카월드,FNT-gOjT8Kw,3주 전(수정됨),17,경비아저씨도 방탄조끼 방탄모 총기무장 필수. 베란다 창문 샤시는 방탄유리 필수 😅😅😅
yt_comment,슈카월드,FNT-gOjT8Kw,3주 전,0,이거 진짜임
yt_comment,슈카월드,FNT-gOjT8Kw,3주 전,3,"​ @gsyhbak  10층 이상 올라가는 건 몰라도 3, 4층짜리는 목조가 많음"
yt_comment,슈카월드,FNT-gOjT8Kw,3주 전,3,@손 @손봉익-1 한국은 드라마에 나오는거 같은 삶을 사나요..? 뭔 말같지도 않은 소리야
yt_comment,슈카월드,FNT-gOjT8Kw,3주 전,0,"@Jiyeons-o6s   드라마에서도 밥 먹고 결혼식, 장례식 가고 남의 집 방문하고 다 하잖아요
 그거다 우리의 일상과 크게 다르지 않지요
 대사나 상황이 좀 매콤하다뿐이지 삶의 형태는 크게 다르지 않다"
yt_comment,슈카월드,FNT-gOjT8Kw,3주 전,0,​ @Jiyeons-o6s 미국은 아파트 1도 없는줄 아나? 큰 도시에 있다
yt_comment,슈카월드,FNT-gOjT8Kw,3주 전,4,​ @Jiyeons-o6s 실제로 홈파티 진짜 많이해요. 그건 문화라서 윗층이 씨끄럽다? 홈파티 하는구나 합니다.
yt_comment,슈카월드,FNT-gOjT8Kw,13일 전,0,@Jiyeons-o6s 미국 15년차.. 근데 홈파티 자주 하는데요..? 대신 전에 양해를 구하거나 아니면 그냥 밑층을 초대해버립니다..
yt_comment,슈카월드,FNT-gOjT8Kw,3주 전,66,애초에 저런 현실적인 이유들로 나타난 현상들이 쭉 계속되면 만들어지는 게 문화기도하죠ㅋㅋ
yt_comment,슈카월드,FNT-gOjT8Kw,3주 전,15,우리나라 엔진이 1599cc인 이유 거기에 터보를 붙이는 이유도 자동차 세금이랑 상관관계가 있음
yt_comment,슈카월드,FNT-gOjT8Kw,3주 전,6,세금 때문이라면 싱가포르도 경차를 타야지. 일본 도로는 정말 좁고 주차장이 있다러다도 경차 아님 못 대는 곳 많음.
yt_comment,슈카월드,FNT-gOjT8Kw,3주 전,5,돈도 읍꼬 주차장 이슈도 추가!
yt_comment,슈카월드,FNT-gOjT8Kw,3주 전,5,일본은 주택법상 주차장이 없으면 건물설계허가를 안내줘서 경차를 선호하는것도 있음
yt_comment,슈카월드,FNT-gOjT8Kw,3주 전,2,"오래된차는 연비가 떨어지고, 환경오염 심해지는데
가솔린차 빨리 빨리 후진국에 수출해서 공기가 좋은것"
yt_comment,슈카월드,FNT-gOjT8Kw,3주 전,1,"그래서 그런지 일본 차가 중간이 없게 느껴지긴함ㅋㅋ

아예 경차거나 페라리 벤츠amg 같이 확 사치로 가던가 둘 중 하나였던거 같음"
yt_comment,슈카월드,FNT-gOjT8Kw,3주 전,0,오..
yt_comment,슈카월드,FNT-gOjT8Kw,3주 전,0,"도로가 ㅈㄴ쫍음. 큰차몰기 정말 힘듬. 한국도 과속방지턱때문에 차체낮은차가 잘안팔리는거처럼, 환경때문에 문화가 그렇게 정착된거임. 님이말한 세금도 그 환경이라고 생각함."
yt_comment,슈카월드,FNT-gOjT8Kw,3주 전,7,작은걸 선호하는거 맞음
yt_comment,슈카월드,FNT-gOjT8Kw,3주 전,40,@zzangch  님 일본 경차랑 중형차 과세 차액 알아보고 오셈
yt_comment,슈카월드,FNT-gOjT8Kw,3주 전,8,​ @zzangch 작은걸 왜선호하냐ㅋㅋㅋㅋ 좋은차 다 좋아하지
yt_comment,슈카월드,FNT-gOjT8Kw,3주 전,39,@z @zzangch  일본도 거품경제 전성기에 중대형차 잘팔렸어요.
yt_comment,슈카월드,FNT-gOjT8Kw,3주 전,4,@shuri125  버블시기때도 큰차는 별로 선호를 하지않았음
yt_comment,슈카월드,FNT-gOjT8Kw,3주 전,5,"@zzangch  버블경제시기에 토요타 크라운이 잘 팔렸다고 들었는데, 준대형차였잖아요?"
yt_comment,슈카월드,FNT-gOjT8Kw,3주 전,0,"​ @zzangch  롯폰기에 벤틀리, 롤스로이스, 캐딜락에 기사 붙여서 유흥하러가고 오다이바에서 페라리, 람보르기니, 포르쉐들이 뚜껑열고 돌아다니는데 마이클잭슨, 퀸, 비틀즈가 일본 공중파에서 라이브하던게 일본 버블이었음. e 세그먼트 기준인 전장 5m 이상 준대형, 대형 차량 판매율이 피크치 기준 50%였던 시대임"
yt_comment,슈카월드,FNT-gOjT8Kw,3주 전,4,​ @zzangch 일본은 차고지 등록문제때문에라도 경차외에는 복잡해짐
yt_comment,슈카월드,FNT-gOjT8Kw,3주 전,2,@poonde 5만명 이상의 도시는 경차도 차고지 증명제 대상임
yt_comment,슈카월드,FNT-gOjT8Kw,3주 전,1,​ @zzangch 맞긴 뭐가 맞아
yt_comment,슈카월드,FNT-gOjT8Kw,3주 전,0,​ @zzangch 그거 심심하면 안전성 의심당함
yt_comment,슈카월드,FNT-gOjT8Kw,3주 전,1,​ @zzangch  전 큰게좋은데
yt_comment,슈카월드,FNT-gOjT8Kw,3주 전,2,@Pimeda  저는 둘다 좋은데
yt_comment,슈카월드,FNT-gOjT8Kw,3주 전,1,"일본사는데 차 소유는 안 하고 있어서 세금은 모르겠고 대신 가끔씩 렌트하거나 타임즈 카쉐어 이용하는데 난 일부러 처음부터 경차 예약할 때도 많음.
일본 길도 좁고 해서 경차가 걍 운전도 주차도 편함. 
큰차는 운전도 빡세고 직접 일본 사는 입장에서 큰차의 메리트를 잘 모르겠음."
yt_comment,슈카월드,FNT-gOjT8Kw,3주 전,1,​ @zzangch 이분 버블시기 일본 본적없다에 내손모가지 건다.
yt_comment,슈카월드,FNT-gOjT8Kw,3주 전,0,경찰 출동속도도 빨라지니 해결?
yt_comment,슈카월드,FNT-gOjT8Kw,3주 전,0,미국은 그걸로 총격싸움 안해요
yt_comment,슈카월드,FNT-gOjT8Kw,3주 전,1,​ @tonythaiger93  ㅇㅇ 저런 이유로 안일어나고 그냥 아무이유없이 일어나는 편이지
yt_comment,슈카월드,FNT-gOjT8Kw,3주 전,60,엘리베이터 얘기를 뺄 수 없다고 생각했는데 바로 나오네 ㅋㅋㅋ 역시 슈카형!
yt_comment,슈카월드,FNT-gOjT8Kw,3주 전,6,미국은 자연재해로 매년 10만채가 소실된다
yt_comment,슈카월드,FNT-gOjT8Kw,3주 전,5,예전에 미국은 왜 단독주택에서만 사냐고 미국사는 친구(택사스)한테 물어봤는데 미국에서 아파트는 소득수준 낮은 사람들이나 가서 사는 집이라는 인식이 강하고 그런 사람들이 사는 곳은 치안이 열악하다고 생각해서 아파트를 굉장히 꺼린다고 하더라구요.. 공급도 월세인가 밖에 없다고 했었던거 같은데 이건 기억이 가물.
yt_comment,슈카월드,FNT-gOjT8Kw,3주 전,0,"다른주나 다른 지역은 어떤지 모르는데 캘리포니아는 다운타운이나 특정 지역을 빼고, 주택가는 고층 건물을 못짓게 돼어있습니다."
yt_comment,슈카월드,FNT-gOjT8Kw,3주 전,0,3:13 뉴욕이 빠졌네요 ㅋㅋ
yt_comment,슈카월드,FNT-gOjT8Kw,3주 전,4,"밑바닥 어느나라 얘기인줄 아셨습니까
저쪽 어디에는 밑바닥에도 바닥이란게 있단다"
yt_comment,슈카월드,FNT-gOjT8Kw,3주 전,0,돌려까기의 장인 슈카형 ㅋㅋㅋ
yt_comment,슈카월드,FNT-gOjT8Kw,3주 전,0,"미국에 아파트가 생기면,
층간 소음 있을때 어찌되려나. 저나라는 총이 있는데."
yt_comment,슈카월드,FNT-gOjT8Kw,3주 전,1,15:00 사는 사람들 수준이 맞추어 진다. 아......
yt_comment,슈카월드,FNT-gOjT8Kw,3주 전,0,형님이 걱정됩니다...
yt_comment,슈카월드,FNT-gOjT8Kw,3주 전,24,엘리베이터애기는 레전드네요 ㅋㅋ
yt_comment,슈카월드,FNT-gOjT8Kw,3주 전,0,7:31. 지진이 흔한 켈리포니아에선 저렇게 높은 건물 짓기 힘들어요.. 특히 땅이 약해서...
yt_comment,슈카월드,FNT-gOjT8Kw,3주 전,175,삼성도 최근에 조립식 주택 어필하던데… 우리나라 겨냥한게 아니라 미국을…?
yt_comment,슈카월드,FNT-gOjT8Kw,3주 전,0,7:11 이렇게 지으면... 허리케인도 버텨요~
yt_comment,슈카월드,FNT-gOjT8Kw,3주 전,201,총기소유 합법국가에서 k아파트 층간소음 나면 엄...
yt_comment,슈카월드,FNT-gOjT8Kw,3주 전,25,우린 이 게임을 해봤어요
yt_comment,슈카월드,FNT-gOjT8Kw,3주 전(수정됨),5,"엘르베이터 노조 이야기는 ㅋㅋㅋㅋ 가끔 한국 노조 너무 강성이라고 기업들보고 미국으로 가라는 황당한 이야기하는 사람들 있던데 그 트럼프 조차 벌벌떨면서 노조모임에 가서 립서비스해주는게 미국 노조임. 애초에 우리나라 노조문화와 관련 법이 죄다 미국에서 넘어온건데 미국은 노조가 없는줄 아는 사람들이 있더라고.
민주주의가 멀쩡하게 작동하면 좋던 싫던 당연히 생기는 조직이 노조라니까. 개인의 표에 힘이 강할수록 노조의 힘도 강해짐."
yt_comment,슈카월드,FNT-gOjT8Kw,3주 전,1,와...창조경제..
yt_comment,슈카월드,FNT-gOjT8Kw,3주 전,160,아파트가 갱단이 장악하기 쉬운게 입구가 적어서 거기만 통제하면 전체에 영향력을 가질수 있음
yt_comment,슈카월드,FNT-gOjT8Kw,3주 전,1,미국은 아파트로 지으면 층간소음으로 총맞을거같은데
yt_comment,슈카월드,FNT-gOjT8Kw,3주 전,3,중소기업이 짓는거던데;
yt_comment,슈카월드,FNT-gOjT8Kw,2주 전,0,우린 이 게임 해봤거임
yt_comment,슈카월드,FNT-gOjT8Kw,3주 전,6,Dx 적자나니까 해결 방안으로 보는거죠
yt_comment,슈카월드,FNT-gOjT8Kw,3주 전,4,미국에서 삼성 조립식 주택 짓는다면 탄식하며 동차원에서 들고 일어남. 절대로 못 지음.
yt_comment,슈카월드,FNT-gOjT8Kw,2주 전,0,​ @1xCosx1 그거 벌목 카르텔이  깊어서 그런거
yt_comment,슈카월드,FNT-gOjT8Kw,3주 전,7,​ @1xCosx1 ? 뭔말이에요 ㅋ
yt_comment,슈카월드,FNT-gOjT8Kw,3주 전,3,​ @satosi_da_yo 미국은 주마다 건축양식이 정해져있어서 그런듯
yt_comment,슈카월드,FNT-gOjT8Kw,3주 전,2,호주 살았는데 거기 아파트는 더 노답임. 미국도 만만치 않을거 같은데
yt_comment,슈카월드,FNT-gOjT8Kw,3주 전,0,돈도 많겠다   짝수층 비우고 살면 됨
yt_comment,슈카월드,FNT-gOjT8Kw,3주 전,2,@알래스카범고래  2층위에 소리도 타고내려와서 그냥 두껍게 짓자~
yt_comment,슈카월드,FNT-gOjT8Kw,3주 전,8,@알래스카범고래   그럼 그냥 튼튼하게 지으면 안될까요
yt_comment,슈카월드,FNT-gOjT8Kw,3주 전,0,ㄹㅇ 층간소음 없애려면 층고 높은 거로도 해결불가고 층과 층 사이 틈을 크게 만드는 수 밖에 없는 듯
yt_comment,슈카월드,FNT-gOjT8Kw,3주 전,0,걍 위에다 쏘면 해결이네 ㅋㅋ
yt_comment,슈카월드,FNT-gOjT8Kw,3주 전,7,"미안한데, 보통 미국 콘도 같은 경우는 층간소음에 불리한 벽식이 아니라 기둥식임. 게다가 카펫 문화(물론 최근엔 나무마루바닥을 많이 씀)라서 층간소음은 어느정도 없음.
물론 오래된 저층 아파트 같은 경우는 5층정도여도 목조로 짓기 때문에(이해가 안가겠지만, 5층 아파트인데 목조임) 신축은 문제가 없는데, 한 20~30년된 구축에 관리안되면 통로 걸을때마다 ""삐그덕""소리남."
yt_comment,슈카월드,FNT-gOjT8Kw,3주 전,3,"​ @yanggun1004 ......미국 살아보신거 맞나요? ㅋ 짧게 몇달 살아보기 이런거 말고 실제 생활해보셨나요? 미국의 대도시들도 벽식이 많아요.....뉴욕, 보스턴, 시카고 같은 오래된 도시일수록 아파트들 오래된곳 많고 벽식입니다...층간소음요? 한국은 양반입니다. 지금 살고있는 곳은 옆집에서 조금만 소리질러도 다 들리고요....목조뿐아니라 뉴욕같은 곳 고층아파트도 마찬가지에요....그냥 다들 그러려니 하고 삽니다. 그게 싫으면 교외가서 주택살아야죠. 또 한국처럼 예민돌이들 많은 곳도 없어요....층간소음은 공동주택에서는 다들 생활소음으로 생각하고 감안하고 삽니다."
yt_comment,슈카월드,FNT-gOjT8Kw,3주 전,0,​ @rlakeglsxoeh    우리나라  요즘 짓는 아파트도 층간소음 있는거보면  얼마나 튼튼하게  지어야  소음이 없을 지...
yt_comment,슈카월드,FNT-gOjT8Kw,3주 전,6,​ @rlakeglsxoeh 자재 아껴서 엘베값 내야된대요
yt_comment,슈카월드,FNT-gOjT8Kw,3주 전,1,​ @rlakeglsxoeh 아무리 튼튼하게 지어도 마음만 먹으면 개판됨
yt_comment,슈카월드,FNT-gOjT8Kw,3주 전,1,@rlakeglsxoeh 튼튼하게 지으려고 하면 분양가 올라서 조합원들이 반대함😂
yt_comment,슈카월드,FNT-gOjT8Kw,3주 전,6,건물 통째로 날리는게 아닌 호수 하나하나를 제압해야 하는 지옥의 도시지역직전 ㄷㄷ
yt_comment,슈카월드,FNT-gOjT8Kw,3주 전,4,저지드레드가 필요했구만
yt_comment,슈카월드,FNT-gOjT8Kw,3주 전,1,@hornofcat ㅋㅋㅋㅋㅋㅋ
yt_comment,슈카월드,FNT-gOjT8Kw,3주 전,3,와 구룡성채!
yt_comment,슈카월드,FNT-gOjT8Kw,3주 전,3,그 논리면 뉴욕 고층빌딩도 테러가 쉽겠지. 테러 대비한 구조로 만들거고 애초에 수성에 좋은구조라 테러범들도 부담스러울거임. 나올때 창문에서 노리고 있다고 생각해봐
yt_comment,슈카월드,FNT-gOjT8Kw,3주 전,2,오호 이런 생각은 안해봤는데...그럴수 있겠네. 경찰이 진압하기 어렵겠다 ㅋㅋ
yt_comment,슈카월드,FNT-gOjT8Kw,2주 전,1,그럼 그냥 복도식 아파트 지으면 되는거'아님?
yt_comment,슈카월드,FNT-gOjT8Kw,3일 전,0,@iloit_music 모텔마냥
yt_comment,슈카월드,FNT-gOjT8Kw,3주 전,26,"그래서 롯데타워는 테러범이 타워 장악하는 불상사를 막기 위해 국내 최초 민간 테러 대응팀 L-SWAT을 운영중임
전부 특수부대 출신들로 구성돼 있다고 함"
yt_comment,슈카월드,FNT-gOjT8Kw,3주 전,12,@BugUpDown  있긴 한데 곤봉과 후추스프레이로 무장한 사실상 정예경비아저씨 수준이라 테러같은 무력상황이 발생하면 할 수 있는 게 없음....
yt_comment,슈카월드,FNT-gOjT8Kw,3주 전,11,"​ @양반김-m8r 당연한 거임 민간인한테 총을 줄 순 없잖음
저런 것도 없으면 테러조직이 순식간에 타워 장악 해버릴 거임 
어느정도 지연시켜서 특부 오는 시간만 벌어도 쓰임은 다 한 거"
yt_comment,슈카월드,FNT-gOjT8Kw,3주 전,6,​ @BugUpDown 그런데 놀랍게도! 특수경비직종 자격자 선발이라 유사시 실탄화기를 사용 가능한 직종이었음! 타워에 실총을 보관하는지는 알 수 없음...
yt_comment,슈카월드,FNT-gOjT8Kw,3주 전,1,​ @양반김-m8r 그냥 홍보지 실탄 보유는 야생동물 사냥 아닌이상 불가능함
yt_comment,슈카월드,FNT-gOjT8Kw,3주 전,2,@BugUpDown  그 부대에  비정규직 알바 있을 듯.. 이제 알바의 최저시급으로 생활이 힘든 대원 중 하나가 배신을 하게 되고...
yt_comment,슈카월드,FNT-gOjT8Kw,3주 전,4,항상 응원합니다 👍
yt_comment,슈카월드,FNT-gOjT8Kw,3주 전,0,버크셔에서 괜히 주택건설주 투자한게 아니다
yt_comment,슈카월드,FNT-gOjT8Kw,3주 전,10,이런 거보면 진짜 우리나라가 좋은 나라다
yt_comment,슈카월드,FNT-gOjT8Kw,3주 전,1,17:45 정보) 놀랍게도 FM 하다 ‘나도 감독이나 해볼까’하던 사람이 현재 프랑스 1부리그 감독이다
yt_comment,슈카월드,FNT-gOjT8Kw,3주 전,2,미국식 싱글주택에서 살아보면 아무리 고급 아파트라도 삶의 질이 다르다는걸 알게됨.
yt_comment,슈카월드,FNT-gOjT8Kw,3주 전,21,엘베 노조는 생각도 못했다...와....
yt_comment,슈카월드,FNT-gOjT8Kw,3주 전,12,구룡성채가 아니라 Nine Dragon Castle이 오는건가
yt_comment,슈카월드,FNT-gOjT8Kw,3주 전(수정됨),0,건축비를 감당하지 못함. 문화적으로 도심아니면 저런 주택수요도 없음
yt_comment,슈카월드,FNT-gOjT8Kw,3주 전,1,진짜 문화충격이네
yt_comment,슈카월드,FNT-gOjT8Kw,3주 전,9,주택법안 통과됬어요 10일지나면 자동통과입니다 거부권 행사안해서 통과됬어요 ㅋ
yt_comment,슈카월드,FNT-gOjT8Kw,3주 전,1,"""헤에에엘로오오우, 나이트 시티이이이이"""
yt_comment,슈카월드,aE-zl1rl-Vc,4주 전,2.5천,"90년대 말 인터넷 몰빵 했던것처럼
이번에도 잘 되어서 후손들이 먹고 살 길이 열리길"
yt_comment,슈카월드,aE-zl1rl-Vc,4주 전,765,투자할 방향성을 잡았고 투자할 리소스가 있으니 얼마나 다행인가. 우리 후손들을 위해서라도 꼭 성공시킵시다!
yt_comment,슈카월드,aE-zl1rl-Vc,4주 전,1.2천,"여야를 떠나서 제발 잘되길 바랄 뿐임
저런거 하나 투자 잘하면 나라를 몇십년간 먹여 살림
우리가 반도체 , 자동자 , 조선 등으로 몇십년간 먹고산것처럼"
yt_comment,슈카월드,aE-zl1rl-Vc,4주 전,1.3천,투자도 돈이 들어올때 해야하는게 맞음 타이밍은 정확함
yt_comment,슈카월드,aE-zl1rl-Vc,4주 전,1천,한국은 항상 이렇게 뭔가에 집중투자하고 성공하기가 연속이였으니까 이번도 믿을게!!!
yt_comment,슈카월드,aE-zl1rl-Vc,4주 전,345,"대한민국쿤,.. 나 사실...너가 잘됐으면 좋겠어"
yt_comment,슈카월드,aE-zl1rl-Vc,3주 전,119,그냥 잘됐으면 좋겠다 우리나라...
yt_comment,슈카월드,aE-zl1rl-Vc,4주 전,316,이건 무조건 성공해야한다 나라
yt_comment,슈카월드,aE-zl1rl-Vc,4주 전,436,"우리 부모님, 조부모님이 이 악물고 도전해서 지금의 대한민국이 있었지. 이제 우리가 도전해서 더 좋은 대한민국을 만들 시기임"
yt_comment,슈카월드,aE-zl1rl-Vc,4주 전,1.4천,올인해야 한다. 지금 못 하면 중국에 잡아먹힌다
yt_comment,슈카월드,aE-zl1rl-Vc,4주 전,20,가자가지가자가 드가자~~
yt_comment,슈카월드,aE-zl1rl-Vc,4주 전,13,"진짜 중국한테 모든 분야 지기전에, 투자하고 성공해야함"
yt_comment,슈카월드,aE-zl1rl-Vc,4주 전,4,진짜 대한민국 뭉쳐서 이 위기를 기회로 만들어보자!!!!
yt_comment,슈카월드,aE-zl1rl-Vc,3주 전,4,"피터 드러커의 명언, 미래는 예측하는 것이 아니라 만드는 것이다."
yt_comment,슈카월드,aE-zl1rl-Vc,4주 전,31,잘되서 젊은이들 일자리가 많이 생겼으면 좋겠네요.
yt_comment,슈카월드,aE-zl1rl-Vc,4주 전,165,딴건 몰라도 해외가 아닌 국내에 공장을 짓는다는거에 감사해야한다.
yt_comment,슈카월드,aE-zl1rl-Vc,4주 전,2,언제나 시대의 흐름을 선점하는 대한민국!
yt_comment,슈카월드,aE-zl1rl-Vc,4주 전,109,전쟁은 시작됐다. 가만히 있어도 죽게 돼있어. 그냥 우리가 모두 뭉쳐서 이겨야합니다.
yt_comment,슈카월드,aE-zl1rl-Vc,4주 전,5,로봇 경비 세종시 근무하겠군요😂
yt_comment,슈카월드,aE-zl1rl-Vc,4주 전,20,이 나라의 수많은 도둑들이 허락할까
yt_comment,슈카월드,aE-zl1rl-Vc,4주 전,125,진짜 대대손손 잘 사는 부강한 대한민국을 기원한다 🇰🇷 ❤
yt_comment,슈카월드,aE-zl1rl-Vc,4주 전,23,​ @Heroseoul 대대손손 잘살 인구가 없음
yt_comment,슈카월드,aE-zl1rl-Vc,3주 전,0,😊ㅂㅂㅂㅂㅂㅂㅂㅂㅂㅂㅂㅂㅂ😊ㅂ😊
yt_comment,슈카월드,aE-zl1rl-Vc,3주 전,0,11:12 11:13
yt_comment,슈카월드,aE-zl1rl-Vc,2일 전,0,진짜 땅이 좁네요. 통일해서 국토도 넓히고 노동력도 넓히고 가자!!!
yt_comment,슈카월드,aE-zl1rl-Vc,3주 전,20,반드시 성공하길 바라고 그럴거다
yt_comment,슈카월드,aE-zl1rl-Vc,3주 전,15,인터넷몰빵이 뭔소리임 ㅋㅋ 다 제조업인데
yt_comment,슈카월드,aE-zl1rl-Vc,3주 전,8,@user-sl309jd90  인터넷 관련 제조업 말하는 거지... 뭔 유추하는 세포 자체가 없어?
yt_comment,슈카월드,aE-zl1rl-Vc,4주 전,39,그니까요 다들 이 생각일듯… 내가 이렇게 잘 살게되었듯 후손들도…
yt_comment,슈카월드,aE-zl1rl-Vc,3주 전,4,안터넷은 새로움에 대한 대비 성격이 강했지만 이건 그냥 투기야…
yt_comment,슈카월드,aE-zl1rl-Vc,4주 전,18,겠냐 ㅋ
yt_comment,슈카월드,aE-zl1rl-Vc,4주 전,88,DJ가 정보화한게 ㄹㅇ 신의 한수였음 ㅇㅇ
yt_comment,슈카월드,aE-zl1rl-Vc,3주 전,2,​@Sjvien헐... 진짜 웃낀다 ㅍ
yt_comment,슈카월드,aE-zl1rl-Vc,4주 전,69,@Sjvien디제이가 북에 돈줘서 핵만든게 신의한수지 개솔이로 띄어주네 ㅋㅋ
yt_comment,슈카월드,aE-zl1rl-Vc,4주 전,3,그당시 몰빵으러 imf 산업기반 몇개를 날려먹었는데
yt_comment,슈카월드,aE-zl1rl-Vc,3주 전,8,@이승원-z4c  역사를 모르네 ㅉㅉ imf가 그 전이란다
yt_comment,슈카월드,aE-zl1rl-Vc,4주 전,12,​ @이승원-z4c IMF로 난리나서 찾은게 인터넷 투자임
yt_comment,슈카월드,aE-zl1rl-Vc,3주 전,2,대중이가 옥살이 할때 엘빈토플러 책 읽고 그 말들은게 인생 최대업적
yt_comment,슈카월드,aE-zl1rl-Vc,4주 전,38,겠냐 ㅋㅋㅋㅋㅋ 나라 꼬라지를 봐라 이제 꼴아박을일만 남았는데 ㅋㅋㅋㅋ
yt_comment,슈카월드,aE-zl1rl-Vc,4주 전,47,@user-vm1wg6tt9v그럼 인버스에 재산때려박아 그럼 인정해줄게 ㅋ
yt_comment,슈카월드,aE-zl1rl-Vc,4주 전,27,난 이 댓글이 왤케 현실이랑 괴리감들지… 혹시 딴 세상 사시나요..??
yt_comment,슈카월드,aE-zl1rl-Vc,3주 전,6,@rooosisii7439 님은 어느 세상 사시길래…
yt_comment,슈카월드,aE-zl1rl-Vc,3주 전,3,​ @rooosisii7439 님은 IMF충격에서 아직도 못벗어나는 태국이나 말레이시아 인도네시아에 살아야 무슨말인지 이해할듯 ㅉㅉ
yt_comment,슈카월드,aE-zl1rl-Vc,4주 전,1,ㅋㅋㅋㅋㅋㅋㅋㅋㅋㅋ
yt_comment,슈카월드,aE-zl1rl-Vc,3주 전,1,구글은 엄청난 성공을 했지만 야후는 쇠퇴했고 수많은 닷컴 기업들은 사라졌음 AI도 비슷할 가능성이 커요 그 안에서 승자가 되는 기업은 일부
yt_comment,슈카월드,aE-zl1rl-Vc,3주 전,1,"몰빵은 아니죠...자동차, 철강, 건설, 문화 컨텐츠..... 몰빵한 적 없어요. 몰빵은 항상 위험합니다"
yt_comment,슈카월드,aE-zl1rl-Vc,4주 전,10,"먹고 살 후손이 없다
인구 소멸중이라"
yt_comment,슈카월드,aE-zl1rl-Vc,3주 전,0,​ @vin5520  그런 너는 모쏠아다ㅋㅋ
yt_comment,슈카월드,aE-zl1rl-Vc,2주 전,0,@vin5520 인구 감소가 오히려 좋은 상황임 피지컬ai 시대가되면 로봇 노동력으로 대체 될껀데 남은 잉여인간 많으면 엄청난 부담이 됨 인구만 많고 기술은 없는 후진국은 더 가난해지고 영원이 선진국이 될수가 없게 될 가능성이 높음
yt_comment,슈카월드,aE-zl1rl-Vc,3주 전,4,"그때처럼 국가에 뭐가 없어서 성장할만한 동력이 없는게 변수죠
그땐 개발할게 많았는데 지금은 전부 레드오션이라 확률이...
국가는 성장하는데 국민들은 고통에 신음하는게 왜 자꾸 일본을 따라가는지 모르겠네"
yt_comment,슈카월드,aE-zl1rl-Vc,4주 전,40,호남에 투자한다고 할땐 거품 물던 그세력들이 영남에도 투자한다니까 조용해지는게 개웃기네ㅋㅋㅋ
yt_comment,슈카월드,aE-zl1rl-Vc,4주 전,22,​ @교권보호국임한림 지 맘대로 조용 ㅇㅈㄹ ㅋㅋㅋ
yt_comment,슈카월드,aE-zl1rl-Vc,4주 전,6,​ @교권보호국임한림 뇌피셜 싸지르기~ 조용하다고 호도해버리기~
yt_comment,슈카월드,aE-zl1rl-Vc,4주 전,5,@교권보호국임한림  조?용
yt_comment,슈카월드,aE-zl1rl-Vc,4주 전,15,"IT 강대국을 만들어 준 것 처럼요!
우리 다음세대들도 잘 살길!!"
yt_comment,슈카월드,aE-zl1rl-Vc,4주 전,7,90년대 말이면 닷컴버블
yt_comment,슈카월드,aE-zl1rl-Vc,4주 전,54,@난희-r4q  하지만 광랜은 깔렸죠?
yt_comment,슈카월드,aE-zl1rl-Vc,4주 전,15,​ @난희-r4q 새롬기술 골드뱅크 등의 거품이 있었지만 네이버 다음 nc 넥슨 등 뛰어난 it 기업등이 탄생하여 it강국의 초석을 다진기간.. ai시대에도 새로운 기업들이 생겨나길..
yt_comment,슈카월드,aE-zl1rl-Vc,4주 전,2,​ @난희-r4q 버블이후에 콘크리트층 생겼죠?
yt_comment,슈카월드,aE-zl1rl-Vc,4주 전,12,제2의 닷컴버블?
yt_comment,슈카월드,aE-zl1rl-Vc,4주 전,9,IMF ㄷㄷ
yt_comment,슈카월드,aE-zl1rl-Vc,3주 전,0,"90년대말 인터넷 몰빵 안 했음
80년대부터 차근차근 준비하던 거고 90년대 말에 계획보다 좀 더 앞당겨서 했을 뿐임"
yt_comment,슈카월드,aE-zl1rl-Vc,3주 전,4,후손한테 빚더미만 냄겨놓고는 선심쓰는척은 ㅋㅋ
yt_comment,슈카월드,aE-zl1rl-Vc,4주 전,1,인터넷으로 우리가 멀 먹고 살고 있는데?? 이런이야긴 첨들어본다.
yt_comment,슈카월드,aE-zl1rl-Vc,3주 전,5,@muldergogo 와 이건 뭐 최소한의 성의도 없네 모르면 공부좀 해라 제발 하나하나 다 알려주리
yt_comment,슈카월드,aE-zl1rl-Vc,3주 전,2,@m @muldergogo  그냥 동남아 가서 농사짓고 살아보면 알겁니다. 머리가 생각을 하라고 달아준 것인데 참…..
yt_comment,슈카월드,aE-zl1rl-Vc,3주 전,0,​ @muldergogo 그쵸 🍚 이 먹는건데😊ㅋㅋㅋㅋㅋ
yt_comment,슈카월드,aE-zl1rl-Vc,3주 전,0,"​ @Ksss-j7e  공부는 당신이 해야지,  인터넷은 기간시설에 해당되는데 그게 현재 수익을 내는 산업과 어떻게 연결이 되냐고?
고속도로가 물류와 산업에 미치는 영향..머 이런거 말고..
남들 다하는 안하면 바로 뒤쳐지는 인터넷 설치가 머가 신의 한수인지 설명을 해보란 말이다."
yt_comment,슈카월드,aE-zl1rl-Vc,3주 전,2,@mul @muldergogo 덕에 반도체봐요 ㅋㅋ;;
yt_comment,슈카월드,aE-zl1rl-Vc,3주 전,0,"​ @singsavsing 
농사는 당신이 짓는거고, 인터넷 깔아줬더니 동남아 인터넷도 없다말하면, 이글보고 있는 동남아사람들을 우물안 개구리가 무시하는거지.."
yt_comment,슈카월드,aE-zl1rl-Vc,3주 전(수정됨),2,@muldergogo 한국 IT기술이 그때부터 발전하기 시작했는데 이런소리 하는거보면 우물안개구리는 님이신데? 그러니까 인터넷으로 먹고사는게 없으니 내일부터 인터넷 끊으시라구요
yt_comment,슈카월드,aE-zl1rl-Vc,3주 전,2,"​ @muldergogo ""인터넷으로 우리가 뭘 먹고 살고 있는데??!"" 유투브를 보며..."
yt_comment,슈카월드,aE-zl1rl-Vc,3주 전,0,​@megan-b12k 그걸 한국에서 했냐는거잖아 ㅋㅋ
yt_comment,슈카월드,aE-zl1rl-Vc,3주 전,0,​@Jay-op1vx외국이 플랫폼 회사를 세우면 한국은 한 게 없는게 되나? 광케이블은 남이 깔아줌? 유투버로 수익버는 사람들은 먹고 사는 것도 아님? 유투브처럼 외국 플랫폼만 있고 우린 앱 개발도 안 했음? 외국 기업이면 한국인들 고용 안 해주고? 뭔 소리를 하고 싶은 거지?? 버블 땜에 금전피해와 후유증도 있었지만 투자 덕에 남은 것도 있단 걸 환기시켜주는 거야..
yt_comment,슈카월드,aE-zl1rl-Vc,3주 전,0,​@Jay-op1vx게임산업 한국=엔비디아?😂ㅋㅋㅋㅋㅋ
yt_comment,슈카월드,aE-zl1rl-Vc,4주 전,4,​ @교권보호국임한림 지금은 그런 댓글 없는데 지혼자 주접이네 ㅋ
yt_comment,슈카월드,aE-zl1rl-Vc,3주 전,2,@교권보호국임한림 고향이 어디세요?
yt_comment,슈카월드,aE-zl1rl-Vc,4주 전,24,@교권보호국임한림  호남과 영남을 같은 선상에 놓고 보는게 ㅈㄴ 병싄인거야
yt_comment,슈카월드,aE-zl1rl-Vc,4주 전,7,"​ @maximus_decimus-q8f  ㅇㅇ 호남이 영남에 비해 줫나 뒤쳐졌지 그동안 영남 몰빵했으니ㅇㅇ
그래서 반도체로 호남 지역균형 이루려는데 불만?ㅋ"
yt_comment,슈카월드,aE-zl1rl-Vc,4주 전,13,@교권보호국임한림 불가능한걸 이루려는 생각자체가 개병싄이란걸 증명하는거야ㅋㅋ우주정복을 한다고해 차라리 ㅋㅋ
yt_comment,슈카월드,aE-zl1rl-Vc,4주 전,10,@교권보호국임한림   그럼 다른지역들은?정말 뒤쳐진건 강원도인데 왜 강원도는 가만히 있음? 지리적으로 안되는걸 왜 자꾸 우기는건지 ㅋㅋㅋ우겨서 결국하긴했네 경제적으로 타당성이있지도 않은걸...도대체가 하...
yt_comment,슈카월드,aE-zl1rl-Vc,4주 전,7,"@교권보호국임한림 
애초에 같이 투자계획은 나왔었는데 
호남엔 조건이 안맞는데 뭔"
yt_comment,슈카월드,aE-zl1rl-Vc,4주 전,7,​ @교권보호국임한림  ㅋㅋㅋㅋㅋㅋㅋ  진짜 이렇게 살고싶냐 ㅋㅋ 공감해주는 애들도 없는데 너는 진짜 어떡할까..
yt_comment,슈카월드,aE-zl1rl-Vc,4주 전,33,​ @교권보호국임한림  안조용해졌는데 뭔소리냐 ㅋㅋㅋㅋㅋ 호남에 전기고 용수도 없는데 뭔 투자
yt_comment,슈카월드,aE-zl1rl-Vc,3주 전,0,​ @교권보호국임한림  삼전 하닉 팔비틀어서 억지로 가는거지 개불쌍
yt_comment,슈카월드,aE-zl1rl-Vc,2주 전,0,@이종원-n6v  곱버스까지 하자 이왕박는거
yt_comment,슈카월드,aE-zl1rl-Vc,2주 전,1,@이종원-n6v 때려 박을 돈이 있겠냐
yt_comment,슈카월드,aE-zl1rl-Vc,3주 전,1,@Eoancedo  IMF 구조조정은 DJ 때 본격적으로 했습니다. 당장 하이닉스가 어디서부터 어떻게 간판 바꿔왔는지만 봐도
yt_comment,슈카월드,aE-zl1rl-Vc,3주 전,5,@성이름-s8u4y IMF가 터져서 금융지원을 받기위해 어쩔수 없이 구조조정을 했는데 그걸 이렇게 왜곡하네
yt_comment,슈카월드,aE-zl1rl-Vc,3주 전,0,​ @singsavsing  뭘 왜곡했다는거임?
yt_comment,슈카월드,aE-zl1rl-Vc,3주 전,2,​ @hmb05 구조조정을 산업기반 날려먹었다 표현하니 글치 ㅉㅉ 이게 왜곡아니면 모가 왜곡이냐?
yt_comment,슈카월드,aE-zl1rl-Vc,4주 전,7,@엄영희-h1k ㅗ
yt_comment,슈카월드,aE-zl1rl-Vc,4주 전,42,​ @엄영희-h1k  망하게 뒀었어야 했는데 이런 애들 까지 멱살잡고 캐리해준게 신의 한수지ㅋㅋ
yt_comment,슈카월드,aE-zl1rl-Vc,4주 전,10,@이종원-n6v   투명하다 투명해
yt_comment,슈카월드,aE-zl1rl-Vc,3주 전,12,​ @엄영희-h1k  총풍사건이라고 아시나요? 북에 돈 쥐어주고 미사일 쏴주라 부탁한 당 어데?😊
yt_comment,슈카월드,aE-zl1rl-Vc,3주 전,2,​ @엄영희-h1k 단순하다 참 ㅋㅋㅋ
yt_comment,슈카월드,aE-zl1rl-Vc,3주 전,1,​@user-wk8mi8yb5y당시 북한이 망했으면 우리가 잘살았을까? IMF 구조조정으로 엄혹한 시기에 북한 탈북자들 쏘다져 들어왔음 우리나라 경제 엄청 잘돌아 갔겠다  취업률도 증가하고 ㅉㅉ 꼭 그시대를 살아 보지도 못한것들이 인터넷 몇줄로 당시 상황을 다아는줄 알아 ㅉㅉ
yt_comment,슈카월드,aE-zl1rl-Vc,3주 전,2,​ @kinzko 피지컬AI.가전AI.지식AI.설계AI 전자동시대가 허상이긴하죠¿?😊
yt_comment,슈카월드,aE-zl1rl-Vc,4주 전,4,@vin5520 ㅎㅎㅎ 이민자들 먹여 살려야지
yt_comment,슈카월드,aE-zl1rl-Vc,4주 전,16,"​ @vin5520 노동력이 국력을 결정한다라는건 옛날 이야기고 피지컬ai가 양산되면 인구수가 줄어드는건 별다른 문제가 안됨 노동력도 ai가 대체할수있으니
오히려 인구가 줄어드는게 나을수도 있음 책임자나 관리자 한두명만 사람쓰고 나머진 안드로이드로 대체해도 되니까"
yt_comment,슈카월드,aE-zl1rl-Vc,3주 전,12,@무혼혈 ㅇㅇ 오히려 괜찮은듯 잘 풀리면 ㄹㅇ 유토피아지 인구도 없는데 노동력은 풍부한
yt_comment,슈카월드,aE-zl1rl-Vc,3주 전,4,"@무혼혈  한국만 존재한다면 맞지만, 여전히 국제사회에서 살아남으려면 국력=인구수임. 인구가 줄어도 살아남을 순 있겠지만 글로벌 영향력은 줄어들 수 밖에 없음."
yt_comment,슈카월드,aE-zl1rl-Vc,3주 전,0,@안녕하십니까-l3b  한국은 지금 거대하지만 스위스는 작지만 영향력이 강하긴함ㅋㅋ 천재들도 많고 신기함.
yt_comment,슈카월드,aE-zl1rl-Vc,3주 전,0,​ @vin5520 저도 결혼은 안했지만 웃픈 댓글이네요 ㅠ
yt_comment,슈카월드,aE-zl1rl-Vc,3주 전,0,@EatYourKimchisabah 아무리 그래도 이민자 받으면 캐나다 꼴날것 같기도 하고 좀 무섭다는 생각이 들어요 아무나 받으면 안된다고 생각해요..단일민족 국가인 한국엔 한국인만 있는게 치안이나 문화적으로도 깔끔하다고 개인적으로 생각하고 있어요. 캐나다 살아보니 참담하더라고요.
yt_comment,슈카월드,aE-zl1rl-Vc,3주 전,1,@무혼혈 공감해요. 인구 줄어도 그것대로 한국인들끼리 나아가면된다고 생각해요. 아무나 외국인 받으면 캐나다나 유럽처럼 되면 돌이킬 수가 없을 것 같아요.
yt_comment,슈카월드,aE-zl1rl-Vc,3주 전,0,​ @Yuksu-27 노인이 인구 50%인데 뭔 유토피아임
yt_comment,슈카월드,aE-zl1rl-Vc,3주 전,0,@hj-ku1bd  생산력이 해결되면 노령화는 문제가 아님;
yt_comment,슈카월드,aE-zl1rl-Vc,3주 전,6,그 자원이 있는데가 가뭄있던 호남
yt_comment,슈카월드,aE-zl1rl-Vc,4주 전,1,반도체로 끌어올린 코스피!   대한민국 코스피의 판이 흔들리고있다  반도체가 꺼지면  코스피도 같이 꺼진다
yt_comment,슈카월드,aE-zl1rl-Vc,3주 전,1,"@abc-wb3tl 당연한거 아닌가 ""배고프면 밥먹어야 한다"""
yt_comment,슈카월드,aE-zl1rl-Vc,3주 전,0,중공과 한패면서 해먹기 전문가들에게 나라의 자원을 몰빵.ㅋㅋㅋ
yt_comment,슈카월드,aE-zl1rl-Vc,3주 전,6,@sunbath-ajk해먹기 전문가는 지금 감옥에 있는 분이시고
yt_comment,슈카월드,aE-zl1rl-Vc,4주 전,26,"잘 하면인데
이번건 시작부터 글러먹었음"
yt_comment,슈카월드,aE-zl1rl-Vc,3주 전,3,절대 잘될리가 없음 ㅋㅋㅋㅋㅋ
yt_comment,슈카월드,aE-zl1rl-Vc,2주 전,8,​ @촘파파2 니 인생만 잘 안되는거임
yt_comment,슈카월드,aE-zl1rl-Vc,3주 전,40,"더 빨리 했어야 한다!! 라고 말하기엔, 당장 1년 전만해도 반도체가 이렇게까지 클 줄도 몰랐고, 세수가 들어올 줄도 몰랐음. GDP도 낮아진다는 말만 있었지. 작년에 했으면 불가능, 거짓말, 사기라고 온통 도배 됐을 것 같음. 상황이 주어졌고, 빠르고 적절하게 판단했다고 생각함."
yt_comment,슈카월드,aE-zl1rl-Vc,4주 전,18,가보자
yt_comment,슈카월드,aE-zl1rl-Vc,3주 전,0,한참 늦었지 근데 끌어모을 돈조차 없었기도 함
yt_comment,슈카월드,aE-zl1rl-Vc,4주 전,9,타이밍 늦었지
yt_comment,슈카월드,aE-zl1rl-Vc,3주 전,0,@사라-o4s  돈이 없었음 솔직히 군인 월급도 빵급났을 수준인데
yt_comment,슈카월드,aE-zl1rl-Vc,3주 전,4,"이미 추경만 얼마나 많이 했는데...
망한 나라들도 대규모 투자하고 망함.
투자한게 망해서 망한게 아니라
세금 빼돌리려고 대규모 투자해서 망함."
yt_comment,슈카월드,aE-zl1rl-Vc,4주 전,5,타이밍 졸라늦은거아닌가...? ㅋㅋㅋㅋ
yt_comment,슈카월드,aE-zl1rl-Vc,4주 전,10,@호구s  삼성하닉 발목잡혀있을때가 최적이긴 했지 늦었어도 해야할때고 다만 호남은 아님
yt_comment,슈카월드,aE-zl1rl-Vc,3주 전,2,이  투자때문에  나라 거들 날거 같은데  꿈은 크다만 위험해
yt_comment,슈카월드,aE-zl1rl-Vc,3주 전,5,@추블루스카이 위험해도 아무것도 안해도 어차피 말라죽으니 뭐라도 해야지
yt_comment,슈카월드,aE-zl1rl-Vc,2주 전,2,@추블루스카이  지금 위험한 선택을 안해도 예정된 미래가 하락세이기 때문에 리스크를 택해야 합니다. 어쩔수 없고 우리가 할 수 있는건 리스크 건 시도를 성공하는 수밖에 없어요 유일한 방법이에요
yt_comment,슈카월드,aE-zl1rl-Vc,3주 전,11,@유튜브핸들끄는법  호남이 현 시점에 전기가 싸고 물도 싸고 땅도 쌈. 그리고 빠르게 할 수 있는 여건도 다 마련됨. 행정 통합에 군공항 부지도 있고. 호남 아니면 어디 갈 수 있는데
yt_comment,슈카월드,aE-zl1rl-Vc,3주 전,2,@유튜브핸들끄는법  re100을 충족시키고 물이 호남처럼 많은곳이 없음
yt_comment,슈카월드,aE-zl1rl-Vc,3주 전,2,"@김군-b9u  잼버리도 그렇고 이미 세금도둑 많은걸로 유명하자나요.
추경해서 포퓰리즘에 쓴 이정부가 하는 것도 불안할 수 밖에 없구요."
yt_comment,슈카월드,aE-zl1rl-Vc,3주 전,10,@박광일-j8h  잼버리는 전북이고 추경에 포퓰리즘은 니 생각이고. 저렇게 스무스하게 통과된 추경을 본 기억이 없는데. 뭐하나 말이 되는게 없네. 공항 하나도 십수년 아무것도 못하는 영남에다가 할까.
yt_comment,슈카월드,aE-zl1rl-Vc,3주 전,1,@박광일-j8h  그럼 어느 지역으로??
yt_comment,슈카월드,aE-zl1rl-Vc,4주 전,25,"기업이 나서서 집중투자하는건 성공해왔는데
국가가 주도하는건 연전연패였음.. 항상 부작용이 심했지"
yt_comment,슈카월드,aE-zl1rl-Vc,3주 전,10,"​ @JustSmile-ie1nh 항상 기업주도가 정답임. 국가는 적당히 판만 깔아주거나 그냥 보조만 하면 되는거고.
공무원들 끼는 순간 효율 떨어지고 뭘 해도 구려짐."
yt_comment,슈카월드,aE-zl1rl-Vc,4주 전,15,가본다❤
yt_comment,슈카월드,aE-zl1rl-Vc,4주 전,12,"이거 인하면 다른 방도는 뭐가 있는감? 없으면 원안대로 가는거임. 

반대하는 애들 특징은 '그냥 or 감' 이 이유고, 잘 안되면 거봐 내 말 맞잖아. 잘 풀리면 입꾹닫 밖에 없음. 

그런데 어쩌냐, 망하는건 대한민국이 아니라 '나'겠지. 

뭔가를 시작할땐 그냥 잘 되겠지 하나만 보고 가야된다. 시작부터 안된다고 못박으면 '여전히 아무것도 안함' 에서 벗어날 수 없거든."
yt_comment,슈카월드,aE-zl1rl-Vc,4주 전,3,되겠냐?
yt_comment,슈카월드,aE-zl1rl-Vc,4주 전,2,그 때랑 지금이랑 사람들 마음가짐이 달라서 잘 안될 확률이 높다고 생각함.
yt_comment,슈카월드,aE-zl1rl-Vc,4주 전,16,​ @kyungtaeklee5811  니 마음가짐은 인생 안풀리긴할듯
yt_comment,슈카월드,aE-zl1rl-Vc,3주 전,0,@kyungtaeklee5811 이말공감가긴함… 90인데 이게 위랑 아래 사람들이랑 느낌이 다른나라임 문화등등 ㅋㅋㅋㅋ
yt_comment,슈카월드,aE-zl1rl-Vc,4주 전,8,​ @kyungtaeklee5811  그놈의 이번엔 안된다 무새들 다 찢어지기는 했음.
yt_comment,슈카월드,aE-zl1rl-Vc,4주 전,6,"정신 바짝차리고 어른으로써 젊은사람들 잘 리드해야함 대규모의 투자가 어떤 의지와 투쟁우로 이루어졌었는지..
조카 아들 딸에게 잘 가르켜야 함"
yt_comment,슈카월드,aE-zl1rl-Vc,4주 전,2,@성이름-k2h5w 당신 인생이나 걱정하세요.
yt_comment,슈카월드,aE-zl1rl-Vc,3주 전,14,헬조선이래서 미안해… 사실 사랑해 한국쿤..
yt_comment,슈카월드,aE-zl1rl-Vc,3주 전,6,역시 겉으로는 시크해도 알고보면 츤츤하는구먼😊
yt_comment,슈카월드,aE-zl1rl-Vc,3주 전,2,해외여행 한번 이라도 가봄 사람이면 알지 한국이 천국이라는걸 ㅋㅋ
yt_comment,슈카월드,aE-zl1rl-Vc,3주 전,0,와 진짜 멋진 말이에요… 감동이랑 힘받고 갑니다. 화이팅!!
yt_comment,슈카월드,aE-zl1rl-Vc,4주 전,21,유튜브 댓글 답지않게 긍정적이고 좋은댓글이 많네 좋다
yt_comment,슈카월드,aE-zl1rl-Vc,4주 전,3,올 좀 멋짐
yt_comment,슈카월드,aE-zl1rl-Vc,4주 전(수정됨),3,오 멋진말이네. 나도 더 열심히 살아야겠다
yt_comment,슈카월드,aE-zl1rl-Vc,3주 전,3,간만에 긍정적인 댓글 발견해서 희망적이네요~ 맞는 말씀..! 이제는 전국 경쟁 단계가 아니라 세계를 상대로 경쟁하는 시대..! 머리도 몸도 빠르게 돌아가는 우리가 열심히 노력해봅시다~
yt_comment,슈카월드,aE-zl1rl-Vc,3주 전,0,​ @TilltheEnd_JA ㅍㅎㅎ
yt_comment,슈카월드,aE-zl1rl-Vc,3주 전,1,정말 눈물이 납니다
yt_comment,슈카월드,aE-zl1rl-Vc,3주 전,2,ㅋ 웃낀다 ㅋㅋㅋㅋ
yt_comment,슈카월드,aE-zl1rl-Vc,4주 전,24,중국 징짜 어마어마해요 기술력...
yt_comment,슈카월드,aE-zl1rl-Vc,3주 전,6,@Heroseoul  중국 1년 정도 살다왔는데 이제는 중국산 어쩌고 하는 애들 보면 그냥 우물안 개구리 같아요 ㅋㅋㅋ….
yt_comment,슈카월드,aE-zl1rl-Vc,4주 전,10,중국보다 개발자들 임글 후려치며...
yt_comment,슈카월드,aE-zl1rl-Vc,3주 전,4,댓글에 선택적패배주의자 왜이렇게 많아? 손놓고 멍때리는거보다 뭐라도 하는게 낫지
yt_comment,슈카월드,aE-zl1rl-Vc,3주 전,1,@dandylion9830  또 당할라고?
yt_comment,슈카월드,aE-zl1rl-Vc,4주 전,40,올인을 하려면 제대로 해야지!!
yt_comment,슈카월드,aE-zl1rl-Vc,4주 전,1,"​ @illillii-x2q  어떤 뇌과학자가 100%확률로 1억 받을래, 아님 20%확률로 5억 받을래 이랬는데. 우리나라만 도박을 선택했다."
yt_comment,슈카월드,aE-zl1rl-Vc,4주 전,0,@illillii-x2q  올인에 미친 국가 ㅋㅋㅋ
yt_comment,슈카월드,aE-zl1rl-Vc,3주 전,1,왜 기업한테 올인을 시켜?  기업이 누구보다 더 현명하게 판단해왔고. 할거야. 제발 기업인들 냅둬 좀
yt_comment,슈카월드,aE-zl1rl-Vc,3주 전,0,이미 미국이랑 중국한테 잡아먹힌지 오래임 대만한테도 따라잡힌다
yt_comment,슈카월드,aE-zl1rl-Vc,4주 전,18,중국에게 주려고 만드는거지ㅋ
yt_comment,슈카월드,aE-zl1rl-Vc,4주 전,25,이미 윗대가리가 중국편인데 뭐 답이 없지
yt_comment,슈카월드,aE-zl1rl-Vc,4주 전,24,지금은 안 먹힌 줄 아네ㅋㅋㅋㅋ
yt_comment,슈카월드,aE-zl1rl-Vc,4주 전,19,이미 먹힘
yt_comment,슈카월드,aE-zl1rl-Vc,4주 전,10,@몽둥이-c3l  이미 먹혔다 평생 아웅거리면서 사세요. 남들은 발전 할 거니까
yt_comment,슈카월드,aE-zl1rl-Vc,4주 전,4,​ @몽둥이-c3l  아직 완전히 먹히지 않았음. 버팅겨야 함.
yt_comment,슈카월드,aE-zl1rl-Vc,4주 전,3,지금 못 하면?ㅋㅋㅋㅋㅋㅋㅋㅋㅋ
yt_comment,슈카월드,aE-zl1rl-Vc,4주 전,10,​@211st4 그래서 가만히 있으라고?
yt_comment,슈카월드,aE-zl1rl-Vc,4주 전,4,@211st4  쟤네 입안에 들어갔다고 위속으로 떨어질때까지 가만있을 순 없잖아요.. 최대한 입밖으로 나가려고 발악해봐야죠.
yt_comment,슈카월드,aE-zl1rl-Vc,4주 전,4,​@211st4 나라가 먹힌건 잘 모르겠고 확실한건 닌 이미 먹힌것처럼 보이긴하네
yt_comment,슈카월드,aE-zl1rl-Vc,4주 전,13,한국은 자꾸 따먹히노
yt_comment,슈카월드,aE-zl1rl-Vc,4주 전,30,@하나비-m8z  1등할 순 없는 국력이라 그럼
yt_comment,슈카월드,aE-zl1rl-Vc,4주 전,10,"​ @하나비-m8z 아무것도 안하기엔 너무 크고 뭐하나 해서 1등하기엔 너무 작은 나라라 그럼.
아 그럼 우리가 대국도 소국도 아닌 진정한 중국인가"
yt_comment,슈카월드,aE-zl1rl-Vc,3주 전,0,맞는 말임. 중국에게 잡아 먹히기 전에 뭔가를 해야함.
yt_comment,슈카월드,aE-zl1rl-Vc,4주 전,2,이미 기술보다 정치적으로 먹히고있어서ㅎ
yt_comment,슈카월드,aE-zl1rl-Vc,4주 전,20,평생을 부산 경남에 살았지만 호남에 투자하는게 맞다. 땅값. 부지. 수자원. 모든걸 봐도 호남이 맞다. 부산은 해수부 이전만으로도 천운. 한국 앞날이 밝다.
yt_comment,슈카월드,aE-zl1rl-Vc,4주 전,14,"@내아임다18  니 부산 사람 아니지? ㅋㅋㅋㅋㅋㅋㅋㅋㅋ
물은 100번 양보해서 어찌 해결한다쳐도 전기는? 태양광 돌려서 반도체 만든다던데 그게 말이됨??"
yt_comment,슈카월드,aE-zl1rl-Vc,4주 전,27,​ @내아임다18 머라는거임 수자원 전력딸려서 전문가들도 말리는게 호남인데
yt_comment,슈카월드,aE-zl1rl-Vc,4주 전(수정됨),6,로봇을 만들겠다? 중국에서 만들어오지. 현재 중국산 아닌게 얼마나돼? 중국산 부품으로조립만해서.. 광주에가는 이유가  보이는데?
yt_comment,슈카월드,aE-zl1rl-Vc,4주 전,0,@이하이-d9w  중국산 아닌 제조업 얼마나 많은데요;;  그리고 언제적 중국산입니까 ㅋㅋ 거기도 인건비 비싸서 베트남 같은 곳에서 만드는 구만.  기술력만 우리가 가지고 있으면 돼요.
yt_comment,슈카월드,aE-zl1rl-Vc,4주 전,4,​ @이하이-d9w 뭐눈엔 뭐만 보인다더니 개불쌍한 안목이누~ ^^
yt_comment,슈카월드,aE-zl1rl-Vc,4주 전,1,중국이 더 쎈데 뭘 잡아먹혀
yt_comment,슈카월드,aE-zl1rl-Vc,4주 전,31,@hohomommys  이사람 국어 9등급인가요?
yt_comment,슈카월드,aE-zl1rl-Vc,4주 전,8,@hohomommys   잡아먹히는건 당연히 약한쪽이 잡아먹히는 거 아님? 말하는게 좀 이상하네
yt_comment,슈카월드,aE-zl1rl-Vc,4주 전(수정됨),2,​​ @hohomommys  강민철의 기출분석을 읽었더라면 이런 댓글은 달지 않았을 텐데...
yt_comment,슈카월드,aE-zl1rl-Vc,4주 전,2,@바보-sshsjxh98927  국어 13등급 14등급 하면 딱 맞다고 합니다
yt_comment,슈카월드,aE-zl1rl-Vc,4주 전,9,@바보-sshsjxh98927  화짱조라 한국말 못해서 그럼
yt_comment,슈카월드,aE-zl1rl-Vc,4주 전,0,@바보-sshsjxh98927  어허 이제 5등급입니다
yt_comment,슈카월드,aE-zl1rl-Vc,4주 전,0,@hohomommys  옛날에 이미 일본이나 유럽이 잘하던 분야인데도 저렇게 투자해서 지금의 한국 철강이랑 반도체를 만듦
yt_comment,슈카월드,aE-zl1rl-Vc,4주 전,3,"​그냥 좀 첨언하자면 현재는 우리가 앞서고 있는게 맞고

중국은 이 다음 반도체 기술에 목숨걸고 돈을 때려박는중

10년 뒤가 걱정되긴함.
부디 제발 중국만은...차라리 일본이 낫고, 대만이 낫고, 미국이 베스트야.."
yt_comment,슈카월드,aE-zl1rl-Vc,4주 전,8,@주 @주앙펠릭스-z5g 부산에 투자하면 전력 해결됨? 논리자체가 ㅈㄴ 어설프노 ㅋ
yt_comment,슈카월드,aE-zl1rl-Vc,4주 전,4,@주앙펠릭스-z5g 기업이 투자하겠다는데 말이 되냐는둥ㅋㅋㅋ같잖아죽겠네.
yt_comment,슈카월드,aE-zl1rl-Vc,4주 전,5,​ @Mazingaz-o6d ㅋㅋㅋ 뭐라구여? 호남이 수자원이 딸린다구? 또 이상한 유튭보고왔네.ㅋㅋㅋ. 수자원이 딸리는데 그 거대한 논농사를 매년 짓는다고? ㅋㅋㅋ. 공부좀 합시다.
yt_comment,슈카월드,aE-zl1rl-Vc,4주 전,21,​ @내아임다18 아니 그 논농사 하는 물을 반도체 만드는 데 끌고와 버리면 호남 농민들은 흙이나 먹으란 겁니까 그리고 애초에 저수지물 그 좃드른 물로 반도체를 만들면 품질이 좃박을 텐데 아무리 봐도 다른 지역 제끼고 기업 팔 비틀어서 호남 유배 보낸걸로 밖에 안보이는 데
yt_comment,슈카월드,yV0XTcQXFrM,1개월 전,101,용케 매번 다른 나라인척 잘 찾아오시네요 ㅋㅋㅋㅋㅋㅋ
yt_comment,슈카월드,yV0XTcQXFrM,1개월 전,1.2천,사실 우리나라 이야기를 대만으로 치환해서 할 수 있어서 기쁜 슈카면 개추ㅋㅋㅋ
yt_comment,슈카월드,yV0XTcQXFrM,1개월 전,745,'한국 이야기 아니지?' '네' '그래 잘하자'
yt_comment,슈카월드,yV0XTcQXFrM,1개월 전,28,대만 소개팅룩이 TSMC면 한국에선 예전에 울산한정 현대자동차 유니폼이  소개팅 룩이었죠
yt_comment,슈카월드,yV0XTcQXFrM,1개월 전,17,ㅋㅋㅋㅌㅋㅋㅋㅋ하이닉스 썸넬이랑 똑같다!
yt_comment,슈카월드,yV0XTcQXFrM,1개월 전,87,"어이, 그 앞은 [지옥]이다"
yt_comment,슈카월드,yV0XTcQXFrM,1개월 전,7,항상 응원합니다
yt_comment,슈카월드,yV0XTcQXFrM,1개월 전(수정됨),62,썸네일 돌려쓰는거 개웃기네ㅋㅋ
yt_comment,슈카월드,yV0XTcQXFrM,1개월 전,417,ㅋㅋㅋㅋㅋㅋㅋㅋㅋ 썸네일 재활용 ㅋㅋㅋㅋㅋㅋㅋㅋㅋ
yt_comment,슈카월드,yV0XTcQXFrM,1개월 전,3,예전부터 너무나  익숙한 스토리! 빛투
yt_comment,슈카월드,yV0XTcQXFrM,1개월 전,6,진짜 ㅋㅋ 얼마전에 애니트레일러도 봐서 그런지. 신주시 이야기 들으면 들을수록 계속 나이트 시티 생각이 나냐
yt_comment,슈카월드,yV0XTcQXFrM,1개월 전,17,근데 대만은 진짜 생각보다 임금이 낮긴 하더라... 반도체 회사 다니는거 아니면 아예 살기가 힘든 수준임
yt_comment,슈카월드,yV0XTcQXFrM,1개월 전,43,썸넬만 보고 봤던거 또 뜬줄 ㅋㅋㅋ
yt_comment,슈카월드,yV0XTcQXFrM,1개월 전,11,이쯤되면 세계가 사실은 하나의 거대한 한국 아닐까?
yt_comment,슈카월드,yV0XTcQXFrM,1개월 전,3,오늘도 흥미진진한 지구~~
yt_comment,슈카월드,yV0XTcQXFrM,1개월 전,16,사실 우리랑 같은 상황인데 남의 나라 얘기하면 이성적으로 해결 방안을 생각하면서 내 일이 되면 당장의 이익만 생각하는 한국인들
yt_comment,슈카월드,yV0XTcQXFrM,1개월 전,8,"기업 실적이고 뭐고 지금 전세계 투자비중이랑 신용률을보면 결국 누군가는 팔아야하는 시간이 다가왔고
그거는 기업 재무와는 상관없이 투자자들의 치킨게임이 시작되는것뿐임"
yt_comment,슈카월드,yV0XTcQXFrM,1개월 전(수정됨),73,오늘은 너무 파랗게 떨어졌죠
yt_comment,슈카월드,yV0XTcQXFrM,1개월 전,1,전에 봤던거 다시 올라온줄 알았네ㅋㅋ
yt_comment,슈카월드,yV0XTcQXFrM,1개월 전,0,막차타기전에 빠져나오는게 진짜 고수!
yt_comment,슈카월드,yV0XTcQXFrM,1개월 전,11,"대만 여행가면
TSMC 공장,마이크론 공장등
쭉 줄서있는데 그 모습 진자 장관임"
yt_comment,슈카월드,yV0XTcQXFrM,1개월 전,7,치환이 안될 정도로 한국이 훨씬 심함
yt_comment,슈카월드,yV0XTcQXFrM,1개월 전,7,우리나라한테 하고싶은말도 하신거같음 ㅋㅋㅋ
yt_comment,슈카월드,yV0XTcQXFrM,1개월 전,2,개추ㅋㅋ
yt_comment,슈카월드,yV0XTcQXFrM,1개월 전,2,"위에 있는댓 <  ,  > 대신 <  .  > 으로 바꿔서치면됨ㄱㄱ이게 구라면 내 손목건다ㄱㄱㄱㄱ"
yt_comment,슈카월드,yV0XTcQXFrM,1개월 전,1,"친구들이 자꾸 브라우저에 yaka,my 쳐보라길래 봤는데 정신 혼미해진다...영상 사건 터지고 얼굴 보면 다 알텐데 연예계 생활 가능한거누ㅋㅋ"
yt_comment,슈카월드,yV0XTcQXFrM,1개월 전,1,"아 주소에다가 yaka,my 쳐서 들어가면 연예계 유츨 난리길래 방금 봤는데 뒷부분 분수 진짜 미쳤네 ㄷㄷㄷㄷ"
yt_comment,슈카월드,yV0XTcQXFrM,1개월 전,0,"아 주소에다가 yaka,my 쳐서 들어가면 연예계 유츨 난리길래 방금 봤는데 뒷부분 분수 진짜 미쳤네 ㅎㅎㅎㅎ"
yt_comment,슈카월드,yV0XTcQXFrM,4주 전,0,​ @iman-2-w66 😊😅😂😢😂🎉😢😮😊😮
yt_comment,슈카월드,yV0XTcQXFrM,1개월 전,0,"친구들이 자꾸 브라우저에 yaka,my 쳐보라길래 봤는데 정신 혼미해진다...영상 사건 터지고 얼굴 보면 다 알텐데 연예계 생활 가능하냥ㅋㅋ"
yt_comment,슈카월드,yV0XTcQXFrM,1개월 전,9,개웃기네ㅋㅋㅋㅋㅋㅋㅋ
yt_comment,슈카월드,yV0XTcQXFrM,1개월 전,4,박현준 밈이 여기까지 박제되네 ㅋㅋㅋㅋㅋ
yt_comment,슈카월드,yV0XTcQXFrM,1개월 전,0,ㅋㅋㅋㅋㅋㅋㅋ
yt_comment,슈카월드,yV0XTcQXFrM,1개월 전,0,"위에 있는댓 <  ,  > 대신 <  .  > 으로 바꿔서치면됨ㄱㄱ이게 구라면 내 손목건다ㄱㄱㄱ"
yt_comment,슈카월드,yV0XTcQXFrM,1개월 전,0,"아 주소에다가 yaka,my 쳐서 들어가면 연예계 유츨 난리길래 방금 봤는데 뒷부분 분수 진짜 미쳤네 ㅋㅋㅋㅋ"
yt_comment,슈카월드,yV0XTcQXFrM,6일 전,0,"""알아"""
yt_comment,슈카월드,yV0XTcQXFrM,1개월 전,12,브랜드가 다르다고😂
yt_comment,슈카월드,yV0XTcQXFrM,1개월 전,8,아 글자 바꿨다고
yt_comment,슈카월드,yV0XTcQXFrM,1개월 전,1,ai 딸깍 글씨 바꾸기
yt_comment,슈카월드,yV0XTcQXFrM,3주 전,0,"임금이 낮은거지 버는돈이 적은건아님. 
우리나라가 좀 보고배워야하는게 대만은 일만하면 돈을 벌기가 쉬움 인건이싸서 부리기도 좋고 고용을 안하더라도 자기가 뭔가 생각하고 당장 앞에 붕어빵만 팔러가도 최저임금받고 일하는 애들보다 돈 훨씬 범"
yt_comment,슈카월드,yV0XTcQXFrM,1개월 전,0,어느 유튭의 썸네일이죠?
yt_comment,슈카월드,yV0XTcQXFrM,1개월 전,0,@Yongwon-w1y  16:27
yt_comment,슈카월드,yV0XTcQXFrM,4주 전,0,??: 너는 나라 망하길비는 거지 숏충이냐?
yt_comment,슈카월드,yV0XTcQXFrM,1개월 전,2,? 반도체빼고 다 빨간불이던데
yt_comment,슈카월드,yV0XTcQXFrM,1개월 전,0,@NoName-iz1hv 그러면 코스피도 1년 전보다 떨어진건가요?
yt_comment,슈카월드,yV0XTcQXFrM,1개월 전,9,​ @NoName-iz1hv 코스피 40%가 삼전 하닉인데. 둘 쩔어지면 파란거지 ㅋㅋㅋㅋ
yt_comment,슈카월드,yV0XTcQXFrM,1개월 전,0,괜찮음 조정중인거라
yt_comment,슈카월드,yV0XTcQXFrM,1개월 전,3,@dalmasiand 너무 파랗게라는 뜻은 대부분 종목이 파란불이라는 뜻으로 해석함
yt_comment,슈카월드,yV0XTcQXFrM,1개월 전,0,​ @NoName-iz1hv  오 그렇게 해석을 하셨구나~
yt_comment,슈카월드,yV0XTcQXFrM,1개월 전,1,질 수 없다!!
yt_comment,슈카월드,yV0XTcQXFrM,1개월 전,11,뭐지 한국 집값 보는 것 같은 느낌은
yt_comment,슈카월드,yV0XTcQXFrM,4주 전,5,"저 소득불평등의 원인을 거슬러 올라가면 
민간기업들은 죄다 저임금 쫓아 중국 본토로 빨려들어가서.
그나마 국가자본 기반인 TSMC와 일부만 남고;
중국에 대한 정치적 견해까지 심각하게 분열되는 원인도 이거인데 
강제성 있는 조치 없이는 중국에 빨려들어간 일자리와 불평등을 
되돌릴 방법도 마땅치 않아서"
yt_comment,슈카월드,yV0XTcQXFrM,1개월 전,21,19:23 ㅋㅋㅋ 말 그대로 대만의 신줏단지네요..
yt_comment,슈카월드,yV0XTcQXFrM,1개월 전,9,걍 한국 그 자체 ㅋㅋㅋ
yt_comment,슈카월드,yV0XTcQXFrM,1개월 전,7,🤦‍♂️사정없이 내려꽂아라 !😤
yt_comment,슈카월드,yV0XTcQXFrM,1개월 전,2,Winter is coming
yt_comment,슈카월드,yV0XTcQXFrM,1개월 전,5,"반도체를 제외하고 거의 모든 업종에 일하는 직원이 중국 본토 노동자들과 경쟁해야함
기업들은 마음만 먹으면 본토로 생산공장을 이전시킬수 있어서 노동자들이 압도적 을의 입장임"
yt_comment,슈카월드,yV0XTcQXFrM,1개월 전,0,이것이 인간지표란 것인가
yt_comment,슈카월드,yV0XTcQXFrM,1개월 전,3,예전 영상인줄 그냥 넘어갈뻔 했네
yt_comment,슈카월드,yV0XTcQXFrM,1개월 전,7,인도네시아 골로 가고 있다는데 한번 다뤄주시나요...?
yt_comment,슈카월드,yV0XTcQXFrM,1개월 전,3,하 진짜 지긋지긋하다
yt_comment,슈카월드,yV0XTcQXFrM,1개월 전,1,투기겠지!!
yt_comment,슈카월드,yV0XTcQXFrM,1개월 전,4,투자 하느라 돈 아낀다 하니까 드는 생각인데 소비지수 떨어지는거 아님?
yt_comment,슈카월드,yV0XTcQXFrM,1개월 전,1,썸네일 재탕 ㅋㅋㅋㅋ
yt_comment,슈카월드,yV0XTcQXFrM,3주 전(수정됨),1,현재 반도체 종사자로 대만 신주에 살고 있습니다~ 동네 얘기 나오니 반갑네요 ㅎㅎ 비싼차가 많고 물가가 놀랄만한 수준인거 맞고요~ 놀랍도록 심심한 동네인것도 맞습니다ㅠ
yt_comment,슈카월드,yV0XTcQXFrM,1개월 전,4,한국인줄 알았다 비슷하네
yt_comment,슈카월드,yV0XTcQXFrM,1개월 전,2,ㅋㅋㅋㅋ 우리 나라 이야기네. 대만 힘내라.
yt_comment,슈카월드,yV0XTcQXFrM,1개월 전,2,너두? 나도!
yt_comment,슈카월드,yV0XTcQXFrM,1개월 전,0,쌉고점이네 조졌다 ㅋㅋㅋ
yt_comment,슈카월드,yV0XTcQXFrM,1개월 전,22,홍명보 미국가는 속도로 왔습니다
yt_comment,슈카월드,yV0XTcQXFrM,1개월 전,5,"빅테크 기업 엘리트, 슈퍼컴퓨터에 놀아나는 서민 투자자들 ㅋㅋ 빼야 니돈이라고"
yt_comment,슈카월드,yV0XTcQXFrM,1개월 전,1,지록위마~~~
yt_comment,슈카월드,yV0XTcQXFrM,1개월 전,2,"대만, 한국, 일본 모두 똑같은 상황."
yt_comment,슈카월드,yV0XTcQXFrM,1개월 전,3,대만이 문제가 아니잖아 ㅠㅠ
yt_comment,슈카월드,yV0XTcQXFrM,3주 전,0,어학연수에서 대만 친구들 몇몇 만났었는데 확실히 다른 나라 친구들에 비해 주식이랑 기업에 관심이 많더이다 .. 그래서 그랬구나
yt_comment,슈카월드,yV0XTcQXFrM,4주 전,1,이거보고 에이직랜드 몰빵쳤습니다^^
yt_comment,슈카월드,yV0XTcQXFrM,1개월 전(수정됨),1,"12:48 우리나라 산업의 펀더멘탈은 튼튼하다: 1989년 일본, 1996년 한국이 하던 말 ㅋㅋ"
yt_comment,슈카월드,yV0XTcQXFrM,1개월 전,4,"주식도 판 깔아줘도 안 하는 사람은 끝까지 안 하더라. 결국 이게 양극화의 핵심같음.
차라리 전국민 기본소득보다 우량 주식을 강제로 쥐여주고 전 국민을 멱살 잡아서라도 자본가로 만들어야 됨 ㅋㅋ"
yt_comment,슈카월드,yV0XTcQXFrM,1개월 전,23,내려가는 지수 있다? 그게 우리나라 개읏기네 ㅋㅋㅋㅋㅋㅋ
yt_comment,슈카월드,yV0XTcQXFrM,1개월 전,4,닷컴버블이 이제는 반도체 버블 올려나... 반도체는 영원 하지만 빅테크 기업들이 반도체 수요를 조절하는 순간...망하는거다.
yt_comment,슈카월드,yV0XTcQXFrM,1개월 전,0,그래도 소득의 절반 이상을 투자에 쓸 수 있으면 되게 능력자임 ㅋ
yt_comment,슈카월드,yV0XTcQXFrM,1개월 전,20,"의치""하"""
yt_comment,슈카월드,yV0XTcQXFrM,1개월 전,54,심지어 대만은 소위 의치한약수 같은 의료 전문직이 돈 그닥 잘벌지 못함
yt_comment,슈카월드,yV0XTcQXFrM,1개월 전,0,결말이 어찌될까
yt_comment,슈카월드,yV0XTcQXFrM,1개월 전,1,AI investment is the biggest global trend. 😅
yt_comment,슈카월드,yV0XTcQXFrM,1개월 전,3,정보)오늘 하닉 레버리지는 30%움직였다(아래로)
yt_comment,슈카월드,yV0XTcQXFrM,1개월 전,1,오늘 코스피는 전멸
yt_comment,슈카월드,yV0XTcQXFrM,1개월 전,1,한국이랑 똑같넹..
yt_comment,슈카월드,yV0XTcQXFrM,1개월 전,294,"7월 2일자 삼전 -7.6%, 하이닉스 -12.9% 

슈카형.... 나 너무 무서워..."
yt_comment,슈카월드,yV0XTcQXFrM,4주 전,1,"코스피는 20년동안 여태까지 투자매력없엇던 종목이엇음
의심하는거는 당연한거임"
yt_comment,슈카월드,yV0XTcQXFrM,4주 전,0,맞말이긴하지만 반도체 안들어가는데가 있나 당장 티비 지동차 컴터 등 일상에 안들어가는데가 없으니
yt_comment,슈카월드,yV0XTcQXFrM,1개월 전,2,삼하 치한의
yt_comment,슈카월드,yV0XTcQXFrM,1개월 전,2,​ @songhe-f2r 하삼의한치임 ㅋㅋ
yt_comment,슈카월드,yV0XTcQXFrM,1개월 전,0,​ @Dddd-h6n5l 응 아냐 300만 찍었을때 넘어섰지만 지금 다시 2위됨 그래서 삼하임
yt_comment,슈카월드,yV0XTcQXFrM,1개월 전,15,이게 맞지 미용따리 의사가 제약사 직원한테 시술 배우면서 돈을 딸깍 벌어가는게 맞나
yt_comment,슈카월드,yV0XTcQXFrM,1개월 전,0,와 그럼 인버스는 30% 올랐네!
yt_comment,슈카월드,yV0XTcQXFrM,1개월 전,0,곱버스가 30프로
yt_comment,슈카월드,yV0XTcQXFrM,1개월 전,15,꼴랑 -10% 떨어졌다고 벌벌 떠는 소시민들에게 레버리지 오픈이라니 ㄷㄷㄷㄷ
yt_comment,슈카월드,yV0XTcQXFrM,1개월 전,6,심텍 20%ㅜ
yt_comment,슈카월드,yV0XTcQXFrM,1개월 전,4,최후의 5분이다 버티고 버텨라
yt_comment,슈카월드,yV0XTcQXFrM,1개월 전,19,진즉사지 .. 빠쟈도 +370%인디
yt_comment,슈카월드,yV0XTcQXFrM,1개월 전,11,​ @DIOLERS 전 50000프로요~ 증조할아버지가 이병철 지게꾼하시면서 종이주식 샀었는데 그때부터 장투중입니다~
yt_comment,슈카월드,yV0XTcQXFrM,1개월 전(수정됨),3,"​​ @DIOLERS 전  빠져서 680프로
최고땐900프로였는데"
yt_comment,슈카월드,yV0XTcQXFrM,1개월 전,0,시즌종료 ㅅㅅㅅ 당분간 주식 숨기고 있어라
yt_comment,슈카월드,yV0XTcQXFrM,1개월 전(수정됨),0,"미국 반도체 겁나 빠져서
오늘도 장난아닐거에요
그레서 밤에 좀 샀죠 ㅎㅎ"
yt_comment,슈카월드,yV0XTcQXFrM,1개월 전,0,조정중
yt_comment,슈카월드,yV0XTcQXFrM,1개월 전,0,ㅋㅋㅋㅋ 오늘은 맘편히 주무십쇼 ㅋㅋㅋ
yt_comment,슈카월드,yV0XTcQXFrM,3주 전,0,제가 넣어서 그렇습니다. 죄송합니다..
yt_comment,슈카월드,yV0XTcQXFrM,3주 전,0,오늘 닉스 200깨졌다...
yt_comment,슈카월드,yV0XTcQXFrM,1개월 전,8,하루에 10프로씩 올라갔던날이 얼마나 많았는데 이제 겨우 10프로 떨어진거가지고 ㅋㅋㅋㅋㅋ
yt_comment,슈카월드,yV0XTcQXFrM,1개월 전,7,200 주민 엊그제 폭락장에도 끄떡 없었는데 이젠 슬슬 두렵다....
yt_comment,슈카월드,yV0XTcQXFrM,1개월 전,13,지금같은 때 빚내서 투자하면 떼돈 버는겨
yt_comment,슈카월드,yV0XTcQXFrM,1개월 전,7,​ @KISCZZ 님 먼저 내고 인증하세요^^
yt_comment,슈카월드,yV0XTcQXFrM,1개월 전,0,달러로~
yt_comment,슈카월드,yV0XTcQXFrM,1개월 전,8,응 이럴때 사면 돈번다~ 내일 봐라 개그치 오른다~
yt_comment,슈카월드,yV0XTcQXFrM,1개월 전,18,​@씬픽ScenePick얼마 물림?
yt_comment,슈카월드,yV0XTcQXFrM,1개월 전,0,​@씬픽ScenePick고수 ㅋㅋ굳
yt_comment,슈카월드,yV0XTcQXFrM,1개월 전,1,아직 시작도 않했다. 코스피6000 밑으로 떨어질건데 엄살은 재수 없으면 5000까지
yt_comment,슈카월드,yV0XTcQXFrM,1개월 전,0,@FaxmFaxm-j7e  3천 ㅠㅜㅠ
yt_comment,슈카월드,yV0XTcQXFrM,1개월 전,0,@FaxmFaxm-j7e  sk하이닉스 평단 88만원 삼성전자 17만원^^ 앙 개꿀딱~!
yt_comment,슈카월드,yV0XTcQXFrM,1개월 전,1,@FaxmFaxm-j7e  응 봐라 개그치 올랐제~!?ㅋㅋㅋㅋㅋㅋㅋㅋㅋㅋㅋㅋㅋㅋㅋㅋㅋㅋㅋ
yt_comment,슈카월드,yV0XTcQXFrM,1개월 전,0,하 이런거 보면 고점인거같고 메모리 빼고 바이오 넣어야겠다..
yt_comment,슈카월드,yV0XTcQXFrM,1개월 전,0,썸네일 쌀먹 깔G~
yt_comment,슈카월드,yV0XTcQXFrM,1개월 전,0,삼상 하이닉스 티 입고 나가면 최고 소개팅남이겠네 ㅋㅋㅋㅋㅋㅋ
yt_comment,슈카월드,yV0XTcQXFrM,1개월 전,0,타이완 사회 특징= 한국 매운 맛 닮은 꼴
yt_comment,슈카월드,yV0XTcQXFrM,4주 전,1,전형적인 고점신호 ㅋㅋㅋ
yt_comment,슈카월드,yV0XTcQXFrM,1개월 전,2,"순수한 사랑이 결혼의 조건이다?
아닌것 같은데요,
사랑은 역시 부가적인 조건이고, 부유가 핵심조건
이더군요"
yt_comment,슈카월드,yV0XTcQXFrM,1개월 전,0,삼전닉스가 더 비중큰거아닌가
yt_comment,슈카월드,yV0XTcQXFrM,1개월 전(수정됨),22,진정하시고...tsmc를 한국의 모 대기업으로 바꾸시면 됩니다!! 이거 한국의 상황을 해외의 이야기로 각색한거에요!!
yt_comment,슈카월드,yV0XTcQXFrM,1개월 전,1,한국은 닉스 셔틀리
yt_comment,슈카월드,yV0XTcQXFrM,1개월 전,0,6:40
yt_comment,슈카월드,yV0XTcQXFrM,1개월 전,0,세상이 도박이여 아주 도박
yt_comment,슈카월드,yV0XTcQXFrM,1개월 전,0,"기회가 없는 나라들도 많은데, 기회를 줘도 GR들이네요. 그럼 나라가 성장을 멈춰야 한다는 말인가.."
yt_comment,슈카월드,yV0XTcQXFrM,1개월 전,0,부럽다 하나만 사도되서
yt_comment,슈카월드,yV0XTcQXFrM,1개월 전,4,썸네일 신창섭 회색 내복에 TSMC 써놓은거 아님?
yt_comment,슈카월드,yV0XTcQXFrM,1개월 전,0,ㅋㅋㅋㅋㅋㅋㅋㅋㅋㅋㅋㅋㅋㅋㅋㅋ
yt_comment,슈카월드,yV0XTcQXFrM,1개월 전,2,한국만 그런게 아니군 ㅋ
yt_comment,슈카월드,yV0XTcQXFrM,1개월 전,0,그냥 우리 얘기네😅
yt_comment,슈카월드,yV0XTcQXFrM,1개월 전,3,잘못 올린줄 알았네 ㅋㅋ
yt_comment,슈카월드,yV0XTcQXFrM,1개월 전,0,한국이랑똑같네 하이닉스잠바입고ㅎ
yt_comment,슈카월드,yV0XTcQXFrM,1개월 전,0,둘다 필수 아닐까 사랑없음 도축이고 돈없음 가난뱅이 생활인데
yt_comment,슈카월드,yV0XTcQXFrM,1개월 전,0,돈이먼저
yt_comment,슈카월드,yV0XTcQXFrM,1개월 전,3,금요일에 세일 더할듯...많이 삽시다
yt_comment,슈카월드,yV0XTcQXFrM,1개월 전,0,우리나라 얘긴 아니군.. 음 다행이네
yt_comment,슈카월드,yV0XTcQXFrM,1개월 전,15,솔직히 한국하고 상황이나 국민정서나 가장 비슷한나라는 대만이라고생각힘
yt_comment,슈카월드,yV0XTcQXFrM,1개월 전,1,사람사는데 다 똑같네ㅋㅋㅋㅋㅋㅋㅋㅋㅋㅋㅋㅋㅋㅋ
yt_comment,슈카월드,yV0XTcQXFrM,1개월 전,108,"한국 1등 신랑감 : 하이닉스 조끼
대만 1등 신랑감 : TSMC 조끼"
yt_comment,슈카월드,yV0XTcQXFrM,1개월 전,0,2
yt_comment,슈카월드,yV0XTcQXFrM,1개월 전,0,"대만 한국 공통점

지수 급증 및 공상화"
yt_comment,슈카월드,yV0XTcQXFrM,3주 전,0,03:42 엔비디아 어디갔어
yt_comment,슈카월드,yV0XTcQXFrM,1개월 전,1,대폭락 ㅠㅠ
yt_comment,슈카월드,yV0XTcQXFrM,1개월 전,2,1
yt_comment,슈카월드,yV0XTcQXFrM,4주 전,1,진짜 다 처지가 비슷하네.. 대만은 심지어 저출산도 따라잡았다던데.. 멈춰..
yt_comment,슈카월드,yV0XTcQXFrM,1개월 전(수정됨),1,"2024년 코스피(KOSPI) 연중 최저지수는 12월 9일에 기록한 장중 최저 2,360.18 이때 삼전5만원 붕괴
이였음 2024년 대만 TSMC의 주가는 인공지능(AI) 붐에 따른 폭발적인 칩 수요에 힘입어 한 해 동안 약 90~97% 급등하며 역사적인 랠리를 기록
2024년 대만 TSMC의 주가는 인공지능(AI) 붐에 따른 폭발적인 칩 수요에 힘입어 한 해 동안 약 90~97% 급등하며 역사적인 랠리를 기록 하고 있었다.
세계경제는 2024 초부터 엄청 좋았음 단 대한민국 빼고"
yt_comment,슈카월드,yV0XTcQXFrM,1개월 전,0,18:31
yt_comment,슈카월드,yV0XTcQXFrM,4주 전,0,31:40 제가 일본에 살고 있는 NISA거지 입니다 ㅋㅋㅋ😂😂😂
yt_comment,슈카월드,yV0XTcQXFrM,1개월 전(수정됨),0,동탄맘까지 소환
yt_comment,슈카월드,yV0XTcQXFrM,1개월 전,0,한국 이야기 아님?
yt_comment,슈카월드,yV0XTcQXFrM,1개월 전,1,Tsmc 가 삼전보다 각광받길래 그냥 샀는데 이게 수익률 150%가 될 줄은 몰랐지 적자인 기간도 꽤 길었거든🎉
yt_comment,슈카월드,yV0XTcQXFrM,1개월 전,1,9
yt_comment,슈카월드,yV0XTcQXFrM,1개월 전,0,서울대 갈정도의 지능으로 태어나는 것 부모에게 막대한 유산을 받는 것 사업에 성공하는 것 주식에 성공하는 것 모든게 다 운이다
yt_comment,슈카월드,yV0XTcQXFrM,1개월 전,0,대만 맞아?
yt_comment,슈카월드,yV0XTcQXFrM,4주 전,2,근데 대만이 극혐하는 나라가 한국이라는게 아이러니
yt_comment,슈카월드,yV0XTcQXFrM,4주 전,0,@Yes_you_  ??? 우리나라 사람들은 중국 본토만 싫어하고 대만과 같은 편인데? 짝사랑이야?
yt_comment,슈카월드,yV0XTcQXFrM,4주 전,0,​ @abcdefuace 네 ㅋㅋ 대만은 일본만 겁나 사랑함
yt_comment,슈카월드,yV0XTcQXFrM,1개월 전,14,신부감으로도 최고지 ㅎㅎ
yt_comment,슈카월드,yV0XTcQXFrM,1개월 전,1,주야간 교대로 일하려면 결국 사내결혼이 다수일 수 밖에 없습니다.
yt_comment,슈카월드,yV0XTcQXFrM,1개월 전,0,돈을 리를 버로우했데 ㅋㅋㅋㅋ
yt_comment,슈카월드,yV0XTcQXFrM,1개월 전(수정됨),0,"한국이나, 대만이나, 미국이나.......  미쳤구나!
근데  한국이나 대만이나 생각이 미국빼고 비슷하네!   국토가 적은 나라 동양에서......"
yt_comment,슈카월드,yV0XTcQXFrM,1개월 전,7,형 이시간에 미쳤어?
yt_comment,슈카월드,yV0XTcQXFrM,1개월 전,1,너무 쉽게 돈버는거 아니에요?
yt_comment,슈카월드,yV0XTcQXFrM,1개월 전,0,한국도 이야기 하는거 ㅋㅋㅋ
yt_comment,슈카월드,yV0XTcQXFrM,1개월 전,0,으휴 ㅋㅋㅋ
yt_comment,슈카월드,yV0XTcQXFrM,1개월 전,0,뭐야 그냥 제주도잖아?
yt_comment,슈카월드,yV0XTcQXFrM,1개월 전,43,대만도 국민연금 동원했나요 ~
yt_comment,슈카월드,yV0XTcQXFrM,4주 전(수정됨),0,한자 안 배운 세대도 아닐 텐데. 신죽과학원구잖아. 대만 등 중화권에서는 정원이나 공원처럼 잘 조성된 구역이라는 의미를 담아 '원구(園區)'라는 표현을 선호
yt_comment,슈카월드,yV0XTcQXFrM,1개월 전,6,복권에 당첨되지 않는한 투자 이외에는 희망이 없다는 말이 느낌으로 와닸네요.
yt_comment,슈카월드,yV0XTcQXFrM,1개월 전(수정됨),1,삼전 주가 올라가서 아시아 1위 하자
yt_comment,슈카월드,yV0XTcQXFrM,1개월 전,19,어디서 많이 듣고 보던 이야기 인거슨 왜냐;;;
yt_comment,슈카월드,yV0XTcQXFrM,3주 전,0,진짜 사람 사는거 다 똑같네
yt_comment,슈카월드,yV0XTcQXFrM,1개월 전,0,근데 대만은 진짜 TSMC말곤 없는듯
yt_comment,슈카월드,yV0XTcQXFrM,1개월 전,0,"대만 주택, 아파트는 한국보다 작고 자재도 싸구려임. 애초에 단열도 부족함. 근데도 한국과 비슷하다는 거 자체가 실제로는 어마어마하게 차이난다는 거"
yt_comment,슈카월드,yV0XTcQXFrM,1개월 전,0,하 진짜 미쳐 돌아가네… 인간지표인가…
